session_id,connection_time,disconnect_time,kwh_delivered,duration_hr,duration_min,site_id,cluster_id,user_id,station_id,arrival_hour,departure_hour,day_of_week,is_weekend,month,year,energy_needed_kwh
0e445013_EV-001,2026-03-25T20:52:30.360090+00:00,2026-03-26T07:17:17.553694+00:00,42.0,10.4131,624.79,0002,0039,EV-001,collected,20.8667,7.2833,2,0,3,2026,42.0
0e445013_EV-002,2026-03-25T20:52:30.360090+00:00,2026-03-26T07:17:17.553694+00:00,42.0,10.4131,624.79,0002,0039,EV-002,collected,20.8667,7.2833,2,0,3,2026,42.0
0e445013_EV-003,2026-03-25T20:52:30.360090+00:00,2026-03-26T07:17:17.553694+00:00,42.0,10.4131,624.79,0002,0039,EV-003,collected,20.8667,7.2833,2,0,3,2026,42.0
0e445013_EV-004,2026-03-25T20:52:30.360090+00:00,2026-03-26T07:17:17.553694+00:00,42.0,10.4131,624.79,0002,0039,EV-004,collected,20.8667,7.2833,2,0,3,2026,42.0
0e445013_EV-005,2026-03-25T20:52:30.360090+00:00,2026-03-26T07:17:17.553694+00:00,42.0,10.4131,624.79,0002,0039,EV-005,collected,20.8667,7.2833,2,0,3,2026,42.0
0e445013_EV-006,2026-03-25T20:52:30.360090+00:00,2026-03-26T07:17:17.553694+00:00,42.0,10.4131,624.79,0002,0039,EV-006,collected,20.8667,7.2833,2,0,3,2026,42.0
0e445013_EV-007,2026-03-25T20:52:30.360090+00:00,2026-03-26T07:17:17.553694+00:00,42.0,10.4131,624.79,0002,0039,EV-007,collected,20.8667,7.2833,2,0,3,2026,42.0
0e445013_EV-008,2026-03-25T20:52:30.360090+00:00,2026-03-26T07:17:17.553694+00:00,42.0,10.4131,624.79,0002,0039,EV-008,collected,20.8667,7.2833,2,0,3,2026,42.0
0e445013_EV-009,2026-03-25T20:52:30.360090+00:00,2026-03-26T07:17:17.553694+00:00,42.0,10.4131,624.79,0002,0039,EV-009,collected,20.8667,7.2833,2,0,3,2026,42.0
0e445013_EV-010,2026-03-25T20:52:30.360090+00:00,2026-03-26T07:17:17.553694+00:00,42.0,10.4131,624.79,0002,0039,EV-010,collected,20.8667,7.2833,2,0,3,2026,42.0
e83962f2_EV-001,2026-03-25T20:52:41.445265+00:00,2026-03-26T07:17:28.638869+00:00,42.0,10.4131,624.79,0002,0039,EV-001,collected,20.8667,7.2833,2,0,3,2026,42.0
e83962f2_EV-002,2026-03-25T20:52:41.445265+00:00,2026-03-26T07:17:28.638869+00:00,42.0,10.4131,624.79,0002,0039,EV-002,collected,20.8667,7.2833,2,0,3,2026,42.0
e83962f2_EV-003,2026-03-25T20:52:41.445265+00:00,2026-03-26T07:17:28.638869+00:00,42.0,10.4131,624.79,0002,0039,EV-003,collected,20.8667,7.2833,2,0,3,2026,42.0
e83962f2_EV-004,2026-03-25T20:52:41.445265+00:00,2026-03-26T07:17:28.638869+00:00,42.0,10.4131,624.79,0002,0039,EV-004,collected,20.8667,7.2833,2,0,3,2026,42.0
e83962f2_EV-005,2026-03-25T20:52:41.445265+00:00,2026-03-26T07:17:28.638869+00:00,42.0,10.4131,624.79,0002,0039,EV-005,collected,20.8667,7.2833,2,0,3,2026,42.0
e83962f2_EV-006,2026-03-25T20:52:41.445265+00:00,2026-03-26T07:17:28.638869+00:00,42.0,10.4131,624.79,0002,0039,EV-006,collected,20.8667,7.2833,2,0,3,2026,42.0
e83962f2_EV-007,2026-03-25T20:52:41.445265+00:00,2026-03-26T07:17:28.638869+00:00,42.0,10.4131,624.79,0002,0039,EV-007,collected,20.8667,7.2833,2,0,3,2026,42.0
e83962f2_EV-008,2026-03-25T20:52:41.445265+00:00,2026-03-26T07:17:28.638869+00:00,42.0,10.4131,624.79,0002,0039,EV-008,collected,20.8667,7.2833,2,0,3,2026,42.0
e83962f2_EV-009,2026-03-25T20:52:41.445265+00:00,2026-03-26T07:17:28.638869+00:00,42.0,10.4131,624.79,0002,0039,EV-009,collected,20.8667,7.2833,2,0,3,2026,42.0
e83962f2_EV-010,2026-03-25T20:52:41.445265+00:00,2026-03-26T07:17:28.638869+00:00,42.0,10.4131,624.79,0002,0039,EV-010,collected,20.8667,7.2833,2,0,3,2026,42.0
e83962f2_EV-011,2026-03-25T20:52:41.445265+00:00,2026-03-26T07:17:28.638869+00:00,42.0,10.4131,624.79,0002,0039,EV-011,collected,20.8667,7.2833,2,0,3,2026,42.0
e83962f2_EV-012,2026-03-25T20:52:41.445265+00:00,2026-03-26T07:17:28.638869+00:00,42.0,10.4131,624.79,0002,0039,EV-012,collected,20.8667,7.2833,2,0,3,2026,42.0
e83962f2_EV-013,2026-03-25T20:52:41.445265+00:00,2026-03-26T07:17:28.638869+00:00,42.0,10.4131,624.79,0002,0039,EV-013,collected,20.8667,7.2833,2,0,3,2026,42.0
e83962f2_EV-014,2026-03-25T20:52:41.445265+00:00,2026-03-26T07:17:28.638869+00:00,42.0,10.4131,624.79,0002,0039,EV-014,collected,20.8667,7.2833,2,0,3,2026,42.0
e83962f2_EV-015,2026-03-25T20:52:41.445265+00:00,2026-03-26T07:17:28.638869+00:00,42.0,10.4131,624.79,0002,0039,EV-015,collected,20.8667,7.2833,2,0,3,2026,42.0
e83962f2_EV-016,2026-03-25T20:52:41.445265+00:00,2026-03-26T07:17:28.638869+00:00,42.0,10.4131,624.79,0002,0039,EV-016,collected,20.8667,7.2833,2,0,3,2026,42.0
e83962f2_EV-017,2026-03-25T20:52:41.445265+00:00,2026-03-26T07:17:28.638869+00:00,42.0,10.4131,624.79,0002,0039,EV-017,collected,20.8667,7.2833,2,0,3,2026,42.0
e83962f2_EV-018,2026-03-25T20:52:41.445265+00:00,2026-03-26T07:17:28.638869+00:00,42.0,10.4131,624.79,0002,0039,EV-018,collected,20.8667,7.2833,2,0,3,2026,42.0
e83962f2_EV-019,2026-03-25T20:52:41.445265+00:00,2026-03-26T07:17:28.638869+00:00,42.0,10.4131,624.79,0002,0039,EV-019,collected,20.8667,7.2833,2,0,3,2026,42.0
e83962f2_EV-020,2026-03-25T20:52:41.445265+00:00,2026-03-26T07:17:28.638869+00:00,42.0,10.4131,624.79,0002,0039,EV-020,collected,20.8667,7.2833,2,0,3,2026,42.0
e83962f2_EV-021,2026-03-25T20:52:41.445265+00:00,2026-03-26T07:17:28.638869+00:00,42.0,10.4131,624.79,0002,0039,EV-021,collected,20.8667,7.2833,2,0,3,2026,42.0
e83962f2_EV-022,2026-03-25T20:52:41.445265+00:00,2026-03-26T07:17:28.638869+00:00,42.0,10.4131,624.79,0002,0039,EV-022,collected,20.8667,7.2833,2,0,3,2026,42.0
e83962f2_EV-023,2026-03-25T20:52:41.445265+00:00,2026-03-26T07:17:28.638869+00:00,42.0,10.4131,624.79,0002,0039,EV-023,collected,20.8667,7.2833,2,0,3,2026,42.0
e83962f2_EV-024,2026-03-25T20:52:41.445265+00:00,2026-03-26T07:17:28.638869+00:00,42.0,10.4131,624.79,0002,0039,EV-024,collected,20.8667,7.2833,2,0,3,2026,42.0
e83962f2_EV-025,2026-03-25T20:52:41.445265+00:00,2026-03-26T07:17:28.638869+00:00,42.0,10.4131,624.79,0002,0039,EV-025,collected,20.8667,7.2833,2,0,3,2026,42.0
e83962f2_EV-026,2026-03-25T20:52:41.445265+00:00,2026-03-26T07:17:28.638869+00:00,42.0,10.4131,624.79,0002,0039,EV-026,collected,20.8667,7.2833,2,0,3,2026,42.0
e83962f2_EV-027,2026-03-25T20:52:41.445265+00:00,2026-03-26T07:17:28.638869+00:00,42.0,10.4131,624.79,0002,0039,EV-027,collected,20.8667,7.2833,2,0,3,2026,42.0
e83962f2_EV-028,2026-03-25T20:52:41.445265+00:00,2026-03-26T07:17:28.638869+00:00,42.0,10.4131,624.79,0002,0039,EV-028,collected,20.8667,7.2833,2,0,3,2026,42.0
e83962f2_EV-029,2026-03-25T20:52:41.445265+00:00,2026-03-26T07:17:28.638869+00:00,42.0,10.4131,624.79,0002,0039,EV-029,collected,20.8667,7.2833,2,0,3,2026,42.0
e83962f2_EV-030,2026-03-25T20:52:41.445265+00:00,2026-03-26T07:17:28.638869+00:00,42.0,10.4131,624.79,0002,0039,EV-030,collected,20.8667,7.2833,2,0,3,2026,42.0
e83962f2_EV-031,2026-03-25T20:52:41.445265+00:00,2026-03-26T07:17:28.638869+00:00,42.0,10.4131,624.79,0002,0039,EV-031,collected,20.8667,7.2833,2,0,3,2026,42.0
e83962f2_EV-032,2026-03-25T20:52:41.445265+00:00,2026-03-26T07:17:28.638869+00:00,42.0,10.4131,624.79,0002,0039,EV-032,collected,20.8667,7.2833,2,0,3,2026,42.0
e83962f2_EV-033,2026-03-25T20:52:41.445265+00:00,2026-03-26T07:17:28.638869+00:00,42.0,10.4131,624.79,0002,0039,EV-033,collected,20.8667,7.2833,2,0,3,2026,42.0
e83962f2_EV-034,2026-03-25T20:52:41.445265+00:00,2026-03-26T07:17:28.638869+00:00,42.0,10.4131,624.79,0002,0039,EV-034,collected,20.8667,7.2833,2,0,3,2026,42.0
e83962f2_EV-035,2026-03-25T20:52:41.445265+00:00,2026-03-26T07:17:28.638869+00:00,42.0,10.4131,624.79,0002,0039,EV-035,collected,20.8667,7.2833,2,0,3,2026,42.0
e83962f2_EV-036,2026-03-25T20:52:41.445265+00:00,2026-03-26T07:17:28.638869+00:00,42.0,10.4131,624.79,0002,0039,EV-036,collected,20.8667,7.2833,2,0,3,2026,42.0
e83962f2_EV-037,2026-03-25T20:52:41.445265+00:00,2026-03-26T07:17:28.638869+00:00,42.0,10.4131,624.79,0002,0039,EV-037,collected,20.8667,7.2833,2,0,3,2026,42.0
cfe0fc8d_EV-001,2026-03-25T20:52:53.608639+00:00,2026-03-26T07:17:40.802243+00:00,42.0,10.4131,624.79,0002,0039,EV-001,collected,20.8667,7.2833,2,0,3,2026,42.0
cfe0fc8d_EV-002,2026-03-25T20:52:53.608639+00:00,2026-03-26T07:17:40.802243+00:00,42.0,10.4131,624.79,0002,0039,EV-002,collected,20.8667,7.2833,2,0,3,2026,42.0
cfe0fc8d_EV-003,2026-03-25T20:52:53.608639+00:00,2026-03-26T07:17:40.802243+00:00,42.0,10.4131,624.79,0002,0039,EV-003,collected,20.8667,7.2833,2,0,3,2026,42.0
cfe0fc8d_EV-004,2026-03-25T20:52:53.608639+00:00,2026-03-26T07:17:40.802243+00:00,42.0,10.4131,624.79,0002,0039,EV-004,collected,20.8667,7.2833,2,0,3,2026,42.0
cfe0fc8d_EV-005,2026-03-25T20:52:53.608639+00:00,2026-03-26T07:17:40.802243+00:00,42.0,10.4131,624.79,0002,0039,EV-005,collected,20.8667,7.2833,2,0,3,2026,42.0
cfe0fc8d_EV-006,2026-03-25T20:52:53.608639+00:00,2026-03-26T07:17:40.802243+00:00,42.0,10.4131,624.79,0002,0039,EV-006,collected,20.8667,7.2833,2,0,3,2026,42.0
cfe0fc8d_EV-007,2026-03-25T20:52:53.608639+00:00,2026-03-26T07:17:40.802243+00:00,42.0,10.4131,624.79,0002,0039,EV-007,collected,20.8667,7.2833,2,0,3,2026,42.0
cfe0fc8d_EV-008,2026-03-25T20:52:53.608639+00:00,2026-03-26T07:17:40.802243+00:00,42.0,10.4131,624.79,0002,0039,EV-008,collected,20.8667,7.2833,2,0,3,2026,42.0
cfe0fc8d_EV-009,2026-03-25T20:52:53.608639+00:00,2026-03-26T07:17:40.802243+00:00,42.0,10.4131,624.79,0002,0039,EV-009,collected,20.8667,7.2833,2,0,3,2026,42.0
cfe0fc8d_EV-010,2026-03-25T20:52:53.608639+00:00,2026-03-26T07:17:40.802243+00:00,42.0,10.4131,624.79,0002,0039,EV-010,collected,20.8667,7.2833,2,0,3,2026,42.0
cfe0fc8d_EV-011,2026-03-25T20:52:53.608639+00:00,2026-03-26T07:17:40.802243+00:00,42.0,10.4131,624.79,0002,0039,EV-011,collected,20.8667,7.2833,2,0,3,2026,42.0
cfe0fc8d_EV-012,2026-03-25T20:52:53.608639+00:00,2026-03-26T07:17:40.802243+00:00,42.0,10.4131,624.79,0002,0039,EV-012,collected,20.8667,7.2833,2,0,3,2026,42.0
cfe0fc8d_EV-013,2026-03-25T20:52:53.608639+00:00,2026-03-26T07:17:40.802243+00:00,42.0,10.4131,624.79,0002,0039,EV-013,collected,20.8667,7.2833,2,0,3,2026,42.0
cfe0fc8d_EV-014,2026-03-25T20:52:53.608639+00:00,2026-03-26T07:17:40.802243+00:00,42.0,10.4131,624.79,0002,0039,EV-014,collected,20.8667,7.2833,2,0,3,2026,42.0
cfe0fc8d_EV-015,2026-03-25T20:52:53.608639+00:00,2026-03-26T07:17:40.802243+00:00,42.0,10.4131,624.79,0002,0039,EV-015,collected,20.8667,7.2833,2,0,3,2026,42.0
cfe0fc8d_EV-016,2026-03-25T20:52:53.608639+00:00,2026-03-26T07:17:40.802243+00:00,42.0,10.4131,624.79,0002,0039,EV-016,collected,20.8667,7.2833,2,0,3,2026,42.0
cfe0fc8d_EV-017,2026-03-25T20:52:53.608639+00:00,2026-03-26T07:17:40.802243+00:00,42.0,10.4131,624.79,0002,0039,EV-017,collected,20.8667,7.2833,2,0,3,2026,42.0
cfe0fc8d_EV-018,2026-03-25T20:52:53.608639+00:00,2026-03-26T07:17:40.802243+00:00,42.0,10.4131,624.79,0002,0039,EV-018,collected,20.8667,7.2833,2,0,3,2026,42.0
cfe0fc8d_EV-019,2026-03-25T20:52:53.608639+00:00,2026-03-26T07:17:40.802243+00:00,42.0,10.4131,624.79,0002,0039,EV-019,collected,20.8667,7.2833,2,0,3,2026,42.0
cfe0fc8d_EV-020,2026-03-25T20:52:53.608639+00:00,2026-03-26T07:17:40.802243+00:00,42.0,10.4131,624.79,0002,0039,EV-020,collected,20.8667,7.2833,2,0,3,2026,42.0
cfe0fc8d_EV-021,2026-03-25T20:52:53.608639+00:00,2026-03-26T07:17:40.802243+00:00,42.0,10.4131,624.79,0002,0039,EV-021,collected,20.8667,7.2833,2,0,3,2026,42.0
cfe0fc8d_EV-022,2026-03-25T20:52:53.608639+00:00,2026-03-26T07:17:40.802243+00:00,42.0,10.4131,624.79,0002,0039,EV-022,collected,20.8667,7.2833,2,0,3,2026,42.0
cfe0fc8d_EV-023,2026-03-25T20:52:53.608639+00:00,2026-03-26T07:17:40.802243+00:00,42.0,10.4131,624.79,0002,0039,EV-023,collected,20.8667,7.2833,2,0,3,2026,42.0
cfe0fc8d_EV-024,2026-03-25T20:52:53.608639+00:00,2026-03-26T07:17:40.802243+00:00,42.0,10.4131,624.79,0002,0039,EV-024,collected,20.8667,7.2833,2,0,3,2026,42.0
cfe0fc8d_EV-025,2026-03-25T20:52:53.608639+00:00,2026-03-26T07:17:40.802243+00:00,42.0,10.4131,624.79,0002,0039,EV-025,collected,20.8667,7.2833,2,0,3,2026,42.0
cfe0fc8d_EV-026,2026-03-25T20:52:53.608639+00:00,2026-03-26T07:17:40.802243+00:00,42.0,10.4131,624.79,0002,0039,EV-026,collected,20.8667,7.2833,2,0,3,2026,42.0
cfe0fc8d_EV-027,2026-03-25T20:52:53.608639+00:00,2026-03-26T07:17:40.802243+00:00,42.0,10.4131,624.79,0002,0039,EV-027,collected,20.8667,7.2833,2,0,3,2026,42.0
cfe0fc8d_EV-028,2026-03-25T20:52:53.608639+00:00,2026-03-26T07:17:40.802243+00:00,42.0,10.4131,624.79,0002,0039,EV-028,collected,20.8667,7.2833,2,0,3,2026,42.0
cfe0fc8d_EV-029,2026-03-25T20:52:53.608639+00:00,2026-03-26T07:17:40.802243+00:00,42.0,10.4131,624.79,0002,0039,EV-029,collected,20.8667,7.2833,2,0,3,2026,42.0
cfe0fc8d_EV-030,2026-03-25T20:52:53.608639+00:00,2026-03-26T07:17:40.802243+00:00,42.0,10.4131,624.79,0002,0039,EV-030,collected,20.8667,7.2833,2,0,3,2026,42.0
cfe0fc8d_EV-031,2026-03-25T20:52:53.608639+00:00,2026-03-26T07:17:40.802243+00:00,42.0,10.4131,624.79,0002,0039,EV-031,collected,20.8667,7.2833,2,0,3,2026,42.0
cfe0fc8d_EV-032,2026-03-25T20:52:53.608639+00:00,2026-03-26T07:17:40.802243+00:00,42.0,10.4131,624.79,0002,0039,EV-032,collected,20.8667,7.2833,2,0,3,2026,42.0
cfe0fc8d_EV-033,2026-03-25T20:52:53.608639+00:00,2026-03-26T07:17:40.802243+00:00,42.0,10.4131,624.79,0002,0039,EV-033,collected,20.8667,7.2833,2,0,3,2026,42.0
cfe0fc8d_EV-034,2026-03-25T20:52:53.608639+00:00,2026-03-26T07:17:40.802243+00:00,42.0,10.4131,624.79,0002,0039,EV-034,collected,20.8667,7.2833,2,0,3,2026,42.0
cfe0fc8d_EV-035,2026-03-25T20:52:53.608639+00:00,2026-03-26T07:17:40.802243+00:00,42.0,10.4131,624.79,0002,0039,EV-035,collected,20.8667,7.2833,2,0,3,2026,42.0
cfe0fc8d_EV-036,2026-03-25T20:52:53.608639+00:00,2026-03-26T07:17:40.802243+00:00,42.0,10.4131,624.79,0002,0039,EV-036,collected,20.8667,7.2833,2,0,3,2026,42.0
cfe0fc8d_EV-037,2026-03-25T20:52:53.608639+00:00,2026-03-26T07:17:40.802243+00:00,42.0,10.4131,624.79,0002,0039,EV-037,collected,20.8667,7.2833,2,0,3,2026,42.0
cfe0fc8d_EV-038,2026-03-25T20:52:53.608639+00:00,2026-03-26T07:17:40.802243+00:00,42.0,10.4131,624.79,0002,0039,EV-038,collected,20.8667,7.2833,2,0,3,2026,42.0
cfe0fc8d_EV-039,2026-03-25T20:52:53.608639+00:00,2026-03-26T07:17:40.802243+00:00,42.0,10.4131,624.79,0002,0039,EV-039,collected,20.8667,7.2833,2,0,3,2026,42.0
cfe0fc8d_EV-040,2026-03-25T20:52:53.608639+00:00,2026-03-26T07:17:40.802243+00:00,42.0,10.4131,624.79,0002,0039,EV-040,collected,20.8667,7.2833,2,0,3,2026,42.0
cfe0fc8d_EV-041,2026-03-25T20:52:53.608639+00:00,2026-03-26T07:17:40.802243+00:00,42.0,10.4131,624.79,0002,0039,EV-041,collected,20.8667,7.2833,2,0,3,2026,42.0
cfe0fc8d_EV-042,2026-03-25T20:52:53.608639+00:00,2026-03-26T07:17:40.802243+00:00,42.0,10.4131,624.79,0002,0039,EV-042,collected,20.8667,7.2833,2,0,3,2026,42.0
cfe0fc8d_EV-043,2026-03-25T20:52:53.608639+00:00,2026-03-26T07:17:40.802243+00:00,42.0,10.4131,624.79,0002,0039,EV-043,collected,20.8667,7.2833,2,0,3,2026,42.0
cfe0fc8d_EV-044,2026-03-25T20:52:53.608639+00:00,2026-03-26T07:17:40.802243+00:00,42.0,10.4131,624.79,0002,0039,EV-044,collected,20.8667,7.2833,2,0,3,2026,42.0
cfe0fc8d_EV-045,2026-03-25T20:52:53.608639+00:00,2026-03-26T07:17:40.802243+00:00,42.0,10.4131,624.79,0002,0039,EV-045,collected,20.8667,7.2833,2,0,3,2026,42.0
cfe0fc8d_EV-046,2026-03-25T20:52:53.608639+00:00,2026-03-26T07:17:40.802243+00:00,42.0,10.4131,624.79,0002,0039,EV-046,collected,20.8667,7.2833,2,0,3,2026,42.0
cfe0fc8d_EV-047,2026-03-25T20:52:53.608639+00:00,2026-03-26T07:17:40.802243+00:00,42.0,10.4131,624.79,0002,0039,EV-047,collected,20.8667,7.2833,2,0,3,2026,42.0
cfe0fc8d_EV-048,2026-03-25T20:52:53.608639+00:00,2026-03-26T07:17:40.802243+00:00,42.0,10.4131,624.79,0002,0039,EV-048,collected,20.8667,7.2833,2,0,3,2026,42.0
cfe0fc8d_EV-049,2026-03-25T20:52:53.608639+00:00,2026-03-26T07:17:40.802243+00:00,42.0,10.4131,624.79,0002,0039,EV-049,collected,20.8667,7.2833,2,0,3,2026,42.0
394f23a0_EV-001,2026-03-25T20:53:05.614216+00:00,2026-03-26T07:18:33.600056+00:00,42.0,10.4244,625.47,0002,0039,EV-001,collected,20.8833,7.3,2,0,3,2026,42.0
394f23a0_EV-002,2026-03-25T20:53:05.614216+00:00,2026-03-26T07:18:33.600056+00:00,42.0,10.4244,625.47,0002,0039,EV-002,collected,20.8833,7.3,2,0,3,2026,42.0
394f23a0_EV-003,2026-03-25T20:53:05.614216+00:00,2026-03-26T07:18:33.600056+00:00,42.0,10.4244,625.47,0002,0039,EV-003,collected,20.8833,7.3,2,0,3,2026,42.0
394f23a0_EV-004,2026-03-25T20:53:05.614216+00:00,2026-03-26T07:18:33.600056+00:00,42.0,10.4244,625.47,0002,0039,EV-004,collected,20.8833,7.3,2,0,3,2026,42.0
394f23a0_EV-005,2026-03-25T20:53:05.614216+00:00,2026-03-26T07:18:33.600056+00:00,42.0,10.4244,625.47,0002,0039,EV-005,collected,20.8833,7.3,2,0,3,2026,42.0
394f23a0_EV-006,2026-03-25T20:53:05.614216+00:00,2026-03-26T07:18:33.600056+00:00,42.0,10.4244,625.47,0002,0039,EV-006,collected,20.8833,7.3,2,0,3,2026,42.0
394f23a0_EV-007,2026-03-25T20:53:05.614216+00:00,2026-03-26T07:18:33.600056+00:00,42.0,10.4244,625.47,0002,0039,EV-007,collected,20.8833,7.3,2,0,3,2026,42.0
394f23a0_EV-008,2026-03-25T20:53:05.614216+00:00,2026-03-26T07:18:33.600056+00:00,42.0,10.4244,625.47,0002,0039,EV-008,collected,20.8833,7.3,2,0,3,2026,42.0
394f23a0_EV-009,2026-03-25T20:53:05.614216+00:00,2026-03-26T07:18:33.600056+00:00,42.0,10.4244,625.47,0002,0039,EV-009,collected,20.8833,7.3,2,0,3,2026,42.0
394f23a0_EV-010,2026-03-25T20:53:05.614216+00:00,2026-03-26T07:18:33.600056+00:00,42.0,10.4244,625.47,0002,0039,EV-010,collected,20.8833,7.3,2,0,3,2026,42.0
394f23a0_EV-011,2026-03-25T20:53:05.614216+00:00,2026-03-26T07:18:33.600056+00:00,42.0,10.4244,625.47,0002,0039,EV-011,collected,20.8833,7.3,2,0,3,2026,42.0
394f23a0_EV-012,2026-03-25T20:53:05.614216+00:00,2026-03-26T07:18:33.600056+00:00,42.0,10.4244,625.47,0002,0039,EV-012,collected,20.8833,7.3,2,0,3,2026,42.0
394f23a0_EV-013,2026-03-25T20:53:05.614216+00:00,2026-03-26T07:18:33.600056+00:00,42.0,10.4244,625.47,0002,0039,EV-013,collected,20.8833,7.3,2,0,3,2026,42.0
394f23a0_EV-014,2026-03-25T20:53:05.614216+00:00,2026-03-26T07:18:33.600056+00:00,42.0,10.4244,625.47,0002,0039,EV-014,collected,20.8833,7.3,2,0,3,2026,42.0
394f23a0_EV-015,2026-03-25T20:53:05.614216+00:00,2026-03-26T07:18:33.600056+00:00,42.0,10.4244,625.47,0002,0039,EV-015,collected,20.8833,7.3,2,0,3,2026,42.0
394f23a0_EV-016,2026-03-25T20:53:05.614216+00:00,2026-03-26T07:18:33.600056+00:00,42.0,10.4244,625.47,0002,0039,EV-016,collected,20.8833,7.3,2,0,3,2026,42.0
394f23a0_EV-017,2026-03-25T20:53:05.614216+00:00,2026-03-26T07:18:33.600056+00:00,42.0,10.4244,625.47,0002,0039,EV-017,collected,20.8833,7.3,2,0,3,2026,42.0
394f23a0_EV-018,2026-03-25T20:53:05.614216+00:00,2026-03-26T07:18:33.600056+00:00,42.0,10.4244,625.47,0002,0039,EV-018,collected,20.8833,7.3,2,0,3,2026,42.0
394f23a0_EV-019,2026-03-25T20:53:05.614216+00:00,2026-03-26T07:18:33.600056+00:00,42.0,10.4244,625.47,0002,0039,EV-019,collected,20.8833,7.3,2,0,3,2026,42.0
394f23a0_EV-020,2026-03-25T20:53:05.614216+00:00,2026-03-26T07:18:33.600056+00:00,42.0,10.4244,625.47,0002,0039,EV-020,collected,20.8833,7.3,2,0,3,2026,42.0
394f23a0_EV-021,2026-03-25T20:53:05.614216+00:00,2026-03-26T07:18:33.600056+00:00,42.0,10.4244,625.47,0002,0039,EV-021,collected,20.8833,7.3,2,0,3,2026,42.0
394f23a0_EV-022,2026-03-25T20:53:05.614216+00:00,2026-03-26T07:18:33.600056+00:00,42.0,10.4244,625.47,0002,0039,EV-022,collected,20.8833,7.3,2,0,3,2026,42.0
394f23a0_EV-023,2026-03-25T20:53:05.614216+00:00,2026-03-26T07:18:33.600056+00:00,42.0,10.4244,625.47,0002,0039,EV-023,collected,20.8833,7.3,2,0,3,2026,42.0
394f23a0_EV-024,2026-03-25T20:53:05.614216+00:00,2026-03-26T07:18:33.600056+00:00,42.0,10.4244,625.47,0002,0039,EV-024,collected,20.8833,7.3,2,0,3,2026,42.0
394f23a0_EV-025,2026-03-25T20:53:05.614216+00:00,2026-03-26T07:18:33.600056+00:00,42.0,10.4244,625.47,0002,0039,EV-025,collected,20.8833,7.3,2,0,3,2026,42.0
394f23a0_EV-026,2026-03-25T20:53:05.614216+00:00,2026-03-26T07:18:33.600056+00:00,42.0,10.4244,625.47,0002,0039,EV-026,collected,20.8833,7.3,2,0,3,2026,42.0
394f23a0_EV-027,2026-03-25T20:53:05.614216+00:00,2026-03-26T07:18:33.600056+00:00,42.0,10.4244,625.47,0002,0039,EV-027,collected,20.8833,7.3,2,0,3,2026,42.0
394f23a0_EV-028,2026-03-25T20:53:05.614216+00:00,2026-03-26T07:18:33.600056+00:00,42.0,10.4244,625.47,0002,0039,EV-028,collected,20.8833,7.3,2,0,3,2026,42.0
394f23a0_EV-029,2026-03-25T20:53:05.614216+00:00,2026-03-26T07:18:33.600056+00:00,42.0,10.4244,625.47,0002,0039,EV-029,collected,20.8833,7.3,2,0,3,2026,42.0
394f23a0_EV-030,2026-03-25T20:53:05.614216+00:00,2026-03-26T07:18:33.600056+00:00,42.0,10.4244,625.47,0002,0039,EV-030,collected,20.8833,7.3,2,0,3,2026,42.0
394f23a0_EV-031,2026-03-25T20:53:05.614216+00:00,2026-03-26T07:18:33.600056+00:00,42.0,10.4244,625.47,0002,0039,EV-031,collected,20.8833,7.3,2,0,3,2026,42.0
394f23a0_EV-032,2026-03-25T20:53:05.614216+00:00,2026-03-26T07:18:33.600056+00:00,42.0,10.4244,625.47,0002,0039,EV-032,collected,20.8833,7.3,2,0,3,2026,42.0
394f23a0_EV-033,2026-03-25T20:53:05.614216+00:00,2026-03-26T07:18:33.600056+00:00,42.0,10.4244,625.47,0002,0039,EV-033,collected,20.8833,7.3,2,0,3,2026,42.0
394f23a0_EV-034,2026-03-25T20:53:05.614216+00:00,2026-03-26T07:18:33.600056+00:00,42.0,10.4244,625.47,0002,0039,EV-034,collected,20.8833,7.3,2,0,3,2026,42.0
394f23a0_EV-035,2026-03-25T20:53:05.614216+00:00,2026-03-26T07:18:33.600056+00:00,42.0,10.4244,625.47,0002,0039,EV-035,collected,20.8833,7.3,2,0,3,2026,42.0
394f23a0_EV-036,2026-03-25T20:53:05.614216+00:00,2026-03-26T07:18:33.600056+00:00,42.0,10.4244,625.47,0002,0039,EV-036,collected,20.8833,7.3,2,0,3,2026,42.0
394f23a0_EV-037,2026-03-25T20:53:05.614216+00:00,2026-03-26T07:18:33.600056+00:00,42.0,10.4244,625.47,0002,0039,EV-037,collected,20.8833,7.3,2,0,3,2026,42.0
394f23a0_EV-038,2026-03-25T20:53:05.614216+00:00,2026-03-26T07:18:33.600056+00:00,42.0,10.4244,625.47,0002,0039,EV-038,collected,20.8833,7.3,2,0,3,2026,42.0
394f23a0_EV-039,2026-03-25T20:53:05.614216+00:00,2026-03-26T07:18:33.600056+00:00,42.0,10.4244,625.47,0002,0039,EV-039,collected,20.8833,7.3,2,0,3,2026,42.0
394f23a0_EV-040,2026-03-25T20:53:05.614216+00:00,2026-03-26T07:18:33.600056+00:00,42.0,10.4244,625.47,0002,0039,EV-040,collected,20.8833,7.3,2,0,3,2026,42.0
394f23a0_EV-041,2026-03-25T20:53:05.614216+00:00,2026-03-26T07:18:33.600056+00:00,42.0,10.4244,625.47,0002,0039,EV-041,collected,20.8833,7.3,2,0,3,2026,42.0
394f23a0_EV-042,2026-03-25T20:53:05.614216+00:00,2026-03-26T07:18:33.600056+00:00,42.0,10.4244,625.47,0002,0039,EV-042,collected,20.8833,7.3,2,0,3,2026,42.0
394f23a0_EV-043,2026-03-25T20:53:05.614216+00:00,2026-03-26T07:18:33.600056+00:00,42.0,10.4244,625.47,0002,0039,EV-043,collected,20.8833,7.3,2,0,3,2026,42.0
394f23a0_EV-044,2026-03-25T20:53:05.614216+00:00,2026-03-26T07:18:33.600056+00:00,42.0,10.4244,625.47,0002,0039,EV-044,collected,20.8833,7.3,2,0,3,2026,42.0
394f23a0_EV-045,2026-03-25T20:53:05.614216+00:00,2026-03-26T07:18:33.600056+00:00,42.0,10.4244,625.47,0002,0039,EV-045,collected,20.8833,7.3,2,0,3,2026,42.0
394f23a0_EV-046,2026-03-25T20:53:05.614216+00:00,2026-03-26T07:18:33.600056+00:00,42.0,10.4244,625.47,0002,0039,EV-046,collected,20.8833,7.3,2,0,3,2026,42.0
394f23a0_EV-047,2026-03-25T20:53:05.614216+00:00,2026-03-26T07:18:33.600056+00:00,42.0,10.4244,625.47,0002,0039,EV-047,collected,20.8833,7.3,2,0,3,2026,42.0
394f23a0_EV-048,2026-03-25T20:53:05.614216+00:00,2026-03-26T07:18:33.600056+00:00,42.0,10.4244,625.47,0002,0039,EV-048,collected,20.8833,7.3,2,0,3,2026,42.0
394f23a0_EV-049,2026-03-25T20:53:05.614216+00:00,2026-03-26T07:18:33.600056+00:00,42.0,10.4244,625.47,0002,0039,EV-049,collected,20.8833,7.3,2,0,3,2026,42.0
dc11613b_EV-001,2026-03-25T20:53:13.834274+00:00,2026-03-26T07:18:41.820114+00:00,42.0,10.4244,625.47,0002,0039,EV-001,collected,20.8833,7.3,2,0,3,2026,42.0
dc11613b_EV-002,2026-03-25T20:53:13.834274+00:00,2026-03-26T07:18:41.820114+00:00,42.0,10.4244,625.47,0002,0039,EV-002,collected,20.8833,7.3,2,0,3,2026,42.0
dc11613b_EV-003,2026-03-25T20:53:13.834274+00:00,2026-03-26T07:18:41.820114+00:00,42.0,10.4244,625.47,0002,0039,EV-003,collected,20.8833,7.3,2,0,3,2026,42.0
dc11613b_EV-004,2026-03-25T20:53:13.834274+00:00,2026-03-26T07:18:41.820114+00:00,42.0,10.4244,625.47,0002,0039,EV-004,collected,20.8833,7.3,2,0,3,2026,42.0
dc11613b_EV-005,2026-03-25T20:53:13.834274+00:00,2026-03-26T07:18:41.820114+00:00,42.0,10.4244,625.47,0002,0039,EV-005,collected,20.8833,7.3,2,0,3,2026,42.0
dc11613b_EV-006,2026-03-25T20:53:13.834274+00:00,2026-03-26T07:18:41.820114+00:00,42.0,10.4244,625.47,0002,0039,EV-006,collected,20.8833,7.3,2,0,3,2026,42.0
dc11613b_EV-007,2026-03-25T20:53:13.834274+00:00,2026-03-26T07:18:41.820114+00:00,42.0,10.4244,625.47,0002,0039,EV-007,collected,20.8833,7.3,2,0,3,2026,42.0
dc11613b_EV-008,2026-03-25T20:53:13.834274+00:00,2026-03-26T07:18:41.820114+00:00,42.0,10.4244,625.47,0002,0039,EV-008,collected,20.8833,7.3,2,0,3,2026,42.0
dc11613b_EV-009,2026-03-25T20:53:13.834274+00:00,2026-03-26T07:18:41.820114+00:00,42.0,10.4244,625.47,0002,0039,EV-009,collected,20.8833,7.3,2,0,3,2026,42.0
dc11613b_EV-010,2026-03-25T20:53:13.834274+00:00,2026-03-26T07:18:41.820114+00:00,42.0,10.4244,625.47,0002,0039,EV-010,collected,20.8833,7.3,2,0,3,2026,42.0
dc11613b_EV-011,2026-03-25T20:53:13.834274+00:00,2026-03-26T07:18:41.820114+00:00,42.0,10.4244,625.47,0002,0039,EV-011,collected,20.8833,7.3,2,0,3,2026,42.0
dc11613b_EV-012,2026-03-25T20:53:13.834274+00:00,2026-03-26T07:18:41.820114+00:00,42.0,10.4244,625.47,0002,0039,EV-012,collected,20.8833,7.3,2,0,3,2026,42.0
dc11613b_EV-013,2026-03-25T20:53:13.834274+00:00,2026-03-26T07:18:41.820114+00:00,42.0,10.4244,625.47,0002,0039,EV-013,collected,20.8833,7.3,2,0,3,2026,42.0
dc11613b_EV-014,2026-03-25T20:53:13.834274+00:00,2026-03-26T07:18:41.820114+00:00,42.0,10.4244,625.47,0002,0039,EV-014,collected,20.8833,7.3,2,0,3,2026,42.0
dc11613b_EV-015,2026-03-25T20:53:13.834274+00:00,2026-03-26T07:18:41.820114+00:00,42.0,10.4244,625.47,0002,0039,EV-015,collected,20.8833,7.3,2,0,3,2026,42.0
dc11613b_EV-016,2026-03-25T20:53:13.834274+00:00,2026-03-26T07:18:41.820114+00:00,42.0,10.4244,625.47,0002,0039,EV-016,collected,20.8833,7.3,2,0,3,2026,42.0
dc11613b_EV-017,2026-03-25T20:53:13.834274+00:00,2026-03-26T07:18:41.820114+00:00,42.0,10.4244,625.47,0002,0039,EV-017,collected,20.8833,7.3,2,0,3,2026,42.0
dc11613b_EV-018,2026-03-25T20:53:13.834274+00:00,2026-03-26T07:18:41.820114+00:00,42.0,10.4244,625.47,0002,0039,EV-018,collected,20.8833,7.3,2,0,3,2026,42.0
dc11613b_EV-019,2026-03-25T20:53:13.834274+00:00,2026-03-26T07:18:41.820114+00:00,42.0,10.4244,625.47,0002,0039,EV-019,collected,20.8833,7.3,2,0,3,2026,42.0
dc11613b_EV-020,2026-03-25T20:53:13.834274+00:00,2026-03-26T07:18:41.820114+00:00,42.0,10.4244,625.47,0002,0039,EV-020,collected,20.8833,7.3,2,0,3,2026,42.0
dc11613b_EV-021,2026-03-25T20:53:13.834274+00:00,2026-03-26T07:18:41.820114+00:00,42.0,10.4244,625.47,0002,0039,EV-021,collected,20.8833,7.3,2,0,3,2026,42.0
dc11613b_EV-022,2026-03-25T20:53:13.834274+00:00,2026-03-26T07:18:41.820114+00:00,42.0,10.4244,625.47,0002,0039,EV-022,collected,20.8833,7.3,2,0,3,2026,42.0
dc11613b_EV-023,2026-03-25T20:53:13.834274+00:00,2026-03-26T07:18:41.820114+00:00,42.0,10.4244,625.47,0002,0039,EV-023,collected,20.8833,7.3,2,0,3,2026,42.0
dc11613b_EV-024,2026-03-25T20:53:13.834274+00:00,2026-03-26T07:18:41.820114+00:00,42.0,10.4244,625.47,0002,0039,EV-024,collected,20.8833,7.3,2,0,3,2026,42.0
dc11613b_EV-025,2026-03-25T20:53:13.834274+00:00,2026-03-26T07:18:41.820114+00:00,42.0,10.4244,625.47,0002,0039,EV-025,collected,20.8833,7.3,2,0,3,2026,42.0
dc11613b_EV-026,2026-03-25T20:53:13.834274+00:00,2026-03-26T07:18:41.820114+00:00,42.0,10.4244,625.47,0002,0039,EV-026,collected,20.8833,7.3,2,0,3,2026,42.0
dc11613b_EV-027,2026-03-25T20:53:13.834274+00:00,2026-03-26T07:18:41.820114+00:00,42.0,10.4244,625.47,0002,0039,EV-027,collected,20.8833,7.3,2,0,3,2026,42.0
dc11613b_EV-028,2026-03-25T20:53:13.834274+00:00,2026-03-26T07:18:41.820114+00:00,42.0,10.4244,625.47,0002,0039,EV-028,collected,20.8833,7.3,2,0,3,2026,42.0
dc11613b_EV-029,2026-03-25T20:53:13.834274+00:00,2026-03-26T07:18:41.820114+00:00,42.0,10.4244,625.47,0002,0039,EV-029,collected,20.8833,7.3,2,0,3,2026,42.0
dc11613b_EV-030,2026-03-25T20:53:13.834274+00:00,2026-03-26T07:18:41.820114+00:00,42.0,10.4244,625.47,0002,0039,EV-030,collected,20.8833,7.3,2,0,3,2026,42.0
dc11613b_EV-031,2026-03-25T20:53:13.834274+00:00,2026-03-26T07:18:41.820114+00:00,42.0,10.4244,625.47,0002,0039,EV-031,collected,20.8833,7.3,2,0,3,2026,42.0
dc11613b_EV-032,2026-03-25T20:53:13.834274+00:00,2026-03-26T07:18:41.820114+00:00,42.0,10.4244,625.47,0002,0039,EV-032,collected,20.8833,7.3,2,0,3,2026,42.0
dc11613b_EV-033,2026-03-25T20:53:13.834274+00:00,2026-03-26T07:18:41.820114+00:00,42.0,10.4244,625.47,0002,0039,EV-033,collected,20.8833,7.3,2,0,3,2026,42.0
dc11613b_EV-034,2026-03-25T20:53:13.834274+00:00,2026-03-26T07:18:41.820114+00:00,42.0,10.4244,625.47,0002,0039,EV-034,collected,20.8833,7.3,2,0,3,2026,42.0
dc11613b_EV-035,2026-03-25T20:53:13.834274+00:00,2026-03-26T07:18:41.820114+00:00,42.0,10.4244,625.47,0002,0039,EV-035,collected,20.8833,7.3,2,0,3,2026,42.0
dc11613b_EV-036,2026-03-25T20:53:13.834274+00:00,2026-03-26T07:18:41.820114+00:00,42.0,10.4244,625.47,0002,0039,EV-036,collected,20.8833,7.3,2,0,3,2026,42.0
dc11613b_EV-037,2026-03-25T20:53:13.834274+00:00,2026-03-26T07:18:41.820114+00:00,42.0,10.4244,625.47,0002,0039,EV-037,collected,20.8833,7.3,2,0,3,2026,42.0
dc11613b_EV-038,2026-03-25T20:53:13.834274+00:00,2026-03-26T07:18:41.820114+00:00,42.0,10.4244,625.47,0002,0039,EV-038,collected,20.8833,7.3,2,0,3,2026,42.0
dc11613b_EV-039,2026-03-25T20:53:13.834274+00:00,2026-03-26T07:18:41.820114+00:00,42.0,10.4244,625.47,0002,0039,EV-039,collected,20.8833,7.3,2,0,3,2026,42.0
dc11613b_EV-040,2026-03-25T20:53:13.834274+00:00,2026-03-26T07:18:41.820114+00:00,42.0,10.4244,625.47,0002,0039,EV-040,collected,20.8833,7.3,2,0,3,2026,42.0
dc11613b_EV-041,2026-03-25T20:53:13.834274+00:00,2026-03-26T07:18:41.820114+00:00,42.0,10.4244,625.47,0002,0039,EV-041,collected,20.8833,7.3,2,0,3,2026,42.0
dc11613b_EV-042,2026-03-25T20:53:13.834274+00:00,2026-03-26T07:18:41.820114+00:00,42.0,10.4244,625.47,0002,0039,EV-042,collected,20.8833,7.3,2,0,3,2026,42.0
dc11613b_EV-043,2026-03-25T20:53:13.834274+00:00,2026-03-26T07:18:41.820114+00:00,42.0,10.4244,625.47,0002,0039,EV-043,collected,20.8833,7.3,2,0,3,2026,42.0
dc11613b_EV-044,2026-03-25T20:53:13.834274+00:00,2026-03-26T07:18:41.820114+00:00,42.0,10.4244,625.47,0002,0039,EV-044,collected,20.8833,7.3,2,0,3,2026,42.0
dc11613b_EV-045,2026-03-25T20:53:13.834274+00:00,2026-03-26T07:18:41.820114+00:00,42.0,10.4244,625.47,0002,0039,EV-045,collected,20.8833,7.3,2,0,3,2026,42.0
dc11613b_EV-046,2026-03-25T20:53:13.834274+00:00,2026-03-26T07:18:41.820114+00:00,42.0,10.4244,625.47,0002,0039,EV-046,collected,20.8833,7.3,2,0,3,2026,42.0
dc11613b_EV-047,2026-03-25T20:53:13.834274+00:00,2026-03-26T07:18:41.820114+00:00,42.0,10.4244,625.47,0002,0039,EV-047,collected,20.8833,7.3,2,0,3,2026,42.0
dc11613b_EV-048,2026-03-25T20:53:13.834274+00:00,2026-03-26T07:18:41.820114+00:00,42.0,10.4244,625.47,0002,0039,EV-048,collected,20.8833,7.3,2,0,3,2026,42.0
dc11613b_EV-049,2026-03-25T20:53:13.834274+00:00,2026-03-26T07:18:41.820114+00:00,42.0,10.4244,625.47,0002,0039,EV-049,collected,20.8833,7.3,2,0,3,2026,42.0
1eba56da_EV-001,2026-03-25T20:53:27.826966+00:00,2026-03-26T07:40:36.524476+00:00,60.0,10.7857,647.14,0002,0039,EV-001,collected,20.8833,7.6667,2,0,3,2026,60.0
1eba56da_EV-002,2026-03-25T20:53:27.826966+00:00,2026-03-26T07:40:36.524476+00:00,60.0,10.7857,647.14,0002,0039,EV-002,collected,20.8833,7.6667,2,0,3,2026,60.0
1eba56da_EV-003,2026-03-25T20:53:27.826966+00:00,2026-03-26T07:40:36.524476+00:00,54.0,10.7857,647.14,0002,0039,EV-003,collected,20.8833,7.6667,2,0,3,2026,54.0
1eba56da_EV-004,2026-03-25T20:53:27.826966+00:00,2026-03-26T07:18:55.812806+00:00,42.0,10.4244,625.47,0002,0039,EV-004,collected,20.8833,7.3,2,0,3,2026,42.0
1eba56da_EV-005,2026-03-25T20:53:27.826966+00:00,2026-03-26T07:18:55.812806+00:00,42.0,10.4244,625.47,0002,0039,EV-005,collected,20.8833,7.3,2,0,3,2026,42.0
1eba56da_EV-006,2026-03-25T20:53:27.826966+00:00,2026-03-26T07:18:55.812806+00:00,42.0,10.4244,625.47,0002,0039,EV-006,collected,20.8833,7.3,2,0,3,2026,42.0
1eba56da_EV-007,2026-03-25T20:53:27.826966+00:00,2026-03-26T07:18:55.812806+00:00,42.0,10.4244,625.47,0002,0039,EV-007,collected,20.8833,7.3,2,0,3,2026,42.0
1eba56da_EV-008,2026-03-25T20:53:27.826966+00:00,2026-03-26T07:18:55.812806+00:00,42.0,10.4244,625.47,0002,0039,EV-008,collected,20.8833,7.3,2,0,3,2026,42.0
1eba56da_EV-009,2026-03-25T20:53:27.826966+00:00,2026-03-26T07:18:55.812806+00:00,42.0,10.4244,625.47,0002,0039,EV-009,collected,20.8833,7.3,2,0,3,2026,42.0
1eba56da_EV-010,2026-03-25T20:53:27.826966+00:00,2026-03-26T07:18:55.812806+00:00,42.0,10.4244,625.47,0002,0039,EV-010,collected,20.8833,7.3,2,0,3,2026,42.0
1eba56da_EV-011,2026-03-25T20:53:27.826966+00:00,2026-03-26T07:18:55.812806+00:00,42.0,10.4244,625.47,0002,0039,EV-011,collected,20.8833,7.3,2,0,3,2026,42.0
1eba56da_EV-012,2026-03-25T20:53:27.826966+00:00,2026-03-26T07:18:55.812806+00:00,42.0,10.4244,625.47,0002,0039,EV-012,collected,20.8833,7.3,2,0,3,2026,42.0
1eba56da_EV-013,2026-03-25T20:53:27.826966+00:00,2026-03-26T07:18:55.812806+00:00,42.0,10.4244,625.47,0002,0039,EV-013,collected,20.8833,7.3,2,0,3,2026,42.0
1eba56da_EV-014,2026-03-25T20:53:27.826966+00:00,2026-03-26T07:18:55.812806+00:00,42.0,10.4244,625.47,0002,0039,EV-014,collected,20.8833,7.3,2,0,3,2026,42.0
1eba56da_EV-015,2026-03-25T20:53:27.826966+00:00,2026-03-26T07:18:55.812806+00:00,42.0,10.4244,625.47,0002,0039,EV-015,collected,20.8833,7.3,2,0,3,2026,42.0
1eba56da_EV-016,2026-03-25T20:53:27.826966+00:00,2026-03-26T07:18:55.812806+00:00,42.0,10.4244,625.47,0002,0039,EV-016,collected,20.8833,7.3,2,0,3,2026,42.0
1eba56da_EV-017,2026-03-25T20:53:27.826966+00:00,2026-03-26T07:18:55.812806+00:00,42.0,10.4244,625.47,0002,0039,EV-017,collected,20.8833,7.3,2,0,3,2026,42.0
1eba56da_EV-018,2026-03-25T20:53:27.826966+00:00,2026-03-26T07:18:55.812806+00:00,42.0,10.4244,625.47,0002,0039,EV-018,collected,20.8833,7.3,2,0,3,2026,42.0
1eba56da_EV-019,2026-03-25T20:53:27.826966+00:00,2026-03-26T07:18:55.812806+00:00,42.0,10.4244,625.47,0002,0039,EV-019,collected,20.8833,7.3,2,0,3,2026,42.0
1eba56da_EV-020,2026-03-25T20:53:27.826966+00:00,2026-03-26T07:18:55.812806+00:00,42.0,10.4244,625.47,0002,0039,EV-020,collected,20.8833,7.3,2,0,3,2026,42.0
1eba56da_EV-021,2026-03-25T20:53:27.826966+00:00,2026-03-26T07:18:55.812806+00:00,42.0,10.4244,625.47,0002,0039,EV-021,collected,20.8833,7.3,2,0,3,2026,42.0
1eba56da_EV-022,2026-03-25T20:53:27.826966+00:00,2026-03-26T07:18:55.812806+00:00,42.0,10.4244,625.47,0002,0039,EV-022,collected,20.8833,7.3,2,0,3,2026,42.0
1eba56da_EV-023,2026-03-25T20:53:27.826966+00:00,2026-03-26T07:18:55.812806+00:00,42.0,10.4244,625.47,0002,0039,EV-023,collected,20.8833,7.3,2,0,3,2026,42.0
1eba56da_EV-024,2026-03-25T20:53:27.826966+00:00,2026-03-26T07:18:55.812806+00:00,42.0,10.4244,625.47,0002,0039,EV-024,collected,20.8833,7.3,2,0,3,2026,42.0
1eba56da_EV-025,2026-03-25T20:53:27.826966+00:00,2026-03-26T07:18:55.812806+00:00,42.0,10.4244,625.47,0002,0039,EV-025,collected,20.8833,7.3,2,0,3,2026,42.0
1eba56da_EV-026,2026-03-25T20:53:27.826966+00:00,2026-03-26T07:18:55.812806+00:00,42.0,10.4244,625.47,0002,0039,EV-026,collected,20.8833,7.3,2,0,3,2026,42.0
1eba56da_EV-027,2026-03-25T20:53:27.826966+00:00,2026-03-26T07:18:55.812806+00:00,42.0,10.4244,625.47,0002,0039,EV-027,collected,20.8833,7.3,2,0,3,2026,42.0
1eba56da_EV-028,2026-03-25T20:53:27.826966+00:00,2026-03-26T07:18:55.812806+00:00,42.0,10.4244,625.47,0002,0039,EV-028,collected,20.8833,7.3,2,0,3,2026,42.0
1eba56da_EV-029,2026-03-25T20:53:27.826966+00:00,2026-03-26T07:18:55.812806+00:00,42.0,10.4244,625.47,0002,0039,EV-029,collected,20.8833,7.3,2,0,3,2026,42.0
1eba56da_EV-030,2026-03-25T20:53:27.826966+00:00,2026-03-26T07:18:55.812806+00:00,42.0,10.4244,625.47,0002,0039,EV-030,collected,20.8833,7.3,2,0,3,2026,42.0
1eba56da_EV-031,2026-03-25T20:53:27.826966+00:00,2026-03-26T07:18:55.812806+00:00,42.0,10.4244,625.47,0002,0039,EV-031,collected,20.8833,7.3,2,0,3,2026,42.0
1eba56da_EV-032,2026-03-25T20:53:27.826966+00:00,2026-03-26T07:18:55.812806+00:00,42.0,10.4244,625.47,0002,0039,EV-032,collected,20.8833,7.3,2,0,3,2026,42.0
1eba56da_EV-033,2026-03-25T20:53:27.826966+00:00,2026-03-26T07:18:55.812806+00:00,42.0,10.4244,625.47,0002,0039,EV-033,collected,20.8833,7.3,2,0,3,2026,42.0
1eba56da_EV-034,2026-03-25T20:53:27.826966+00:00,2026-03-26T07:18:55.812806+00:00,42.0,10.4244,625.47,0002,0039,EV-034,collected,20.8833,7.3,2,0,3,2026,42.0
1eba56da_EV-035,2026-03-25T20:53:27.826966+00:00,2026-03-26T07:18:55.812806+00:00,42.0,10.4244,625.47,0002,0039,EV-035,collected,20.8833,7.3,2,0,3,2026,42.0
1eba56da_EV-036,2026-03-25T20:53:27.826966+00:00,2026-03-26T07:18:55.812806+00:00,42.0,10.4244,625.47,0002,0039,EV-036,collected,20.8833,7.3,2,0,3,2026,42.0
1eba56da_EV-037,2026-03-25T20:53:27.826966+00:00,2026-03-26T07:18:55.812806+00:00,42.0,10.4244,625.47,0002,0039,EV-037,collected,20.8833,7.3,2,0,3,2026,42.0
1eba56da_EV-038,2026-03-25T20:53:27.826966+00:00,2026-03-26T07:18:55.812806+00:00,42.0,10.4244,625.47,0002,0039,EV-038,collected,20.8833,7.3,2,0,3,2026,42.0
1eba56da_EV-039,2026-03-25T20:53:27.826966+00:00,2026-03-26T07:18:55.812806+00:00,42.0,10.4244,625.47,0002,0039,EV-039,collected,20.8833,7.3,2,0,3,2026,42.0
1eba56da_EV-040,2026-03-25T20:53:27.826966+00:00,2026-03-26T07:18:55.812806+00:00,42.0,10.4244,625.47,0002,0039,EV-040,collected,20.8833,7.3,2,0,3,2026,42.0
1eba56da_EV-041,2026-03-25T20:53:27.826966+00:00,2026-03-26T07:18:55.812806+00:00,42.0,10.4244,625.47,0002,0039,EV-041,collected,20.8833,7.3,2,0,3,2026,42.0
1eba56da_EV-042,2026-03-25T20:53:27.826966+00:00,2026-03-26T07:18:55.812806+00:00,42.0,10.4244,625.47,0002,0039,EV-042,collected,20.8833,7.3,2,0,3,2026,42.0
1eba56da_EV-043,2026-03-25T20:53:27.826966+00:00,2026-03-26T07:18:55.812806+00:00,42.0,10.4244,625.47,0002,0039,EV-043,collected,20.8833,7.3,2,0,3,2026,42.0
1eba56da_EV-044,2026-03-25T20:53:27.826966+00:00,2026-03-26T07:18:55.812806+00:00,42.0,10.4244,625.47,0002,0039,EV-044,collected,20.8833,7.3,2,0,3,2026,42.0
1eba56da_EV-045,2026-03-25T20:53:27.826966+00:00,2026-03-26T07:18:55.812806+00:00,42.0,10.4244,625.47,0002,0039,EV-045,collected,20.8833,7.3,2,0,3,2026,42.0
1eba56da_EV-046,2026-03-25T20:53:27.826966+00:00,2026-03-26T07:18:55.812806+00:00,42.0,10.4244,625.47,0002,0039,EV-046,collected,20.8833,7.3,2,0,3,2026,42.0
1eba56da_EV-047,2026-03-25T20:53:27.826966+00:00,2026-03-26T07:18:55.812806+00:00,42.0,10.4244,625.47,0002,0039,EV-047,collected,20.8833,7.3,2,0,3,2026,42.0
1eba56da_EV-048,2026-03-25T20:53:27.826966+00:00,2026-03-26T07:18:55.812806+00:00,42.0,10.4244,625.47,0002,0039,EV-048,collected,20.8833,7.3,2,0,3,2026,42.0
1eba56da_EV-049,2026-03-25T20:53:27.826966+00:00,2026-03-26T07:18:55.812806+00:00,42.0,10.4244,625.47,0002,0039,EV-049,collected,20.8833,7.3,2,0,3,2026,42.0
aac647d2_EV-001,2026-03-25T20:54:25.297139+00:00,2026-03-26T07:40:22.506612+00:00,60.0,10.7659,645.95,0002,0039,EV-001,collected,20.9,7.6667,2,0,3,2026,60.0
aac647d2_EV-002,2026-03-25T20:54:25.297139+00:00,2026-03-26T07:40:22.506612+00:00,60.0,10.7659,645.95,0002,0039,EV-002,collected,20.9,7.6667,2,0,3,2026,60.0
aac647d2_EV-003,2026-03-25T20:54:25.297139+00:00,2026-03-26T07:40:22.506612+00:00,54.0,10.7659,645.95,0002,0039,EV-003,collected,20.9,7.6667,2,0,3,2026,54.0
aac647d2_EV-004,2026-03-25T20:54:25.297139+00:00,2026-03-26T07:18:41.794942+00:00,42.0,10.4046,624.27,0002,0039,EV-004,collected,20.9,7.3,2,0,3,2026,42.0
aac647d2_EV-005,2026-03-25T20:54:25.297139+00:00,2026-03-26T07:18:41.794942+00:00,42.0,10.4046,624.27,0002,0039,EV-005,collected,20.9,7.3,2,0,3,2026,42.0
aac647d2_EV-006,2026-03-25T20:54:25.297139+00:00,2026-03-26T07:18:41.794942+00:00,42.0,10.4046,624.27,0002,0039,EV-006,collected,20.9,7.3,2,0,3,2026,42.0
aac647d2_EV-007,2026-03-25T20:54:25.297139+00:00,2026-03-26T07:18:41.794942+00:00,42.0,10.4046,624.27,0002,0039,EV-007,collected,20.9,7.3,2,0,3,2026,42.0
aac647d2_EV-008,2026-03-25T20:54:25.297139+00:00,2026-03-26T07:18:41.794942+00:00,42.0,10.4046,624.27,0002,0039,EV-008,collected,20.9,7.3,2,0,3,2026,42.0
aac647d2_EV-009,2026-03-25T20:54:25.297139+00:00,2026-03-26T07:18:41.794942+00:00,42.0,10.4046,624.27,0002,0039,EV-009,collected,20.9,7.3,2,0,3,2026,42.0
aac647d2_EV-010,2026-03-25T20:54:25.297139+00:00,2026-03-26T07:18:41.794942+00:00,42.0,10.4046,624.27,0002,0039,EV-010,collected,20.9,7.3,2,0,3,2026,42.0
aac647d2_EV-011,2026-03-25T20:54:25.297139+00:00,2026-03-26T07:18:41.794942+00:00,42.0,10.4046,624.27,0002,0039,EV-011,collected,20.9,7.3,2,0,3,2026,42.0
aac647d2_EV-012,2026-03-25T20:54:25.297139+00:00,2026-03-26T07:18:41.794942+00:00,42.0,10.4046,624.27,0002,0039,EV-012,collected,20.9,7.3,2,0,3,2026,42.0
aac647d2_EV-013,2026-03-25T20:54:25.297139+00:00,2026-03-26T07:18:41.794942+00:00,42.0,10.4046,624.27,0002,0039,EV-013,collected,20.9,7.3,2,0,3,2026,42.0
aac647d2_EV-014,2026-03-25T20:54:25.297139+00:00,2026-03-26T07:18:41.794942+00:00,42.0,10.4046,624.27,0002,0039,EV-014,collected,20.9,7.3,2,0,3,2026,42.0
aac647d2_EV-015,2026-03-25T20:54:25.297139+00:00,2026-03-26T07:18:41.794942+00:00,42.0,10.4046,624.27,0002,0039,EV-015,collected,20.9,7.3,2,0,3,2026,42.0
aac647d2_EV-016,2026-03-25T20:54:25.297139+00:00,2026-03-26T07:18:41.794942+00:00,42.0,10.4046,624.27,0002,0039,EV-016,collected,20.9,7.3,2,0,3,2026,42.0
aac647d2_EV-017,2026-03-25T20:54:25.297139+00:00,2026-03-26T07:18:41.794942+00:00,42.0,10.4046,624.27,0002,0039,EV-017,collected,20.9,7.3,2,0,3,2026,42.0
aac647d2_EV-018,2026-03-25T20:54:25.297139+00:00,2026-03-26T07:18:41.794942+00:00,42.0,10.4046,624.27,0002,0039,EV-018,collected,20.9,7.3,2,0,3,2026,42.0
aac647d2_EV-019,2026-03-25T20:54:25.297139+00:00,2026-03-26T07:18:41.794942+00:00,42.0,10.4046,624.27,0002,0039,EV-019,collected,20.9,7.3,2,0,3,2026,42.0
aac647d2_EV-020,2026-03-25T20:54:25.297139+00:00,2026-03-26T07:18:41.794942+00:00,42.0,10.4046,624.27,0002,0039,EV-020,collected,20.9,7.3,2,0,3,2026,42.0
aac647d2_EV-021,2026-03-25T20:54:25.297139+00:00,2026-03-26T07:18:41.794942+00:00,42.0,10.4046,624.27,0002,0039,EV-021,collected,20.9,7.3,2,0,3,2026,42.0
aac647d2_EV-022,2026-03-25T20:54:25.297139+00:00,2026-03-26T07:18:41.794942+00:00,42.0,10.4046,624.27,0002,0039,EV-022,collected,20.9,7.3,2,0,3,2026,42.0
aac647d2_EV-023,2026-03-25T20:54:25.297139+00:00,2026-03-26T07:18:41.794942+00:00,42.0,10.4046,624.27,0002,0039,EV-023,collected,20.9,7.3,2,0,3,2026,42.0
aac647d2_EV-024,2026-03-25T20:54:25.297139+00:00,2026-03-26T07:18:41.794942+00:00,42.0,10.4046,624.27,0002,0039,EV-024,collected,20.9,7.3,2,0,3,2026,42.0
aac647d2_EV-025,2026-03-25T20:54:25.297139+00:00,2026-03-26T07:18:41.794942+00:00,42.0,10.4046,624.27,0002,0039,EV-025,collected,20.9,7.3,2,0,3,2026,42.0
aac647d2_EV-026,2026-03-25T20:54:25.297139+00:00,2026-03-26T07:18:41.794942+00:00,42.0,10.4046,624.27,0002,0039,EV-026,collected,20.9,7.3,2,0,3,2026,42.0
aac647d2_EV-027,2026-03-25T20:54:25.297139+00:00,2026-03-26T07:18:41.794942+00:00,42.0,10.4046,624.27,0002,0039,EV-027,collected,20.9,7.3,2,0,3,2026,42.0
aac647d2_EV-028,2026-03-25T20:54:25.297139+00:00,2026-03-26T07:18:41.794942+00:00,42.0,10.4046,624.27,0002,0039,EV-028,collected,20.9,7.3,2,0,3,2026,42.0
aac647d2_EV-029,2026-03-25T20:54:25.297139+00:00,2026-03-26T07:18:41.794942+00:00,42.0,10.4046,624.27,0002,0039,EV-029,collected,20.9,7.3,2,0,3,2026,42.0
aac647d2_EV-030,2026-03-25T20:54:25.297139+00:00,2026-03-26T07:18:41.794942+00:00,42.0,10.4046,624.27,0002,0039,EV-030,collected,20.9,7.3,2,0,3,2026,42.0
aac647d2_EV-031,2026-03-25T20:54:25.297139+00:00,2026-03-26T07:18:41.794942+00:00,42.0,10.4046,624.27,0002,0039,EV-031,collected,20.9,7.3,2,0,3,2026,42.0
aac647d2_EV-032,2026-03-25T20:54:25.297139+00:00,2026-03-26T07:18:41.794942+00:00,42.0,10.4046,624.27,0002,0039,EV-032,collected,20.9,7.3,2,0,3,2026,42.0
aac647d2_EV-033,2026-03-25T20:54:25.297139+00:00,2026-03-26T07:18:41.794942+00:00,42.0,10.4046,624.27,0002,0039,EV-033,collected,20.9,7.3,2,0,3,2026,42.0
aac647d2_EV-034,2026-03-25T20:54:25.297139+00:00,2026-03-26T07:18:41.794942+00:00,42.0,10.4046,624.27,0002,0039,EV-034,collected,20.9,7.3,2,0,3,2026,42.0
aac647d2_EV-035,2026-03-25T20:54:25.297139+00:00,2026-03-26T07:18:41.794942+00:00,42.0,10.4046,624.27,0002,0039,EV-035,collected,20.9,7.3,2,0,3,2026,42.0
aac647d2_EV-036,2026-03-25T20:54:25.297139+00:00,2026-03-26T07:18:41.794942+00:00,42.0,10.4046,624.27,0002,0039,EV-036,collected,20.9,7.3,2,0,3,2026,42.0
aac647d2_EV-037,2026-03-25T20:54:25.297139+00:00,2026-03-26T07:18:41.794942+00:00,42.0,10.4046,624.27,0002,0039,EV-037,collected,20.9,7.3,2,0,3,2026,42.0
aac647d2_EV-038,2026-03-25T20:54:25.297139+00:00,2026-03-26T07:18:41.794942+00:00,42.0,10.4046,624.27,0002,0039,EV-038,collected,20.9,7.3,2,0,3,2026,42.0
aac647d2_EV-039,2026-03-25T20:54:25.297139+00:00,2026-03-26T07:18:41.794942+00:00,42.0,10.4046,624.27,0002,0039,EV-039,collected,20.9,7.3,2,0,3,2026,42.0
aac647d2_EV-040,2026-03-25T20:54:25.297139+00:00,2026-03-26T07:18:41.794942+00:00,42.0,10.4046,624.27,0002,0039,EV-040,collected,20.9,7.3,2,0,3,2026,42.0
aac647d2_EV-041,2026-03-25T20:54:25.297139+00:00,2026-03-26T07:18:41.794942+00:00,42.0,10.4046,624.27,0002,0039,EV-041,collected,20.9,7.3,2,0,3,2026,42.0
aac647d2_EV-042,2026-03-25T20:54:25.297139+00:00,2026-03-26T07:18:41.794942+00:00,42.0,10.4046,624.27,0002,0039,EV-042,collected,20.9,7.3,2,0,3,2026,42.0
aac647d2_EV-043,2026-03-25T20:54:25.297139+00:00,2026-03-26T07:18:41.794942+00:00,42.0,10.4046,624.27,0002,0039,EV-043,collected,20.9,7.3,2,0,3,2026,42.0
aac647d2_EV-044,2026-03-25T20:54:25.297139+00:00,2026-03-26T07:18:41.794942+00:00,42.0,10.4046,624.27,0002,0039,EV-044,collected,20.9,7.3,2,0,3,2026,42.0
aac647d2_EV-045,2026-03-25T20:54:25.297139+00:00,2026-03-26T07:18:41.794942+00:00,42.0,10.4046,624.27,0002,0039,EV-045,collected,20.9,7.3,2,0,3,2026,42.0
aac647d2_EV-046,2026-03-25T20:54:25.297139+00:00,2026-03-26T07:18:41.794942+00:00,42.0,10.4046,624.27,0002,0039,EV-046,collected,20.9,7.3,2,0,3,2026,42.0
aac647d2_EV-047,2026-03-25T20:54:25.297139+00:00,2026-03-26T07:18:41.794942+00:00,42.0,10.4046,624.27,0002,0039,EV-047,collected,20.9,7.3,2,0,3,2026,42.0
aac647d2_EV-048,2026-03-25T20:54:25.297139+00:00,2026-03-26T07:18:41.794942+00:00,42.0,10.4046,624.27,0002,0039,EV-048,collected,20.9,7.3,2,0,3,2026,42.0
aac647d2_EV-049,2026-03-25T20:54:25.297139+00:00,2026-03-26T07:18:41.794942+00:00,42.0,10.4046,624.27,0002,0039,EV-049,collected,20.9,7.3,2,0,3,2026,42.0
ab9d9937_EV-001,2026-03-25T20:54:33.852873+00:00,2026-03-26T07:40:31.062346+00:00,60.0,10.7659,645.95,0002,0039,EV-001,collected,20.9,7.6667,2,0,3,2026,60.0
ab9d9937_EV-002,2026-03-25T20:54:33.852873+00:00,2026-03-26T07:40:31.062346+00:00,60.0,10.7659,645.95,0002,0039,EV-002,collected,20.9,7.6667,2,0,3,2026,60.0
ab9d9937_EV-003,2026-03-25T20:54:33.852873+00:00,2026-03-26T07:40:31.062346+00:00,54.0,10.7659,645.95,0002,0039,EV-003,collected,20.9,7.6667,2,0,3,2026,54.0
ab9d9937_EV-004,2026-03-25T20:54:33.852873+00:00,2026-03-26T07:18:50.350676+00:00,42.0,10.4046,624.27,0002,0039,EV-004,collected,20.9,7.3,2,0,3,2026,42.0
ab9d9937_EV-005,2026-03-25T20:54:33.852873+00:00,2026-03-26T07:18:50.350676+00:00,42.0,10.4046,624.27,0002,0039,EV-005,collected,20.9,7.3,2,0,3,2026,42.0
ab9d9937_EV-006,2026-03-25T20:54:33.852873+00:00,2026-03-26T07:18:50.350676+00:00,42.0,10.4046,624.27,0002,0039,EV-006,collected,20.9,7.3,2,0,3,2026,42.0
ab9d9937_EV-007,2026-03-25T20:54:33.852873+00:00,2026-03-26T07:18:50.350676+00:00,42.0,10.4046,624.27,0002,0039,EV-007,collected,20.9,7.3,2,0,3,2026,42.0
ab9d9937_EV-008,2026-03-25T20:54:33.852873+00:00,2026-03-26T07:18:50.350676+00:00,42.0,10.4046,624.27,0002,0039,EV-008,collected,20.9,7.3,2,0,3,2026,42.0
ab9d9937_EV-009,2026-03-25T20:54:33.852873+00:00,2026-03-26T07:18:50.350676+00:00,42.0,10.4046,624.27,0002,0039,EV-009,collected,20.9,7.3,2,0,3,2026,42.0
ab9d9937_EV-010,2026-03-25T20:54:33.852873+00:00,2026-03-26T07:18:50.350676+00:00,42.0,10.4046,624.27,0002,0039,EV-010,collected,20.9,7.3,2,0,3,2026,42.0
ab9d9937_EV-011,2026-03-25T20:54:33.852873+00:00,2026-03-26T07:18:50.350676+00:00,42.0,10.4046,624.27,0002,0039,EV-011,collected,20.9,7.3,2,0,3,2026,42.0
ab9d9937_EV-012,2026-03-25T20:54:33.852873+00:00,2026-03-26T07:18:50.350676+00:00,42.0,10.4046,624.27,0002,0039,EV-012,collected,20.9,7.3,2,0,3,2026,42.0
ab9d9937_EV-013,2026-03-25T20:54:33.852873+00:00,2026-03-26T07:18:50.350676+00:00,42.0,10.4046,624.27,0002,0039,EV-013,collected,20.9,7.3,2,0,3,2026,42.0
ab9d9937_EV-014,2026-03-25T20:54:33.852873+00:00,2026-03-26T07:18:50.350676+00:00,42.0,10.4046,624.27,0002,0039,EV-014,collected,20.9,7.3,2,0,3,2026,42.0
ab9d9937_EV-015,2026-03-25T20:54:33.852873+00:00,2026-03-26T07:18:50.350676+00:00,42.0,10.4046,624.27,0002,0039,EV-015,collected,20.9,7.3,2,0,3,2026,42.0
ab9d9937_EV-016,2026-03-25T20:54:33.852873+00:00,2026-03-26T07:18:50.350676+00:00,42.0,10.4046,624.27,0002,0039,EV-016,collected,20.9,7.3,2,0,3,2026,42.0
ab9d9937_EV-017,2026-03-25T20:54:33.852873+00:00,2026-03-26T07:18:50.350676+00:00,42.0,10.4046,624.27,0002,0039,EV-017,collected,20.9,7.3,2,0,3,2026,42.0
ab9d9937_EV-018,2026-03-25T20:54:33.852873+00:00,2026-03-26T07:18:50.350676+00:00,42.0,10.4046,624.27,0002,0039,EV-018,collected,20.9,7.3,2,0,3,2026,42.0
ab9d9937_EV-019,2026-03-25T20:54:33.852873+00:00,2026-03-26T07:18:50.350676+00:00,42.0,10.4046,624.27,0002,0039,EV-019,collected,20.9,7.3,2,0,3,2026,42.0
ab9d9937_EV-020,2026-03-25T20:54:33.852873+00:00,2026-03-26T07:18:50.350676+00:00,42.0,10.4046,624.27,0002,0039,EV-020,collected,20.9,7.3,2,0,3,2026,42.0
ab9d9937_EV-021,2026-03-25T20:54:33.852873+00:00,2026-03-26T07:18:50.350676+00:00,42.0,10.4046,624.27,0002,0039,EV-021,collected,20.9,7.3,2,0,3,2026,42.0
ab9d9937_EV-022,2026-03-25T20:54:33.852873+00:00,2026-03-26T07:18:50.350676+00:00,42.0,10.4046,624.27,0002,0039,EV-022,collected,20.9,7.3,2,0,3,2026,42.0
ab9d9937_EV-023,2026-03-25T20:54:33.852873+00:00,2026-03-26T07:18:50.350676+00:00,42.0,10.4046,624.27,0002,0039,EV-023,collected,20.9,7.3,2,0,3,2026,42.0
ab9d9937_EV-024,2026-03-25T20:54:33.852873+00:00,2026-03-26T07:18:50.350676+00:00,42.0,10.4046,624.27,0002,0039,EV-024,collected,20.9,7.3,2,0,3,2026,42.0
ab9d9937_EV-025,2026-03-25T20:54:33.852873+00:00,2026-03-26T07:18:50.350676+00:00,42.0,10.4046,624.27,0002,0039,EV-025,collected,20.9,7.3,2,0,3,2026,42.0
ab9d9937_EV-026,2026-03-25T20:54:33.852873+00:00,2026-03-26T07:18:50.350676+00:00,42.0,10.4046,624.27,0002,0039,EV-026,collected,20.9,7.3,2,0,3,2026,42.0
ab9d9937_EV-027,2026-03-25T20:54:33.852873+00:00,2026-03-26T07:18:50.350676+00:00,42.0,10.4046,624.27,0002,0039,EV-027,collected,20.9,7.3,2,0,3,2026,42.0
ab9d9937_EV-028,2026-03-25T20:54:33.852873+00:00,2026-03-26T07:18:50.350676+00:00,42.0,10.4046,624.27,0002,0039,EV-028,collected,20.9,7.3,2,0,3,2026,42.0
ab9d9937_EV-029,2026-03-25T20:54:33.852873+00:00,2026-03-26T07:18:50.350676+00:00,42.0,10.4046,624.27,0002,0039,EV-029,collected,20.9,7.3,2,0,3,2026,42.0
ab9d9937_EV-030,2026-03-25T20:54:33.852873+00:00,2026-03-26T07:18:50.350676+00:00,42.0,10.4046,624.27,0002,0039,EV-030,collected,20.9,7.3,2,0,3,2026,42.0
ab9d9937_EV-031,2026-03-25T20:54:33.852873+00:00,2026-03-26T07:18:50.350676+00:00,42.0,10.4046,624.27,0002,0039,EV-031,collected,20.9,7.3,2,0,3,2026,42.0
ab9d9937_EV-032,2026-03-25T20:54:33.852873+00:00,2026-03-26T07:18:50.350676+00:00,42.0,10.4046,624.27,0002,0039,EV-032,collected,20.9,7.3,2,0,3,2026,42.0
ab9d9937_EV-033,2026-03-25T20:54:33.852873+00:00,2026-03-26T07:18:50.350676+00:00,42.0,10.4046,624.27,0002,0039,EV-033,collected,20.9,7.3,2,0,3,2026,42.0
ab9d9937_EV-034,2026-03-25T20:54:33.852873+00:00,2026-03-26T07:18:50.350676+00:00,42.0,10.4046,624.27,0002,0039,EV-034,collected,20.9,7.3,2,0,3,2026,42.0
ab9d9937_EV-035,2026-03-25T20:54:33.852873+00:00,2026-03-26T07:18:50.350676+00:00,42.0,10.4046,624.27,0002,0039,EV-035,collected,20.9,7.3,2,0,3,2026,42.0
ab9d9937_EV-036,2026-03-25T20:54:33.852873+00:00,2026-03-26T07:18:50.350676+00:00,42.0,10.4046,624.27,0002,0039,EV-036,collected,20.9,7.3,2,0,3,2026,42.0
ab9d9937_EV-037,2026-03-25T20:54:33.852873+00:00,2026-03-26T07:18:50.350676+00:00,42.0,10.4046,624.27,0002,0039,EV-037,collected,20.9,7.3,2,0,3,2026,42.0
ab9d9937_EV-038,2026-03-25T20:54:33.852873+00:00,2026-03-26T07:18:50.350676+00:00,42.0,10.4046,624.27,0002,0039,EV-038,collected,20.9,7.3,2,0,3,2026,42.0
ab9d9937_EV-039,2026-03-25T20:54:33.852873+00:00,2026-03-26T07:18:50.350676+00:00,42.0,10.4046,624.27,0002,0039,EV-039,collected,20.9,7.3,2,0,3,2026,42.0
ab9d9937_EV-040,2026-03-25T20:54:33.852873+00:00,2026-03-26T07:18:50.350676+00:00,42.0,10.4046,624.27,0002,0039,EV-040,collected,20.9,7.3,2,0,3,2026,42.0
ab9d9937_EV-041,2026-03-25T20:54:33.852873+00:00,2026-03-26T07:18:50.350676+00:00,42.0,10.4046,624.27,0002,0039,EV-041,collected,20.9,7.3,2,0,3,2026,42.0
ab9d9937_EV-042,2026-03-25T20:54:33.852873+00:00,2026-03-26T07:18:50.350676+00:00,42.0,10.4046,624.27,0002,0039,EV-042,collected,20.9,7.3,2,0,3,2026,42.0
ab9d9937_EV-043,2026-03-25T20:54:33.852873+00:00,2026-03-26T07:18:50.350676+00:00,42.0,10.4046,624.27,0002,0039,EV-043,collected,20.9,7.3,2,0,3,2026,42.0
ab9d9937_EV-044,2026-03-25T20:54:33.852873+00:00,2026-03-26T07:18:50.350676+00:00,42.0,10.4046,624.27,0002,0039,EV-044,collected,20.9,7.3,2,0,3,2026,42.0
ab9d9937_EV-045,2026-03-25T20:54:33.852873+00:00,2026-03-26T07:18:50.350676+00:00,42.0,10.4046,624.27,0002,0039,EV-045,collected,20.9,7.3,2,0,3,2026,42.0
ab9d9937_EV-046,2026-03-25T20:54:33.852873+00:00,2026-03-26T07:18:50.350676+00:00,42.0,10.4046,624.27,0002,0039,EV-046,collected,20.9,7.3,2,0,3,2026,42.0
ab9d9937_EV-047,2026-03-25T20:54:33.852873+00:00,2026-03-26T07:18:50.350676+00:00,42.0,10.4046,624.27,0002,0039,EV-047,collected,20.9,7.3,2,0,3,2026,42.0
ab9d9937_EV-048,2026-03-25T20:54:33.852873+00:00,2026-03-26T07:18:50.350676+00:00,42.0,10.4046,624.27,0002,0039,EV-048,collected,20.9,7.3,2,0,3,2026,42.0
ab9d9937_EV-049,2026-03-25T20:54:33.852873+00:00,2026-03-26T07:18:50.350676+00:00,42.0,10.4046,624.27,0002,0039,EV-049,collected,20.9,7.3,2,0,3,2026,42.0
ab9d9937_EV-050,2026-03-25T20:54:33.852873+00:00,2026-03-26T07:18:50.350676+00:00,42.0,10.4046,624.27,0002,0039,EV-050,collected,20.9,7.3,2,0,3,2026,42.0
243f0ce3_EV-001,2026-03-25T20:54:38.517769+00:00,2026-03-26T07:40:35.727242+00:00,60.0,10.7659,645.95,0002,0039,EV-001,collected,20.9,7.6667,2,0,3,2026,60.0
243f0ce3_EV-002,2026-03-25T20:54:38.517769+00:00,2026-03-26T07:40:35.727242+00:00,60.0,10.7659,645.95,0002,0039,EV-002,collected,20.9,7.6667,2,0,3,2026,60.0
243f0ce3_EV-003,2026-03-25T20:54:38.517769+00:00,2026-03-26T07:40:35.727242+00:00,54.0,10.7659,645.95,0002,0039,EV-003,collected,20.9,7.6667,2,0,3,2026,54.0
243f0ce3_EV-004,2026-03-25T20:54:38.517769+00:00,2026-03-26T07:18:55.015572+00:00,42.0,10.4046,624.27,0002,0039,EV-004,collected,20.9,7.3,2,0,3,2026,42.0
243f0ce3_EV-005,2026-03-25T20:54:38.517769+00:00,2026-03-26T07:18:55.015572+00:00,42.0,10.4046,624.27,0002,0039,EV-005,collected,20.9,7.3,2,0,3,2026,42.0
243f0ce3_EV-006,2026-03-25T20:54:38.517769+00:00,2026-03-26T07:18:55.015572+00:00,42.0,10.4046,624.27,0002,0039,EV-006,collected,20.9,7.3,2,0,3,2026,42.0
243f0ce3_EV-007,2026-03-25T20:54:38.517769+00:00,2026-03-26T07:18:55.015572+00:00,42.0,10.4046,624.27,0002,0039,EV-007,collected,20.9,7.3,2,0,3,2026,42.0
243f0ce3_EV-008,2026-03-25T20:54:38.517769+00:00,2026-03-26T07:18:55.015572+00:00,42.0,10.4046,624.27,0002,0039,EV-008,collected,20.9,7.3,2,0,3,2026,42.0
243f0ce3_EV-009,2026-03-25T20:54:38.517769+00:00,2026-03-26T07:18:55.015572+00:00,42.0,10.4046,624.27,0002,0039,EV-009,collected,20.9,7.3,2,0,3,2026,42.0
243f0ce3_EV-010,2026-03-25T20:54:38.517769+00:00,2026-03-26T07:18:55.015572+00:00,42.0,10.4046,624.27,0002,0039,EV-010,collected,20.9,7.3,2,0,3,2026,42.0
243f0ce3_EV-011,2026-03-25T20:54:38.517769+00:00,2026-03-26T07:18:55.015572+00:00,42.0,10.4046,624.27,0002,0039,EV-011,collected,20.9,7.3,2,0,3,2026,42.0
243f0ce3_EV-012,2026-03-25T20:54:38.517769+00:00,2026-03-26T07:18:55.015572+00:00,42.0,10.4046,624.27,0002,0039,EV-012,collected,20.9,7.3,2,0,3,2026,42.0
243f0ce3_EV-013,2026-03-25T20:54:38.517769+00:00,2026-03-26T07:18:55.015572+00:00,42.0,10.4046,624.27,0002,0039,EV-013,collected,20.9,7.3,2,0,3,2026,42.0
243f0ce3_EV-014,2026-03-25T20:54:38.517769+00:00,2026-03-26T07:18:55.015572+00:00,42.0,10.4046,624.27,0002,0039,EV-014,collected,20.9,7.3,2,0,3,2026,42.0
243f0ce3_EV-015,2026-03-25T20:54:38.517769+00:00,2026-03-26T07:18:55.015572+00:00,42.0,10.4046,624.27,0002,0039,EV-015,collected,20.9,7.3,2,0,3,2026,42.0
243f0ce3_EV-016,2026-03-25T20:54:38.517769+00:00,2026-03-26T07:18:55.015572+00:00,42.0,10.4046,624.27,0002,0039,EV-016,collected,20.9,7.3,2,0,3,2026,42.0
243f0ce3_EV-017,2026-03-25T20:54:38.517769+00:00,2026-03-26T07:18:55.015572+00:00,42.0,10.4046,624.27,0002,0039,EV-017,collected,20.9,7.3,2,0,3,2026,42.0
243f0ce3_EV-018,2026-03-25T20:54:38.517769+00:00,2026-03-26T07:18:55.015572+00:00,42.0,10.4046,624.27,0002,0039,EV-018,collected,20.9,7.3,2,0,3,2026,42.0
243f0ce3_EV-019,2026-03-25T20:54:38.517769+00:00,2026-03-26T07:18:55.015572+00:00,42.0,10.4046,624.27,0002,0039,EV-019,collected,20.9,7.3,2,0,3,2026,42.0
243f0ce3_EV-020,2026-03-25T20:54:38.517769+00:00,2026-03-26T07:18:55.015572+00:00,42.0,10.4046,624.27,0002,0039,EV-020,collected,20.9,7.3,2,0,3,2026,42.0
243f0ce3_EV-021,2026-03-25T20:54:38.517769+00:00,2026-03-26T07:18:55.015572+00:00,42.0,10.4046,624.27,0002,0039,EV-021,collected,20.9,7.3,2,0,3,2026,42.0
243f0ce3_EV-022,2026-03-25T20:54:38.517769+00:00,2026-03-26T07:18:55.015572+00:00,42.0,10.4046,624.27,0002,0039,EV-022,collected,20.9,7.3,2,0,3,2026,42.0
243f0ce3_EV-023,2026-03-25T20:54:38.517769+00:00,2026-03-26T07:18:55.015572+00:00,42.0,10.4046,624.27,0002,0039,EV-023,collected,20.9,7.3,2,0,3,2026,42.0
243f0ce3_EV-024,2026-03-25T20:54:38.517769+00:00,2026-03-26T07:18:55.015572+00:00,42.0,10.4046,624.27,0002,0039,EV-024,collected,20.9,7.3,2,0,3,2026,42.0
243f0ce3_EV-025,2026-03-25T20:54:38.517769+00:00,2026-03-26T07:18:55.015572+00:00,42.0,10.4046,624.27,0002,0039,EV-025,collected,20.9,7.3,2,0,3,2026,42.0
243f0ce3_EV-026,2026-03-25T20:54:38.517769+00:00,2026-03-26T07:18:55.015572+00:00,42.0,10.4046,624.27,0002,0039,EV-026,collected,20.9,7.3,2,0,3,2026,42.0
243f0ce3_EV-027,2026-03-25T20:54:38.517769+00:00,2026-03-26T07:18:55.015572+00:00,42.0,10.4046,624.27,0002,0039,EV-027,collected,20.9,7.3,2,0,3,2026,42.0
243f0ce3_EV-028,2026-03-25T20:54:38.517769+00:00,2026-03-26T07:18:55.015572+00:00,42.0,10.4046,624.27,0002,0039,EV-028,collected,20.9,7.3,2,0,3,2026,42.0
243f0ce3_EV-029,2026-03-25T20:54:38.517769+00:00,2026-03-26T07:18:55.015572+00:00,42.0,10.4046,624.27,0002,0039,EV-029,collected,20.9,7.3,2,0,3,2026,42.0
243f0ce3_EV-030,2026-03-25T20:54:38.517769+00:00,2026-03-26T07:18:55.015572+00:00,42.0,10.4046,624.27,0002,0039,EV-030,collected,20.9,7.3,2,0,3,2026,42.0
243f0ce3_EV-031,2026-03-25T20:54:38.517769+00:00,2026-03-26T07:18:55.015572+00:00,42.0,10.4046,624.27,0002,0039,EV-031,collected,20.9,7.3,2,0,3,2026,42.0
243f0ce3_EV-032,2026-03-25T20:54:38.517769+00:00,2026-03-26T07:18:55.015572+00:00,42.0,10.4046,624.27,0002,0039,EV-032,collected,20.9,7.3,2,0,3,2026,42.0
243f0ce3_EV-033,2026-03-25T20:54:38.517769+00:00,2026-03-26T07:18:55.015572+00:00,42.0,10.4046,624.27,0002,0039,EV-033,collected,20.9,7.3,2,0,3,2026,42.0
243f0ce3_EV-034,2026-03-25T20:54:38.517769+00:00,2026-03-26T07:18:55.015572+00:00,42.0,10.4046,624.27,0002,0039,EV-034,collected,20.9,7.3,2,0,3,2026,42.0
243f0ce3_EV-035,2026-03-25T20:54:38.517769+00:00,2026-03-26T07:18:55.015572+00:00,42.0,10.4046,624.27,0002,0039,EV-035,collected,20.9,7.3,2,0,3,2026,42.0
243f0ce3_EV-036,2026-03-25T20:54:38.517769+00:00,2026-03-26T07:18:55.015572+00:00,42.0,10.4046,624.27,0002,0039,EV-036,collected,20.9,7.3,2,0,3,2026,42.0
243f0ce3_EV-037,2026-03-25T20:54:38.517769+00:00,2026-03-26T07:18:55.015572+00:00,42.0,10.4046,624.27,0002,0039,EV-037,collected,20.9,7.3,2,0,3,2026,42.0
243f0ce3_EV-038,2026-03-25T20:54:38.517769+00:00,2026-03-26T07:18:55.015572+00:00,42.0,10.4046,624.27,0002,0039,EV-038,collected,20.9,7.3,2,0,3,2026,42.0
243f0ce3_EV-039,2026-03-25T20:54:38.517769+00:00,2026-03-26T07:18:55.015572+00:00,42.0,10.4046,624.27,0002,0039,EV-039,collected,20.9,7.3,2,0,3,2026,42.0
243f0ce3_EV-040,2026-03-25T20:54:38.517769+00:00,2026-03-26T07:18:55.015572+00:00,42.0,10.4046,624.27,0002,0039,EV-040,collected,20.9,7.3,2,0,3,2026,42.0
243f0ce3_EV-041,2026-03-25T20:54:38.517769+00:00,2026-03-26T07:18:55.015572+00:00,42.0,10.4046,624.27,0002,0039,EV-041,collected,20.9,7.3,2,0,3,2026,42.0
243f0ce3_EV-042,2026-03-25T20:54:38.517769+00:00,2026-03-26T07:18:55.015572+00:00,42.0,10.4046,624.27,0002,0039,EV-042,collected,20.9,7.3,2,0,3,2026,42.0
243f0ce3_EV-043,2026-03-25T20:54:38.517769+00:00,2026-03-26T07:18:55.015572+00:00,42.0,10.4046,624.27,0002,0039,EV-043,collected,20.9,7.3,2,0,3,2026,42.0
243f0ce3_EV-044,2026-03-25T20:54:38.517769+00:00,2026-03-26T07:18:55.015572+00:00,42.0,10.4046,624.27,0002,0039,EV-044,collected,20.9,7.3,2,0,3,2026,42.0
243f0ce3_EV-045,2026-03-25T20:54:38.517769+00:00,2026-03-26T07:18:55.015572+00:00,42.0,10.4046,624.27,0002,0039,EV-045,collected,20.9,7.3,2,0,3,2026,42.0
243f0ce3_EV-046,2026-03-25T20:54:38.517769+00:00,2026-03-26T07:18:55.015572+00:00,42.0,10.4046,624.27,0002,0039,EV-046,collected,20.9,7.3,2,0,3,2026,42.0
243f0ce3_EV-047,2026-03-25T20:54:38.517769+00:00,2026-03-26T07:18:55.015572+00:00,42.0,10.4046,624.27,0002,0039,EV-047,collected,20.9,7.3,2,0,3,2026,42.0
243f0ce3_EV-048,2026-03-25T20:54:38.517769+00:00,2026-03-26T07:18:55.015572+00:00,42.0,10.4046,624.27,0002,0039,EV-048,collected,20.9,7.3,2,0,3,2026,42.0
243f0ce3_EV-049,2026-03-25T20:54:38.517769+00:00,2026-03-26T07:18:55.015572+00:00,42.0,10.4046,624.27,0002,0039,EV-049,collected,20.9,7.3,2,0,3,2026,42.0
243f0ce3_EV-050,2026-03-25T20:54:38.517769+00:00,2026-03-26T07:18:55.015572+00:00,42.0,10.4046,624.27,0002,0039,EV-050,collected,20.9,7.3,2,0,3,2026,42.0
4246fb7c_EV-001,2026-03-25T20:55:52.907775+00:00,2026-03-26T03:43:43.593200+00:00,35.0,6.7974,407.84,0002,0039,EV-001,collected,20.9167,3.7167,2,0,3,2026,35.0
4246fb7c_EV-002,2026-03-25T20:55:52.907775+00:00,2026-03-26T07:20:09.405578+00:00,43.2,10.4046,624.27,0002,0039,EV-002,collected,20.9167,7.3333,2,0,3,2026,43.2
4246fb7c_EV-003,2026-03-25T20:55:52.907775+00:00,2026-03-26T07:41:50.117248+00:00,55.5,10.7659,645.95,0002,0039,EV-003,collected,20.9167,7.6833,2,0,3,2026,55.5
4246fb7c_EV-004,2026-03-25T20:55:52.907775+00:00,2026-03-26T03:26:58.651794+00:00,30.5,6.5183,391.1,0002,0039,EV-004,collected,20.9167,3.4333,2,0,3,2026,30.5
4246fb7c_EV-005,2026-03-25T20:55:52.907775+00:00,2026-03-26T08:10:17.425597+00:00,37.8,11.2401,674.41,0002,0039,EV-005,collected,20.9167,8.1667,2,0,3,2026,37.8
4246fb7c_EV-006,2026-03-25T20:55:52.907775+00:00,2026-03-26T07:41:50.117248+00:00,48.75,10.7659,645.95,0002,0039,EV-006,collected,20.9167,7.6833,2,0,3,2026,48.75
4246fb7c_EV-007,2026-03-25T20:55:52.907775+00:00,2026-03-26T01:32:28.113463+00:00,26.0,4.6098,276.59,0002,0039,EV-007,collected,20.9167,1.5333,2,0,3,2026,26.0
4246fb7c_EV-008,2026-03-25T20:55:52.907775+00:00,2026-03-26T03:26:58.651794+00:00,32.4,6.5183,391.1,0002,0039,EV-008,collected,20.9167,3.4333,2,0,3,2026,32.4
4246fb7c_EV-009,2026-03-25T20:55:52.907775+00:00,2026-03-26T07:20:09.405578+00:00,42.0,10.4046,624.27,0002,0039,EV-009,collected,20.9167,7.3333,2,0,3,2026,42.0
4246fb7c_EV-010,2026-03-25T20:55:52.907775+00:00,2026-03-26T03:43:43.593200+00:00,34.0,6.7974,407.84,0002,0039,EV-010,collected,20.9167,3.7167,2,0,3,2026,34.0
4246fb7c_EV-011,2026-03-25T20:55:52.907775+00:00,2026-03-26T07:20:09.405578+00:00,42.0,10.4046,624.27,0002,0039,EV-011,collected,20.9167,7.3333,2,0,3,2026,42.0
4246fb7c_EV-012,2026-03-25T20:55:52.907775+00:00,2026-03-26T07:41:50.117248+00:00,54.0,10.7659,645.95,0002,0039,EV-012,collected,20.9167,7.6833,2,0,3,2026,54.0
4246fb7c_EV-013,2026-03-25T20:55:52.907775+00:00,2026-03-26T01:30:31.707824+00:00,29.5,4.5774,274.65,0002,0039,EV-013,collected,20.9167,1.5,2,0,3,2026,29.5
4246fb7c_EV-014,2026-03-25T20:55:52.907775+00:00,2026-03-26T08:10:17.425597+00:00,36.6,11.2401,674.41,0002,0039,EV-014,collected,20.9167,8.1667,2,0,3,2026,36.6
4246fb7c_EV-015,2026-03-25T20:55:52.907775+00:00,2026-03-26T07:20:09.405578+00:00,47.25,10.4046,624.27,0002,0039,EV-015,collected,20.9167,7.3333,2,0,3,2026,47.25
4246fb7c_EV-016,2026-03-25T20:55:52.907775+00:00,2026-03-26T01:32:28.113463+00:00,25.0,4.6098,276.59,0002,0039,EV-016,collected,20.9167,1.5333,2,0,3,2026,25.0
4246fb7c_EV-017,2026-03-25T20:55:52.907775+00:00,2026-03-26T03:26:58.651794+00:00,31.2,6.5183,391.1,0002,0039,EV-017,collected,20.9167,3.4333,2,0,3,2026,31.2
4246fb7c_EV-018,2026-03-25T20:55:52.907775+00:00,2026-03-26T07:41:50.117248+00:00,59.25,10.7659,645.95,0002,0039,EV-018,collected,20.9167,7.6833,2,0,3,2026,59.25
4246fb7c_EV-019,2026-03-25T20:55:52.907775+00:00,2026-03-26T03:43:43.593200+00:00,33.0,6.7974,407.84,0002,0039,EV-019,collected,20.9167,3.7167,2,0,3,2026,33.0
4246fb7c_EV-020,2026-03-25T20:55:52.907775+00:00,2026-03-26T07:45:52.014220+00:00,40.8,10.8331,649.99,0002,0039,EV-020,collected,20.9167,7.75,2,0,3,2026,40.8
cc1053ad_HEAVY-01,2026-03-25T20:55:52.907775+00:00,2026-03-26T03:43:43.593200+00:00,35.0,6.7974,407.84,0002,0039,HEAVY-01,collected,20.9167,3.7167,2,0,3,2026,35.0
cc1053ad_HEAVY-02,2026-03-25T21:03:52.907775+00:00,2026-03-26T07:25:43.481505+00:00,42.0,10.364,621.84,0002,0039,HEAVY-02,collected,21.05,7.4167,2,0,3,2026,42.0
cc1053ad_HEAVY-03,2026-03-25T21:11:52.907775+00:00,2026-03-26T07:19:13.752502+00:00,42.0,10.1225,607.35,0002,0039,HEAVY-03,collected,21.1833,7.3167,2,0,3,2026,42.0
cc1053ad_HEAVY-04,2026-03-25T21:19:52.907775+00:00,2026-03-26T08:04:57.485412+00:00,52.5,10.7513,645.08,0002,0039,HEAVY-04,collected,21.3167,8.0667,2,0,3,2026,52.5
cc1053ad_HEAVY-05,2026-03-25T21:27:52.907775+00:00,2026-03-26T02:06:10.581115+00:00,20.0,4.6382,278.29,0002,0039,HEAVY-05,collected,21.45,2.1,2,0,3,2026,20.0
cc1053ad_HEAVY-06,2026-03-25T21:35:52.907775+00:00,2026-03-26T02:13:34.243835+00:00,25.0,4.6281,277.69,0002,0039,HEAVY-06,collected,21.5833,2.2167,2,0,3,2026,25.0
cc1053ad_HEAVY-07,2026-03-25T21:43:52.907775+00:00,2026-03-26T02:08:00.460876+00:00,30.0,4.4021,264.13,0002,0039,HEAVY-07,collected,21.7167,2.1333,2,0,3,2026,30.0
cc1053ad_HEAVY-08,2026-03-25T21:51:52.907775+00:00,2026-03-26T08:45:38.911193+00:00,51.0,10.8961,653.77,0002,0039,HEAVY-08,collected,21.85,8.75,2,0,3,2026,51.0
cc1053ad_HEAVY-09,2026-03-25T21:59:52.907775+00:00,2026-03-26T09:07:05.860656+00:00,48.75,11.1203,667.22,0002,0039,HEAVY-09,collected,21.9833,9.1167,2,0,3,2026,48.75
cc1053ad_HEAVY-10,2026-03-25T22:07:52.907775+00:00,2026-03-26T02:37:02.011779+00:00,26.0,4.4859,269.15,0002,0039,HEAVY-10,collected,22.1167,2.6167,2,0,3,2026,26.0
cc1053ad_HEAVY-11,2026-03-25T22:15:52.907775+00:00,2026-03-26T05:16:38.444274+00:00,32.5,7.0126,420.76,0002,0039,HEAVY-11,collected,22.25,5.2667,2,0,3,2026,32.5
cc1053ad_HEAVY-12,2026-03-25T22:23:52.907775+00:00,2026-03-26T09:51:53.533996+00:00,39.0,11.4668,688.01,0002,0039,HEAVY-12,collected,22.3833,9.85,2,0,3,2026,39.0
cc1053ad_HEAVY-13,2026-03-25T22:31:52.907775+00:00,2026-03-26T04:34:26.930602+00:00,27.0,6.0428,362.57,0002,0039,HEAVY-13,collected,22.5167,4.5667,2,0,3,2026,27.0
cc1053ad_HEAVY-14,2026-03-25T22:39:52.907775+00:00,2026-03-26T07:08:52.334655+00:00,33.75,8.4832,508.99,0002,0039,HEAVY-14,collected,22.65,7.1333,2,0,3,2026,33.75
cc1053ad_HEAVY-15,2026-03-25T22:47:52.907775+00:00,2026-03-26T06:57:24.997008+00:00,32.0,8.1589,489.53,0002,0039,HEAVY-15,collected,22.7833,6.95,2,0,3,2026,32.0
cc1053ad_HEAVY-16,2026-03-25T22:55:52.907775+00:00,2026-03-26T11:52:56.342834+00:00,40.0,12.951,777.06,0002,0039,HEAVY-16,collected,22.9167,11.8667,2,0,3,2026,40.0
cc1053ad_HEAVY-17,2026-03-25T23:03:52.907775+00:00,2026-03-26T08:17:33.461974+00:00,36.0,9.2279,553.68,0002,0039,HEAVY-17,collected,23.05,8.2833,2,0,3,2026,36.0
cc1053ad_HEAVY-18,2026-03-25T23:11:52.907775+00:00,2026-03-26T07:19:17.821105+00:00,36.0,8.1236,487.42,0002,0039,HEAVY-18,collected,23.1833,7.3167,2,0,3,2026,36.0
cc1053ad_HEAVY-19,2026-03-25T23:19:52.907775+00:00,2026-03-26T12:15:10.870421+00:00,45.0,12.9217,775.3,0002,0039,HEAVY-19,collected,23.3167,12.25,2,0,3,2026,45.0
cc1053ad_HEAVY-20,2026-03-25T23:27:52.907775+00:00,2026-03-26T06:34:29.592956+00:00,24.0,7.1102,426.61,0002,0039,HEAVY-20,collected,23.45,6.5667,2,0,3,2026,24.0
cc1053ad_HEAVY-21,2026-03-25T23:35:52.907775+00:00,2026-03-26T06:26:39.746154+00:00,20.0,6.8463,410.78,0002,0039,HEAVY-21,collected,23.5833,6.4333,2,0,3,2026,20.0
cc1053ad_HEAVY-22,2026-03-25T23:43:52.907775+00:00,2026-03-26T12:34:56.862853+00:00,45.0,12.8511,771.07,0002,0039,HEAVY-22,collected,23.7167,12.5667,2,0,3,2026,45.0
cc1053ad_HEAVY-23,2026-03-25T23:51:52.907775+00:00,2026-03-26T12:30:36.556457+00:00,45.0,12.6455,758.73,0002,0039,HEAVY-23,collected,23.85,12.5,2,0,3,2026,45.0
cc1053ad_HEAVY-24,2026-03-25T23:59:52.907775+00:00,2026-03-26T14:53:41.243957+00:00,56.25,14.8968,893.81,0002,0039,HEAVY-24,collected,23.9833,14.8833,2,0,3,2026,56.25
cc1053ad_HEAVY-25,2026-03-26T00:07:52.907775+00:00,2026-03-26T09:33:06.475890+00:00,22.0,9.4204,565.23,0002,0039,HEAVY-25,collected,0.1167,9.55,3,0,3,2026,22.0
a8fc6d61_KNOWN-01,2026-03-25T20:55:52.907775+00:00,2026-03-25T22:55:52.907775+00:00,42.0,2.0,120.0,0002,0039,KNOWN-01,collected,20.9167,22.9167,2,0,3,2026,42.0
a8fc6d61_KNOWN-02,2026-03-25T21:00:52.907775+00:00,2026-03-25T23:00:52.907775+00:00,42.0,2.0,120.0,0002,0039,KNOWN-02,collected,21.0,23.0,2,0,3,2026,42.0
a8fc6d61_KNOWN-03,2026-03-25T21:05:52.907775+00:00,2026-03-25T23:05:52.907775+00:00,42.0,2.0,120.0,0002,0039,KNOWN-03,collected,21.0833,23.0833,2,0,3,2026,42.0
a8fc6d61_KNOWN-04,2026-03-25T21:10:52.907775+00:00,2026-03-25T23:10:52.907775+00:00,42.0,2.0,120.0,0002,0039,KNOWN-04,collected,21.1667,23.1667,2,0,3,2026,42.0
a8fc6d61_KNOWN-05,2026-03-25T21:15:52.907775+00:00,2026-03-25T23:15:52.907775+00:00,42.0,2.0,120.0,0002,0039,KNOWN-05,collected,21.25,23.25,2,0,3,2026,42.0
a8fc6d61_KNOWN-06,2026-03-25T21:20:52.907775+00:00,2026-03-25T23:20:52.907775+00:00,42.0,2.0,120.0,0002,0039,KNOWN-06,collected,21.3333,23.3333,2,0,3,2026,42.0
a8fc6d61_KNOWN-07,2026-03-25T21:25:52.907775+00:00,2026-03-25T23:25:52.907775+00:00,42.0,2.0,120.0,0002,0039,KNOWN-07,collected,21.4167,23.4167,2,0,3,2026,42.0
a8fc6d61_KNOWN-08,2026-03-25T21:30:52.907775+00:00,2026-03-25T23:30:52.907775+00:00,42.0,2.0,120.0,0002,0039,KNOWN-08,collected,21.5,23.5,2,0,3,2026,42.0
a8fc6d61_UNKNOWN-01,2026-03-25T21:25:52.907775+00:00,2026-03-26T02:10:44.635070+00:00,30.0,4.7477,284.86,0002,0039,UNKNOWN-01,collected,21.4167,2.1667,2,0,3,2026,30.0
a8fc6d61_UNKNOWN-02,2026-03-25T21:35:52.907775+00:00,2026-03-26T04:24:49.723571+00:00,33.6,6.8158,408.95,0002,0039,UNKNOWN-02,collected,21.5833,4.4,2,0,3,2026,33.6
a8fc6d61_UNKNOWN-03,2026-03-25T21:45:52.907775+00:00,2026-03-26T08:47:14.294494+00:00,39.0,11.0226,661.36,0002,0039,UNKNOWN-03,collected,21.75,8.7833,2,0,3,2026,39.0
a8fc6d61_UNKNOWN-04,2026-03-25T21:55:52.907775+00:00,2026-03-26T02:29:45.490172+00:00,24.0,4.5646,273.88,0002,0039,UNKNOWN-04,collected,21.9167,2.4833,2,0,3,2026,24.0
a8fc6d61_UNKNOWN-05,2026-03-25T22:05:52.907775+00:00,2026-03-26T02:35:02.011779+00:00,26.4,4.4859,269.15,0002,0039,UNKNOWN-05,collected,22.0833,2.5833,2,0,3,2026,26.4
a8fc6d61_UNKNOWN-06,2026-03-25T22:15:52.907775+00:00,2026-03-26T09:35:36.699279+00:00,45.0,11.3288,679.73,0002,0039,UNKNOWN-06,collected,22.25,9.5833,2,0,3,2026,45.0
a8fc6d61_UNKNOWN-07,2026-03-25T22:25:52.907775+00:00,2026-03-26T04:20:38.530334+00:00,28.0,5.9127,354.76,0002,0039,UNKNOWN-07,collected,22.4167,4.3333,2,0,3,2026,28.0
a8fc6d61_UNKNOWN-08,2026-03-25T22:35:52.907775+00:00,2026-03-26T06:47:10.934508+00:00,31.2,8.1883,491.3,0002,0039,UNKNOWN-08,collected,22.5833,6.7833,2,0,3,2026,31.2
a8fc6d61_UNKNOWN-09,2026-03-25T22:45:52.907775+00:00,2026-03-26T07:02:42.732604+00:00,36.0,8.2805,496.83,0002,0039,UNKNOWN-09,collected,22.75,7.0333,2,0,3,2026,36.0
a8fc6d61_UNKNOWN-10,2026-03-25T22:55:52.907775+00:00,2026-03-26T04:31:30.199035+00:00,22.0,5.5937,335.62,0002,0039,UNKNOWN-10,collected,22.9167,4.5167,2,0,3,2026,22.0
a8fc6d61_UNKNOWN-11,2026-03-25T23:05:52.907775+00:00,2026-03-26T06:57:34.099181+00:00,36.0,7.8614,471.69,0002,0039,UNKNOWN-11,collected,23.0833,6.95,2,0,3,2026,36.0
a8fc6d61_UNKNOWN-12,2026-03-25T23:15:52.907775+00:00,2026-03-26T11:49:37.135070+00:00,42.0,12.5623,753.74,0002,0039,UNKNOWN-12,collected,23.25,11.8167,2,0,3,2026,42.0
13f11b45_EV-001,2026-03-25T21:00:49.907556+00:00,2026-03-26T03:35:31.413904+00:00,35.0,6.5782,394.69,0002,0039,EV-001,collected,21.0,3.5833,2,0,3,2026,35.0
13f11b45_EV-002,2026-03-25T21:00:49.907556+00:00,2026-03-26T07:14:37.016931+00:00,43.2,10.2298,613.79,0002,0039,EV-002,collected,21.0,7.2333,2,0,3,2026,43.2
13f11b45_EV-003,2026-03-25T21:00:49.907556+00:00,2026-03-26T07:36:17.728601+00:00,55.5,10.5911,635.46,0002,0039,EV-003,collected,21.0,7.6,2,0,3,2026,55.5
13f11b45_EV-004,2026-03-25T21:00:49.907556+00:00,2026-03-26T03:18:46.472497+00:00,30.5,6.299,377.94,0002,0039,EV-004,collected,21.0,3.3,2,0,3,2026,30.5
13f11b45_EV-005,2026-03-25T21:00:49.907556+00:00,2026-03-26T08:02:05.240808+00:00,37.8,11.0209,661.26,0002,0039,EV-005,collected,21.0,8.0333,2,0,3,2026,37.8
13f11b45_EV-006,2026-03-25T21:00:49.907556+00:00,2026-03-26T07:36:17.728601+00:00,48.75,10.5911,635.46,0002,0039,EV-006,collected,21.0,7.6,2,0,3,2026,48.75
13f11b45_EV-007,2026-03-25T21:00:49.907556+00:00,2026-03-26T01:24:15.934167+00:00,26.0,4.3906,263.43,0002,0039,EV-007,collected,21.0,1.4,2,0,3,2026,26.0
13f11b45_EV-008,2026-03-25T21:00:49.907556+00:00,2026-03-26T03:18:46.472497+00:00,32.4,6.299,377.94,0002,0039,EV-008,collected,21.0,3.3,2,0,3,2026,32.4
13f11b45_EV-009,2026-03-25T21:00:49.907556+00:00,2026-03-26T07:14:37.016931+00:00,42.0,10.2298,613.79,0002,0039,EV-009,collected,21.0,7.2333,2,0,3,2026,42.0
13f11b45_EV-010,2026-03-25T21:00:49.907556+00:00,2026-03-26T03:35:31.413904+00:00,34.0,6.5782,394.69,0002,0039,EV-010,collected,21.0,3.5833,2,0,3,2026,34.0
13f11b45_EV-011,2026-03-25T21:00:49.907556+00:00,2026-03-26T07:14:37.016931+00:00,42.0,10.2298,613.79,0002,0039,EV-011,collected,21.0,7.2333,2,0,3,2026,42.0
13f11b45_EV-012,2026-03-25T21:00:49.907556+00:00,2026-03-26T07:36:17.728601+00:00,54.0,10.5911,635.46,0002,0039,EV-012,collected,21.0,7.6,2,0,3,2026,54.0
13f11b45_EV-013,2026-03-25T21:00:49.907556+00:00,2026-03-26T01:22:19.528528+00:00,29.5,4.3582,261.49,0002,0039,EV-013,collected,21.0,1.3667,2,0,3,2026,29.5
13f11b45_EV-014,2026-03-25T21:00:49.907556+00:00,2026-03-26T08:02:05.240808+00:00,36.6,11.0209,661.26,0002,0039,EV-014,collected,21.0,8.0333,2,0,3,2026,36.6
13f11b45_EV-015,2026-03-25T21:00:49.907556+00:00,2026-03-26T07:14:37.016931+00:00,47.25,10.2298,613.79,0002,0039,EV-015,collected,21.0,7.2333,2,0,3,2026,47.25
13f11b45_EV-016,2026-03-25T21:00:49.907556+00:00,2026-03-26T01:24:15.934167+00:00,25.0,4.3906,263.43,0002,0039,EV-016,collected,21.0,1.4,2,0,3,2026,25.0
13f11b45_EV-017,2026-03-25T21:00:49.907556+00:00,2026-03-26T03:18:46.472497+00:00,31.2,6.299,377.94,0002,0039,EV-017,collected,21.0,3.3,2,0,3,2026,31.2
13f11b45_EV-018,2026-03-25T21:00:49.907556+00:00,2026-03-26T07:36:17.728601+00:00,59.25,10.5911,635.46,0002,0039,EV-018,collected,21.0,7.6,2,0,3,2026,59.25
13f11b45_EV-019,2026-03-25T21:00:49.907556+00:00,2026-03-26T03:35:31.413904+00:00,33.0,6.5782,394.69,0002,0039,EV-019,collected,21.0,3.5833,2,0,3,2026,33.0
13f11b45_EV-020,2026-03-25T21:00:49.907556+00:00,2026-03-26T07:40:19.625574+00:00,40.8,10.6583,639.5,0002,0039,EV-020,collected,21.0,7.6667,2,0,3,2026,40.8
7025b496_HEAVY-01,2026-03-25T21:00:49.907556+00:00,2026-03-26T03:35:31.413904+00:00,35.0,6.5782,394.69,0002,0039,HEAVY-01,collected,21.0,3.5833,2,0,3,2026,35.0
7025b496_HEAVY-02,2026-03-25T21:08:49.907556+00:00,2026-03-26T07:26:47.325769+00:00,42.0,10.2993,617.96,0002,0039,HEAVY-02,collected,21.1333,7.4333,2,0,3,2026,42.0
7025b496_HEAVY-03,2026-03-25T21:16:49.907556+00:00,2026-03-26T07:33:34.306970+00:00,42.0,10.279,616.74,0002,0039,HEAVY-03,collected,21.2667,7.55,2,0,3,2026,42.0
7025b496_HEAVY-04,2026-03-25T21:24:49.907556+00:00,2026-03-26T08:17:59.509607+00:00,52.5,10.886,653.16,0002,0039,HEAVY-04,collected,21.4,8.2833,2,0,3,2026,52.5
7025b496_HEAVY-05,2026-03-25T21:32:49.907556+00:00,2026-03-26T02:17:37.339197+00:00,20.0,4.7465,284.79,0002,0039,HEAVY-05,collected,21.5333,2.2833,2,0,3,2026,20.0
7025b496_HEAVY-06,2026-03-25T21:40:49.907556+00:00,2026-03-26T02:08:58.707605+00:00,25.0,4.4691,268.15,0002,0039,HEAVY-06,collected,21.6667,2.1333,2,0,3,2026,25.0
7025b496_HEAVY-07,2026-03-25T21:48:49.907556+00:00,2026-03-26T02:14:30.469079+00:00,30.0,4.4279,265.68,0002,0039,HEAVY-07,collected,21.8,2.2333,2,0,3,2026,30.0
7025b496_HEAVY-08,2026-03-25T21:56:49.907556+00:00,2026-03-26T09:01:33.453699+00:00,51.0,11.0788,664.73,0002,0039,HEAVY-08,collected,21.9333,9.0167,2,0,3,2026,51.0
7025b496_HEAVY-09,2026-03-25T22:04:49.907556+00:00,2026-03-26T09:34:34.761072+00:00,48.75,11.4958,689.75,0002,0039,HEAVY-09,collected,22.0667,9.5667,2,0,3,2026,48.75
7025b496_HEAVY-10,2026-03-25T22:12:49.907556+00:00,2026-03-26T03:15:09.053064+00:00,26.0,5.0387,302.32,0002,0039,HEAVY-10,collected,22.2,3.25,2,0,3,2026,26.0
7025b496_HEAVY-11,2026-03-25T22:20:49.907556+00:00,2026-03-26T05:21:35.444055+00:00,32.5,7.0126,420.76,0002,0039,HEAVY-11,collected,22.3333,5.35,2,0,3,2026,32.5
7025b496_HEAVY-12,2026-03-25T22:28:49.907556+00:00,2026-03-26T11:21:18.102136+00:00,39.0,12.8745,772.47,0002,0039,HEAVY-12,collected,22.4667,11.35,2,0,3,2026,39.0
7025b496_HEAVY-13,2026-03-25T22:36:49.907556+00:00,2026-03-26T04:47:52.901330+00:00,27.0,6.1842,371.05,0002,0039,HEAVY-13,collected,22.6,4.7833,2,0,3,2026,27.0
7025b496_HEAVY-14,2026-03-25T22:44:49.907556+00:00,2026-03-26T07:01:39.732385+00:00,33.75,8.2805,496.83,0002,0039,HEAVY-14,collected,22.7333,7.0167,2,0,3,2026,33.75
7025b496_HEAVY-15,2026-03-25T22:52:49.907556+00:00,2026-03-26T07:12:43.678308+00:00,32.0,8.3316,499.9,0002,0039,HEAVY-15,collected,22.8667,7.2,2,0,3,2026,32.0
7025b496_HEAVY-16,2026-03-25T23:00:49.907556+00:00,2026-03-26T12:03:34.988122+00:00,40.0,13.0459,782.75,0002,0039,HEAVY-16,collected,23.0,12.05,2,0,3,2026,40.0
7025b496_HEAVY-17,2026-03-25T23:08:49.907556+00:00,2026-03-26T06:46:14.560876+00:00,36.0,7.6235,457.41,0002,0039,HEAVY-17,collected,23.1333,6.7667,2,0,3,2026,36.0
7025b496_HEAVY-18,2026-03-25T23:16:49.907556+00:00,2026-03-26T07:24:14.820886+00:00,36.0,8.1236,487.42,0002,0039,HEAVY-18,collected,23.2667,7.4,2,0,3,2026,36.0
7025b496_HEAVY-19,2026-03-25T23:24:49.907556+00:00,2026-03-26T13:12:31.307702+00:00,45.0,13.7948,827.69,0002,0039,HEAVY-19,collected,23.4,13.2,2,0,3,2026,45.0
7025b496_HEAVY-20,2026-03-25T23:32:49.907556+00:00,2026-03-26T06:34:40.715661+00:00,24.0,7.0308,421.85,0002,0039,HEAVY-20,collected,23.5333,6.5667,2,0,3,2026,24.0
7025b496_HEAVY-21,2026-03-25T23:40:49.907556+00:00,2026-03-26T06:22:51.674524+00:00,20.0,6.7005,402.03,0002,0039,HEAVY-21,collected,23.6667,6.3667,2,0,3,2026,20.0
7025b496_HEAVY-22,2026-03-25T23:48:49.907556+00:00,2026-03-26T12:20:23.049646+00:00,45.0,12.5259,751.55,0002,0039,HEAVY-22,collected,23.8,12.3333,2,0,3,2026,45.0
7025b496_HEAVY-23,2026-03-25T23:56:49.907556+00:00,2026-03-26T13:51:13.938318+00:00,45.0,13.9067,834.4,0002,0039,HEAVY-23,collected,23.9333,13.85,2,0,3,2026,45.0
7025b496_HEAVY-24,2026-03-26T00:04:49.907556+00:00,2026-03-26T14:51:46.300378+00:00,56.25,14.7823,886.94,0002,0039,HEAVY-24,collected,0.0667,14.85,3,0,3,2026,56.25
7025b496_HEAVY-25,2026-03-26T00:12:49.907556+00:00,2026-03-26T05:16:48.114953+00:00,22.0,5.0662,303.97,0002,0039,HEAVY-25,collected,0.2,5.2667,3,0,3,2026,22.0
69798265_KNOWN-01,2026-03-25T21:00:49.907556+00:00,2026-03-25T23:00:49.907556+00:00,42.0,2.0,120.0,0002,0039,KNOWN-01,collected,21.0,23.0,2,0,3,2026,42.0
69798265_KNOWN-02,2026-03-25T21:05:49.907556+00:00,2026-03-25T23:05:49.907556+00:00,42.0,2.0,120.0,0002,0039,KNOWN-02,collected,21.0833,23.0833,2,0,3,2026,42.0
69798265_KNOWN-03,2026-03-25T21:10:49.907556+00:00,2026-03-25T23:10:49.907556+00:00,42.0,2.0,120.0,0002,0039,KNOWN-03,collected,21.1667,23.1667,2,0,3,2026,42.0
69798265_KNOWN-04,2026-03-25T21:15:49.907556+00:00,2026-03-25T23:15:49.907556+00:00,42.0,2.0,120.0,0002,0039,KNOWN-04,collected,21.25,23.25,2,0,3,2026,42.0
69798265_KNOWN-05,2026-03-25T21:20:49.907556+00:00,2026-03-25T23:20:49.907556+00:00,42.0,2.0,120.0,0002,0039,KNOWN-05,collected,21.3333,23.3333,2,0,3,2026,42.0
69798265_KNOWN-06,2026-03-25T21:25:49.907556+00:00,2026-03-25T23:25:49.907556+00:00,42.0,2.0,120.0,0002,0039,KNOWN-06,collected,21.4167,23.4167,2,0,3,2026,42.0
69798265_KNOWN-07,2026-03-25T21:30:49.907556+00:00,2026-03-25T23:30:49.907556+00:00,42.0,2.0,120.0,0002,0039,KNOWN-07,collected,21.5,23.5,2,0,3,2026,42.0
69798265_KNOWN-08,2026-03-25T21:35:49.907556+00:00,2026-03-25T23:35:49.907556+00:00,42.0,2.0,120.0,0002,0039,KNOWN-08,collected,21.5833,23.5833,2,0,3,2026,42.0
69798265_UNKNOWN-01,2026-03-25T21:30:49.907556+00:00,2026-03-26T02:16:40.380578+00:00,30.0,4.764,285.84,0002,0039,UNKNOWN-01,collected,21.5,2.2667,2,0,3,2026,30.0
69798265_UNKNOWN-02,2026-03-25T21:40:49.907556+00:00,2026-03-26T04:20:14.187341+00:00,33.6,6.6567,399.4,0002,0039,UNKNOWN-02,collected,21.6667,4.3333,2,0,3,2026,33.6
69798265_UNKNOWN-03,2026-03-25T21:50:49.907556+00:00,2026-03-26T08:54:32.801843+00:00,39.0,11.0619,663.71,0002,0039,UNKNOWN-03,collected,21.8333,8.9,2,0,3,2026,39.0
69798265_UNKNOWN-04,2026-03-25T22:00:49.907556+00:00,2026-03-26T02:15:31.498132+00:00,24.0,4.2449,254.69,0002,0039,UNKNOWN-04,collected,22.0,2.25,2,0,3,2026,24.0
69798265_UNKNOWN-05,2026-03-25T22:10:49.907556+00:00,2026-03-26T03:09:49.969812+00:00,26.4,4.9834,299.0,0002,0039,UNKNOWN-05,collected,22.1667,3.15,2,0,3,2026,26.4
69798265_UNKNOWN-06,2026-03-25T22:20:49.907556+00:00,2026-03-26T09:40:33.699060+00:00,45.0,11.3288,679.73,0002,0039,UNKNOWN-06,collected,22.3333,9.6667,2,0,3,2026,45.0
69798265_UNKNOWN-07,2026-03-25T22:30:49.907556+00:00,2026-03-26T04:33:23.930383+00:00,28.0,6.0428,362.57,0002,0039,UNKNOWN-07,collected,22.5,4.55,2,0,3,2026,28.0
69798265_UNKNOWN-08,2026-03-25T22:40:49.907556+00:00,2026-03-26T06:53:36.912561+00:00,31.2,8.2131,492.78,0002,0039,UNKNOWN-08,collected,22.6667,6.8833,2,0,3,2026,31.2
69798265_UNKNOWN-09,2026-03-25T22:50:49.907556+00:00,2026-03-26T07:33:38.642908+00:00,36.0,8.7135,522.81,0002,0039,UNKNOWN-09,collected,22.8333,7.55,2,0,3,2026,36.0
69798265_UNKNOWN-10,2026-03-25T23:00:49.907556+00:00,2026-03-26T04:42:08.847986+00:00,22.0,5.6886,341.32,0002,0039,UNKNOWN-10,collected,23.0,4.7,2,0,3,2026,22.0
69798265_UNKNOWN-11,2026-03-25T23:10:49.907556+00:00,2026-03-26T06:48:14.560876+00:00,36.0,7.6235,457.41,0002,0039,UNKNOWN-11,collected,23.1667,6.8,2,0,3,2026,36.0
69798265_UNKNOWN-12,2026-03-25T23:20:49.907556+00:00,2026-03-26T12:32:44.623132+00:00,42.0,13.1985,791.91,0002,0039,UNKNOWN-12,collected,23.3333,12.5333,2,0,3,2026,42.0
9dfaa48b_EV-001,2026-03-25T21:02:53.927103+00:00,2026-03-26T07:24:44.500833+00:00,42.0,10.364,621.84,0002,0039,EV-001,collected,21.0333,7.4,2,0,3,2026,42.0
9dfaa48b_EV-002,2026-03-25T21:02:53.927103+00:00,2026-03-26T07:24:44.500833+00:00,42.0,10.364,621.84,0002,0039,EV-002,collected,21.0333,7.4,2,0,3,2026,42.0
9dfaa48b_EV-003,2026-03-25T21:02:53.927103+00:00,2026-03-26T07:24:44.500833+00:00,42.0,10.364,621.84,0002,0039,EV-003,collected,21.0333,7.4,2,0,3,2026,42.0
9dfaa48b_EV-004,2026-03-25T21:02:53.927103+00:00,2026-03-26T07:24:44.500833+00:00,42.0,10.364,621.84,0002,0039,EV-004,collected,21.0333,7.4,2,0,3,2026,42.0
9dfaa48b_EV-005,2026-03-25T21:02:53.927103+00:00,2026-03-26T07:24:44.500833+00:00,42.0,10.364,621.84,0002,0039,EV-005,collected,21.0333,7.4,2,0,3,2026,42.0
9dfaa48b_EV-006,2026-03-25T21:02:53.927103+00:00,2026-03-26T07:24:44.500833+00:00,42.0,10.364,621.84,0002,0039,EV-006,collected,21.0333,7.4,2,0,3,2026,42.0
9dfaa48b_EV-007,2026-03-25T21:02:53.927103+00:00,2026-03-26T07:24:44.500833+00:00,42.0,10.364,621.84,0002,0039,EV-007,collected,21.0333,7.4,2,0,3,2026,42.0
9dfaa48b_EV-008,2026-03-25T21:02:53.927103+00:00,2026-03-26T07:24:44.500833+00:00,42.0,10.364,621.84,0002,0039,EV-008,collected,21.0333,7.4,2,0,3,2026,42.0
9dfaa48b_EV-009,2026-03-25T21:02:53.927103+00:00,2026-03-26T07:24:44.500833+00:00,42.0,10.364,621.84,0002,0039,EV-009,collected,21.0333,7.4,2,0,3,2026,42.0
9dfaa48b_EV-010,2026-03-25T21:02:53.927103+00:00,2026-03-26T07:24:44.500833+00:00,42.0,10.364,621.84,0002,0039,EV-010,collected,21.0333,7.4,2,0,3,2026,42.0
7f44986a_EV-001,2026-03-25T21:03:01.070208+00:00,2026-03-26T07:24:51.643938+00:00,42.0,10.364,621.84,0002,0039,EV-001,collected,21.05,7.4,2,0,3,2026,42.0
7f44986a_EV-002,2026-03-25T21:03:01.070208+00:00,2026-03-26T07:24:51.643938+00:00,42.0,10.364,621.84,0002,0039,EV-002,collected,21.05,7.4,2,0,3,2026,42.0
7f44986a_EV-003,2026-03-25T21:03:01.070208+00:00,2026-03-26T07:24:51.643938+00:00,42.0,10.364,621.84,0002,0039,EV-003,collected,21.05,7.4,2,0,3,2026,42.0
7f44986a_EV-004,2026-03-25T21:03:01.070208+00:00,2026-03-26T07:24:51.643938+00:00,42.0,10.364,621.84,0002,0039,EV-004,collected,21.05,7.4,2,0,3,2026,42.0
7f44986a_EV-005,2026-03-25T21:03:01.070208+00:00,2026-03-26T07:24:51.643938+00:00,42.0,10.364,621.84,0002,0039,EV-005,collected,21.05,7.4,2,0,3,2026,42.0
7f44986a_EV-006,2026-03-25T21:03:01.070208+00:00,2026-03-26T07:24:51.643938+00:00,42.0,10.364,621.84,0002,0039,EV-006,collected,21.05,7.4,2,0,3,2026,42.0
7f44986a_EV-007,2026-03-25T21:03:01.070208+00:00,2026-03-26T07:24:51.643938+00:00,42.0,10.364,621.84,0002,0039,EV-007,collected,21.05,7.4,2,0,3,2026,42.0
7f44986a_EV-008,2026-03-25T21:03:01.070208+00:00,2026-03-26T07:24:51.643938+00:00,42.0,10.364,621.84,0002,0039,EV-008,collected,21.05,7.4,2,0,3,2026,42.0
7f44986a_EV-009,2026-03-25T21:03:01.070208+00:00,2026-03-26T07:24:51.643938+00:00,42.0,10.364,621.84,0002,0039,EV-009,collected,21.05,7.4,2,0,3,2026,42.0
7f44986a_EV-010,2026-03-25T21:03:01.070208+00:00,2026-03-26T07:24:51.643938+00:00,42.0,10.364,621.84,0002,0039,EV-010,collected,21.05,7.4,2,0,3,2026,42.0
7f44986a_EV-011,2026-03-25T21:03:01.070208+00:00,2026-03-26T07:24:51.643938+00:00,42.0,10.364,621.84,0002,0039,EV-011,collected,21.05,7.4,2,0,3,2026,42.0
7f44986a_EV-012,2026-03-25T21:03:01.070208+00:00,2026-03-26T07:24:51.643938+00:00,42.0,10.364,621.84,0002,0039,EV-012,collected,21.05,7.4,2,0,3,2026,42.0
7f44986a_EV-013,2026-03-25T21:03:01.070208+00:00,2026-03-26T07:24:51.643938+00:00,42.0,10.364,621.84,0002,0039,EV-013,collected,21.05,7.4,2,0,3,2026,42.0
7f44986a_EV-014,2026-03-25T21:03:01.070208+00:00,2026-03-26T07:24:51.643938+00:00,42.0,10.364,621.84,0002,0039,EV-014,collected,21.05,7.4,2,0,3,2026,42.0
7f44986a_EV-015,2026-03-25T21:03:01.070208+00:00,2026-03-26T07:24:51.643938+00:00,42.0,10.364,621.84,0002,0039,EV-015,collected,21.05,7.4,2,0,3,2026,42.0
7f44986a_EV-016,2026-03-25T21:03:01.070208+00:00,2026-03-26T07:24:51.643938+00:00,42.0,10.364,621.84,0002,0039,EV-016,collected,21.05,7.4,2,0,3,2026,42.0
7f44986a_EV-017,2026-03-25T21:03:01.070208+00:00,2026-03-26T07:24:51.643938+00:00,42.0,10.364,621.84,0002,0039,EV-017,collected,21.05,7.4,2,0,3,2026,42.0
7f44986a_EV-018,2026-03-25T21:03:01.070208+00:00,2026-03-26T07:24:51.643938+00:00,42.0,10.364,621.84,0002,0039,EV-018,collected,21.05,7.4,2,0,3,2026,42.0
7f44986a_EV-019,2026-03-25T21:03:01.070208+00:00,2026-03-26T07:24:51.643938+00:00,42.0,10.364,621.84,0002,0039,EV-019,collected,21.05,7.4,2,0,3,2026,42.0
7f44986a_EV-020,2026-03-25T21:03:01.070208+00:00,2026-03-26T07:24:51.643938+00:00,42.0,10.364,621.84,0002,0039,EV-020,collected,21.05,7.4,2,0,3,2026,42.0
7f44986a_EV-021,2026-03-25T21:03:01.070208+00:00,2026-03-26T07:24:51.643938+00:00,42.0,10.364,621.84,0002,0039,EV-021,collected,21.05,7.4,2,0,3,2026,42.0
7f44986a_EV-022,2026-03-25T21:03:01.070208+00:00,2026-03-26T07:24:51.643938+00:00,42.0,10.364,621.84,0002,0039,EV-022,collected,21.05,7.4,2,0,3,2026,42.0
7f44986a_EV-023,2026-03-25T21:03:01.070208+00:00,2026-03-26T07:24:51.643938+00:00,42.0,10.364,621.84,0002,0039,EV-023,collected,21.05,7.4,2,0,3,2026,42.0
7f44986a_EV-024,2026-03-25T21:03:01.070208+00:00,2026-03-26T07:24:51.643938+00:00,42.0,10.364,621.84,0002,0039,EV-024,collected,21.05,7.4,2,0,3,2026,42.0
7f44986a_EV-025,2026-03-25T21:03:01.070208+00:00,2026-03-26T07:24:51.643938+00:00,42.0,10.364,621.84,0002,0039,EV-025,collected,21.05,7.4,2,0,3,2026,42.0
7f44986a_EV-026,2026-03-25T21:03:01.070208+00:00,2026-03-26T07:24:51.643938+00:00,42.0,10.364,621.84,0002,0039,EV-026,collected,21.05,7.4,2,0,3,2026,42.0
7f44986a_EV-027,2026-03-25T21:03:01.070208+00:00,2026-03-26T07:24:51.643938+00:00,42.0,10.364,621.84,0002,0039,EV-027,collected,21.05,7.4,2,0,3,2026,42.0
7f44986a_EV-028,2026-03-25T21:03:01.070208+00:00,2026-03-26T07:24:51.643938+00:00,42.0,10.364,621.84,0002,0039,EV-028,collected,21.05,7.4,2,0,3,2026,42.0
7f44986a_EV-029,2026-03-25T21:03:01.070208+00:00,2026-03-26T07:24:51.643938+00:00,42.0,10.364,621.84,0002,0039,EV-029,collected,21.05,7.4,2,0,3,2026,42.0
7f44986a_EV-030,2026-03-25T21:03:01.070208+00:00,2026-03-26T07:24:51.643938+00:00,42.0,10.364,621.84,0002,0039,EV-030,collected,21.05,7.4,2,0,3,2026,42.0
7f44986a_EV-031,2026-03-25T21:03:01.070208+00:00,2026-03-26T07:24:51.643938+00:00,42.0,10.364,621.84,0002,0039,EV-031,collected,21.05,7.4,2,0,3,2026,42.0
7f44986a_EV-032,2026-03-25T21:03:01.070208+00:00,2026-03-26T07:24:51.643938+00:00,42.0,10.364,621.84,0002,0039,EV-032,collected,21.05,7.4,2,0,3,2026,42.0
7f44986a_EV-033,2026-03-25T21:03:01.070208+00:00,2026-03-26T07:24:51.643938+00:00,42.0,10.364,621.84,0002,0039,EV-033,collected,21.05,7.4,2,0,3,2026,42.0
7f44986a_EV-034,2026-03-25T21:03:01.070208+00:00,2026-03-26T07:24:51.643938+00:00,42.0,10.364,621.84,0002,0039,EV-034,collected,21.05,7.4,2,0,3,2026,42.0
7f44986a_EV-035,2026-03-25T21:03:01.070208+00:00,2026-03-26T07:24:51.643938+00:00,42.0,10.364,621.84,0002,0039,EV-035,collected,21.05,7.4,2,0,3,2026,42.0
7f44986a_EV-036,2026-03-25T21:03:01.070208+00:00,2026-03-26T07:24:51.643938+00:00,42.0,10.364,621.84,0002,0039,EV-036,collected,21.05,7.4,2,0,3,2026,42.0
7f44986a_EV-037,2026-03-25T21:03:01.070208+00:00,2026-03-26T07:24:51.643938+00:00,42.0,10.364,621.84,0002,0039,EV-037,collected,21.05,7.4,2,0,3,2026,42.0
7f44986a_EV-038,2026-03-25T21:03:01.070208+00:00,2026-03-26T07:24:51.643938+00:00,42.0,10.364,621.84,0002,0039,EV-038,collected,21.05,7.4,2,0,3,2026,42.0
7f44986a_EV-039,2026-03-25T21:03:01.070208+00:00,2026-03-26T07:24:51.643938+00:00,42.0,10.364,621.84,0002,0039,EV-039,collected,21.05,7.4,2,0,3,2026,42.0
7f44986a_EV-040,2026-03-25T21:03:01.070208+00:00,2026-03-26T07:24:51.643938+00:00,42.0,10.364,621.84,0002,0039,EV-040,collected,21.05,7.4,2,0,3,2026,42.0
7f44986a_EV-041,2026-03-25T21:03:01.070208+00:00,2026-03-26T07:24:51.643938+00:00,42.0,10.364,621.84,0002,0039,EV-041,collected,21.05,7.4,2,0,3,2026,42.0
7f44986a_EV-042,2026-03-25T21:03:01.070208+00:00,2026-03-26T07:24:51.643938+00:00,42.0,10.364,621.84,0002,0039,EV-042,collected,21.05,7.4,2,0,3,2026,42.0
7f44986a_EV-043,2026-03-25T21:03:01.070208+00:00,2026-03-26T07:24:51.643938+00:00,42.0,10.364,621.84,0002,0039,EV-043,collected,21.05,7.4,2,0,3,2026,42.0
7f44986a_EV-044,2026-03-25T21:03:01.070208+00:00,2026-03-26T07:24:51.643938+00:00,42.0,10.364,621.84,0002,0039,EV-044,collected,21.05,7.4,2,0,3,2026,42.0
7f44986a_EV-045,2026-03-25T21:03:01.070208+00:00,2026-03-26T07:24:51.643938+00:00,42.0,10.364,621.84,0002,0039,EV-045,collected,21.05,7.4,2,0,3,2026,42.0
7f44986a_EV-046,2026-03-25T21:03:01.070208+00:00,2026-03-26T07:24:51.643938+00:00,42.0,10.364,621.84,0002,0039,EV-046,collected,21.05,7.4,2,0,3,2026,42.0
7f44986a_EV-047,2026-03-25T21:03:01.070208+00:00,2026-03-26T07:24:51.643938+00:00,42.0,10.364,621.84,0002,0039,EV-047,collected,21.05,7.4,2,0,3,2026,42.0
7f44986a_EV-048,2026-03-25T21:03:01.070208+00:00,2026-03-26T07:24:51.643938+00:00,42.0,10.364,621.84,0002,0039,EV-048,collected,21.05,7.4,2,0,3,2026,42.0
7f44986a_EV-049,2026-03-25T21:03:01.070208+00:00,2026-03-26T07:24:51.643938+00:00,42.0,10.364,621.84,0002,0039,EV-049,collected,21.05,7.4,2,0,3,2026,42.0
7f44986a_EV-050,2026-03-25T21:03:01.070208+00:00,2026-03-26T07:24:51.643938+00:00,42.0,10.364,621.84,0002,0039,EV-050,collected,21.05,7.4,2,0,3,2026,42.0
ba06be5c_EV-001,2026-03-25T21:03:11.162334+00:00,2026-03-26T07:25:01.736064+00:00,42.0,10.364,621.84,0002,0039,EV-001,collected,21.05,7.4167,2,0,3,2026,42.0
ba06be5c_EV-002,2026-03-25T21:03:11.162334+00:00,2026-03-26T07:25:01.736064+00:00,42.0,10.364,621.84,0002,0039,EV-002,collected,21.05,7.4167,2,0,3,2026,42.0
ba06be5c_EV-003,2026-03-25T21:03:11.162334+00:00,2026-03-26T07:25:01.736064+00:00,42.0,10.364,621.84,0002,0039,EV-003,collected,21.05,7.4167,2,0,3,2026,42.0
ba06be5c_EV-004,2026-03-25T21:03:11.162334+00:00,2026-03-26T07:25:01.736064+00:00,42.0,10.364,621.84,0002,0039,EV-004,collected,21.05,7.4167,2,0,3,2026,42.0
ba06be5c_EV-005,2026-03-25T21:03:11.162334+00:00,2026-03-26T07:25:01.736064+00:00,42.0,10.364,621.84,0002,0039,EV-005,collected,21.05,7.4167,2,0,3,2026,42.0
ba06be5c_EV-006,2026-03-25T21:03:11.162334+00:00,2026-03-26T07:25:01.736064+00:00,42.0,10.364,621.84,0002,0039,EV-006,collected,21.05,7.4167,2,0,3,2026,42.0
ba06be5c_EV-007,2026-03-25T21:03:11.162334+00:00,2026-03-26T07:25:01.736064+00:00,42.0,10.364,621.84,0002,0039,EV-007,collected,21.05,7.4167,2,0,3,2026,42.0
ba06be5c_EV-008,2026-03-25T21:03:11.162334+00:00,2026-03-26T07:25:01.736064+00:00,42.0,10.364,621.84,0002,0039,EV-008,collected,21.05,7.4167,2,0,3,2026,42.0
ba06be5c_EV-009,2026-03-25T21:03:11.162334+00:00,2026-03-26T07:25:01.736064+00:00,42.0,10.364,621.84,0002,0039,EV-009,collected,21.05,7.4167,2,0,3,2026,42.0
ba06be5c_EV-010,2026-03-25T21:03:11.162334+00:00,2026-03-26T07:25:01.736064+00:00,42.0,10.364,621.84,0002,0039,EV-010,collected,21.05,7.4167,2,0,3,2026,42.0
ba06be5c_EV-011,2026-03-25T21:03:11.162334+00:00,2026-03-26T07:25:01.736064+00:00,42.0,10.364,621.84,0002,0039,EV-011,collected,21.05,7.4167,2,0,3,2026,42.0
ba06be5c_EV-012,2026-03-25T21:03:11.162334+00:00,2026-03-26T07:25:01.736064+00:00,42.0,10.364,621.84,0002,0039,EV-012,collected,21.05,7.4167,2,0,3,2026,42.0
ba06be5c_EV-013,2026-03-25T21:03:11.162334+00:00,2026-03-26T07:25:01.736064+00:00,42.0,10.364,621.84,0002,0039,EV-013,collected,21.05,7.4167,2,0,3,2026,42.0
ba06be5c_EV-014,2026-03-25T21:03:11.162334+00:00,2026-03-26T07:25:01.736064+00:00,42.0,10.364,621.84,0002,0039,EV-014,collected,21.05,7.4167,2,0,3,2026,42.0
ba06be5c_EV-015,2026-03-25T21:03:11.162334+00:00,2026-03-26T07:25:01.736064+00:00,42.0,10.364,621.84,0002,0039,EV-015,collected,21.05,7.4167,2,0,3,2026,42.0
ba06be5c_EV-016,2026-03-25T21:03:11.162334+00:00,2026-03-26T07:25:01.736064+00:00,42.0,10.364,621.84,0002,0039,EV-016,collected,21.05,7.4167,2,0,3,2026,42.0
ba06be5c_EV-017,2026-03-25T21:03:11.162334+00:00,2026-03-26T07:25:01.736064+00:00,42.0,10.364,621.84,0002,0039,EV-017,collected,21.05,7.4167,2,0,3,2026,42.0
ba06be5c_EV-018,2026-03-25T21:03:11.162334+00:00,2026-03-26T07:25:01.736064+00:00,42.0,10.364,621.84,0002,0039,EV-018,collected,21.05,7.4167,2,0,3,2026,42.0
ba06be5c_EV-019,2026-03-25T21:03:11.162334+00:00,2026-03-26T07:25:01.736064+00:00,42.0,10.364,621.84,0002,0039,EV-019,collected,21.05,7.4167,2,0,3,2026,42.0
ba06be5c_EV-020,2026-03-25T21:03:11.162334+00:00,2026-03-26T07:25:01.736064+00:00,42.0,10.364,621.84,0002,0039,EV-020,collected,21.05,7.4167,2,0,3,2026,42.0
ba06be5c_EV-021,2026-03-25T21:03:11.162334+00:00,2026-03-26T07:25:01.736064+00:00,42.0,10.364,621.84,0002,0039,EV-021,collected,21.05,7.4167,2,0,3,2026,42.0
ba06be5c_EV-022,2026-03-25T21:03:11.162334+00:00,2026-03-26T07:25:01.736064+00:00,42.0,10.364,621.84,0002,0039,EV-022,collected,21.05,7.4167,2,0,3,2026,42.0
ba06be5c_EV-023,2026-03-25T21:03:11.162334+00:00,2026-03-26T07:25:01.736064+00:00,42.0,10.364,621.84,0002,0039,EV-023,collected,21.05,7.4167,2,0,3,2026,42.0
ba06be5c_EV-024,2026-03-25T21:03:11.162334+00:00,2026-03-26T07:25:01.736064+00:00,42.0,10.364,621.84,0002,0039,EV-024,collected,21.05,7.4167,2,0,3,2026,42.0
ba06be5c_EV-025,2026-03-25T21:03:11.162334+00:00,2026-03-26T07:25:01.736064+00:00,42.0,10.364,621.84,0002,0039,EV-025,collected,21.05,7.4167,2,0,3,2026,42.0
ba06be5c_EV-026,2026-03-25T21:03:11.162334+00:00,2026-03-26T07:25:01.736064+00:00,42.0,10.364,621.84,0002,0039,EV-026,collected,21.05,7.4167,2,0,3,2026,42.0
ba06be5c_EV-027,2026-03-25T21:03:11.162334+00:00,2026-03-26T07:25:01.736064+00:00,42.0,10.364,621.84,0002,0039,EV-027,collected,21.05,7.4167,2,0,3,2026,42.0
ba06be5c_EV-028,2026-03-25T21:03:11.162334+00:00,2026-03-26T07:25:01.736064+00:00,42.0,10.364,621.84,0002,0039,EV-028,collected,21.05,7.4167,2,0,3,2026,42.0
ba06be5c_EV-029,2026-03-25T21:03:11.162334+00:00,2026-03-26T07:25:01.736064+00:00,42.0,10.364,621.84,0002,0039,EV-029,collected,21.05,7.4167,2,0,3,2026,42.0
ba06be5c_EV-030,2026-03-25T21:03:11.162334+00:00,2026-03-26T07:25:01.736064+00:00,42.0,10.364,621.84,0002,0039,EV-030,collected,21.05,7.4167,2,0,3,2026,42.0
ba06be5c_EV-031,2026-03-25T21:03:11.162334+00:00,2026-03-26T07:25:01.736064+00:00,42.0,10.364,621.84,0002,0039,EV-031,collected,21.05,7.4167,2,0,3,2026,42.0
ba06be5c_EV-032,2026-03-25T21:03:11.162334+00:00,2026-03-26T07:25:01.736064+00:00,42.0,10.364,621.84,0002,0039,EV-032,collected,21.05,7.4167,2,0,3,2026,42.0
ba06be5c_EV-033,2026-03-25T21:03:11.162334+00:00,2026-03-26T07:25:01.736064+00:00,42.0,10.364,621.84,0002,0039,EV-033,collected,21.05,7.4167,2,0,3,2026,42.0
ba06be5c_EV-034,2026-03-25T21:03:11.162334+00:00,2026-03-26T07:25:01.736064+00:00,42.0,10.364,621.84,0002,0039,EV-034,collected,21.05,7.4167,2,0,3,2026,42.0
ba06be5c_EV-035,2026-03-25T21:03:11.162334+00:00,2026-03-26T07:25:01.736064+00:00,42.0,10.364,621.84,0002,0039,EV-035,collected,21.05,7.4167,2,0,3,2026,42.0
ba06be5c_EV-036,2026-03-25T21:03:11.162334+00:00,2026-03-26T07:25:01.736064+00:00,42.0,10.364,621.84,0002,0039,EV-036,collected,21.05,7.4167,2,0,3,2026,42.0
ba06be5c_EV-037,2026-03-25T21:03:11.162334+00:00,2026-03-26T07:25:01.736064+00:00,42.0,10.364,621.84,0002,0039,EV-037,collected,21.05,7.4167,2,0,3,2026,42.0
ba06be5c_EV-038,2026-03-25T21:03:11.162334+00:00,2026-03-26T07:25:01.736064+00:00,42.0,10.364,621.84,0002,0039,EV-038,collected,21.05,7.4167,2,0,3,2026,42.0
ba06be5c_EV-039,2026-03-25T21:03:11.162334+00:00,2026-03-26T07:25:01.736064+00:00,42.0,10.364,621.84,0002,0039,EV-039,collected,21.05,7.4167,2,0,3,2026,42.0
ba06be5c_EV-040,2026-03-25T21:03:11.162334+00:00,2026-03-26T07:25:01.736064+00:00,42.0,10.364,621.84,0002,0039,EV-040,collected,21.05,7.4167,2,0,3,2026,42.0
ba06be5c_EV-041,2026-03-25T21:03:11.162334+00:00,2026-03-26T07:25:01.736064+00:00,42.0,10.364,621.84,0002,0039,EV-041,collected,21.05,7.4167,2,0,3,2026,42.0
ba06be5c_EV-042,2026-03-25T21:03:11.162334+00:00,2026-03-26T07:25:01.736064+00:00,42.0,10.364,621.84,0002,0039,EV-042,collected,21.05,7.4167,2,0,3,2026,42.0
ba06be5c_EV-043,2026-03-25T21:03:11.162334+00:00,2026-03-26T07:25:01.736064+00:00,42.0,10.364,621.84,0002,0039,EV-043,collected,21.05,7.4167,2,0,3,2026,42.0
ba06be5c_EV-044,2026-03-25T21:03:11.162334+00:00,2026-03-26T07:25:01.736064+00:00,42.0,10.364,621.84,0002,0039,EV-044,collected,21.05,7.4167,2,0,3,2026,42.0
ba06be5c_EV-045,2026-03-25T21:03:11.162334+00:00,2026-03-26T07:25:01.736064+00:00,42.0,10.364,621.84,0002,0039,EV-045,collected,21.05,7.4167,2,0,3,2026,42.0
ba06be5c_EV-046,2026-03-25T21:03:11.162334+00:00,2026-03-26T07:25:01.736064+00:00,42.0,10.364,621.84,0002,0039,EV-046,collected,21.05,7.4167,2,0,3,2026,42.0
ba06be5c_EV-047,2026-03-25T21:03:11.162334+00:00,2026-03-26T07:25:01.736064+00:00,42.0,10.364,621.84,0002,0039,EV-047,collected,21.05,7.4167,2,0,3,2026,42.0
ba06be5c_EV-048,2026-03-25T21:03:11.162334+00:00,2026-03-26T07:25:01.736064+00:00,42.0,10.364,621.84,0002,0039,EV-048,collected,21.05,7.4167,2,0,3,2026,42.0
ba06be5c_EV-049,2026-03-25T21:03:11.162334+00:00,2026-03-26T07:25:01.736064+00:00,42.0,10.364,621.84,0002,0039,EV-049,collected,21.05,7.4167,2,0,3,2026,42.0
ba06be5c_EV-050,2026-03-25T21:03:11.162334+00:00,2026-03-26T07:25:01.736064+00:00,42.0,10.364,621.84,0002,0039,EV-050,collected,21.05,7.4167,2,0,3,2026,42.0
bfd06046_EV-001,2026-03-25T21:03:23.140966+00:00,2026-03-26T07:45:47.570898+00:00,54.0,10.7068,642.41,0002,0039,EV-001,collected,21.05,7.75,2,0,3,2026,54.0
bfd06046_EV-002,2026-03-25T21:03:23.140966+00:00,2026-03-26T07:45:47.570898+00:00,54.0,10.7068,642.41,0002,0039,EV-002,collected,21.05,7.75,2,0,3,2026,54.0
bfd06046_EV-003,2026-03-25T21:03:23.140966+00:00,2026-03-26T07:45:47.570898+00:00,54.0,10.7068,642.41,0002,0039,EV-003,collected,21.05,7.75,2,0,3,2026,54.0
bfd06046_EV-004,2026-03-25T21:03:23.140966+00:00,2026-03-26T07:25:13.714696+00:00,42.0,10.364,621.84,0002,0039,EV-004,collected,21.05,7.4167,2,0,3,2026,42.0
bfd06046_EV-005,2026-03-25T21:03:23.140966+00:00,2026-03-26T07:25:13.714696+00:00,42.0,10.364,621.84,0002,0039,EV-005,collected,21.05,7.4167,2,0,3,2026,42.0
bfd06046_EV-006,2026-03-25T21:03:23.140966+00:00,2026-03-26T07:25:13.714696+00:00,42.0,10.364,621.84,0002,0039,EV-006,collected,21.05,7.4167,2,0,3,2026,42.0
bfd06046_EV-007,2026-03-25T21:03:23.140966+00:00,2026-03-26T07:25:13.714696+00:00,42.0,10.364,621.84,0002,0039,EV-007,collected,21.05,7.4167,2,0,3,2026,42.0
bfd06046_EV-008,2026-03-25T21:03:23.140966+00:00,2026-03-26T07:25:13.714696+00:00,42.0,10.364,621.84,0002,0039,EV-008,collected,21.05,7.4167,2,0,3,2026,42.0
bfd06046_EV-009,2026-03-25T21:03:23.140966+00:00,2026-03-26T07:25:13.714696+00:00,42.0,10.364,621.84,0002,0039,EV-009,collected,21.05,7.4167,2,0,3,2026,42.0
bfd06046_EV-010,2026-03-25T21:03:23.140966+00:00,2026-03-26T07:25:13.714696+00:00,42.0,10.364,621.84,0002,0039,EV-010,collected,21.05,7.4167,2,0,3,2026,42.0
bfd06046_EV-011,2026-03-25T21:03:23.140966+00:00,2026-03-26T07:25:13.714696+00:00,42.0,10.364,621.84,0002,0039,EV-011,collected,21.05,7.4167,2,0,3,2026,42.0
bfd06046_EV-012,2026-03-25T21:03:23.140966+00:00,2026-03-26T07:25:13.714696+00:00,42.0,10.364,621.84,0002,0039,EV-012,collected,21.05,7.4167,2,0,3,2026,42.0
bfd06046_EV-013,2026-03-25T21:03:23.140966+00:00,2026-03-26T07:25:13.714696+00:00,42.0,10.364,621.84,0002,0039,EV-013,collected,21.05,7.4167,2,0,3,2026,42.0
bfd06046_EV-014,2026-03-25T21:03:23.140966+00:00,2026-03-26T07:25:13.714696+00:00,42.0,10.364,621.84,0002,0039,EV-014,collected,21.05,7.4167,2,0,3,2026,42.0
bfd06046_EV-015,2026-03-25T21:03:23.140966+00:00,2026-03-26T07:25:13.714696+00:00,42.0,10.364,621.84,0002,0039,EV-015,collected,21.05,7.4167,2,0,3,2026,42.0
bfd06046_EV-016,2026-03-25T21:03:23.140966+00:00,2026-03-26T07:25:13.714696+00:00,42.0,10.364,621.84,0002,0039,EV-016,collected,21.05,7.4167,2,0,3,2026,42.0
bfd06046_EV-017,2026-03-25T21:03:23.140966+00:00,2026-03-26T07:25:13.714696+00:00,42.0,10.364,621.84,0002,0039,EV-017,collected,21.05,7.4167,2,0,3,2026,42.0
bfd06046_EV-018,2026-03-25T21:03:23.140966+00:00,2026-03-26T07:25:13.714696+00:00,42.0,10.364,621.84,0002,0039,EV-018,collected,21.05,7.4167,2,0,3,2026,42.0
bfd06046_EV-019,2026-03-25T21:03:23.140966+00:00,2026-03-26T07:25:13.714696+00:00,42.0,10.364,621.84,0002,0039,EV-019,collected,21.05,7.4167,2,0,3,2026,42.0
bfd06046_EV-020,2026-03-25T21:03:23.140966+00:00,2026-03-26T07:25:13.714696+00:00,42.0,10.364,621.84,0002,0039,EV-020,collected,21.05,7.4167,2,0,3,2026,42.0
bfd06046_EV-021,2026-03-25T21:03:23.140966+00:00,2026-03-26T07:25:13.714696+00:00,42.0,10.364,621.84,0002,0039,EV-021,collected,21.05,7.4167,2,0,3,2026,42.0
bfd06046_EV-022,2026-03-25T21:03:23.140966+00:00,2026-03-26T07:25:13.714696+00:00,42.0,10.364,621.84,0002,0039,EV-022,collected,21.05,7.4167,2,0,3,2026,42.0
bfd06046_EV-023,2026-03-25T21:03:23.140966+00:00,2026-03-26T07:25:13.714696+00:00,42.0,10.364,621.84,0002,0039,EV-023,collected,21.05,7.4167,2,0,3,2026,42.0
bfd06046_EV-024,2026-03-25T21:03:23.140966+00:00,2026-03-26T07:25:13.714696+00:00,42.0,10.364,621.84,0002,0039,EV-024,collected,21.05,7.4167,2,0,3,2026,42.0
bfd06046_EV-025,2026-03-25T21:03:23.140966+00:00,2026-03-26T07:25:13.714696+00:00,42.0,10.364,621.84,0002,0039,EV-025,collected,21.05,7.4167,2,0,3,2026,42.0
bfd06046_EV-026,2026-03-25T21:03:23.140966+00:00,2026-03-26T07:25:13.714696+00:00,42.0,10.364,621.84,0002,0039,EV-026,collected,21.05,7.4167,2,0,3,2026,42.0
bfd06046_EV-027,2026-03-25T21:03:23.140966+00:00,2026-03-26T07:25:13.714696+00:00,42.0,10.364,621.84,0002,0039,EV-027,collected,21.05,7.4167,2,0,3,2026,42.0
bfd06046_EV-028,2026-03-25T21:03:23.140966+00:00,2026-03-26T07:25:13.714696+00:00,42.0,10.364,621.84,0002,0039,EV-028,collected,21.05,7.4167,2,0,3,2026,42.0
bfd06046_EV-029,2026-03-25T21:03:23.140966+00:00,2026-03-26T07:25:13.714696+00:00,42.0,10.364,621.84,0002,0039,EV-029,collected,21.05,7.4167,2,0,3,2026,42.0
bfd06046_EV-030,2026-03-25T21:03:23.140966+00:00,2026-03-26T07:25:13.714696+00:00,42.0,10.364,621.84,0002,0039,EV-030,collected,21.05,7.4167,2,0,3,2026,42.0
bfd06046_EV-031,2026-03-25T21:03:23.140966+00:00,2026-03-26T07:25:13.714696+00:00,42.0,10.364,621.84,0002,0039,EV-031,collected,21.05,7.4167,2,0,3,2026,42.0
bfd06046_EV-032,2026-03-25T21:03:23.140966+00:00,2026-03-26T07:25:13.714696+00:00,42.0,10.364,621.84,0002,0039,EV-032,collected,21.05,7.4167,2,0,3,2026,42.0
bfd06046_EV-033,2026-03-25T21:03:23.140966+00:00,2026-03-26T07:25:13.714696+00:00,42.0,10.364,621.84,0002,0039,EV-033,collected,21.05,7.4167,2,0,3,2026,42.0
bfd06046_EV-034,2026-03-25T21:03:23.140966+00:00,2026-03-26T07:25:13.714696+00:00,42.0,10.364,621.84,0002,0039,EV-034,collected,21.05,7.4167,2,0,3,2026,42.0
bfd06046_EV-035,2026-03-25T21:03:23.140966+00:00,2026-03-26T07:25:13.714696+00:00,42.0,10.364,621.84,0002,0039,EV-035,collected,21.05,7.4167,2,0,3,2026,42.0
bfd06046_EV-036,2026-03-25T21:03:23.140966+00:00,2026-03-26T07:25:13.714696+00:00,42.0,10.364,621.84,0002,0039,EV-036,collected,21.05,7.4167,2,0,3,2026,42.0
bfd06046_EV-037,2026-03-25T21:03:23.140966+00:00,2026-03-26T07:25:13.714696+00:00,42.0,10.364,621.84,0002,0039,EV-037,collected,21.05,7.4167,2,0,3,2026,42.0
bfd06046_EV-038,2026-03-25T21:03:23.140966+00:00,2026-03-26T07:25:13.714696+00:00,42.0,10.364,621.84,0002,0039,EV-038,collected,21.05,7.4167,2,0,3,2026,42.0
bfd06046_EV-039,2026-03-25T21:03:23.140966+00:00,2026-03-26T07:25:13.714696+00:00,42.0,10.364,621.84,0002,0039,EV-039,collected,21.05,7.4167,2,0,3,2026,42.0
bfd06046_EV-040,2026-03-25T21:03:23.140966+00:00,2026-03-26T07:25:13.714696+00:00,42.0,10.364,621.84,0002,0039,EV-040,collected,21.05,7.4167,2,0,3,2026,42.0
bfd06046_EV-041,2026-03-25T21:03:23.140966+00:00,2026-03-26T07:25:13.714696+00:00,42.0,10.364,621.84,0002,0039,EV-041,collected,21.05,7.4167,2,0,3,2026,42.0
bfd06046_EV-042,2026-03-25T21:03:23.140966+00:00,2026-03-26T07:25:13.714696+00:00,42.0,10.364,621.84,0002,0039,EV-042,collected,21.05,7.4167,2,0,3,2026,42.0
bfd06046_EV-043,2026-03-25T21:03:23.140966+00:00,2026-03-26T07:25:13.714696+00:00,42.0,10.364,621.84,0002,0039,EV-043,collected,21.05,7.4167,2,0,3,2026,42.0
bfd06046_EV-044,2026-03-25T21:03:23.140966+00:00,2026-03-26T07:25:13.714696+00:00,42.0,10.364,621.84,0002,0039,EV-044,collected,21.05,7.4167,2,0,3,2026,42.0
bfd06046_EV-045,2026-03-25T21:03:23.140966+00:00,2026-03-26T07:25:13.714696+00:00,42.0,10.364,621.84,0002,0039,EV-045,collected,21.05,7.4167,2,0,3,2026,42.0
bfd06046_EV-046,2026-03-25T21:03:23.140966+00:00,2026-03-26T07:25:13.714696+00:00,42.0,10.364,621.84,0002,0039,EV-046,collected,21.05,7.4167,2,0,3,2026,42.0
bfd06046_EV-047,2026-03-25T21:03:23.140966+00:00,2026-03-26T07:25:13.714696+00:00,42.0,10.364,621.84,0002,0039,EV-047,collected,21.05,7.4167,2,0,3,2026,42.0
bfd06046_EV-048,2026-03-25T21:03:23.140966+00:00,2026-03-26T07:25:13.714696+00:00,42.0,10.364,621.84,0002,0039,EV-048,collected,21.05,7.4167,2,0,3,2026,42.0
bfd06046_EV-049,2026-03-25T21:03:23.140966+00:00,2026-03-26T07:25:13.714696+00:00,42.0,10.364,621.84,0002,0039,EV-049,collected,21.05,7.4167,2,0,3,2026,42.0
bfd06046_EV-050,2026-03-25T21:03:23.140966+00:00,2026-03-26T07:25:13.714696+00:00,42.0,10.364,621.84,0002,0039,EV-050,collected,21.05,7.4167,2,0,3,2026,42.0
75e11b2a_EV-001,2026-03-25T21:06:05.241866+00:00,2026-03-26T01:27:40.273604+00:00,20.13,4.3597,261.58,0002,0039,EV-001,collected,21.1,1.45,2,0,3,2026,20.13
75e11b2a_EV-002,2026-03-25T21:06:05.241866+00:00,2026-03-26T01:27:00.325484+00:00,22.8,4.3486,260.92,0002,0039,EV-002,collected,21.1,1.45,2,0,3,2026,22.8
75e11b2a_EV-003,2026-03-25T21:06:05.241866+00:00,2026-03-26T01:27:00.325484+00:00,23.43,4.3486,260.92,0002,0039,EV-003,collected,21.1,1.45,2,0,3,2026,23.43
75e11b2a_EV-004,2026-03-25T21:06:05.241866+00:00,2026-03-26T08:10:07.750411+00:00,39.0,11.0674,664.04,0002,0039,EV-004,collected,21.1,8.1667,2,0,3,2026,39.0
75e11b2a_EV-005,2026-03-25T21:06:05.241866+00:00,2026-03-26T07:24:02.660079+00:00,42.0,10.2993,617.96,0002,0039,EV-005,collected,21.1,7.4,2,0,3,2026,42.0
75e11b2a_EV-006,2026-03-25T21:06:05.241866+00:00,2026-03-26T07:45:04.729171+00:00,50.25,10.6499,638.99,0002,0039,EV-006,collected,21.1,7.75,2,0,3,2026,50.25
75e11b2a_EV-007,2026-03-25T21:06:05.241866+00:00,2026-03-26T01:30:22.038131+00:00,29.26,4.4047,264.28,0002,0039,EV-007,collected,21.1,1.5,2,0,3,2026,29.26
75e11b2a_EV-008,2026-03-25T21:06:05.241866+00:00,2026-03-26T07:24:02.660079+00:00,43.5,10.2993,617.96,0002,0039,EV-008,collected,21.1,7.4,2,0,3,2026,43.5
75e11b2a_EV-009,2026-03-25T21:06:05.241866+00:00,2026-03-26T07:24:02.660079+00:00,45.75,10.2993,617.96,0002,0039,EV-009,collected,21.1,7.4,2,0,3,2026,45.75
75e11b2a_EV-010,2026-03-25T21:06:05.241866+00:00,2026-03-26T03:26:48.982100+00:00,31.68,6.3455,380.73,0002,0039,EV-010,collected,21.1,3.4333,2,0,3,2026,31.68
e507fa7e_EV-001,2026-03-25T21:06:11.884107+00:00,2026-03-26T01:27:46.915845+00:00,20.13,4.3597,261.58,0002,0039,EV-001,collected,21.1,1.45,2,0,3,2026,20.13
e507fa7e_EV-002,2026-03-25T21:06:11.884107+00:00,2026-03-26T01:27:06.967725+00:00,22.8,4.3486,260.92,0002,0039,EV-002,collected,21.1,1.45,2,0,3,2026,22.8
e507fa7e_EV-003,2026-03-25T21:06:11.884107+00:00,2026-03-26T01:27:06.967725+00:00,23.43,4.3486,260.92,0002,0039,EV-003,collected,21.1,1.45,2,0,3,2026,23.43
e507fa7e_EV-004,2026-03-25T21:06:11.884107+00:00,2026-03-26T08:10:14.392652+00:00,39.0,11.0674,664.04,0002,0039,EV-004,collected,21.1,8.1667,2,0,3,2026,39.0
e507fa7e_EV-005,2026-03-25T21:06:11.884107+00:00,2026-03-26T07:24:09.302320+00:00,42.0,10.2993,617.96,0002,0039,EV-005,collected,21.1,7.4,2,0,3,2026,42.0
e507fa7e_EV-006,2026-03-25T21:06:11.884107+00:00,2026-03-26T07:45:11.371412+00:00,50.25,10.6499,638.99,0002,0039,EV-006,collected,21.1,7.75,2,0,3,2026,50.25
e507fa7e_EV-007,2026-03-25T21:06:11.884107+00:00,2026-03-26T01:30:28.680372+00:00,29.26,4.4047,264.28,0002,0039,EV-007,collected,21.1,1.5,2,0,3,2026,29.26
e507fa7e_EV-008,2026-03-25T21:06:11.884107+00:00,2026-03-26T07:24:09.302320+00:00,43.5,10.2993,617.96,0002,0039,EV-008,collected,21.1,7.4,2,0,3,2026,43.5
e507fa7e_EV-009,2026-03-25T21:06:11.884107+00:00,2026-03-26T07:24:09.302320+00:00,45.75,10.2993,617.96,0002,0039,EV-009,collected,21.1,7.4,2,0,3,2026,45.75
e507fa7e_EV-010,2026-03-25T21:06:11.884107+00:00,2026-03-26T03:26:55.624341+00:00,31.68,6.3455,380.73,0002,0039,EV-010,collected,21.1,3.4333,2,0,3,2026,31.68
e507fa7e_EV-011,2026-03-25T21:06:11.884107+00:00,2026-03-26T07:45:11.371412+00:00,62.25,10.6499,638.99,0002,0039,EV-011,collected,21.1,7.75,2,0,3,2026,62.25
e507fa7e_EV-012,2026-03-25T21:06:11.884107+00:00,2026-03-26T08:10:14.392652+00:00,36.72,11.0674,664.04,0002,0039,EV-012,collected,21.1,8.1667,2,0,3,2026,36.72
e507fa7e_EV-013,2026-03-25T21:06:11.884107+00:00,2026-03-26T07:45:11.371412+00:00,51.12,10.6499,638.99,0002,0039,EV-013,collected,21.1,7.75,2,0,3,2026,51.12
e507fa7e_EV-014,2026-03-25T21:06:11.884107+00:00,2026-03-26T01:27:06.967725+00:00,23.6,4.3486,260.92,0002,0039,EV-014,collected,21.1,1.45,2,0,3,2026,23.6
e507fa7e_EV-015,2026-03-25T21:06:11.884107+00:00,2026-03-26T01:32:25.086011+00:00,26.5,4.437,266.22,0002,0039,EV-015,collected,21.1,1.5333,2,0,3,2026,26.5
e507fa7e_EV-016,2026-03-25T21:06:11.884107+00:00,2026-03-26T07:45:11.371412+00:00,66.0,10.6499,638.99,0002,0039,EV-016,collected,21.1,7.75,2,0,3,2026,66.0
e507fa7e_EV-017,2026-03-25T21:06:11.884107+00:00,2026-03-26T03:43:40.565748+00:00,33.06,6.6246,397.48,0002,0039,EV-017,collected,21.1,3.7167,2,0,3,2026,33.06
e507fa7e_EV-018,2026-03-25T21:06:11.884107+00:00,2026-03-26T07:24:09.302320+00:00,42.35,10.2993,617.96,0002,0039,EV-018,collected,21.1,7.4,2,0,3,2026,42.35
e507fa7e_EV-019,2026-03-25T21:06:11.884107+00:00,2026-03-26T07:24:09.302320+00:00,47.4,10.2993,617.96,0002,0039,EV-019,collected,21.1,7.4,2,0,3,2026,47.4
e507fa7e_EV-020,2026-03-25T21:06:11.884107+00:00,2026-03-26T07:45:11.371412+00:00,81.7,10.6499,638.99,0002,0039,EV-020,collected,21.1,7.75,2,0,3,2026,81.7
e507fa7e_EV-021,2026-03-25T21:06:11.884107+00:00,2026-03-26T01:27:49.572706+00:00,24.0,4.3605,261.63,0002,0039,EV-021,collected,21.1,1.45,2,0,3,2026,24.0
e507fa7e_EV-022,2026-03-25T21:06:11.884107+00:00,2026-03-26T03:43:40.565748+00:00,35.4,6.6246,397.48,0002,0039,EV-022,collected,21.1,3.7167,2,0,3,2026,35.4
e507fa7e_EV-023,2026-03-25T21:06:11.884107+00:00,2026-03-26T07:45:11.371412+00:00,56.8,10.6499,638.99,0002,0039,EV-023,collected,21.1,7.75,2,0,3,2026,56.8
e507fa7e_EV-024,2026-03-25T21:06:11.884107+00:00,2026-03-26T07:24:09.302320+00:00,44.8,10.2993,617.96,0002,0039,EV-024,collected,21.1,7.4,2,0,3,2026,44.8
e507fa7e_EV-025,2026-03-25T21:06:11.884107+00:00,2026-03-26T03:43:40.565748+00:00,33.0,6.6246,397.48,0002,0039,EV-025,collected,21.1,3.7167,2,0,3,2026,33.0
e507fa7e_EV-026,2026-03-25T21:06:11.884107+00:00,2026-03-26T07:45:11.371412+00:00,60.06,10.6499,638.99,0002,0039,EV-026,collected,21.1,7.75,2,0,3,2026,60.06
e507fa7e_EV-027,2026-03-25T21:06:11.884107+00:00,2026-03-26T03:43:40.565748+00:00,33.0,6.6246,397.48,0002,0039,EV-027,collected,21.1,3.7167,2,0,3,2026,33.0
e507fa7e_EV-028,2026-03-25T21:06:11.884107+00:00,2026-03-26T07:24:09.302320+00:00,47.5,10.2993,617.96,0002,0039,EV-028,collected,21.1,7.4,2,0,3,2026,47.5
e507fa7e_EV-029,2026-03-25T21:06:11.884107+00:00,2026-03-26T01:28:30.077466+00:00,14.5,4.3717,262.3,0002,0039,EV-029,collected,21.1,1.4667,2,0,3,2026,14.5
e507fa7e_EV-030,2026-03-25T21:06:11.884107+00:00,2026-03-26T07:45:11.371412+00:00,60.83,10.6499,638.99,0002,0039,EV-030,collected,21.1,7.75,2,0,3,2026,60.83
e507fa7e_EV-031,2026-03-25T21:06:11.884107+00:00,2026-03-26T07:45:11.371412+00:00,56.21,10.6499,638.99,0002,0039,EV-031,collected,21.1,7.75,2,0,3,2026,56.21
e507fa7e_EV-032,2026-03-25T21:06:11.884107+00:00,2026-03-26T01:22:05.881910+00:00,18.0,4.265,255.9,0002,0039,EV-032,collected,21.1,1.3667,2,0,3,2026,18.0
e507fa7e_EV-033,2026-03-25T21:06:11.884107+00:00,2026-03-26T03:26:55.624341+00:00,31.5,6.3455,380.73,0002,0039,EV-033,collected,21.1,3.4333,2,0,3,2026,31.5
e507fa7e_EV-034,2026-03-25T21:06:11.884107+00:00,2026-03-26T07:45:11.371412+00:00,61.5,10.6499,638.99,0002,0039,EV-034,collected,21.1,7.75,2,0,3,2026,61.5
e507fa7e_EV-035,2026-03-25T21:06:11.884107+00:00,2026-03-26T07:45:11.371412+00:00,52.36,10.6499,638.99,0002,0039,EV-035,collected,21.1,7.75,2,0,3,2026,52.36
e507fa7e_EV-036,2026-03-25T21:06:11.884107+00:00,2026-03-26T07:24:09.302320+00:00,42.35,10.2993,617.96,0002,0039,EV-036,collected,21.1,7.4,2,0,3,2026,42.35
e507fa7e_EV-037,2026-03-25T21:06:11.884107+00:00,2026-03-26T07:49:51.910962+00:00,40.02,10.7278,643.67,0002,0039,EV-037,collected,21.1,7.8167,2,0,3,2026,40.02
e507fa7e_EV-038,2026-03-25T21:06:11.884107+00:00,2026-03-26T03:43:40.565748+00:00,34.2,6.6246,397.48,0002,0039,EV-038,collected,21.1,3.7167,2,0,3,2026,34.2
e507fa7e_EV-039,2026-03-25T21:06:11.884107+00:00,2026-03-26T07:45:11.371412+00:00,56.05,10.6499,638.99,0002,0039,EV-039,collected,21.1,7.75,2,0,3,2026,56.05
e507fa7e_EV-040,2026-03-25T21:06:11.884107+00:00,2026-03-26T07:45:11.371412+00:00,51.0,10.6499,638.99,0002,0039,EV-040,collected,21.1,7.75,2,0,3,2026,51.0
e507fa7e_EV-041,2026-03-25T21:06:11.884107+00:00,2026-03-26T08:10:14.392652+00:00,36.72,11.0674,664.04,0002,0039,EV-041,collected,21.1,8.1667,2,0,3,2026,36.72
e507fa7e_EV-042,2026-03-25T21:06:11.884107+00:00,2026-03-26T07:24:09.302320+00:00,44.66,10.2993,617.96,0002,0039,EV-042,collected,21.1,7.4,2,0,3,2026,44.66
e507fa7e_EV-043,2026-03-25T21:06:11.884107+00:00,2026-03-26T07:45:11.371412+00:00,61.75,10.6499,638.99,0002,0039,EV-043,collected,21.1,7.75,2,0,3,2026,61.75
e507fa7e_EV-044,2026-03-25T21:06:11.884107+00:00,2026-03-26T01:27:06.967725+00:00,23.2,4.3486,260.92,0002,0039,EV-044,collected,21.1,1.45,2,0,3,2026,23.2
e507fa7e_EV-045,2026-03-25T21:06:11.884107+00:00,2026-03-26T07:24:09.302320+00:00,43.12,10.2993,617.96,0002,0039,EV-045,collected,21.1,7.4,2,0,3,2026,43.12
e507fa7e_EV-046,2026-03-25T21:06:11.884107+00:00,2026-03-26T01:27:49.572706+00:00,24.4,4.3605,261.63,0002,0039,EV-046,collected,21.1,1.45,2,0,3,2026,24.4
e507fa7e_EV-047,2026-03-25T21:06:11.884107+00:00,2026-03-26T07:45:11.371412+00:00,64.0,10.6499,638.99,0002,0039,EV-047,collected,21.1,7.75,2,0,3,2026,64.0
e507fa7e_EV-048,2026-03-25T21:06:11.884107+00:00,2026-03-26T07:24:09.302320+00:00,46.98,10.2993,617.96,0002,0039,EV-048,collected,21.1,7.4,2,0,3,2026,46.98
e507fa7e_EV-049,2026-03-25T21:06:11.884107+00:00,2026-03-26T07:24:09.302320+00:00,43.12,10.2993,617.96,0002,0039,EV-049,collected,21.1,7.4,2,0,3,2026,43.12
e507fa7e_EV-050,2026-03-25T21:06:11.884107+00:00,2026-03-26T03:26:55.624341+00:00,31.5,6.3455,380.73,0002,0039,EV-050,collected,21.1,3.4333,2,0,3,2026,31.5
60c45de1_EV-001,2026-03-25T21:06:20.302697+00:00,2026-03-26T01:27:55.334435+00:00,20.13,4.3597,261.58,0002,0039,EV-001,collected,21.1,1.45,2,0,3,2026,20.13
60c45de1_EV-002,2026-03-25T21:06:20.302697+00:00,2026-03-26T01:27:15.386315+00:00,22.8,4.3486,260.92,0002,0039,EV-002,collected,21.1,1.45,2,0,3,2026,22.8
60c45de1_EV-003,2026-03-25T21:06:20.302697+00:00,2026-03-26T01:27:15.386315+00:00,23.43,4.3486,260.92,0002,0039,EV-003,collected,21.1,1.45,2,0,3,2026,23.43
60c45de1_EV-004,2026-03-25T21:06:20.302697+00:00,2026-03-26T08:10:22.811242+00:00,39.0,11.0674,664.04,0002,0039,EV-004,collected,21.1,8.1667,2,0,3,2026,39.0
60c45de1_EV-005,2026-03-25T21:06:20.302697+00:00,2026-03-26T07:24:17.720910+00:00,42.0,10.2993,617.96,0002,0039,EV-005,collected,21.1,7.4,2,0,3,2026,42.0
60c45de1_EV-006,2026-03-25T21:06:20.302697+00:00,2026-03-26T07:45:19.790002+00:00,50.25,10.6499,638.99,0002,0039,EV-006,collected,21.1,7.75,2,0,3,2026,50.25
60c45de1_EV-007,2026-03-25T21:06:20.302697+00:00,2026-03-26T01:30:37.098962+00:00,29.26,4.4047,264.28,0002,0039,EV-007,collected,21.1,1.5,2,0,3,2026,29.26
60c45de1_EV-008,2026-03-25T21:06:20.302697+00:00,2026-03-26T07:24:17.720910+00:00,43.5,10.2993,617.96,0002,0039,EV-008,collected,21.1,7.4,2,0,3,2026,43.5
60c45de1_EV-009,2026-03-25T21:06:20.302697+00:00,2026-03-26T07:24:17.720910+00:00,45.75,10.2993,617.96,0002,0039,EV-009,collected,21.1,7.4,2,0,3,2026,45.75
60c45de1_EV-010,2026-03-25T21:06:20.302697+00:00,2026-03-26T03:27:04.042931+00:00,31.68,6.3455,380.73,0002,0039,EV-010,collected,21.1,3.45,2,0,3,2026,31.68
60c45de1_EV-011,2026-03-25T21:06:20.302697+00:00,2026-03-26T07:45:19.790002+00:00,62.25,10.6499,638.99,0002,0039,EV-011,collected,21.1,7.75,2,0,3,2026,62.25
60c45de1_EV-012,2026-03-25T21:06:20.302697+00:00,2026-03-26T08:10:22.811242+00:00,36.72,11.0674,664.04,0002,0039,EV-012,collected,21.1,8.1667,2,0,3,2026,36.72
60c45de1_EV-013,2026-03-25T21:06:20.302697+00:00,2026-03-26T07:45:19.790002+00:00,51.12,10.6499,638.99,0002,0039,EV-013,collected,21.1,7.75,2,0,3,2026,51.12
60c45de1_EV-014,2026-03-25T21:06:20.302697+00:00,2026-03-26T01:27:15.386315+00:00,23.6,4.3486,260.92,0002,0039,EV-014,collected,21.1,1.45,2,0,3,2026,23.6
60c45de1_EV-015,2026-03-25T21:06:20.302697+00:00,2026-03-26T01:32:33.504601+00:00,26.5,4.437,266.22,0002,0039,EV-015,collected,21.1,1.5333,2,0,3,2026,26.5
60c45de1_EV-016,2026-03-25T21:06:20.302697+00:00,2026-03-26T07:45:19.790002+00:00,66.0,10.6499,638.99,0002,0039,EV-016,collected,21.1,7.75,2,0,3,2026,66.0
60c45de1_EV-017,2026-03-25T21:06:20.302697+00:00,2026-03-26T03:43:48.984338+00:00,33.06,6.6246,397.48,0002,0039,EV-017,collected,21.1,3.7167,2,0,3,2026,33.06
60c45de1_EV-018,2026-03-25T21:06:20.302697+00:00,2026-03-26T07:24:17.720910+00:00,42.35,10.2993,617.96,0002,0039,EV-018,collected,21.1,7.4,2,0,3,2026,42.35
60c45de1_EV-019,2026-03-25T21:06:20.302697+00:00,2026-03-26T07:24:17.720910+00:00,47.4,10.2993,617.96,0002,0039,EV-019,collected,21.1,7.4,2,0,3,2026,47.4
60c45de1_EV-020,2026-03-25T21:06:20.302697+00:00,2026-03-26T07:45:19.790002+00:00,81.7,10.6499,638.99,0002,0039,EV-020,collected,21.1,7.75,2,0,3,2026,81.7
60c45de1_EV-021,2026-03-25T21:06:20.302697+00:00,2026-03-26T01:27:57.991296+00:00,24.0,4.3605,261.63,0002,0039,EV-021,collected,21.1,1.45,2,0,3,2026,24.0
60c45de1_EV-022,2026-03-25T21:06:20.302697+00:00,2026-03-26T03:43:48.984338+00:00,35.4,6.6246,397.48,0002,0039,EV-022,collected,21.1,3.7167,2,0,3,2026,35.4
60c45de1_EV-023,2026-03-25T21:06:20.302697+00:00,2026-03-26T07:45:19.790002+00:00,56.8,10.6499,638.99,0002,0039,EV-023,collected,21.1,7.75,2,0,3,2026,56.8
60c45de1_EV-024,2026-03-25T21:06:20.302697+00:00,2026-03-26T07:24:17.720910+00:00,44.8,10.2993,617.96,0002,0039,EV-024,collected,21.1,7.4,2,0,3,2026,44.8
60c45de1_EV-025,2026-03-25T21:06:20.302697+00:00,2026-03-26T03:43:48.984338+00:00,33.0,6.6246,397.48,0002,0039,EV-025,collected,21.1,3.7167,2,0,3,2026,33.0
60c45de1_EV-026,2026-03-25T21:06:20.302697+00:00,2026-03-26T07:45:19.790002+00:00,60.06,10.6499,638.99,0002,0039,EV-026,collected,21.1,7.75,2,0,3,2026,60.06
60c45de1_EV-027,2026-03-25T21:06:20.302697+00:00,2026-03-26T03:43:48.984338+00:00,33.0,6.6246,397.48,0002,0039,EV-027,collected,21.1,3.7167,2,0,3,2026,33.0
60c45de1_EV-028,2026-03-25T21:06:20.302697+00:00,2026-03-26T07:24:17.720910+00:00,47.5,10.2993,617.96,0002,0039,EV-028,collected,21.1,7.4,2,0,3,2026,47.5
60c45de1_EV-029,2026-03-25T21:06:20.302697+00:00,2026-03-26T01:28:38.496056+00:00,14.5,4.3717,262.3,0002,0039,EV-029,collected,21.1,1.4667,2,0,3,2026,14.5
60c45de1_EV-030,2026-03-25T21:06:20.302697+00:00,2026-03-26T07:45:19.790002+00:00,60.83,10.6499,638.99,0002,0039,EV-030,collected,21.1,7.75,2,0,3,2026,60.83
60c45de1_EV-031,2026-03-25T21:06:20.302697+00:00,2026-03-26T07:45:19.790002+00:00,56.21,10.6499,638.99,0002,0039,EV-031,collected,21.1,7.75,2,0,3,2026,56.21
60c45de1_EV-032,2026-03-25T21:06:20.302697+00:00,2026-03-26T01:22:14.300500+00:00,18.0,4.265,255.9,0002,0039,EV-032,collected,21.1,1.3667,2,0,3,2026,18.0
60c45de1_EV-033,2026-03-25T21:06:20.302697+00:00,2026-03-26T03:27:04.042931+00:00,31.5,6.3455,380.73,0002,0039,EV-033,collected,21.1,3.45,2,0,3,2026,31.5
60c45de1_EV-034,2026-03-25T21:06:20.302697+00:00,2026-03-26T07:45:19.790002+00:00,61.5,10.6499,638.99,0002,0039,EV-034,collected,21.1,7.75,2,0,3,2026,61.5
60c45de1_EV-035,2026-03-25T21:06:20.302697+00:00,2026-03-26T07:45:19.790002+00:00,52.36,10.6499,638.99,0002,0039,EV-035,collected,21.1,7.75,2,0,3,2026,52.36
60c45de1_EV-036,2026-03-25T21:06:20.302697+00:00,2026-03-26T07:24:17.720910+00:00,42.35,10.2993,617.96,0002,0039,EV-036,collected,21.1,7.4,2,0,3,2026,42.35
60c45de1_EV-037,2026-03-25T21:06:20.302697+00:00,2026-03-26T07:50:00.329552+00:00,40.02,10.7278,643.67,0002,0039,EV-037,collected,21.1,7.8333,2,0,3,2026,40.02
35561ea3_EV-001,2026-03-25T21:06:27.760816+00:00,2026-03-26T01:28:02.792554+00:00,20.13,4.3597,261.58,0002,0039,EV-001,collected,21.1,1.4667,2,0,3,2026,20.13
35561ea3_EV-002,2026-03-25T21:06:27.760816+00:00,2026-03-26T01:27:22.844434+00:00,22.8,4.3486,260.92,0002,0039,EV-002,collected,21.1,1.45,2,0,3,2026,22.8
35561ea3_EV-003,2026-03-25T21:06:27.760816+00:00,2026-03-26T01:27:22.844434+00:00,23.43,4.3486,260.92,0002,0039,EV-003,collected,21.1,1.45,2,0,3,2026,23.43
35561ea3_EV-004,2026-03-25T21:06:27.760816+00:00,2026-03-26T08:10:30.269361+00:00,39.0,11.0674,664.04,0002,0039,EV-004,collected,21.1,8.1667,2,0,3,2026,39.0
35561ea3_EV-005,2026-03-25T21:06:27.760816+00:00,2026-03-26T07:24:25.179029+00:00,42.0,10.2993,617.96,0002,0039,EV-005,collected,21.1,7.4,2,0,3,2026,42.0
35561ea3_EV-006,2026-03-25T21:06:27.760816+00:00,2026-03-26T07:45:27.248121+00:00,50.25,10.6499,638.99,0002,0039,EV-006,collected,21.1,7.75,2,0,3,2026,50.25
35561ea3_EV-007,2026-03-25T21:06:27.760816+00:00,2026-03-26T01:30:44.557081+00:00,29.26,4.4047,264.28,0002,0039,EV-007,collected,21.1,1.5,2,0,3,2026,29.26
35561ea3_EV-008,2026-03-25T21:06:27.760816+00:00,2026-03-26T07:24:25.179029+00:00,43.5,10.2993,617.96,0002,0039,EV-008,collected,21.1,7.4,2,0,3,2026,43.5
35561ea3_EV-009,2026-03-25T21:06:27.760816+00:00,2026-03-26T07:24:25.179029+00:00,45.75,10.2993,617.96,0002,0039,EV-009,collected,21.1,7.4,2,0,3,2026,45.75
35561ea3_EV-010,2026-03-25T21:06:27.760816+00:00,2026-03-26T03:27:11.501050+00:00,31.68,6.3455,380.73,0002,0039,EV-010,collected,21.1,3.45,2,0,3,2026,31.68
35561ea3_EV-011,2026-03-25T21:06:27.760816+00:00,2026-03-26T07:45:27.248121+00:00,62.25,10.6499,638.99,0002,0039,EV-011,collected,21.1,7.75,2,0,3,2026,62.25
35561ea3_EV-012,2026-03-25T21:06:27.760816+00:00,2026-03-26T08:10:30.269361+00:00,36.72,11.0674,664.04,0002,0039,EV-012,collected,21.1,8.1667,2,0,3,2026,36.72
35561ea3_EV-013,2026-03-25T21:06:27.760816+00:00,2026-03-26T07:45:27.248121+00:00,51.12,10.6499,638.99,0002,0039,EV-013,collected,21.1,7.75,2,0,3,2026,51.12
35561ea3_EV-014,2026-03-25T21:06:27.760816+00:00,2026-03-26T01:27:22.844434+00:00,23.6,4.3486,260.92,0002,0039,EV-014,collected,21.1,1.45,2,0,3,2026,23.6
35561ea3_EV-015,2026-03-25T21:06:27.760816+00:00,2026-03-26T01:32:40.962720+00:00,26.5,4.437,266.22,0002,0039,EV-015,collected,21.1,1.5333,2,0,3,2026,26.5
35561ea3_EV-016,2026-03-25T21:06:27.760816+00:00,2026-03-26T07:45:27.248121+00:00,66.0,10.6499,638.99,0002,0039,EV-016,collected,21.1,7.75,2,0,3,2026,66.0
35561ea3_EV-017,2026-03-25T21:06:27.760816+00:00,2026-03-26T03:43:56.442457+00:00,33.06,6.6246,397.48,0002,0039,EV-017,collected,21.1,3.7167,2,0,3,2026,33.06
35561ea3_EV-018,2026-03-25T21:06:27.760816+00:00,2026-03-26T07:24:25.179029+00:00,42.35,10.2993,617.96,0002,0039,EV-018,collected,21.1,7.4,2,0,3,2026,42.35
35561ea3_EV-019,2026-03-25T21:06:27.760816+00:00,2026-03-26T07:24:25.179029+00:00,47.4,10.2993,617.96,0002,0039,EV-019,collected,21.1,7.4,2,0,3,2026,47.4
35561ea3_EV-020,2026-03-25T21:06:27.760816+00:00,2026-03-26T07:45:27.248121+00:00,81.7,10.6499,638.99,0002,0039,EV-020,collected,21.1,7.75,2,0,3,2026,81.7
35561ea3_EV-021,2026-03-25T21:06:27.760816+00:00,2026-03-26T01:28:05.449415+00:00,24.0,4.3605,261.63,0002,0039,EV-021,collected,21.1,1.4667,2,0,3,2026,24.0
35561ea3_EV-022,2026-03-25T21:06:27.760816+00:00,2026-03-26T03:43:56.442457+00:00,35.4,6.6246,397.48,0002,0039,EV-022,collected,21.1,3.7167,2,0,3,2026,35.4
35561ea3_EV-023,2026-03-25T21:06:27.760816+00:00,2026-03-26T07:45:27.248121+00:00,56.8,10.6499,638.99,0002,0039,EV-023,collected,21.1,7.75,2,0,3,2026,56.8
35561ea3_EV-024,2026-03-25T21:06:27.760816+00:00,2026-03-26T07:24:25.179029+00:00,44.8,10.2993,617.96,0002,0039,EV-024,collected,21.1,7.4,2,0,3,2026,44.8
35561ea3_EV-025,2026-03-25T21:06:27.760816+00:00,2026-03-26T03:43:56.442457+00:00,33.0,6.6246,397.48,0002,0039,EV-025,collected,21.1,3.7167,2,0,3,2026,33.0
35561ea3_EV-026,2026-03-25T21:06:27.760816+00:00,2026-03-26T07:45:27.248121+00:00,60.06,10.6499,638.99,0002,0039,EV-026,collected,21.1,7.75,2,0,3,2026,60.06
35561ea3_EV-027,2026-03-25T21:06:27.760816+00:00,2026-03-26T03:43:56.442457+00:00,33.0,6.6246,397.48,0002,0039,EV-027,collected,21.1,3.7167,2,0,3,2026,33.0
35561ea3_EV-028,2026-03-25T21:06:27.760816+00:00,2026-03-26T07:24:25.179029+00:00,47.5,10.2993,617.96,0002,0039,EV-028,collected,21.1,7.4,2,0,3,2026,47.5
35561ea3_EV-029,2026-03-25T21:06:27.760816+00:00,2026-03-26T01:28:45.954175+00:00,14.5,4.3717,262.3,0002,0039,EV-029,collected,21.1,1.4667,2,0,3,2026,14.5
35561ea3_EV-030,2026-03-25T21:06:27.760816+00:00,2026-03-26T07:45:27.248121+00:00,60.83,10.6499,638.99,0002,0039,EV-030,collected,21.1,7.75,2,0,3,2026,60.83
35561ea3_EV-031,2026-03-25T21:06:27.760816+00:00,2026-03-26T07:45:27.248121+00:00,56.21,10.6499,638.99,0002,0039,EV-031,collected,21.1,7.75,2,0,3,2026,56.21
35561ea3_EV-032,2026-03-25T21:06:27.760816+00:00,2026-03-26T01:22:21.758619+00:00,18.0,4.265,255.9,0002,0039,EV-032,collected,21.1,1.3667,2,0,3,2026,18.0
35561ea3_EV-033,2026-03-25T21:06:27.760816+00:00,2026-03-26T03:27:11.501050+00:00,31.5,6.3455,380.73,0002,0039,EV-033,collected,21.1,3.45,2,0,3,2026,31.5
35561ea3_EV-034,2026-03-25T21:06:27.760816+00:00,2026-03-26T07:45:27.248121+00:00,61.5,10.6499,638.99,0002,0039,EV-034,collected,21.1,7.75,2,0,3,2026,61.5
35561ea3_EV-035,2026-03-25T21:06:27.760816+00:00,2026-03-26T07:45:27.248121+00:00,52.36,10.6499,638.99,0002,0039,EV-035,collected,21.1,7.75,2,0,3,2026,52.36
5a2bb3e8_EV-001,2026-03-25T21:06:34.088359+00:00,2026-03-26T01:28:09.120097+00:00,20.13,4.3597,261.58,0002,0039,EV-001,collected,21.1,1.4667,2,0,3,2026,20.13
5a2bb3e8_EV-002,2026-03-25T21:06:34.088359+00:00,2026-03-26T01:27:29.171977+00:00,22.8,4.3486,260.92,0002,0039,EV-002,collected,21.1,1.45,2,0,3,2026,22.8
5a2bb3e8_EV-003,2026-03-25T21:06:34.088359+00:00,2026-03-26T01:27:29.171977+00:00,23.43,4.3486,260.92,0002,0039,EV-003,collected,21.1,1.45,2,0,3,2026,23.43
5a2bb3e8_EV-004,2026-03-25T21:06:34.088359+00:00,2026-03-26T08:10:36.596904+00:00,39.0,11.0674,664.04,0002,0039,EV-004,collected,21.1,8.1667,2,0,3,2026,39.0
5a2bb3e8_EV-005,2026-03-25T21:06:34.088359+00:00,2026-03-26T07:24:31.506572+00:00,42.0,10.2993,617.96,0002,0039,EV-005,collected,21.1,7.4,2,0,3,2026,42.0
5a2bb3e8_EV-006,2026-03-25T21:06:34.088359+00:00,2026-03-26T07:45:33.575664+00:00,50.25,10.6499,638.99,0002,0039,EV-006,collected,21.1,7.75,2,0,3,2026,50.25
5a2bb3e8_EV-007,2026-03-25T21:06:34.088359+00:00,2026-03-26T01:30:50.884624+00:00,29.26,4.4047,264.28,0002,0039,EV-007,collected,21.1,1.5,2,0,3,2026,29.26
5a2bb3e8_EV-008,2026-03-25T21:06:34.088359+00:00,2026-03-26T07:24:31.506572+00:00,43.5,10.2993,617.96,0002,0039,EV-008,collected,21.1,7.4,2,0,3,2026,43.5
5a2bb3e8_EV-009,2026-03-25T21:06:34.088359+00:00,2026-03-26T07:24:31.506572+00:00,45.75,10.2993,617.96,0002,0039,EV-009,collected,21.1,7.4,2,0,3,2026,45.75
5a2bb3e8_EV-010,2026-03-25T21:06:34.088359+00:00,2026-03-26T03:27:17.828593+00:00,31.68,6.3455,380.73,0002,0039,EV-010,collected,21.1,3.45,2,0,3,2026,31.68
5a2bb3e8_EV-011,2026-03-25T21:06:34.088359+00:00,2026-03-26T07:45:33.575664+00:00,62.25,10.6499,638.99,0002,0039,EV-011,collected,21.1,7.75,2,0,3,2026,62.25
5a2bb3e8_EV-012,2026-03-25T21:06:34.088359+00:00,2026-03-26T08:10:36.596904+00:00,36.72,11.0674,664.04,0002,0039,EV-012,collected,21.1,8.1667,2,0,3,2026,36.72
5a2bb3e8_EV-013,2026-03-25T21:06:34.088359+00:00,2026-03-26T07:45:33.575664+00:00,51.12,10.6499,638.99,0002,0039,EV-013,collected,21.1,7.75,2,0,3,2026,51.12
5a2bb3e8_EV-014,2026-03-25T21:06:34.088359+00:00,2026-03-26T01:27:29.171977+00:00,23.6,4.3486,260.92,0002,0039,EV-014,collected,21.1,1.45,2,0,3,2026,23.6
5a2bb3e8_EV-015,2026-03-25T21:06:34.088359+00:00,2026-03-26T01:32:47.290263+00:00,26.5,4.437,266.22,0002,0039,EV-015,collected,21.1,1.5333,2,0,3,2026,26.5
5a2bb3e8_EV-016,2026-03-25T21:06:34.088359+00:00,2026-03-26T07:45:33.575664+00:00,66.0,10.6499,638.99,0002,0039,EV-016,collected,21.1,7.75,2,0,3,2026,66.0
5a2bb3e8_EV-017,2026-03-25T21:06:34.088359+00:00,2026-03-26T03:44:02.770000+00:00,33.06,6.6246,397.48,0002,0039,EV-017,collected,21.1,3.7333,2,0,3,2026,33.06
5a2bb3e8_EV-018,2026-03-25T21:06:34.088359+00:00,2026-03-26T07:24:31.506572+00:00,42.35,10.2993,617.96,0002,0039,EV-018,collected,21.1,7.4,2,0,3,2026,42.35
5a2bb3e8_EV-019,2026-03-25T21:06:34.088359+00:00,2026-03-26T07:24:31.506572+00:00,47.4,10.2993,617.96,0002,0039,EV-019,collected,21.1,7.4,2,0,3,2026,47.4
5a2bb3e8_EV-020,2026-03-25T21:06:34.088359+00:00,2026-03-26T07:45:33.575664+00:00,81.7,10.6499,638.99,0002,0039,EV-020,collected,21.1,7.75,2,0,3,2026,81.7
5a2bb3e8_EV-021,2026-03-25T21:06:34.088359+00:00,2026-03-26T01:28:11.776958+00:00,24.0,4.3605,261.63,0002,0039,EV-021,collected,21.1,1.4667,2,0,3,2026,24.0
c486e3c5_EV-001,2026-03-25T21:07:01.643279+00:00,2026-03-26T01:28:36.675017+00:00,20.13,4.3597,261.58,0002,0039,EV-001,collected,21.1167,1.4667,2,0,3,2026,20.13
c486e3c5_EV-002,2026-03-25T21:07:01.643279+00:00,2026-03-26T01:27:56.726897+00:00,22.8,4.3486,260.92,0002,0039,EV-002,collected,21.1167,1.45,2,0,3,2026,22.8
c486e3c5_EV-003,2026-03-25T21:07:01.643279+00:00,2026-03-26T01:27:56.726897+00:00,23.43,4.3486,260.92,0002,0039,EV-003,collected,21.1167,1.45,2,0,3,2026,23.43
c486e3c5_EV-004,2026-03-25T21:07:01.643279+00:00,2026-03-26T08:11:04.151824+00:00,39.0,11.0674,664.04,0002,0039,EV-004,collected,21.1167,8.1833,2,0,3,2026,39.0
c486e3c5_EV-005,2026-03-25T21:07:01.643279+00:00,2026-03-26T07:24:59.061492+00:00,42.0,10.2993,617.96,0002,0039,EV-005,collected,21.1167,7.4,2,0,3,2026,42.0
c486e3c5_EV-006,2026-03-25T21:07:01.643279+00:00,2026-03-26T07:46:01.130584+00:00,50.25,10.6499,638.99,0002,0039,EV-006,collected,21.1167,7.7667,2,0,3,2026,50.25
c486e3c5_EV-007,2026-03-25T21:07:01.643279+00:00,2026-03-26T01:31:18.439544+00:00,29.26,4.4047,264.28,0002,0039,EV-007,collected,21.1167,1.5167,2,0,3,2026,29.26
c486e3c5_EV-008,2026-03-25T21:07:01.643279+00:00,2026-03-26T07:24:59.061492+00:00,43.5,10.2993,617.96,0002,0039,EV-008,collected,21.1167,7.4,2,0,3,2026,43.5
c486e3c5_EV-009,2026-03-25T21:07:01.643279+00:00,2026-03-26T07:24:59.061492+00:00,45.75,10.2993,617.96,0002,0039,EV-009,collected,21.1167,7.4,2,0,3,2026,45.75
c486e3c5_EV-010,2026-03-25T21:07:01.643279+00:00,2026-03-26T03:27:45.383513+00:00,31.68,6.3455,380.73,0002,0039,EV-010,collected,21.1167,3.45,2,0,3,2026,31.68
c486e3c5_EV-011,2026-03-25T21:07:01.643279+00:00,2026-03-26T07:46:01.130584+00:00,62.25,10.6499,638.99,0002,0039,EV-011,collected,21.1167,7.7667,2,0,3,2026,62.25
c486e3c5_EV-012,2026-03-25T21:07:01.643279+00:00,2026-03-26T08:11:04.151824+00:00,36.72,11.0674,664.04,0002,0039,EV-012,collected,21.1167,8.1833,2,0,3,2026,36.72
c486e3c5_EV-013,2026-03-25T21:07:01.643279+00:00,2026-03-26T07:46:01.130584+00:00,51.12,10.6499,638.99,0002,0039,EV-013,collected,21.1167,7.7667,2,0,3,2026,51.12
c486e3c5_EV-014,2026-03-25T21:07:01.643279+00:00,2026-03-26T01:27:56.726897+00:00,23.6,4.3486,260.92,0002,0039,EV-014,collected,21.1167,1.45,2,0,3,2026,23.6
c486e3c5_EV-015,2026-03-25T21:07:01.643279+00:00,2026-03-26T01:33:14.845183+00:00,26.5,4.437,266.22,0002,0039,EV-015,collected,21.1167,1.55,2,0,3,2026,26.5
c486e3c5_EV-016,2026-03-25T21:07:01.643279+00:00,2026-03-26T07:46:01.130584+00:00,66.0,10.6499,638.99,0002,0039,EV-016,collected,21.1167,7.7667,2,0,3,2026,66.0
c486e3c5_EV-017,2026-03-25T21:07:01.643279+00:00,2026-03-26T03:44:30.324920+00:00,33.06,6.6246,397.48,0002,0039,EV-017,collected,21.1167,3.7333,2,0,3,2026,33.06
c486e3c5_EV-018,2026-03-25T21:07:01.643279+00:00,2026-03-26T07:24:59.061492+00:00,42.35,10.2993,617.96,0002,0039,EV-018,collected,21.1167,7.4,2,0,3,2026,42.35
c486e3c5_EV-019,2026-03-25T21:07:01.643279+00:00,2026-03-26T07:24:59.061492+00:00,47.4,10.2993,617.96,0002,0039,EV-019,collected,21.1167,7.4,2,0,3,2026,47.4
c486e3c5_EV-020,2026-03-25T21:07:01.643279+00:00,2026-03-26T07:46:01.130584+00:00,81.7,10.6499,638.99,0002,0039,EV-020,collected,21.1167,7.7667,2,0,3,2026,81.7
c486e3c5_EV-021,2026-03-25T21:07:01.643279+00:00,2026-03-26T01:28:39.331878+00:00,24.0,4.3605,261.63,0002,0039,EV-021,collected,21.1167,1.4667,2,0,3,2026,24.0
e9ae6702_EV-001,2026-03-25T21:07:18.627375+00:00,2026-03-26T01:28:53.659113+00:00,20.13,4.3597,261.58,0002,0039,EV-001,collected,21.1167,1.4667,2,0,3,2026,20.13
e9ae6702_EV-002,2026-03-25T21:07:18.627375+00:00,2026-03-26T01:28:13.710993+00:00,22.8,4.3486,260.92,0002,0039,EV-002,collected,21.1167,1.4667,2,0,3,2026,22.8
e9ae6702_EV-003,2026-03-25T21:07:18.627375+00:00,2026-03-26T01:28:13.710993+00:00,23.43,4.3486,260.92,0002,0039,EV-003,collected,21.1167,1.4667,2,0,3,2026,23.43
e9ae6702_EV-004,2026-03-25T21:07:18.627375+00:00,2026-03-26T08:11:21.135920+00:00,39.0,11.0674,664.04,0002,0039,EV-004,collected,21.1167,8.1833,2,0,3,2026,39.0
e9ae6702_EV-005,2026-03-25T21:07:18.627375+00:00,2026-03-26T07:25:16.045588+00:00,42.0,10.2993,617.96,0002,0039,EV-005,collected,21.1167,7.4167,2,0,3,2026,42.0
e9ae6702_EV-006,2026-03-25T21:07:18.627375+00:00,2026-03-26T07:46:18.114680+00:00,50.25,10.6499,638.99,0002,0039,EV-006,collected,21.1167,7.7667,2,0,3,2026,50.25
e9ae6702_EV-007,2026-03-25T21:07:18.627375+00:00,2026-03-26T01:31:35.423640+00:00,29.26,4.4047,264.28,0002,0039,EV-007,collected,21.1167,1.5167,2,0,3,2026,29.26
e9ae6702_EV-008,2026-03-25T21:07:18.627375+00:00,2026-03-26T07:25:16.045588+00:00,43.5,10.2993,617.96,0002,0039,EV-008,collected,21.1167,7.4167,2,0,3,2026,43.5
e9ae6702_EV-009,2026-03-25T21:07:18.627375+00:00,2026-03-26T07:25:16.045588+00:00,45.75,10.2993,617.96,0002,0039,EV-009,collected,21.1167,7.4167,2,0,3,2026,45.75
e9ae6702_EV-010,2026-03-25T21:07:18.627375+00:00,2026-03-26T03:28:02.367609+00:00,31.68,6.3455,380.73,0002,0039,EV-010,collected,21.1167,3.4667,2,0,3,2026,31.68
e9ae6702_EV-011,2026-03-25T21:07:18.627375+00:00,2026-03-26T07:46:18.114680+00:00,62.25,10.6499,638.99,0002,0039,EV-011,collected,21.1167,7.7667,2,0,3,2026,62.25
e9ae6702_EV-012,2026-03-25T21:07:18.627375+00:00,2026-03-26T08:11:21.135920+00:00,36.72,11.0674,664.04,0002,0039,EV-012,collected,21.1167,8.1833,2,0,3,2026,36.72
e9ae6702_EV-013,2026-03-25T21:07:18.627375+00:00,2026-03-26T07:46:18.114680+00:00,51.12,10.6499,638.99,0002,0039,EV-013,collected,21.1167,7.7667,2,0,3,2026,51.12
e9ae6702_EV-014,2026-03-25T21:07:18.627375+00:00,2026-03-26T01:28:13.710993+00:00,23.6,4.3486,260.92,0002,0039,EV-014,collected,21.1167,1.4667,2,0,3,2026,23.6
e9ae6702_EV-015,2026-03-25T21:07:18.627375+00:00,2026-03-26T01:33:31.829279+00:00,26.5,4.437,266.22,0002,0039,EV-015,collected,21.1167,1.55,2,0,3,2026,26.5
e9ae6702_EV-016,2026-03-25T21:07:18.627375+00:00,2026-03-26T07:46:18.114680+00:00,66.0,10.6499,638.99,0002,0039,EV-016,collected,21.1167,7.7667,2,0,3,2026,66.0
e9ae6702_EV-017,2026-03-25T21:07:18.627375+00:00,2026-03-26T03:44:47.309016+00:00,33.06,6.6246,397.48,0002,0039,EV-017,collected,21.1167,3.7333,2,0,3,2026,33.06
e9ae6702_EV-018,2026-03-25T21:07:18.627375+00:00,2026-03-26T07:25:16.045588+00:00,42.35,10.2993,617.96,0002,0039,EV-018,collected,21.1167,7.4167,2,0,3,2026,42.35
e9ae6702_EV-019,2026-03-25T21:07:18.627375+00:00,2026-03-26T07:25:16.045588+00:00,47.4,10.2993,617.96,0002,0039,EV-019,collected,21.1167,7.4167,2,0,3,2026,47.4
e9ae6702_EV-020,2026-03-25T21:07:18.627375+00:00,2026-03-26T07:46:18.114680+00:00,81.7,10.6499,638.99,0002,0039,EV-020,collected,21.1167,7.7667,2,0,3,2026,81.7
e9ae6702_EV-021,2026-03-25T21:07:18.627375+00:00,2026-03-26T01:28:56.315974+00:00,24.0,4.3605,261.63,0002,0039,EV-021,collected,21.1167,1.4667,2,0,3,2026,24.0
e9ae6702_EV-022,2026-03-25T21:07:18.627375+00:00,2026-03-26T03:44:47.309016+00:00,35.4,6.6246,397.48,0002,0039,EV-022,collected,21.1167,3.7333,2,0,3,2026,35.4
e9ae6702_EV-023,2026-03-25T21:07:18.627375+00:00,2026-03-26T07:46:18.114680+00:00,56.8,10.6499,638.99,0002,0039,EV-023,collected,21.1167,7.7667,2,0,3,2026,56.8
e9ae6702_EV-024,2026-03-25T21:07:18.627375+00:00,2026-03-26T07:25:16.045588+00:00,44.8,10.2993,617.96,0002,0039,EV-024,collected,21.1167,7.4167,2,0,3,2026,44.8
e9ae6702_EV-025,2026-03-25T21:07:18.627375+00:00,2026-03-26T03:44:47.309016+00:00,33.0,6.6246,397.48,0002,0039,EV-025,collected,21.1167,3.7333,2,0,3,2026,33.0
e9ae6702_EV-026,2026-03-25T21:07:18.627375+00:00,2026-03-26T07:46:18.114680+00:00,60.06,10.6499,638.99,0002,0039,EV-026,collected,21.1167,7.7667,2,0,3,2026,60.06
e9ae6702_EV-027,2026-03-25T21:07:18.627375+00:00,2026-03-26T03:44:47.309016+00:00,33.0,6.6246,397.48,0002,0039,EV-027,collected,21.1167,3.7333,2,0,3,2026,33.0
e9ae6702_EV-028,2026-03-25T21:07:18.627375+00:00,2026-03-26T07:25:16.045588+00:00,47.5,10.2993,617.96,0002,0039,EV-028,collected,21.1167,7.4167,2,0,3,2026,47.5
e9ae6702_EV-029,2026-03-25T21:07:18.627375+00:00,2026-03-26T01:29:36.820734+00:00,14.5,4.3717,262.3,0002,0039,EV-029,collected,21.1167,1.4833,2,0,3,2026,14.5
e9ae6702_EV-030,2026-03-25T21:07:18.627375+00:00,2026-03-26T07:46:18.114680+00:00,60.83,10.6499,638.99,0002,0039,EV-030,collected,21.1167,7.7667,2,0,3,2026,60.83
e9ae6702_EV-031,2026-03-25T21:07:18.627375+00:00,2026-03-26T07:46:18.114680+00:00,56.21,10.6499,638.99,0002,0039,EV-031,collected,21.1167,7.7667,2,0,3,2026,56.21
e9ae6702_EV-032,2026-03-25T21:07:18.627375+00:00,2026-03-26T01:23:12.625178+00:00,18.0,4.265,255.9,0002,0039,EV-032,collected,21.1167,1.3833,2,0,3,2026,18.0
e9ae6702_EV-033,2026-03-25T21:07:18.627375+00:00,2026-03-26T03:28:02.367609+00:00,31.5,6.3455,380.73,0002,0039,EV-033,collected,21.1167,3.4667,2,0,3,2026,31.5
e9ae6702_EV-034,2026-03-25T21:07:18.627375+00:00,2026-03-26T07:46:18.114680+00:00,61.5,10.6499,638.99,0002,0039,EV-034,collected,21.1167,7.7667,2,0,3,2026,61.5
e9ae6702_EV-035,2026-03-25T21:07:18.627375+00:00,2026-03-26T07:46:18.114680+00:00,52.36,10.6499,638.99,0002,0039,EV-035,collected,21.1167,7.7667,2,0,3,2026,52.36
b8a185a7_EV-001,2026-03-25T21:07:26.269605+00:00,2026-03-26T01:29:01.301343+00:00,20.13,4.3597,261.58,0002,0039,EV-001,collected,21.1167,1.4833,2,0,3,2026,20.13
b8a185a7_EV-002,2026-03-25T21:07:26.269605+00:00,2026-03-26T01:28:21.353223+00:00,22.8,4.3486,260.92,0002,0039,EV-002,collected,21.1167,1.4667,2,0,3,2026,22.8
b8a185a7_EV-003,2026-03-25T21:07:26.269605+00:00,2026-03-26T01:28:21.353223+00:00,23.43,4.3486,260.92,0002,0039,EV-003,collected,21.1167,1.4667,2,0,3,2026,23.43
b8a185a7_EV-004,2026-03-25T21:07:26.269605+00:00,2026-03-26T08:11:28.778150+00:00,39.0,11.0674,664.04,0002,0039,EV-004,collected,21.1167,8.1833,2,0,3,2026,39.0
b8a185a7_EV-005,2026-03-25T21:07:26.269605+00:00,2026-03-26T07:25:23.687818+00:00,42.0,10.2993,617.96,0002,0039,EV-005,collected,21.1167,7.4167,2,0,3,2026,42.0
b8a185a7_EV-006,2026-03-25T21:07:26.269605+00:00,2026-03-26T07:46:25.756910+00:00,50.25,10.6499,638.99,0002,0039,EV-006,collected,21.1167,7.7667,2,0,3,2026,50.25
b8a185a7_EV-007,2026-03-25T21:07:26.269605+00:00,2026-03-26T01:31:43.065870+00:00,29.26,4.4047,264.28,0002,0039,EV-007,collected,21.1167,1.5167,2,0,3,2026,29.26
b8a185a7_EV-008,2026-03-25T21:07:26.269605+00:00,2026-03-26T07:25:23.687818+00:00,43.5,10.2993,617.96,0002,0039,EV-008,collected,21.1167,7.4167,2,0,3,2026,43.5
b8a185a7_EV-009,2026-03-25T21:07:26.269605+00:00,2026-03-26T07:25:23.687818+00:00,45.75,10.2993,617.96,0002,0039,EV-009,collected,21.1167,7.4167,2,0,3,2026,45.75
b8a185a7_EV-010,2026-03-25T21:07:26.269605+00:00,2026-03-26T03:28:10.009839+00:00,31.68,6.3455,380.73,0002,0039,EV-010,collected,21.1167,3.4667,2,0,3,2026,31.68
b8a185a7_EV-011,2026-03-25T21:07:26.269605+00:00,2026-03-26T07:46:25.756910+00:00,62.25,10.6499,638.99,0002,0039,EV-011,collected,21.1167,7.7667,2,0,3,2026,62.25
b8a185a7_EV-012,2026-03-25T21:07:26.269605+00:00,2026-03-26T08:11:28.778150+00:00,36.72,11.0674,664.04,0002,0039,EV-012,collected,21.1167,8.1833,2,0,3,2026,36.72
b8a185a7_EV-013,2026-03-25T21:07:26.269605+00:00,2026-03-26T07:46:25.756910+00:00,51.12,10.6499,638.99,0002,0039,EV-013,collected,21.1167,7.7667,2,0,3,2026,51.12
b8a185a7_EV-014,2026-03-25T21:07:26.269605+00:00,2026-03-26T01:28:21.353223+00:00,23.6,4.3486,260.92,0002,0039,EV-014,collected,21.1167,1.4667,2,0,3,2026,23.6
b8a185a7_EV-015,2026-03-25T21:07:26.269605+00:00,2026-03-26T01:33:39.471509+00:00,26.5,4.437,266.22,0002,0039,EV-015,collected,21.1167,1.55,2,0,3,2026,26.5
b8a185a7_EV-016,2026-03-25T21:07:26.269605+00:00,2026-03-26T07:46:25.756910+00:00,66.0,10.6499,638.99,0002,0039,EV-016,collected,21.1167,7.7667,2,0,3,2026,66.0
b8a185a7_EV-017,2026-03-25T21:07:26.269605+00:00,2026-03-26T03:44:54.951246+00:00,33.06,6.6246,397.48,0002,0039,EV-017,collected,21.1167,3.7333,2,0,3,2026,33.06
b8a185a7_EV-018,2026-03-25T21:07:26.269605+00:00,2026-03-26T07:25:23.687818+00:00,42.35,10.2993,617.96,0002,0039,EV-018,collected,21.1167,7.4167,2,0,3,2026,42.35
b8a185a7_EV-019,2026-03-25T21:07:26.269605+00:00,2026-03-26T07:25:23.687818+00:00,47.4,10.2993,617.96,0002,0039,EV-019,collected,21.1167,7.4167,2,0,3,2026,47.4
b8a185a7_EV-020,2026-03-25T21:07:26.269605+00:00,2026-03-26T07:46:25.756910+00:00,81.7,10.6499,638.99,0002,0039,EV-020,collected,21.1167,7.7667,2,0,3,2026,81.7
b8a185a7_EV-021,2026-03-25T21:07:26.269605+00:00,2026-03-26T01:29:03.958204+00:00,24.0,4.3605,261.63,0002,0039,EV-021,collected,21.1167,1.4833,2,0,3,2026,24.0
b8a185a7_EV-022,2026-03-25T21:07:26.269605+00:00,2026-03-26T03:44:54.951246+00:00,35.4,6.6246,397.48,0002,0039,EV-022,collected,21.1167,3.7333,2,0,3,2026,35.4
b8a185a7_EV-023,2026-03-25T21:07:26.269605+00:00,2026-03-26T07:46:25.756910+00:00,56.8,10.6499,638.99,0002,0039,EV-023,collected,21.1167,7.7667,2,0,3,2026,56.8
b8a185a7_EV-024,2026-03-25T21:07:26.269605+00:00,2026-03-26T07:25:23.687818+00:00,44.8,10.2993,617.96,0002,0039,EV-024,collected,21.1167,7.4167,2,0,3,2026,44.8
b8a185a7_EV-025,2026-03-25T21:07:26.269605+00:00,2026-03-26T03:44:54.951246+00:00,33.0,6.6246,397.48,0002,0039,EV-025,collected,21.1167,3.7333,2,0,3,2026,33.0
b8a185a7_EV-026,2026-03-25T21:07:26.269605+00:00,2026-03-26T07:46:25.756910+00:00,60.06,10.6499,638.99,0002,0039,EV-026,collected,21.1167,7.7667,2,0,3,2026,60.06
b8a185a7_EV-027,2026-03-25T21:07:26.269605+00:00,2026-03-26T03:44:54.951246+00:00,33.0,6.6246,397.48,0002,0039,EV-027,collected,21.1167,3.7333,2,0,3,2026,33.0
b8a185a7_EV-028,2026-03-25T21:07:26.269605+00:00,2026-03-26T07:25:23.687818+00:00,47.5,10.2993,617.96,0002,0039,EV-028,collected,21.1167,7.4167,2,0,3,2026,47.5
b8a185a7_EV-029,2026-03-25T21:07:26.269605+00:00,2026-03-26T01:29:44.462964+00:00,14.5,4.3717,262.3,0002,0039,EV-029,collected,21.1167,1.4833,2,0,3,2026,14.5
b8a185a7_EV-030,2026-03-25T21:07:26.269605+00:00,2026-03-26T07:46:25.756910+00:00,60.83,10.6499,638.99,0002,0039,EV-030,collected,21.1167,7.7667,2,0,3,2026,60.83
b8a185a7_EV-031,2026-03-25T21:07:26.269605+00:00,2026-03-26T07:46:25.756910+00:00,56.21,10.6499,638.99,0002,0039,EV-031,collected,21.1167,7.7667,2,0,3,2026,56.21
b8a185a7_EV-032,2026-03-25T21:07:26.269605+00:00,2026-03-26T01:23:20.267408+00:00,18.0,4.265,255.9,0002,0039,EV-032,collected,21.1167,1.3833,2,0,3,2026,18.0
b8a185a7_EV-033,2026-03-25T21:07:26.269605+00:00,2026-03-26T03:28:10.009839+00:00,31.5,6.3455,380.73,0002,0039,EV-033,collected,21.1167,3.4667,2,0,3,2026,31.5
b8a185a7_EV-034,2026-03-25T21:07:26.269605+00:00,2026-03-26T07:46:25.756910+00:00,61.5,10.6499,638.99,0002,0039,EV-034,collected,21.1167,7.7667,2,0,3,2026,61.5
b8a185a7_EV-035,2026-03-25T21:07:26.269605+00:00,2026-03-26T07:46:25.756910+00:00,52.36,10.6499,638.99,0002,0039,EV-035,collected,21.1167,7.7667,2,0,3,2026,52.36
b8a185a7_EV-036,2026-03-25T21:07:26.269605+00:00,2026-03-26T07:25:23.687818+00:00,42.35,10.2993,617.96,0002,0039,EV-036,collected,21.1167,7.4167,2,0,3,2026,42.35
b8a185a7_EV-037,2026-03-25T21:07:26.269605+00:00,2026-03-26T07:51:06.296460+00:00,40.02,10.7278,643.67,0002,0039,EV-037,collected,21.1167,7.85,2,0,3,2026,40.02
b8a185a7_EV-038,2026-03-25T21:07:26.269605+00:00,2026-03-26T03:44:54.951246+00:00,34.2,6.6246,397.48,0002,0039,EV-038,collected,21.1167,3.7333,2,0,3,2026,34.2
b8a185a7_EV-039,2026-03-25T21:07:26.269605+00:00,2026-03-26T07:46:25.756910+00:00,56.05,10.6499,638.99,0002,0039,EV-039,collected,21.1167,7.7667,2,0,3,2026,56.05
b8a185a7_EV-040,2026-03-25T21:07:26.269605+00:00,2026-03-26T07:46:25.756910+00:00,51.0,10.6499,638.99,0002,0039,EV-040,collected,21.1167,7.7667,2,0,3,2026,51.0
b8a185a7_EV-041,2026-03-25T21:07:26.269605+00:00,2026-03-26T08:11:28.778150+00:00,36.72,11.0674,664.04,0002,0039,EV-041,collected,21.1167,8.1833,2,0,3,2026,36.72
b8a185a7_EV-042,2026-03-25T21:07:26.269605+00:00,2026-03-26T07:25:23.687818+00:00,44.66,10.2993,617.96,0002,0039,EV-042,collected,21.1167,7.4167,2,0,3,2026,44.66
b8a185a7_EV-043,2026-03-25T21:07:26.269605+00:00,2026-03-26T07:46:25.756910+00:00,61.75,10.6499,638.99,0002,0039,EV-043,collected,21.1167,7.7667,2,0,3,2026,61.75
b8a185a7_EV-044,2026-03-25T21:07:26.269605+00:00,2026-03-26T01:28:21.353223+00:00,23.2,4.3486,260.92,0002,0039,EV-044,collected,21.1167,1.4667,2,0,3,2026,23.2
b8a185a7_EV-045,2026-03-25T21:07:26.269605+00:00,2026-03-26T07:25:23.687818+00:00,43.12,10.2993,617.96,0002,0039,EV-045,collected,21.1167,7.4167,2,0,3,2026,43.12
b8a185a7_EV-046,2026-03-25T21:07:26.269605+00:00,2026-03-26T01:29:03.958204+00:00,24.4,4.3605,261.63,0002,0039,EV-046,collected,21.1167,1.4833,2,0,3,2026,24.4
b8a185a7_EV-047,2026-03-25T21:07:26.269605+00:00,2026-03-26T07:46:25.756910+00:00,64.0,10.6499,638.99,0002,0039,EV-047,collected,21.1167,7.7667,2,0,3,2026,64.0
b8a185a7_EV-048,2026-03-25T21:07:26.269605+00:00,2026-03-26T07:25:23.687818+00:00,46.98,10.2993,617.96,0002,0039,EV-048,collected,21.1167,7.4167,2,0,3,2026,46.98
b8a185a7_EV-049,2026-03-25T21:07:26.269605+00:00,2026-03-26T07:25:23.687818+00:00,43.12,10.2993,617.96,0002,0039,EV-049,collected,21.1167,7.4167,2,0,3,2026,43.12
b8a185a7_EV-050,2026-03-25T21:07:26.269605+00:00,2026-03-26T03:28:10.009839+00:00,31.5,6.3455,380.73,0002,0039,EV-050,collected,21.1167,3.4667,2,0,3,2026,31.5
cda61fdf_EV-001,2026-03-25T21:14:13.642571+00:00,2026-03-26T01:46:22.140496+00:00,22.0,4.5357,272.14,0002,0039,EV-001,collected,21.2333,1.7667,2,0,3,2026,22.0
cda61fdf_EV-002,2026-03-25T21:14:13.642571+00:00,2026-03-26T04:02:53.301384+00:00,34.0,6.811,408.66,0002,0039,EV-002,collected,21.2333,4.0333,2,0,3,2026,34.0
cda61fdf_EV-003,2026-03-25T21:14:13.642571+00:00,2026-03-26T07:47:17.095940+00:00,40.2,10.551,633.06,0002,0039,EV-003,collected,21.2333,7.7833,2,0,3,2026,40.2
cda61fdf_EV-004,2026-03-25T21:14:13.642571+00:00,2026-03-26T07:47:17.095940+00:00,41.25,10.551,633.06,0002,0039,EV-004,collected,21.2333,7.7833,2,0,3,2026,41.25
cda61fdf_EV-005,2026-03-25T21:14:13.642571+00:00,2026-03-26T01:49:41.416009+00:00,27.2,4.591,275.46,0002,0039,EV-005,collected,21.2333,1.8167,2,0,3,2026,27.2
cda61fdf_EV-006,2026-03-25T21:14:13.642571+00:00,2026-03-26T01:45:01.647332+00:00,23.2,4.5133,270.8,0002,0039,EV-006,collected,21.2333,1.75,2,0,3,2026,23.2
cda61fdf_EV-007,2026-03-25T21:14:13.642571+00:00,2026-03-26T07:21:34.487298+00:00,43.89,10.1225,607.35,0002,0039,EV-007,collected,21.2333,7.35,2,0,3,2026,43.89
cda61fdf_EV-008,2026-03-25T21:14:13.642571+00:00,2026-03-26T04:02:53.301384+00:00,36.0,6.811,408.66,0002,0039,EV-008,collected,21.2333,4.0333,2,0,3,2026,36.0
cda61fdf_EV-009,2026-03-25T21:14:13.642571+00:00,2026-03-26T07:54:07.904046+00:00,53.9,10.6651,639.9,0002,0039,EV-009,collected,21.2333,7.9,2,0,3,2026,53.9
cda61fdf_EV-010,2026-03-25T21:14:13.642571+00:00,2026-03-26T07:21:34.487298+00:00,42.75,10.1225,607.35,0002,0039,EV-010,collected,21.2333,7.35,2,0,3,2026,42.75
cda61fdf_EV-011,2026-03-25T21:14:13.642571+00:00,2026-03-26T01:49:41.416009+00:00,28.5,4.591,275.46,0002,0039,EV-011,collected,21.2333,1.8167,2,0,3,2026,28.5
cda61fdf_EV-012,2026-03-25T21:14:13.642571+00:00,2026-03-26T04:02:53.301384+00:00,35.0,6.811,408.66,0002,0039,EV-012,collected,21.2333,4.0333,2,0,3,2026,35.0
cda61fdf_EV-013,2026-03-25T21:14:13.642571+00:00,2026-03-26T07:54:07.904046+00:00,53.9,10.6651,639.9,0002,0039,EV-013,collected,21.2333,7.9,2,0,3,2026,53.9
cda61fdf_EV-014,2026-03-25T21:14:13.642571+00:00,2026-03-26T01:41:57.269280+00:00,17.49,4.4621,267.73,0002,0039,EV-014,collected,21.2333,1.6833,2,0,3,2026,17.49
cda61fdf_EV-015,2026-03-25T21:14:13.642571+00:00,2026-03-26T07:54:07.904046+00:00,48.0,10.6651,639.9,0002,0039,EV-015,collected,21.2333,7.9,2,0,3,2026,48.0
cda61fdf_EV-016,2026-03-25T21:14:13.642571+00:00,2026-03-26T01:49:41.416009+00:00,28.8,4.591,275.46,0002,0039,EV-016,collected,21.2333,1.8167,2,0,3,2026,28.8
cda61fdf_EV-017,2026-03-25T21:14:13.642571+00:00,2026-03-26T04:02:53.301384+00:00,36.0,6.811,408.66,0002,0039,EV-017,collected,21.2333,4.0333,2,0,3,2026,36.0
cda61fdf_EV-018,2026-03-25T21:14:13.642571+00:00,2026-03-26T01:49:41.416009+00:00,30.24,4.591,275.46,0002,0039,EV-018,collected,21.2333,1.8167,2,0,3,2026,30.24
cda61fdf_EV-019,2026-03-25T21:14:13.642571+00:00,2026-03-26T08:24:06.267083+00:00,39.5,11.1646,669.88,0002,0039,EV-019,collected,21.2333,8.4,2,0,3,2026,39.5
cda61fdf_EV-020,2026-03-25T21:14:13.642571+00:00,2026-03-26T04:02:53.301384+00:00,35.25,6.811,408.66,0002,0039,EV-020,collected,21.2333,4.0333,2,0,3,2026,35.25
3739ad6d_HEAVY-01,2026-03-25T21:14:13.642571+00:00,2026-03-26T03:37:05.029290+00:00,31.2,6.3809,382.86,0002,0039,HEAVY-01,collected,21.2333,3.6167,2,0,3,2026,31.2
3739ad6d_HEAVY-02,2026-03-25T21:19:13.642571+00:00,2026-03-26T04:09:12.230828+00:00,34.2,6.8329,409.98,0002,0039,HEAVY-02,collected,21.3167,4.15,2,0,3,2026,34.2
3739ad6d_HEAVY-03,2026-03-25T21:22:13.642571+00:00,2026-03-26T04:12:58.161004+00:00,33.75,6.8457,410.74,0002,0039,HEAVY-03,collected,21.3667,4.2,2,0,3,2026,33.75
3739ad6d_HEAVY-04,2026-03-25T21:24:13.642571+00:00,2026-03-26T08:17:23.244622+00:00,53.9,10.886,653.16,0002,0039,HEAVY-04,collected,21.4,8.2833,2,0,3,2026,53.9
3739ad6d_HEAVY-05,2026-03-25T21:29:13.642571+00:00,2026-03-26T03:47:22.133172+00:00,31.0,6.3024,378.14,0002,0039,HEAVY-05,collected,21.4833,3.7833,2,0,3,2026,31.0
3739ad6d_HEAVY-06,2026-03-25T21:32:13.642571+00:00,2026-03-26T08:56:20.340569+00:00,38.86,11.4019,684.11,0002,0039,HEAVY-06,collected,21.5333,8.9333,2,0,3,2026,38.86
3739ad6d_HEAVY-07,2026-03-25T21:34:13.642571+00:00,2026-03-26T02:09:58.572991+00:00,27.36,4.5958,275.75,0002,0039,HEAVY-07,collected,21.5667,2.15,2,0,3,2026,27.36
3739ad6d_HEAVY-08,2026-03-25T21:39:13.642571+00:00,2026-03-26T07:41:10.482171+00:00,44.66,10.0325,601.95,0002,0039,HEAVY-08,collected,21.65,7.6833,2,0,3,2026,44.66
3739ad6d_HEAVY-09,2026-03-25T21:42:13.642571+00:00,2026-03-26T03:49:42.115471+00:00,32.8,6.1246,367.47,0002,0039,HEAVY-09,collected,21.7,3.8167,2,0,3,2026,32.8
3739ad6d_HEAVY-10,2026-03-25T21:44:13.642571+00:00,2026-03-26T02:14:07.904046+00:00,27.0,4.4984,269.9,0002,0039,HEAVY-10,collected,21.7333,2.2333,2,0,3,2026,27.0
3739ad6d_HEAVY-11,2026-03-25T21:49:13.642571+00:00,2026-03-26T08:43:12.796624+00:00,60.0,10.8998,653.99,0002,0039,HEAVY-11,collected,21.8167,8.7167,2,0,3,2026,60.0
3739ad6d_HEAVY-12,2026-03-25T21:52:13.642571+00:00,2026-03-26T08:13:26.229241+00:00,42.75,10.3535,621.21,0002,0039,HEAVY-12,collected,21.8667,8.2167,2,0,3,2026,42.75
3739ad6d_HEAVY-13,2026-03-25T21:54:13.642571+00:00,2026-03-26T02:28:51.726677+00:00,23.1,4.5772,274.63,0002,0039,HEAVY-13,collected,21.9,2.4667,2,0,3,2026,23.1
3739ad6d_HEAVY-14,2026-03-25T21:59:13.642571+00:00,2026-03-26T02:21:34.923089+00:00,29.6,4.3726,262.35,0002,0039,HEAVY-14,collected,21.9833,2.35,2,0,3,2026,29.6
3739ad6d_HEAVY-15,2026-03-25T22:02:13.642571+00:00,2026-03-26T02:26:22.312615+00:00,26.0,4.4024,264.14,0002,0039,HEAVY-15,collected,22.0333,2.4333,2,0,3,2026,26.0
3739ad6d_HEAVY-16,2026-03-25T22:04:13.642571+00:00,2026-03-26T04:53:01.962273+00:00,34.5,6.8134,408.81,0002,0039,HEAVY-16,collected,22.0667,4.8833,2,0,3,2026,34.5
3739ad6d_HEAVY-17,2026-03-25T22:09:13.642571+00:00,2026-03-26T10:38:54.757073+00:00,38.16,12.4948,749.69,0002,0039,HEAVY-17,collected,22.15,10.6333,2,0,3,2026,38.16
3739ad6d_HEAVY-18,2026-03-25T22:12:13.642571+00:00,2026-03-26T02:49:11.712639+00:00,22.5,4.6161,276.97,0002,0039,HEAVY-18,collected,22.2,2.8167,2,0,3,2026,22.5
3739ad6d_HEAVY-19,2026-03-25T22:14:13.642571+00:00,2026-03-26T05:14:59.179070+00:00,32.4,7.0126,420.76,0002,0039,HEAVY-19,collected,22.2333,5.2333,2,0,3,2026,32.4
3739ad6d_HEAVY-20,2026-03-25T22:19:13.642571+00:00,2026-03-26T03:08:40.484002+00:00,30.0,4.8241,289.45,0002,0039,HEAVY-20,collected,22.3167,3.1333,2,0,3,2026,30.0
3739ad6d_HEAVY-21,2026-03-25T22:24:13.642571+00:00,2026-03-26T11:15:34.549553+00:00,36.96,12.8558,771.35,0002,0039,HEAVY-21,collected,22.4,11.25,2,0,3,2026,36.96
3739ad6d_HEAVY-22,2026-03-25T22:29:13.642571+00:00,2026-03-26T11:17:00.495598+00:00,58.52,12.7963,767.78,0002,0039,HEAVY-22,collected,22.4833,11.2833,2,0,3,2026,58.52
3739ad6d_HEAVY-23,2026-03-25T22:34:13.642571+00:00,2026-03-26T06:45:31.669304+00:00,32.0,8.1883,491.3,0002,0039,HEAVY-23,collected,22.5667,6.75,2,0,3,2026,32.0
3739ad6d_HEAVY-24,2026-03-25T22:39:13.642571+00:00,2026-03-26T04:27:36.983025+00:00,17.4,5.8065,348.39,0002,0039,HEAVY-24,collected,22.65,4.45,2,0,3,2026,17.4
3739ad6d_HEAVY-25,2026-03-25T22:44:13.642571+00:00,2026-03-26T11:36:17.821038+00:00,58.5,12.8678,772.07,0002,0039,HEAVY-25,collected,22.7333,11.6,2,0,3,2026,58.5
6c877bef_KNOWN-01,2026-03-25T21:14:13.642571+00:00,2026-03-25T22:44:13.642571+00:00,26.0,1.5,90.0,0002,0039,KNOWN-01,collected,21.2333,22.7333,2,0,3,2026,26.0
6c877bef_KNOWN-02,2026-03-25T21:19:13.642571+00:00,2026-03-25T23:19:13.642571+00:00,36.0,2.0,120.0,0002,0039,KNOWN-02,collected,21.3167,23.3167,2,0,3,2026,36.0
6c877bef_KNOWN-03,2026-03-25T21:24:13.642571+00:00,2026-03-25T23:54:13.642571+00:00,31.5,2.5,150.0,0002,0039,KNOWN-03,collected,21.4,23.9,2,0,3,2026,31.5
6c877bef_KNOWN-04,2026-03-25T21:26:13.642571+00:00,2026-03-25T22:56:13.642571+00:00,33.75,1.5,90.0,0002,0039,KNOWN-04,collected,21.4333,22.9333,2,0,3,2026,33.75
6c877bef_KNOWN-05,2026-03-25T21:29:13.642571+00:00,2026-03-25T23:29:13.642571+00:00,53.9,2.0,120.0,0002,0039,KNOWN-05,collected,21.4833,23.4833,2,0,3,2026,53.9
6c877bef_KNOWN-06,2026-03-25T21:32:13.642571+00:00,2026-03-26T00:32:13.642571+00:00,33.06,3.0,180.0,0002,0039,KNOWN-06,collected,21.5333,0.5333,2,0,3,2026,33.06
6c877bef_KNOWN-07,2026-03-25T21:34:13.642571+00:00,2026-03-25T23:04:13.642571+00:00,26.0,1.5,90.0,0002,0039,KNOWN-07,collected,21.5667,23.0667,2,0,3,2026,26.0
6c877bef_KNOWN-08,2026-03-25T21:39:13.642571+00:00,2026-03-25T23:39:13.642571+00:00,28.8,2.0,120.0,0002,0039,KNOWN-08,collected,21.65,23.65,2,0,3,2026,28.8
6c877bef_UNKNOWN-01,2026-03-25T21:44:13.642571+00:00,2026-03-26T07:51:00.477288+00:00,43.2,10.113,606.78,0002,0039,UNKNOWN-01,collected,21.7333,7.85,2,0,3,2026,43.2
6c877bef_UNKNOWN-02,2026-03-25T21:49:13.642571+00:00,2026-03-26T08:53:09.687493+00:00,38.5,11.0656,663.93,0002,0039,UNKNOWN-02,collected,21.8167,8.8833,2,0,3,2026,38.5
6c877bef_UNKNOWN-03,2026-03-25T21:54:13.642571+00:00,2026-03-26T02:30:34.716179+00:00,27.2,4.6059,276.35,0002,0039,UNKNOWN-03,collected,21.9,2.5,2,0,3,2026,27.2
6c877bef_UNKNOWN-04,2026-03-25T21:59:13.642571+00:00,2026-03-26T04:13:13.516228+00:00,31.5,6.2333,374.0,0002,0039,UNKNOWN-04,collected,21.9833,4.2167,2,0,3,2026,31.5
6c877bef_UNKNOWN-05,2026-03-25T22:04:13.642571+00:00,2026-03-26T09:08:09.324944+00:00,40.6,11.0655,663.93,0002,0039,UNKNOWN-05,collected,22.0667,9.1333,2,0,3,2026,40.6
6c877bef_UNKNOWN-06,2026-03-25T22:09:13.642571+00:00,2026-03-26T10:14:35.307610+00:00,40.85,12.0894,725.36,0002,0039,UNKNOWN-06,collected,22.15,10.2333,2,0,3,2026,40.85
6c877bef_UNKNOWN-07,2026-03-25T22:14:13.642571+00:00,2026-03-26T05:14:59.179070+00:00,32.0,7.0126,420.76,0002,0039,UNKNOWN-07,collected,22.2333,5.2333,2,0,3,2026,32.0
6c877bef_UNKNOWN-08,2026-03-25T22:19:13.642571+00:00,2026-03-26T03:08:40.484002+00:00,28.0,4.8241,289.45,0002,0039,UNKNOWN-08,collected,22.3167,3.1333,2,0,3,2026,28.0
6c877bef_UNKNOWN-09,2026-03-25T22:24:13.642571+00:00,2026-03-26T10:37:06.560051+00:00,43.89,12.2147,732.88,0002,0039,UNKNOWN-09,collected,22.4,10.6167,2,0,3,2026,43.89
6c877bef_UNKNOWN-10,2026-03-25T22:29:13.642571+00:00,2026-03-26T11:17:00.495598+00:00,58.32,12.7963,767.78,0002,0039,UNKNOWN-10,collected,22.4833,11.2833,2,0,3,2026,58.32
6c877bef_UNKNOWN-11,2026-03-25T22:34:13.642571+00:00,2026-03-26T04:35:23.480828+00:00,15.18,6.0194,361.16,0002,0039,UNKNOWN-11,collected,22.5667,4.5833,2,0,3,2026,15.18
6c877bef_UNKNOWN-12,2026-03-25T22:44:13.642571+00:00,2026-03-26T06:44:51.045525+00:00,30.6,8.0104,480.62,0002,0039,UNKNOWN-12,collected,22.7333,6.7333,2,0,3,2026,30.6
92ea3ede_EV-001,2026-03-25T21:14:39.888686+00:00,2026-03-26T01:46:07.841567+00:00,20.13,4.5244,271.47,0002,0039,EV-001,collected,21.2333,1.7667,2,0,3,2026,20.13
92ea3ede_EV-002,2026-03-25T21:14:39.888686+00:00,2026-03-26T01:45:27.893447+00:00,22.8,4.5133,270.8,0002,0039,EV-002,collected,21.2333,1.75,2,0,3,2026,22.8
92ea3ede_EV-003,2026-03-25T21:14:39.888686+00:00,2026-03-26T01:45:27.893447+00:00,23.43,4.5133,270.8,0002,0039,EV-003,collected,21.2333,1.75,2,0,3,2026,23.43
92ea3ede_EV-004,2026-03-25T21:14:39.888686+00:00,2026-03-26T08:24:32.513198+00:00,39.0,11.1646,669.88,0002,0039,EV-004,collected,21.2333,8.4,2,0,3,2026,39.0
92ea3ede_EV-005,2026-03-25T21:14:39.888686+00:00,2026-03-26T07:22:00.733413+00:00,42.0,10.1225,607.35,0002,0039,EV-005,collected,21.2333,7.3667,2,0,3,2026,42.0
92ea3ede_EV-006,2026-03-25T21:14:39.888686+00:00,2026-03-26T07:54:34.150161+00:00,50.25,10.6651,639.9,0002,0039,EV-006,collected,21.2333,7.9,2,0,3,2026,50.25
92ea3ede_EV-007,2026-03-25T21:14:39.888686+00:00,2026-03-26T01:50:07.662124+00:00,29.26,4.591,275.46,0002,0039,EV-007,collected,21.2333,1.8333,2,0,3,2026,29.26
92ea3ede_EV-008,2026-03-25T21:14:39.888686+00:00,2026-03-26T07:22:00.733413+00:00,43.5,10.1225,607.35,0002,0039,EV-008,collected,21.2333,7.3667,2,0,3,2026,43.5
92ea3ede_EV-009,2026-03-25T21:14:39.888686+00:00,2026-03-26T07:22:00.733413+00:00,45.75,10.1225,607.35,0002,0039,EV-009,collected,21.2333,7.3667,2,0,3,2026,45.75
92ea3ede_EV-010,2026-03-25T21:14:39.888686+00:00,2026-03-26T03:37:31.275405+00:00,31.68,6.3809,382.86,0002,0039,EV-010,collected,21.2333,3.6167,2,0,3,2026,31.68
5d47be7e_EV-001,2026-03-25T21:14:46.081574+00:00,2026-03-26T01:46:14.034455+00:00,20.13,4.5244,271.47,0002,0039,EV-001,collected,21.2333,1.7667,2,0,3,2026,20.13
5d47be7e_EV-002,2026-03-25T21:14:46.081574+00:00,2026-03-26T01:45:34.086335+00:00,22.8,4.5133,270.8,0002,0039,EV-002,collected,21.2333,1.75,2,0,3,2026,22.8
5d47be7e_EV-003,2026-03-25T21:14:46.081574+00:00,2026-03-26T01:45:34.086335+00:00,23.43,4.5133,270.8,0002,0039,EV-003,collected,21.2333,1.75,2,0,3,2026,23.43
5d47be7e_EV-004,2026-03-25T21:14:46.081574+00:00,2026-03-26T08:24:38.706086+00:00,39.0,11.1646,669.88,0002,0039,EV-004,collected,21.2333,8.4,2,0,3,2026,39.0
5d47be7e_EV-005,2026-03-25T21:14:46.081574+00:00,2026-03-26T07:22:06.926301+00:00,42.0,10.1225,607.35,0002,0039,EV-005,collected,21.2333,7.3667,2,0,3,2026,42.0
5d47be7e_EV-006,2026-03-25T21:14:46.081574+00:00,2026-03-26T07:54:40.343049+00:00,50.25,10.6651,639.9,0002,0039,EV-006,collected,21.2333,7.9,2,0,3,2026,50.25
5d47be7e_EV-007,2026-03-25T21:14:46.081574+00:00,2026-03-26T01:50:13.855012+00:00,29.26,4.591,275.46,0002,0039,EV-007,collected,21.2333,1.8333,2,0,3,2026,29.26
5d47be7e_EV-008,2026-03-25T21:14:46.081574+00:00,2026-03-26T07:22:06.926301+00:00,43.5,10.1225,607.35,0002,0039,EV-008,collected,21.2333,7.3667,2,0,3,2026,43.5
5d47be7e_EV-009,2026-03-25T21:14:46.081574+00:00,2026-03-26T07:22:06.926301+00:00,45.75,10.1225,607.35,0002,0039,EV-009,collected,21.2333,7.3667,2,0,3,2026,45.75
5d47be7e_EV-010,2026-03-25T21:14:46.081574+00:00,2026-03-26T03:37:37.468293+00:00,31.68,6.3809,382.86,0002,0039,EV-010,collected,21.2333,3.6167,2,0,3,2026,31.68
5d47be7e_EV-011,2026-03-25T21:14:46.081574+00:00,2026-03-26T07:54:40.343049+00:00,62.25,10.6651,639.9,0002,0039,EV-011,collected,21.2333,7.9,2,0,3,2026,62.25
5d47be7e_EV-012,2026-03-25T21:14:46.081574+00:00,2026-03-26T08:24:38.706086+00:00,36.72,11.1646,669.88,0002,0039,EV-012,collected,21.2333,8.4,2,0,3,2026,36.72
5d47be7e_EV-013,2026-03-25T21:14:46.081574+00:00,2026-03-26T07:54:40.343049+00:00,51.12,10.6651,639.9,0002,0039,EV-013,collected,21.2333,7.9,2,0,3,2026,51.12
5d47be7e_EV-014,2026-03-25T21:14:46.081574+00:00,2026-03-26T01:45:34.086335+00:00,23.6,4.5133,270.8,0002,0039,EV-014,collected,21.2333,1.75,2,0,3,2026,23.6
5d47be7e_EV-015,2026-03-25T21:14:46.081574+00:00,2026-03-26T01:52:10.260651+00:00,26.5,4.6234,277.4,0002,0039,EV-015,collected,21.2333,1.8667,2,0,3,2026,26.5
5d47be7e_EV-016,2026-03-25T21:14:46.081574+00:00,2026-03-26T07:54:40.343049+00:00,66.0,10.6651,639.9,0002,0039,EV-016,collected,21.2333,7.9,2,0,3,2026,66.0
5d47be7e_EV-017,2026-03-25T21:14:46.081574+00:00,2026-03-26T04:03:25.740387+00:00,33.06,6.811,408.66,0002,0039,EV-017,collected,21.2333,4.05,2,0,3,2026,33.06
5d47be7e_EV-018,2026-03-25T21:14:46.081574+00:00,2026-03-26T07:22:06.926301+00:00,42.35,10.1225,607.35,0002,0039,EV-018,collected,21.2333,7.3667,2,0,3,2026,42.35
5d47be7e_EV-019,2026-03-25T21:14:46.081574+00:00,2026-03-26T07:22:06.926301+00:00,47.4,10.1225,607.35,0002,0039,EV-019,collected,21.2333,7.3667,2,0,3,2026,47.4
5d47be7e_EV-020,2026-03-25T21:14:46.081574+00:00,2026-03-26T07:54:40.343049+00:00,81.7,10.6651,639.9,0002,0039,EV-020,collected,21.2333,7.9,2,0,3,2026,81.7
5d47be7e_EV-021,2026-03-25T21:14:46.081574+00:00,2026-03-26T01:47:45.363801+00:00,24.0,4.5498,272.99,0002,0039,EV-021,collected,21.2333,1.7833,2,0,3,2026,24.0
5d47be7e_EV-022,2026-03-25T21:14:46.081574+00:00,2026-03-26T04:03:25.740387+00:00,35.4,6.811,408.66,0002,0039,EV-022,collected,21.2333,4.05,2,0,3,2026,35.4
5d47be7e_EV-023,2026-03-25T21:14:46.081574+00:00,2026-03-26T07:54:40.343049+00:00,56.8,10.6651,639.9,0002,0039,EV-023,collected,21.2333,7.9,2,0,3,2026,56.8
5d47be7e_EV-024,2026-03-25T21:14:46.081574+00:00,2026-03-26T07:22:06.926301+00:00,44.8,10.1225,607.35,0002,0039,EV-024,collected,21.2333,7.3667,2,0,3,2026,44.8
5d47be7e_EV-025,2026-03-25T21:14:46.081574+00:00,2026-03-26T04:03:25.740387+00:00,33.0,6.811,408.66,0002,0039,EV-025,collected,21.2333,4.05,2,0,3,2026,33.0
5d47be7e_EV-026,2026-03-25T21:14:46.081574+00:00,2026-03-26T07:54:40.343049+00:00,60.06,10.6651,639.9,0002,0039,EV-026,collected,21.2333,7.9,2,0,3,2026,60.06
5d47be7e_EV-027,2026-03-25T21:14:46.081574+00:00,2026-03-26T04:03:25.740387+00:00,33.0,6.811,408.66,0002,0039,EV-027,collected,21.2333,4.05,2,0,3,2026,33.0
5d47be7e_EV-028,2026-03-25T21:14:46.081574+00:00,2026-03-26T07:22:06.926301+00:00,47.5,10.1225,607.35,0002,0039,EV-028,collected,21.2333,7.3667,2,0,3,2026,47.5
5d47be7e_EV-029,2026-03-25T21:14:46.081574+00:00,2026-03-26T01:50:20.900910+00:00,14.5,4.593,275.58,0002,0039,EV-029,collected,21.2333,1.8333,2,0,3,2026,14.5
5d47be7e_EV-030,2026-03-25T21:14:46.081574+00:00,2026-03-26T07:54:40.343049+00:00,60.83,10.6651,639.9,0002,0039,EV-030,collected,21.2333,7.9,2,0,3,2026,60.83
5d47be7e_EV-031,2026-03-25T21:14:46.081574+00:00,2026-03-26T07:54:40.343049+00:00,56.21,10.6651,639.9,0002,0039,EV-031,collected,21.2333,7.9,2,0,3,2026,56.21
5d47be7e_EV-032,2026-03-25T21:14:46.081574+00:00,2026-03-26T01:40:33.000519+00:00,18.0,4.4297,265.78,0002,0039,EV-032,collected,21.2333,1.6667,2,0,3,2026,18.0
5d47be7e_EV-033,2026-03-25T21:14:46.081574+00:00,2026-03-26T03:37:37.468293+00:00,31.5,6.3809,382.86,0002,0039,EV-033,collected,21.2333,3.6167,2,0,3,2026,31.5
5d47be7e_EV-034,2026-03-25T21:14:46.081574+00:00,2026-03-26T07:54:40.343049+00:00,61.5,10.6651,639.9,0002,0039,EV-034,collected,21.2333,7.9,2,0,3,2026,61.5
5d47be7e_EV-035,2026-03-25T21:14:46.081574+00:00,2026-03-26T07:54:40.343049+00:00,52.36,10.6651,639.9,0002,0039,EV-035,collected,21.2333,7.9,2,0,3,2026,52.36
5d47be7e_EV-036,2026-03-25T21:14:46.081574+00:00,2026-03-26T07:22:06.926301+00:00,42.35,10.1225,607.35,0002,0039,EV-036,collected,21.2333,7.3667,2,0,3,2026,42.35
5d47be7e_EV-037,2026-03-25T21:14:46.081574+00:00,2026-03-26T07:47:49.534943+00:00,40.02,10.551,633.06,0002,0039,EV-037,collected,21.2333,7.7833,2,0,3,2026,40.02
5d47be7e_EV-038,2026-03-25T21:14:46.081574+00:00,2026-03-26T04:03:25.740387+00:00,34.2,6.811,408.66,0002,0039,EV-038,collected,21.2333,4.05,2,0,3,2026,34.2
5d47be7e_EV-039,2026-03-25T21:14:46.081574+00:00,2026-03-26T07:54:40.343049+00:00,56.05,10.6651,639.9,0002,0039,EV-039,collected,21.2333,7.9,2,0,3,2026,56.05
5d47be7e_EV-040,2026-03-25T21:14:46.081574+00:00,2026-03-26T07:54:40.343049+00:00,51.0,10.6651,639.9,0002,0039,EV-040,collected,21.2333,7.9,2,0,3,2026,51.0
5d47be7e_EV-041,2026-03-25T21:14:46.081574+00:00,2026-03-26T08:24:38.706086+00:00,36.72,11.1646,669.88,0002,0039,EV-041,collected,21.2333,8.4,2,0,3,2026,36.72
5d47be7e_EV-042,2026-03-25T21:14:46.081574+00:00,2026-03-26T07:22:06.926301+00:00,44.66,10.1225,607.35,0002,0039,EV-042,collected,21.2333,7.3667,2,0,3,2026,44.66
5d47be7e_EV-043,2026-03-25T21:14:46.081574+00:00,2026-03-26T07:54:40.343049+00:00,61.75,10.6651,639.9,0002,0039,EV-043,collected,21.2333,7.9,2,0,3,2026,61.75
5d47be7e_EV-044,2026-03-25T21:14:46.081574+00:00,2026-03-26T01:45:34.086335+00:00,23.2,4.5133,270.8,0002,0039,EV-044,collected,21.2333,1.75,2,0,3,2026,23.2
5d47be7e_EV-045,2026-03-25T21:14:46.081574+00:00,2026-03-26T07:22:06.926301+00:00,43.12,10.1225,607.35,0002,0039,EV-045,collected,21.2333,7.3667,2,0,3,2026,43.12
5d47be7e_EV-046,2026-03-25T21:14:46.081574+00:00,2026-03-26T01:47:45.363801+00:00,24.4,4.5498,272.99,0002,0039,EV-046,collected,21.2333,1.7833,2,0,3,2026,24.4
5d47be7e_EV-047,2026-03-25T21:14:46.081574+00:00,2026-03-26T07:54:40.343049+00:00,64.0,10.6651,639.9,0002,0039,EV-047,collected,21.2333,7.9,2,0,3,2026,64.0
35a6527e_EV-001,2026-03-25T21:15:19.660809+00:00,2026-03-26T01:52:19.781659+00:00,20.13,4.6167,277.0,0002,0039,EV-001,collected,21.25,1.8667,2,0,3,2026,20.13
35a6527e_EV-002,2026-03-25T21:15:19.660809+00:00,2026-03-26T01:51:39.833538+00:00,22.8,4.6056,276.34,0002,0039,EV-002,collected,21.25,1.85,2,0,3,2026,22.8
35a6527e_EV-003,2026-03-25T21:15:19.660809+00:00,2026-03-26T01:51:39.833538+00:00,23.43,4.6056,276.34,0002,0039,EV-003,collected,21.25,1.85,2,0,3,2026,23.43
35a6527e_EV-004,2026-03-25T21:15:19.660809+00:00,2026-03-26T08:34:35.840008+00:00,39.0,11.3212,679.27,0002,0039,EV-004,collected,21.25,8.5667,2,0,3,2026,39.0
35a6527e_EV-005,2026-03-25T21:15:19.660809+00:00,2026-03-26T07:32:04.060223+00:00,42.0,10.279,616.74,0002,0039,EV-005,collected,21.25,7.5333,2,0,3,2026,42.0
35a6527e_EV-006,2026-03-25T21:15:19.660809+00:00,2026-03-26T08:04:37.476971+00:00,50.25,10.8216,649.3,0002,0039,EV-006,collected,21.25,8.0667,2,0,3,2026,50.25
35a6527e_EV-007,2026-03-25T21:15:19.660809+00:00,2026-03-26T01:56:19.602215+00:00,29.26,4.6833,281.0,0002,0039,EV-007,collected,21.25,1.9333,2,0,3,2026,29.26
35a6527e_EV-008,2026-03-25T21:15:19.660809+00:00,2026-03-26T07:32:04.060223+00:00,43.5,10.279,616.74,0002,0039,EV-008,collected,21.25,7.5333,2,0,3,2026,43.5
35a6527e_EV-009,2026-03-25T21:15:19.660809+00:00,2026-03-26T07:32:04.060223+00:00,45.75,10.279,616.74,0002,0039,EV-009,collected,21.25,7.5333,2,0,3,2026,45.75
35a6527e_EV-010,2026-03-25T21:15:19.660809+00:00,2026-03-26T03:43:43.215497+00:00,31.68,6.4732,388.39,0002,0039,EV-010,collected,21.25,3.7167,2,0,3,2026,31.68
35a6527e_EV-011,2026-03-25T21:15:19.660809+00:00,2026-03-26T08:04:37.476971+00:00,62.25,10.8216,649.3,0002,0039,EV-011,collected,21.25,8.0667,2,0,3,2026,62.25
35a6527e_EV-012,2026-03-25T21:15:19.660809+00:00,2026-03-26T08:34:35.840008+00:00,36.72,11.3212,679.27,0002,0039,EV-012,collected,21.25,8.5667,2,0,3,2026,36.72
35a6527e_EV-013,2026-03-25T21:15:19.660809+00:00,2026-03-26T08:04:37.476971+00:00,51.12,10.8216,649.3,0002,0039,EV-013,collected,21.25,8.0667,2,0,3,2026,51.12
35a6527e_EV-014,2026-03-25T21:15:19.660809+00:00,2026-03-26T01:51:39.833538+00:00,23.6,4.6056,276.34,0002,0039,EV-014,collected,21.25,1.85,2,0,3,2026,23.6
35a6527e_EV-015,2026-03-25T21:15:19.660809+00:00,2026-03-26T01:58:16.007855+00:00,26.5,4.7157,282.94,0002,0039,EV-015,collected,21.25,1.9667,2,0,3,2026,26.5
35a6527e_EV-016,2026-03-25T21:15:19.660809+00:00,2026-03-26T08:04:37.476971+00:00,66.0,10.8216,649.3,0002,0039,EV-016,collected,21.25,8.0667,2,0,3,2026,66.0
35a6527e_EV-017,2026-03-25T21:15:19.660809+00:00,2026-03-26T04:09:31.487591+00:00,33.06,6.9033,414.2,0002,0039,EV-017,collected,21.25,4.15,2,0,3,2026,33.06
35a6527e_EV-018,2026-03-25T21:15:19.660809+00:00,2026-03-26T07:32:04.060223+00:00,42.35,10.279,616.74,0002,0039,EV-018,collected,21.25,7.5333,2,0,3,2026,42.35
35a6527e_EV-019,2026-03-25T21:15:19.660809+00:00,2026-03-26T07:32:04.060223+00:00,47.4,10.279,616.74,0002,0039,EV-019,collected,21.25,7.5333,2,0,3,2026,47.4
35a6527e_EV-020,2026-03-25T21:15:19.660809+00:00,2026-03-26T08:04:37.476971+00:00,81.7,10.8216,649.3,0002,0039,EV-020,collected,21.25,8.0667,2,0,3,2026,81.7
35a6527e_EV-021,2026-03-25T21:15:19.660809+00:00,2026-03-26T01:53:51.111004+00:00,24.0,4.6421,278.52,0002,0039,EV-021,collected,21.25,1.8833,2,0,3,2026,24.0
35a6527e_EV-022,2026-03-25T21:15:19.660809+00:00,2026-03-26T04:09:31.487591+00:00,35.4,6.9033,414.2,0002,0039,EV-022,collected,21.25,4.15,2,0,3,2026,35.4
35a6527e_EV-023,2026-03-25T21:15:19.660809+00:00,2026-03-26T08:04:37.476971+00:00,56.8,10.8216,649.3,0002,0039,EV-023,collected,21.25,8.0667,2,0,3,2026,56.8
35a6527e_EV-024,2026-03-25T21:15:19.660809+00:00,2026-03-26T07:32:04.060223+00:00,44.8,10.279,616.74,0002,0039,EV-024,collected,21.25,7.5333,2,0,3,2026,44.8
35a6527e_EV-025,2026-03-25T21:15:19.660809+00:00,2026-03-26T04:09:31.487591+00:00,33.0,6.9033,414.2,0002,0039,EV-025,collected,21.25,4.15,2,0,3,2026,33.0
35a6527e_EV-026,2026-03-25T21:15:19.660809+00:00,2026-03-26T08:04:37.476971+00:00,60.06,10.8216,649.3,0002,0039,EV-026,collected,21.25,8.0667,2,0,3,2026,60.06
35a6527e_EV-027,2026-03-25T21:15:19.660809+00:00,2026-03-26T04:09:31.487591+00:00,33.0,6.9033,414.2,0002,0039,EV-027,collected,21.25,4.15,2,0,3,2026,33.0
35a6527e_EV-028,2026-03-25T21:15:19.660809+00:00,2026-03-26T07:32:04.060223+00:00,47.5,10.279,616.74,0002,0039,EV-028,collected,21.25,7.5333,2,0,3,2026,47.5
35a6527e_EV-029,2026-03-25T21:15:19.660809+00:00,2026-03-26T01:52:34.408123+00:00,14.5,4.6208,277.25,0002,0039,EV-029,collected,21.25,1.8667,2,0,3,2026,14.5
35a6527e_EV-030,2026-03-25T21:15:19.660809+00:00,2026-03-26T08:04:37.476971+00:00,60.83,10.8216,649.3,0002,0039,EV-030,collected,21.25,8.0667,2,0,3,2026,60.83
35a6527e_EV-031,2026-03-25T21:15:19.660809+00:00,2026-03-26T08:04:37.476971+00:00,56.21,10.8216,649.3,0002,0039,EV-031,collected,21.25,8.0667,2,0,3,2026,56.21
35a6527e_EV-032,2026-03-25T21:15:19.660809+00:00,2026-03-26T01:46:38.747723+00:00,18.0,4.522,271.32,0002,0039,EV-032,collected,21.25,1.7667,2,0,3,2026,18.0
35a6527e_EV-033,2026-03-25T21:15:19.660809+00:00,2026-03-26T03:43:43.215497+00:00,31.5,6.4732,388.39,0002,0039,EV-033,collected,21.25,3.7167,2,0,3,2026,31.5
35a6527e_EV-034,2026-03-25T21:15:19.660809+00:00,2026-03-26T08:04:37.476971+00:00,61.5,10.8216,649.3,0002,0039,EV-034,collected,21.25,8.0667,2,0,3,2026,61.5
35a6527e_EV-035,2026-03-25T21:15:19.660809+00:00,2026-03-26T08:04:37.476971+00:00,52.36,10.8216,649.3,0002,0039,EV-035,collected,21.25,8.0667,2,0,3,2026,52.36
35a6527e_EV-036,2026-03-25T21:15:19.660809+00:00,2026-03-26T07:32:04.060223+00:00,42.35,10.279,616.74,0002,0039,EV-036,collected,21.25,7.5333,2,0,3,2026,42.35
35a6527e_EV-037,2026-03-25T21:15:19.660809+00:00,2026-03-26T07:57:46.668866+00:00,40.02,10.7075,642.45,0002,0039,EV-037,collected,21.25,7.95,2,0,3,2026,40.02
35a6527e_EV-038,2026-03-25T21:15:19.660809+00:00,2026-03-26T04:09:31.487591+00:00,34.2,6.9033,414.2,0002,0039,EV-038,collected,21.25,4.15,2,0,3,2026,34.2
35a6527e_EV-039,2026-03-25T21:15:19.660809+00:00,2026-03-26T08:04:37.476971+00:00,56.05,10.8216,649.3,0002,0039,EV-039,collected,21.25,8.0667,2,0,3,2026,56.05
35a6527e_EV-040,2026-03-25T21:15:19.660809+00:00,2026-03-26T08:04:37.476971+00:00,51.0,10.8216,649.3,0002,0039,EV-040,collected,21.25,8.0667,2,0,3,2026,51.0
35a6527e_EV-041,2026-03-25T21:15:19.660809+00:00,2026-03-26T08:34:35.840008+00:00,36.72,11.3212,679.27,0002,0039,EV-041,collected,21.25,8.5667,2,0,3,2026,36.72
35a6527e_EV-042,2026-03-25T21:15:19.660809+00:00,2026-03-26T07:32:04.060223+00:00,44.66,10.279,616.74,0002,0039,EV-042,collected,21.25,7.5333,2,0,3,2026,44.66
35a6527e_EV-043,2026-03-25T21:15:19.660809+00:00,2026-03-26T08:04:37.476971+00:00,61.75,10.8216,649.3,0002,0039,EV-043,collected,21.25,8.0667,2,0,3,2026,61.75
35a6527e_EV-044,2026-03-25T21:15:19.660809+00:00,2026-03-26T01:51:39.833538+00:00,23.2,4.6056,276.34,0002,0039,EV-044,collected,21.25,1.85,2,0,3,2026,23.2
35a6527e_EV-045,2026-03-25T21:15:19.660809+00:00,2026-03-26T07:32:04.060223+00:00,43.12,10.279,616.74,0002,0039,EV-045,collected,21.25,7.5333,2,0,3,2026,43.12
35a6527e_EV-046,2026-03-25T21:15:19.660809+00:00,2026-03-26T01:53:51.111004+00:00,24.4,4.6421,278.52,0002,0039,EV-046,collected,21.25,1.8833,2,0,3,2026,24.4
35a6527e_EV-047,2026-03-25T21:15:19.660809+00:00,2026-03-26T08:04:37.476971+00:00,64.0,10.8216,649.3,0002,0039,EV-047,collected,21.25,8.0667,2,0,3,2026,64.0
35a6527e_EV-048,2026-03-25T21:15:19.660809+00:00,2026-03-26T07:32:04.060223+00:00,46.98,10.279,616.74,0002,0039,EV-048,collected,21.25,7.5333,2,0,3,2026,46.98
35a6527e_EV-049,2026-03-25T21:15:19.660809+00:00,2026-03-26T07:32:04.060223+00:00,43.12,10.279,616.74,0002,0039,EV-049,collected,21.25,7.5333,2,0,3,2026,43.12
d6051911_EV-001,2026-03-25T21:17:15.628169+00:00,2026-03-26T01:54:15.749019+00:00,20.13,4.6167,277.0,0002,0039,EV-001,collected,21.2833,1.9,2,0,3,2026,20.13
d6051911_EV-002,2026-03-25T21:17:15.628169+00:00,2026-03-26T01:53:35.800898+00:00,22.8,4.6056,276.34,0002,0039,EV-002,collected,21.2833,1.8833,2,0,3,2026,22.8
d6051911_EV-003,2026-03-25T21:17:15.628169+00:00,2026-03-26T01:53:35.800898+00:00,23.43,4.6056,276.34,0002,0039,EV-003,collected,21.2833,1.8833,2,0,3,2026,23.43
d6051911_EV-004,2026-03-25T21:17:15.628169+00:00,2026-03-26T08:36:31.807368+00:00,39.0,11.3212,679.27,0002,0039,EV-004,collected,21.2833,8.6,2,0,3,2026,39.0
d6051911_EV-005,2026-03-25T21:17:15.628169+00:00,2026-03-26T07:34:00.027583+00:00,42.0,10.279,616.74,0002,0039,EV-005,collected,21.2833,7.5667,2,0,3,2026,42.0
d6051911_EV-006,2026-03-25T21:17:15.628169+00:00,2026-03-26T08:06:33.444331+00:00,50.25,10.8216,649.3,0002,0039,EV-006,collected,21.2833,8.1,2,0,3,2026,50.25
d6051911_EV-007,2026-03-25T21:17:15.628169+00:00,2026-03-26T01:58:15.569575+00:00,29.26,4.6833,281.0,0002,0039,EV-007,collected,21.2833,1.9667,2,0,3,2026,29.26
d6051911_EV-008,2026-03-25T21:17:15.628169+00:00,2026-03-26T07:34:00.027583+00:00,43.5,10.279,616.74,0002,0039,EV-008,collected,21.2833,7.5667,2,0,3,2026,43.5
d6051911_EV-009,2026-03-25T21:17:15.628169+00:00,2026-03-26T07:34:00.027583+00:00,45.75,10.279,616.74,0002,0039,EV-009,collected,21.2833,7.5667,2,0,3,2026,45.75
d6051911_EV-010,2026-03-25T21:17:15.628169+00:00,2026-03-26T03:45:39.182857+00:00,31.68,6.4732,388.39,0002,0039,EV-010,collected,21.2833,3.75,2,0,3,2026,31.68
d6051911_EV-011,2026-03-25T21:17:15.628169+00:00,2026-03-26T08:06:33.444331+00:00,62.25,10.8216,649.3,0002,0039,EV-011,collected,21.2833,8.1,2,0,3,2026,62.25
d6051911_EV-012,2026-03-25T21:17:15.628169+00:00,2026-03-26T08:36:31.807368+00:00,36.72,11.3212,679.27,0002,0039,EV-012,collected,21.2833,8.6,2,0,3,2026,36.72
d6051911_EV-013,2026-03-25T21:17:15.628169+00:00,2026-03-26T08:06:33.444331+00:00,51.12,10.8216,649.3,0002,0039,EV-013,collected,21.2833,8.1,2,0,3,2026,51.12
d6051911_EV-014,2026-03-25T21:17:15.628169+00:00,2026-03-26T01:53:35.800898+00:00,23.6,4.6056,276.34,0002,0039,EV-014,collected,21.2833,1.8833,2,0,3,2026,23.6
d6051911_EV-015,2026-03-25T21:17:15.628169+00:00,2026-03-26T02:00:11.975215+00:00,26.5,4.7157,282.94,0002,0039,EV-015,collected,21.2833,2.0,2,0,3,2026,26.5
d6051911_EV-016,2026-03-25T21:17:15.628169+00:00,2026-03-26T08:06:33.444331+00:00,66.0,10.8216,649.3,0002,0039,EV-016,collected,21.2833,8.1,2,0,3,2026,66.0
d6051911_EV-017,2026-03-25T21:17:15.628169+00:00,2026-03-26T04:11:27.454951+00:00,33.06,6.9033,414.2,0002,0039,EV-017,collected,21.2833,4.1833,2,0,3,2026,33.06
d6051911_EV-018,2026-03-25T21:17:15.628169+00:00,2026-03-26T07:34:00.027583+00:00,42.35,10.279,616.74,0002,0039,EV-018,collected,21.2833,7.5667,2,0,3,2026,42.35
d6051911_EV-019,2026-03-25T21:17:15.628169+00:00,2026-03-26T07:34:00.027583+00:00,47.4,10.279,616.74,0002,0039,EV-019,collected,21.2833,7.5667,2,0,3,2026,47.4
d6051911_EV-020,2026-03-25T21:17:15.628169+00:00,2026-03-26T08:06:33.444331+00:00,81.7,10.8216,649.3,0002,0039,EV-020,collected,21.2833,8.1,2,0,3,2026,81.7
d6051911_EV-021,2026-03-25T21:17:15.628169+00:00,2026-03-26T01:55:47.078364+00:00,24.0,4.6421,278.52,0002,0039,EV-021,collected,21.2833,1.9167,2,0,3,2026,24.0
d6051911_EV-022,2026-03-25T21:17:15.628169+00:00,2026-03-26T04:11:27.454951+00:00,35.4,6.9033,414.2,0002,0039,EV-022,collected,21.2833,4.1833,2,0,3,2026,35.4
d6051911_EV-023,2026-03-25T21:17:15.628169+00:00,2026-03-26T08:06:33.444331+00:00,56.8,10.8216,649.3,0002,0039,EV-023,collected,21.2833,8.1,2,0,3,2026,56.8
d6051911_EV-024,2026-03-25T21:17:15.628169+00:00,2026-03-26T07:34:00.027583+00:00,44.8,10.279,616.74,0002,0039,EV-024,collected,21.2833,7.5667,2,0,3,2026,44.8
d6051911_EV-025,2026-03-25T21:17:15.628169+00:00,2026-03-26T04:11:27.454951+00:00,33.0,6.9033,414.2,0002,0039,EV-025,collected,21.2833,4.1833,2,0,3,2026,33.0
d6051911_EV-026,2026-03-25T21:17:15.628169+00:00,2026-03-26T08:06:33.444331+00:00,60.06,10.8216,649.3,0002,0039,EV-026,collected,21.2833,8.1,2,0,3,2026,60.06
d6051911_EV-027,2026-03-25T21:17:15.628169+00:00,2026-03-26T04:11:27.454951+00:00,33.0,6.9033,414.2,0002,0039,EV-027,collected,21.2833,4.1833,2,0,3,2026,33.0
d6051911_EV-028,2026-03-25T21:17:15.628169+00:00,2026-03-26T07:34:00.027583+00:00,47.5,10.279,616.74,0002,0039,EV-028,collected,21.2833,7.5667,2,0,3,2026,47.5
d6051911_EV-029,2026-03-25T21:17:15.628169+00:00,2026-03-26T01:54:30.375483+00:00,14.5,4.6208,277.25,0002,0039,EV-029,collected,21.2833,1.9,2,0,3,2026,14.5
d6051911_EV-030,2026-03-25T21:17:15.628169+00:00,2026-03-26T08:06:33.444331+00:00,60.83,10.8216,649.3,0002,0039,EV-030,collected,21.2833,8.1,2,0,3,2026,60.83
d6051911_EV-031,2026-03-25T21:17:15.628169+00:00,2026-03-26T08:06:33.444331+00:00,56.21,10.8216,649.3,0002,0039,EV-031,collected,21.2833,8.1,2,0,3,2026,56.21
d6051911_EV-032,2026-03-25T21:17:15.628169+00:00,2026-03-26T01:48:34.715083+00:00,18.0,4.522,271.32,0002,0039,EV-032,collected,21.2833,1.8,2,0,3,2026,18.0
d6051911_EV-033,2026-03-25T21:17:15.628169+00:00,2026-03-26T03:45:39.182857+00:00,31.5,6.4732,388.39,0002,0039,EV-033,collected,21.2833,3.75,2,0,3,2026,31.5
d6051911_EV-034,2026-03-25T21:17:15.628169+00:00,2026-03-26T08:06:33.444331+00:00,61.5,10.8216,649.3,0002,0039,EV-034,collected,21.2833,8.1,2,0,3,2026,61.5
d6051911_EV-035,2026-03-25T21:17:15.628169+00:00,2026-03-26T08:06:33.444331+00:00,52.36,10.8216,649.3,0002,0039,EV-035,collected,21.2833,8.1,2,0,3,2026,52.36
d6051911_EV-036,2026-03-25T21:17:15.628169+00:00,2026-03-26T07:34:00.027583+00:00,42.35,10.279,616.74,0002,0039,EV-036,collected,21.2833,7.5667,2,0,3,2026,42.35
d6051911_EV-037,2026-03-25T21:17:15.628169+00:00,2026-03-26T07:59:42.636226+00:00,40.02,10.7075,642.45,0002,0039,EV-037,collected,21.2833,7.9833,2,0,3,2026,40.02
d6051911_EV-038,2026-03-25T21:17:15.628169+00:00,2026-03-26T04:11:27.454951+00:00,34.2,6.9033,414.2,0002,0039,EV-038,collected,21.2833,4.1833,2,0,3,2026,34.2
d6051911_EV-039,2026-03-25T21:17:15.628169+00:00,2026-03-26T08:06:33.444331+00:00,56.05,10.8216,649.3,0002,0039,EV-039,collected,21.2833,8.1,2,0,3,2026,56.05
d6051911_EV-040,2026-03-25T21:17:15.628169+00:00,2026-03-26T08:06:33.444331+00:00,51.0,10.8216,649.3,0002,0039,EV-040,collected,21.2833,8.1,2,0,3,2026,51.0
d6051911_EV-041,2026-03-25T21:17:15.628169+00:00,2026-03-26T08:36:31.807368+00:00,36.72,11.3212,679.27,0002,0039,EV-041,collected,21.2833,8.6,2,0,3,2026,36.72
d6051911_EV-042,2026-03-25T21:17:15.628169+00:00,2026-03-26T07:34:00.027583+00:00,44.66,10.279,616.74,0002,0039,EV-042,collected,21.2833,7.5667,2,0,3,2026,44.66
d6051911_EV-043,2026-03-25T21:17:15.628169+00:00,2026-03-26T08:06:33.444331+00:00,61.75,10.8216,649.3,0002,0039,EV-043,collected,21.2833,8.1,2,0,3,2026,61.75
d6051911_EV-044,2026-03-25T21:17:15.628169+00:00,2026-03-26T01:53:35.800898+00:00,23.2,4.6056,276.34,0002,0039,EV-044,collected,21.2833,1.8833,2,0,3,2026,23.2
d6051911_EV-045,2026-03-25T21:17:15.628169+00:00,2026-03-26T07:34:00.027583+00:00,43.12,10.279,616.74,0002,0039,EV-045,collected,21.2833,7.5667,2,0,3,2026,43.12
d6051911_EV-046,2026-03-25T21:17:15.628169+00:00,2026-03-26T01:55:47.078364+00:00,24.4,4.6421,278.52,0002,0039,EV-046,collected,21.2833,1.9167,2,0,3,2026,24.4
d6051911_EV-047,2026-03-25T21:17:15.628169+00:00,2026-03-26T08:06:33.444331+00:00,64.0,10.8216,649.3,0002,0039,EV-047,collected,21.2833,8.1,2,0,3,2026,64.0
d6051911_EV-048,2026-03-25T21:17:15.628169+00:00,2026-03-26T07:34:00.027583+00:00,46.98,10.279,616.74,0002,0039,EV-048,collected,21.2833,7.5667,2,0,3,2026,46.98
d6051911_EV-049,2026-03-25T21:17:15.628169+00:00,2026-03-26T07:34:00.027583+00:00,43.12,10.279,616.74,0002,0039,EV-049,collected,21.2833,7.5667,2,0,3,2026,43.12
f60962b1_EV-001,2026-03-25T21:23:23.496157+00:00,2026-03-26T02:04:15.402895+00:00,20.13,4.6811,280.87,0002,0039,EV-001,collected,21.3833,2.0667,2,0,3,2026,20.13
f60962b1_EV-002,2026-03-25T21:23:23.496157+00:00,2026-03-26T02:03:35.454775+00:00,22.8,4.67,280.2,0002,0039,EV-002,collected,21.3833,2.05,2,0,3,2026,22.8
f60962b1_EV-003,2026-03-25T21:23:23.496157+00:00,2026-03-26T02:03:35.454775+00:00,23.43,4.67,280.2,0002,0039,EV-003,collected,21.3833,2.05,2,0,3,2026,23.43
f60962b1_EV-004,2026-03-25T21:23:23.496157+00:00,2026-03-26T08:46:31.461245+00:00,39.0,11.3855,683.13,0002,0039,EV-004,collected,21.3833,8.7667,2,0,3,2026,39.0
f60962b1_EV-005,2026-03-25T21:23:23.496157+00:00,2026-03-26T07:43:59.681460+00:00,42.0,10.3434,620.6,0002,0039,EV-005,collected,21.3833,7.7167,2,0,3,2026,42.0
f60962b1_EV-006,2026-03-25T21:23:23.496157+00:00,2026-03-26T08:16:33.098208+00:00,50.25,10.886,653.16,0002,0039,EV-006,collected,21.3833,8.2667,2,0,3,2026,50.25
f60962b1_EV-007,2026-03-25T21:23:23.496157+00:00,2026-03-26T02:08:15.223452+00:00,29.26,4.7477,284.86,0002,0039,EV-007,collected,21.3833,2.1333,2,0,3,2026,29.26
f60962b1_EV-008,2026-03-25T21:23:23.496157+00:00,2026-03-26T07:43:59.681460+00:00,43.5,10.3434,620.6,0002,0039,EV-008,collected,21.3833,7.7167,2,0,3,2026,43.5
f60962b1_EV-009,2026-03-25T21:23:23.496157+00:00,2026-03-26T07:43:59.681460+00:00,45.75,10.3434,620.6,0002,0039,EV-009,collected,21.3833,7.7167,2,0,3,2026,45.75
f60962b1_EV-010,2026-03-25T21:23:23.496157+00:00,2026-03-26T03:55:38.836733+00:00,31.68,6.5376,392.26,0002,0039,EV-010,collected,21.3833,3.9167,2,0,3,2026,31.68
f60962b1_EV-011,2026-03-25T21:23:23.496157+00:00,2026-03-26T08:16:33.098208+00:00,62.25,10.886,653.16,0002,0039,EV-011,collected,21.3833,8.2667,2,0,3,2026,62.25
f60962b1_EV-012,2026-03-25T21:23:23.496157+00:00,2026-03-26T08:46:31.461245+00:00,36.72,11.3855,683.13,0002,0039,EV-012,collected,21.3833,8.7667,2,0,3,2026,36.72
f60962b1_EV-013,2026-03-25T21:23:23.496157+00:00,2026-03-26T08:16:33.098208+00:00,51.12,10.886,653.16,0002,0039,EV-013,collected,21.3833,8.2667,2,0,3,2026,51.12
f60962b1_EV-014,2026-03-25T21:23:23.496157+00:00,2026-03-26T02:03:35.454775+00:00,23.6,4.67,280.2,0002,0039,EV-014,collected,21.3833,2.05,2,0,3,2026,23.6
f60962b1_EV-015,2026-03-25T21:23:23.496157+00:00,2026-03-26T02:10:11.629092+00:00,26.5,4.78,286.8,0002,0039,EV-015,collected,21.3833,2.1667,2,0,3,2026,26.5
f60962b1_EV-016,2026-03-25T21:23:23.496157+00:00,2026-03-26T08:16:33.098208+00:00,66.0,10.886,653.16,0002,0039,EV-016,collected,21.3833,8.2667,2,0,3,2026,66.0
f60962b1_EV-017,2026-03-25T21:23:23.496157+00:00,2026-03-26T04:21:27.108828+00:00,33.06,6.9677,418.06,0002,0039,EV-017,collected,21.3833,4.35,2,0,3,2026,33.06
f60962b1_EV-018,2026-03-25T21:23:23.496157+00:00,2026-03-26T07:43:59.681460+00:00,42.35,10.3434,620.6,0002,0039,EV-018,collected,21.3833,7.7167,2,0,3,2026,42.35
f60962b1_EV-019,2026-03-25T21:23:23.496157+00:00,2026-03-26T07:43:59.681460+00:00,47.4,10.3434,620.6,0002,0039,EV-019,collected,21.3833,7.7167,2,0,3,2026,47.4
f60962b1_EV-020,2026-03-25T21:23:23.496157+00:00,2026-03-26T08:16:33.098208+00:00,81.7,10.886,653.16,0002,0039,EV-020,collected,21.3833,8.2667,2,0,3,2026,81.7
f60962b1_EV-021,2026-03-25T21:23:23.496157+00:00,2026-03-26T02:05:46.732241+00:00,24.0,4.7065,282.39,0002,0039,EV-021,collected,21.3833,2.0833,2,0,3,2026,24.0
f60962b1_EV-022,2026-03-25T21:23:23.496157+00:00,2026-03-26T04:21:27.108828+00:00,35.4,6.9677,418.06,0002,0039,EV-022,collected,21.3833,4.35,2,0,3,2026,35.4
f60962b1_EV-023,2026-03-25T21:23:23.496157+00:00,2026-03-26T08:16:33.098208+00:00,56.8,10.886,653.16,0002,0039,EV-023,collected,21.3833,8.2667,2,0,3,2026,56.8
f60962b1_EV-024,2026-03-25T21:23:23.496157+00:00,2026-03-26T07:43:59.681460+00:00,44.8,10.3434,620.6,0002,0039,EV-024,collected,21.3833,7.7167,2,0,3,2026,44.8
f60962b1_EV-025,2026-03-25T21:23:23.496157+00:00,2026-03-26T04:21:27.108828+00:00,33.0,6.9677,418.06,0002,0039,EV-025,collected,21.3833,4.35,2,0,3,2026,33.0
f60962b1_EV-026,2026-03-25T21:23:23.496157+00:00,2026-03-26T08:16:33.098208+00:00,60.06,10.886,653.16,0002,0039,EV-026,collected,21.3833,8.2667,2,0,3,2026,60.06
f60962b1_EV-027,2026-03-25T21:23:23.496157+00:00,2026-03-26T04:21:27.108828+00:00,33.0,6.9677,418.06,0002,0039,EV-027,collected,21.3833,4.35,2,0,3,2026,33.0
f60962b1_EV-028,2026-03-25T21:23:23.496157+00:00,2026-03-26T07:43:59.681460+00:00,47.5,10.3434,620.6,0002,0039,EV-028,collected,21.3833,7.7167,2,0,3,2026,47.5
f60962b1_EV-029,2026-03-25T21:23:23.496157+00:00,2026-03-26T02:00:45.386416+00:00,14.5,4.6227,277.36,0002,0039,EV-029,collected,21.3833,2.0,2,0,3,2026,14.5
f60962b1_EV-030,2026-03-25T21:23:23.496157+00:00,2026-03-26T08:16:33.098208+00:00,60.83,10.886,653.16,0002,0039,EV-030,collected,21.3833,8.2667,2,0,3,2026,60.83
f60962b1_EV-031,2026-03-25T21:23:23.496157+00:00,2026-03-26T08:16:33.098208+00:00,56.21,10.886,653.16,0002,0039,EV-031,collected,21.3833,8.2667,2,0,3,2026,56.21
f60962b1_EV-032,2026-03-25T21:23:23.496157+00:00,2026-03-26T01:54:49.726015+00:00,18.0,4.524,271.44,0002,0039,EV-032,collected,21.3833,1.9,2,0,3,2026,18.0
f60962b1_EV-033,2026-03-25T21:23:23.496157+00:00,2026-03-26T03:55:38.836733+00:00,31.5,6.5376,392.26,0002,0039,EV-033,collected,21.3833,3.9167,2,0,3,2026,31.5
f60962b1_EV-034,2026-03-25T21:23:23.496157+00:00,2026-03-26T08:16:33.098208+00:00,61.5,10.886,653.16,0002,0039,EV-034,collected,21.3833,8.2667,2,0,3,2026,61.5
f60962b1_EV-035,2026-03-25T21:23:23.496157+00:00,2026-03-26T08:16:33.098208+00:00,52.36,10.886,653.16,0002,0039,EV-035,collected,21.3833,8.2667,2,0,3,2026,52.36
f60962b1_EV-036,2026-03-25T21:23:23.496157+00:00,2026-03-26T07:43:59.681460+00:00,42.35,10.3434,620.6,0002,0039,EV-036,collected,21.3833,7.7167,2,0,3,2026,42.35
f60962b1_EV-037,2026-03-25T21:23:23.496157+00:00,2026-03-26T08:09:42.290102+00:00,40.02,10.7719,646.31,0002,0039,EV-037,collected,21.3833,8.15,2,0,3,2026,40.02
f60962b1_EV-038,2026-03-25T21:23:23.496157+00:00,2026-03-26T04:21:27.108828+00:00,34.2,6.9677,418.06,0002,0039,EV-038,collected,21.3833,4.35,2,0,3,2026,34.2
f60962b1_EV-039,2026-03-25T21:23:23.496157+00:00,2026-03-26T08:16:33.098208+00:00,56.05,10.886,653.16,0002,0039,EV-039,collected,21.3833,8.2667,2,0,3,2026,56.05
f60962b1_EV-040,2026-03-25T21:23:23.496157+00:00,2026-03-26T08:16:33.098208+00:00,51.0,10.886,653.16,0002,0039,EV-040,collected,21.3833,8.2667,2,0,3,2026,51.0
f60962b1_EV-041,2026-03-25T21:23:23.496157+00:00,2026-03-26T08:46:31.461245+00:00,36.72,11.3855,683.13,0002,0039,EV-041,collected,21.3833,8.7667,2,0,3,2026,36.72
f60962b1_EV-042,2026-03-25T21:23:23.496157+00:00,2026-03-26T07:43:59.681460+00:00,44.66,10.3434,620.6,0002,0039,EV-042,collected,21.3833,7.7167,2,0,3,2026,44.66
f60962b1_EV-043,2026-03-25T21:23:23.496157+00:00,2026-03-26T08:16:33.098208+00:00,61.75,10.886,653.16,0002,0039,EV-043,collected,21.3833,8.2667,2,0,3,2026,61.75
f60962b1_EV-044,2026-03-25T21:23:23.496157+00:00,2026-03-26T02:03:35.454775+00:00,23.2,4.67,280.2,0002,0039,EV-044,collected,21.3833,2.05,2,0,3,2026,23.2
f60962b1_EV-045,2026-03-25T21:23:23.496157+00:00,2026-03-26T07:43:59.681460+00:00,43.12,10.3434,620.6,0002,0039,EV-045,collected,21.3833,7.7167,2,0,3,2026,43.12
f60962b1_EV-046,2026-03-25T21:23:23.496157+00:00,2026-03-26T02:05:46.732241+00:00,24.4,4.7065,282.39,0002,0039,EV-046,collected,21.3833,2.0833,2,0,3,2026,24.4
f60962b1_EV-047,2026-03-25T21:23:23.496157+00:00,2026-03-26T08:16:33.098208+00:00,64.0,10.886,653.16,0002,0039,EV-047,collected,21.3833,8.2667,2,0,3,2026,64.0
f60962b1_EV-048,2026-03-25T21:23:23.496157+00:00,2026-03-26T07:43:59.681460+00:00,46.98,10.3434,620.6,0002,0039,EV-048,collected,21.3833,7.7167,2,0,3,2026,46.98
f60962b1_EV-049,2026-03-25T21:23:23.496157+00:00,2026-03-26T07:43:59.681460+00:00,43.12,10.3434,620.6,0002,0039,EV-049,collected,21.3833,7.7167,2,0,3,2026,43.12
5d8babbb_EV-001,2026-03-25T21:24:03.430680+00:00,2026-03-26T02:05:35.882462+00:00,22.0,4.6923,281.54,0002,0039,EV-001,collected,21.4,2.0833,2,0,3,2026,22.0
5d8babbb_EV-002,2026-03-25T21:24:03.430680+00:00,2026-03-26T04:22:07.043351+00:00,34.0,6.9677,418.06,0002,0039,EV-002,collected,21.4,4.3667,2,0,3,2026,34.0
5d8babbb_EV-003,2026-03-25T21:24:03.430680+00:00,2026-03-26T08:10:22.224625+00:00,40.2,10.7719,646.31,0002,0039,EV-003,collected,21.4,8.1667,2,0,3,2026,40.2
5d8babbb_EV-004,2026-03-25T21:24:03.430680+00:00,2026-03-26T08:10:22.224625+00:00,41.25,10.7719,646.31,0002,0039,EV-004,collected,21.4,8.1667,2,0,3,2026,41.25
5d8babbb_EV-005,2026-03-25T21:24:03.430680+00:00,2026-03-26T02:08:55.157975+00:00,27.2,4.7477,284.86,0002,0039,EV-005,collected,21.4,2.1333,2,0,3,2026,27.2
5d8babbb_EV-006,2026-03-25T21:24:03.430680+00:00,2026-03-26T02:04:15.389298+00:00,23.2,4.67,280.2,0002,0039,EV-006,collected,21.4,2.0667,2,0,3,2026,23.2
5d8babbb_EV-007,2026-03-25T21:24:03.430680+00:00,2026-03-26T07:44:39.615983+00:00,43.89,10.3434,620.6,0002,0039,EV-007,collected,21.4,7.7333,2,0,3,2026,43.89
5d8babbb_EV-008,2026-03-25T21:24:03.430680+00:00,2026-03-26T04:22:07.043351+00:00,36.0,6.9677,418.06,0002,0039,EV-008,collected,21.4,4.3667,2,0,3,2026,36.0
5d8babbb_EV-009,2026-03-25T21:24:03.430680+00:00,2026-03-26T08:17:13.032731+00:00,53.9,10.886,653.16,0002,0039,EV-009,collected,21.4,8.2833,2,0,3,2026,53.9
5d8babbb_EV-010,2026-03-25T21:24:03.430680+00:00,2026-03-26T07:44:39.615983+00:00,42.75,10.3434,620.6,0002,0039,EV-010,collected,21.4,7.7333,2,0,3,2026,42.75
5d8babbb_EV-011,2026-03-25T21:24:03.430680+00:00,2026-03-26T02:08:55.157975+00:00,28.5,4.7477,284.86,0002,0039,EV-011,collected,21.4,2.1333,2,0,3,2026,28.5
5d8babbb_EV-012,2026-03-25T21:24:03.430680+00:00,2026-03-26T04:22:07.043351+00:00,35.0,6.9677,418.06,0002,0039,EV-012,collected,21.4,4.3667,2,0,3,2026,35.0
5d8babbb_EV-013,2026-03-25T21:24:03.430680+00:00,2026-03-26T08:17:13.032731+00:00,53.9,10.886,653.16,0002,0039,EV-013,collected,21.4,8.2833,2,0,3,2026,53.9
5d8babbb_EV-014,2026-03-25T21:24:03.430680+00:00,2026-03-26T01:57:26.368302+00:00,17.49,4.5564,273.38,0002,0039,EV-014,collected,21.4,1.95,2,0,3,2026,17.49
5d8babbb_EV-015,2026-03-25T21:24:03.430680+00:00,2026-03-26T08:17:13.032731+00:00,48.0,10.886,653.16,0002,0039,EV-015,collected,21.4,8.2833,2,0,3,2026,48.0
5d8babbb_EV-016,2026-03-25T21:24:03.430680+00:00,2026-03-26T02:08:55.157975+00:00,28.8,4.7477,284.86,0002,0039,EV-016,collected,21.4,2.1333,2,0,3,2026,28.8
5d8babbb_EV-017,2026-03-25T21:24:03.430680+00:00,2026-03-26T04:22:07.043351+00:00,36.0,6.9677,418.06,0002,0039,EV-017,collected,21.4,4.3667,2,0,3,2026,36.0
5d8babbb_EV-018,2026-03-25T21:24:03.430680+00:00,2026-03-26T02:08:55.157975+00:00,30.24,4.7477,284.86,0002,0039,EV-018,collected,21.4,2.1333,2,0,3,2026,30.24
5d8babbb_EV-019,2026-03-25T21:24:03.430680+00:00,2026-03-26T08:47:11.395768+00:00,39.5,11.3855,683.13,0002,0039,EV-019,collected,21.4,8.7833,2,0,3,2026,39.5
5d8babbb_EV-020,2026-03-25T21:24:03.430680+00:00,2026-03-26T04:22:07.043351+00:00,35.25,6.9677,418.06,0002,0039,EV-020,collected,21.4,4.3667,2,0,3,2026,35.25
26f6c719_HEAVY-01,2026-03-25T21:24:03.430680+00:00,2026-03-26T03:56:18.771256+00:00,31.2,6.5376,392.26,0002,0039,HEAVY-01,collected,21.4,3.9333,2,0,3,2026,31.2
26f6c719_HEAVY-02,2026-03-25T21:29:03.430680+00:00,2026-03-26T04:13:00.193375+00:00,34.2,6.7324,403.95,0002,0039,HEAVY-02,collected,21.4833,4.2167,2,0,3,2026,34.2
26f6c719_HEAVY-03,2026-03-25T21:32:03.430680+00:00,2026-03-26T04:31:05.789078+00:00,33.75,6.984,419.04,0002,0039,HEAVY-03,collected,21.5333,4.5167,2,0,3,2026,33.75
26f6c719_HEAVY-04,2026-03-25T21:34:03.430680+00:00,2026-03-26T08:18:06.228532+00:00,53.9,10.7341,644.05,0002,0039,HEAVY-04,collected,21.5667,8.3,2,0,3,2026,53.9
26f6c719_HEAVY-05,2026-03-25T21:39:03.430680+00:00,2026-03-26T03:52:39.438370+00:00,31.0,6.2267,373.6,0002,0039,HEAVY-05,collected,21.65,3.8667,2,0,3,2026,31.0
26f6c719_HEAVY-06,2026-03-25T21:42:03.430680+00:00,2026-03-26T08:37:38.107194+00:00,38.86,10.9263,655.58,0002,0039,HEAVY-06,collected,21.7,8.6167,2,0,3,2026,38.86
26f6c719_HEAVY-07,2026-03-25T21:44:03.430680+00:00,2026-03-26T02:13:57.692155+00:00,27.36,4.4984,269.9,0002,0039,HEAVY-07,collected,21.7333,2.2167,2,0,3,2026,27.36
26f6c719_HEAVY-08,2026-03-25T21:49:03.430680+00:00,2026-03-26T08:10:29.167985+00:00,44.66,10.3571,621.43,0002,0039,HEAVY-08,collected,21.8167,8.1667,2,0,3,2026,44.66
26f6c719_HEAVY-09,2026-03-25T21:52:03.430680+00:00,2026-03-26T04:07:40.114030+00:00,32.8,6.2602,375.61,0002,0039,HEAVY-09,collected,21.8667,4.1167,2,0,3,2026,32.8
26f6c719_HEAVY-10,2026-03-25T21:54:03.430680+00:00,2026-03-26T02:30:24.504288+00:00,27.0,4.6059,276.35,0002,0039,HEAVY-10,collected,21.9,2.5,2,0,3,2026,27.0
26f6c719_HEAVY-11,2026-03-25T21:59:03.430680+00:00,2026-03-26T09:06:16.383561+00:00,60.0,11.1203,667.22,0002,0039,HEAVY-11,collected,21.9833,9.1,2,0,3,2026,60.0
26f6c719_HEAVY-12,2026-03-25T22:02:03.430680+00:00,2026-03-26T08:59:14.856461+00:00,42.75,10.9532,657.19,0002,0039,HEAVY-12,collected,22.0333,8.9833,2,0,3,2026,42.75
26f6c719_HEAVY-13,2026-03-25T22:04:03.430680+00:00,2026-03-26T02:24:32.705582+00:00,23.1,4.3415,260.49,0002,0039,HEAVY-13,collected,22.0667,2.4,2,0,3,2026,23.1
26f6c719_HEAVY-14,2026-03-25T22:09:03.430680+00:00,2026-03-26T03:02:11.064347+00:00,29.6,4.8855,293.13,0002,0039,HEAVY-14,collected,22.15,3.0333,2,0,3,2026,29.6
26f6c719_HEAVY-15,2026-03-25T22:12:03.430680+00:00,2026-03-26T03:14:22.576188+00:00,26.0,5.0387,302.32,0002,0039,HEAVY-15,collected,22.2,3.2333,2,0,3,2026,26.0
26f6c719_HEAVY-16,2026-03-25T22:14:03.430680+00:00,2026-03-26T05:39:55.152482+00:00,34.5,7.431,445.86,0002,0039,HEAVY-16,collected,22.2333,5.65,2,0,3,2026,34.5
26f6c719_HEAVY-17,2026-03-25T22:19:03.430680+00:00,2026-03-26T10:17:15.204362+00:00,38.16,11.9699,718.2,0002,0039,HEAVY-17,collected,22.3167,10.2833,2,0,3,2026,38.16
26f6c719_HEAVY-18,2026-03-25T22:22:03.430680+00:00,2026-03-26T02:22:48.665971+00:00,22.5,4.0126,240.75,0002,0039,HEAVY-18,collected,22.3667,2.3667,2,0,3,2026,22.5
26f6c719_HEAVY-19,2026-03-25T22:24:03.430680+00:00,2026-03-26T06:30:07.748307+00:00,32.4,8.1012,486.07,0002,0039,HEAVY-19,collected,22.4,6.5,2,0,3,2026,32.4
26f6c719_HEAVY-20,2026-03-25T22:29:03.430680+00:00,2026-03-26T04:24:56.344498+00:00,30.0,5.9314,355.88,0002,0039,HEAVY-20,collected,22.4833,4.4,2,0,3,2026,30.0
26f6c719_HEAVY-21,2026-03-25T22:34:03.430680+00:00,2026-03-26T11:25:48.881119+00:00,36.96,12.8626,771.76,0002,0039,HEAVY-21,collected,22.5667,11.4167,2,0,3,2026,36.96
26f6c719_HEAVY-22,2026-03-25T22:39:03.430680+00:00,2026-03-26T11:21:22.052506+00:00,58.52,12.7052,762.31,0002,0039,HEAVY-22,collected,22.65,11.35,2,0,3,2026,58.52
26f6c719_HEAVY-23,2026-03-25T22:44:03.430680+00:00,2026-03-26T06:44:40.833634+00:00,32.0,8.0104,480.62,0002,0039,HEAVY-23,collected,22.7333,6.7333,2,0,3,2026,32.0
26f6c719_HEAVY-24,2026-03-25T22:49:03.430680+00:00,2026-03-26T04:19:46.718644+00:00,17.4,5.512,330.72,0002,0039,HEAVY-24,collected,22.8167,4.3167,2,0,3,2026,17.4
26f6c719_HEAVY-25,2026-03-25T22:54:03.430680+00:00,2026-03-26T12:19:09.000748+00:00,58.5,13.4182,805.09,0002,0039,HEAVY-25,collected,22.9,12.3167,2,0,3,2026,58.5
8e56168a_KNOWN-01,2026-03-25T21:24:03.430680+00:00,2026-03-25T22:54:03.430680+00:00,26.0,1.5,90.0,0002,0039,KNOWN-01,collected,21.4,22.9,2,0,3,2026,26.0
8e56168a_KNOWN-02,2026-03-25T21:29:03.430680+00:00,2026-03-25T23:29:03.430680+00:00,36.0,2.0,120.0,0002,0039,KNOWN-02,collected,21.4833,23.4833,2,0,3,2026,36.0
8e56168a_KNOWN-03,2026-03-25T21:34:03.430680+00:00,2026-03-26T00:04:03.430680+00:00,31.5,2.5,150.0,0002,0039,KNOWN-03,collected,21.5667,0.0667,2,0,3,2026,31.5
8e56168a_KNOWN-04,2026-03-25T21:36:03.430680+00:00,2026-03-25T23:06:03.430680+00:00,33.75,1.5,90.0,0002,0039,KNOWN-04,collected,21.6,23.1,2,0,3,2026,33.75
8e56168a_KNOWN-05,2026-03-25T21:39:03.430680+00:00,2026-03-25T23:39:03.430680+00:00,53.9,2.0,120.0,0002,0039,KNOWN-05,collected,21.65,23.65,2,0,3,2026,53.9
8e56168a_KNOWN-06,2026-03-25T21:42:03.430680+00:00,2026-03-26T00:42:03.430680+00:00,33.06,3.0,180.0,0002,0039,KNOWN-06,collected,21.7,0.7,2,0,3,2026,33.06
8e56168a_KNOWN-07,2026-03-25T21:44:03.430680+00:00,2026-03-25T23:14:03.430680+00:00,26.0,1.5,90.0,0002,0039,KNOWN-07,collected,21.7333,23.2333,2,0,3,2026,26.0
8e56168a_KNOWN-08,2026-03-25T21:49:03.430680+00:00,2026-03-25T23:49:03.430680+00:00,28.8,2.0,120.0,0002,0039,KNOWN-08,collected,21.8167,23.8167,2,0,3,2026,28.8
8e56168a_UNKNOWN-01,2026-03-25T21:54:03.430680+00:00,2026-03-26T08:26:13.560075+00:00,43.2,10.5361,632.17,0002,0039,UNKNOWN-01,collected,21.9,8.4333,2,0,3,2026,43.2
8e56168a_UNKNOWN-02,2026-03-25T21:59:03.430680+00:00,2026-03-26T09:17:38.707780+00:00,38.5,11.3098,678.59,0002,0039,UNKNOWN-02,collected,21.9833,9.2833,2,0,3,2026,38.5
8e56168a_UNKNOWN-03,2026-03-25T22:04:03.430680+00:00,2026-03-26T02:26:15.695084+00:00,27.2,4.3701,262.2,0002,0039,UNKNOWN-03,collected,22.0667,2.4333,2,0,3,2026,27.2
8e56168a_UNKNOWN-04,2026-03-25T22:09:03.430680+00:00,2026-03-26T05:31:46.942033+00:00,31.5,7.3788,442.73,0002,0039,UNKNOWN-04,collected,22.15,5.5167,2,0,3,2026,31.5
8e56168a_UNKNOWN-05,2026-03-25T22:14:03.430680+00:00,2026-03-26T09:40:31.478776+00:00,40.6,11.4411,686.47,0002,0039,UNKNOWN-05,collected,22.2333,9.6667,2,0,3,2026,40.6
8e56168a_UNKNOWN-06,2026-03-25T22:19:03.430680+00:00,2026-03-26T09:45:31.478776+00:00,40.85,11.4411,686.47,0002,0039,UNKNOWN-06,collected,22.3167,9.75,2,0,3,2026,40.85
8e56168a_UNKNOWN-07,2026-03-25T22:24:03.430680+00:00,2026-03-26T06:30:07.748307+00:00,32.0,8.1012,486.07,0002,0039,UNKNOWN-07,collected,22.4,6.5,2,0,3,2026,32.0
8e56168a_UNKNOWN-08,2026-03-25T22:29:03.430680+00:00,2026-03-26T04:24:56.344498+00:00,28.0,5.9314,355.88,0002,0039,UNKNOWN-08,collected,22.4833,4.4,2,0,3,2026,28.0
8e56168a_UNKNOWN-09,2026-03-25T22:34:03.430680+00:00,2026-03-26T10:47:20.891618+00:00,43.89,12.2215,733.29,0002,0039,UNKNOWN-09,collected,22.5667,10.7833,2,0,3,2026,43.89
8e56168a_UNKNOWN-10,2026-03-25T22:39:03.430680+00:00,2026-03-26T11:21:22.052506+00:00,58.32,12.7052,762.31,0002,0039,UNKNOWN-10,collected,22.65,11.35,2,0,3,2026,58.32
8e56168a_UNKNOWN-11,2026-03-25T22:44:03.430680+00:00,2026-03-26T04:40:17.125138+00:00,15.18,5.9371,356.23,0002,0039,UNKNOWN-11,collected,22.7333,4.6667,2,0,3,2026,15.18
8e56168a_UNKNOWN-12,2026-03-25T22:54:03.430680+00:00,2026-03-26T07:08:45.407609+00:00,30.6,8.245,494.7,0002,0039,UNKNOWN-12,collected,22.9,7.1333,2,0,3,2026,30.6
a99de447_EV-001,2026-03-25T21:24:28.447065+00:00,2026-03-26T02:05:20.353803+00:00,20.13,4.6811,280.87,0002,0039,EV-001,collected,21.4,2.0833,2,0,3,2026,20.13
a99de447_EV-002,2026-03-25T21:24:28.447065+00:00,2026-03-26T02:04:40.405683+00:00,22.8,4.67,280.2,0002,0039,EV-002,collected,21.4,2.0667,2,0,3,2026,22.8
a99de447_EV-003,2026-03-25T21:24:28.447065+00:00,2026-03-26T02:04:40.405683+00:00,23.43,4.67,280.2,0002,0039,EV-003,collected,21.4,2.0667,2,0,3,2026,23.43
a99de447_EV-004,2026-03-25T21:24:28.447065+00:00,2026-03-26T08:47:36.412153+00:00,39.0,11.3855,683.13,0002,0039,EV-004,collected,21.4,8.7833,2,0,3,2026,39.0
a99de447_EV-005,2026-03-25T21:24:28.447065+00:00,2026-03-26T07:45:04.632368+00:00,42.0,10.3434,620.6,0002,0039,EV-005,collected,21.4,7.75,2,0,3,2026,42.0
a99de447_EV-006,2026-03-25T21:24:28.447065+00:00,2026-03-26T08:17:38.049116+00:00,50.25,10.886,653.16,0002,0039,EV-006,collected,21.4,8.2833,2,0,3,2026,50.25
a99de447_EV-007,2026-03-25T21:24:28.447065+00:00,2026-03-26T02:09:20.174360+00:00,29.26,4.7477,284.86,0002,0039,EV-007,collected,21.4,2.15,2,0,3,2026,29.26
a99de447_EV-008,2026-03-25T21:24:28.447065+00:00,2026-03-26T07:45:04.632368+00:00,43.5,10.3434,620.6,0002,0039,EV-008,collected,21.4,7.75,2,0,3,2026,43.5
a99de447_EV-009,2026-03-25T21:24:28.447065+00:00,2026-03-26T07:45:04.632368+00:00,45.75,10.3434,620.6,0002,0039,EV-009,collected,21.4,7.75,2,0,3,2026,45.75
a99de447_EV-010,2026-03-25T21:24:28.447065+00:00,2026-03-26T03:56:43.787641+00:00,31.68,6.5376,392.26,0002,0039,EV-010,collected,21.4,3.9333,2,0,3,2026,31.68
44058076_EV-001,2026-03-25T21:24:35.575717+00:00,2026-03-26T02:05:27.482455+00:00,20.13,4.6811,280.87,0002,0039,EV-001,collected,21.4,2.0833,2,0,3,2026,20.13
44058076_EV-002,2026-03-25T21:24:35.575717+00:00,2026-03-26T02:04:47.534335+00:00,22.8,4.67,280.2,0002,0039,EV-002,collected,21.4,2.0667,2,0,3,2026,22.8
44058076_EV-003,2026-03-25T21:24:35.575717+00:00,2026-03-26T02:04:47.534335+00:00,23.43,4.67,280.2,0002,0039,EV-003,collected,21.4,2.0667,2,0,3,2026,23.43
44058076_EV-004,2026-03-25T21:24:35.575717+00:00,2026-03-26T08:47:43.540805+00:00,39.0,11.3855,683.13,0002,0039,EV-004,collected,21.4,8.7833,2,0,3,2026,39.0
44058076_EV-005,2026-03-25T21:24:35.575717+00:00,2026-03-26T07:45:11.761020+00:00,42.0,10.3434,620.6,0002,0039,EV-005,collected,21.4,7.75,2,0,3,2026,42.0
44058076_EV-006,2026-03-25T21:24:35.575717+00:00,2026-03-26T08:17:45.177768+00:00,50.25,10.886,653.16,0002,0039,EV-006,collected,21.4,8.2833,2,0,3,2026,50.25
44058076_EV-007,2026-03-25T21:24:35.575717+00:00,2026-03-26T02:09:27.303012+00:00,29.26,4.7477,284.86,0002,0039,EV-007,collected,21.4,2.15,2,0,3,2026,29.26
44058076_EV-008,2026-03-25T21:24:35.575717+00:00,2026-03-26T07:45:11.761020+00:00,43.5,10.3434,620.6,0002,0039,EV-008,collected,21.4,7.75,2,0,3,2026,43.5
44058076_EV-009,2026-03-25T21:24:35.575717+00:00,2026-03-26T07:45:11.761020+00:00,45.75,10.3434,620.6,0002,0039,EV-009,collected,21.4,7.75,2,0,3,2026,45.75
44058076_EV-010,2026-03-25T21:24:35.575717+00:00,2026-03-26T03:56:50.916293+00:00,31.68,6.5376,392.26,0002,0039,EV-010,collected,21.4,3.9333,2,0,3,2026,31.68
44058076_EV-011,2026-03-25T21:24:35.575717+00:00,2026-03-26T08:17:45.177768+00:00,62.25,10.886,653.16,0002,0039,EV-011,collected,21.4,8.2833,2,0,3,2026,62.25
44058076_EV-012,2026-03-25T21:24:35.575717+00:00,2026-03-26T08:47:43.540805+00:00,36.72,11.3855,683.13,0002,0039,EV-012,collected,21.4,8.7833,2,0,3,2026,36.72
44058076_EV-013,2026-03-25T21:24:35.575717+00:00,2026-03-26T08:17:45.177768+00:00,51.12,10.886,653.16,0002,0039,EV-013,collected,21.4,8.2833,2,0,3,2026,51.12
44058076_EV-014,2026-03-25T21:24:35.575717+00:00,2026-03-26T02:04:47.534335+00:00,23.6,4.67,280.2,0002,0039,EV-014,collected,21.4,2.0667,2,0,3,2026,23.6
44058076_EV-015,2026-03-25T21:24:35.575717+00:00,2026-03-26T02:11:23.708652+00:00,26.5,4.78,286.8,0002,0039,EV-015,collected,21.4,2.1833,2,0,3,2026,26.5
44058076_EV-016,2026-03-25T21:24:35.575717+00:00,2026-03-26T08:17:45.177768+00:00,66.0,10.886,653.16,0002,0039,EV-016,collected,21.4,8.2833,2,0,3,2026,66.0
44058076_EV-017,2026-03-25T21:24:35.575717+00:00,2026-03-26T04:22:39.188388+00:00,33.06,6.9677,418.06,0002,0039,EV-017,collected,21.4,4.3667,2,0,3,2026,33.06
44058076_EV-018,2026-03-25T21:24:35.575717+00:00,2026-03-26T07:45:11.761020+00:00,42.35,10.3434,620.6,0002,0039,EV-018,collected,21.4,7.75,2,0,3,2026,42.35
44058076_EV-019,2026-03-25T21:24:35.575717+00:00,2026-03-26T07:45:11.761020+00:00,47.4,10.3434,620.6,0002,0039,EV-019,collected,21.4,7.75,2,0,3,2026,47.4
44058076_EV-020,2026-03-25T21:24:35.575717+00:00,2026-03-26T08:17:45.177768+00:00,81.7,10.886,653.16,0002,0039,EV-020,collected,21.4,8.2833,2,0,3,2026,81.7
44058076_EV-021,2026-03-25T21:24:35.575717+00:00,2026-03-26T02:06:58.811801+00:00,24.0,4.7065,282.39,0002,0039,EV-021,collected,21.4,2.1,2,0,3,2026,24.0
44058076_EV-022,2026-03-25T21:24:35.575717+00:00,2026-03-26T04:22:39.188388+00:00,35.4,6.9677,418.06,0002,0039,EV-022,collected,21.4,4.3667,2,0,3,2026,35.4
44058076_EV-023,2026-03-25T21:24:35.575717+00:00,2026-03-26T08:17:45.177768+00:00,56.8,10.886,653.16,0002,0039,EV-023,collected,21.4,8.2833,2,0,3,2026,56.8
44058076_EV-024,2026-03-25T21:24:35.575717+00:00,2026-03-26T07:45:11.761020+00:00,44.8,10.3434,620.6,0002,0039,EV-024,collected,21.4,7.75,2,0,3,2026,44.8
44058076_EV-025,2026-03-25T21:24:35.575717+00:00,2026-03-26T04:22:39.188388+00:00,33.0,6.9677,418.06,0002,0039,EV-025,collected,21.4,4.3667,2,0,3,2026,33.0
44058076_EV-026,2026-03-25T21:24:35.575717+00:00,2026-03-26T08:17:45.177768+00:00,60.06,10.886,653.16,0002,0039,EV-026,collected,21.4,8.2833,2,0,3,2026,60.06
44058076_EV-027,2026-03-25T21:24:35.575717+00:00,2026-03-26T04:22:39.188388+00:00,33.0,6.9677,418.06,0002,0039,EV-027,collected,21.4,4.3667,2,0,3,2026,33.0
44058076_EV-028,2026-03-25T21:24:35.575717+00:00,2026-03-26T07:45:11.761020+00:00,47.5,10.3434,620.6,0002,0039,EV-028,collected,21.4,7.75,2,0,3,2026,47.5
44058076_EV-029,2026-03-25T21:24:35.575717+00:00,2026-03-26T02:01:57.465976+00:00,14.5,4.6227,277.36,0002,0039,EV-029,collected,21.4,2.0167,2,0,3,2026,14.5
44058076_EV-030,2026-03-25T21:24:35.575717+00:00,2026-03-26T08:17:45.177768+00:00,60.83,10.886,653.16,0002,0039,EV-030,collected,21.4,8.2833,2,0,3,2026,60.83
44058076_EV-031,2026-03-25T21:24:35.575717+00:00,2026-03-26T08:17:45.177768+00:00,56.21,10.886,653.16,0002,0039,EV-031,collected,21.4,8.2833,2,0,3,2026,56.21
44058076_EV-032,2026-03-25T21:24:35.575717+00:00,2026-03-26T01:56:01.805575+00:00,18.0,4.524,271.44,0002,0039,EV-032,collected,21.4,1.9333,2,0,3,2026,18.0
44058076_EV-033,2026-03-25T21:24:35.575717+00:00,2026-03-26T03:56:50.916293+00:00,31.5,6.5376,392.26,0002,0039,EV-033,collected,21.4,3.9333,2,0,3,2026,31.5
44058076_EV-034,2026-03-25T21:24:35.575717+00:00,2026-03-26T08:17:45.177768+00:00,61.5,10.886,653.16,0002,0039,EV-034,collected,21.4,8.2833,2,0,3,2026,61.5
44058076_EV-035,2026-03-25T21:24:35.575717+00:00,2026-03-26T08:17:45.177768+00:00,52.36,10.886,653.16,0002,0039,EV-035,collected,21.4,8.2833,2,0,3,2026,52.36
44058076_EV-036,2026-03-25T21:24:35.575717+00:00,2026-03-26T07:45:11.761020+00:00,42.35,10.3434,620.6,0002,0039,EV-036,collected,21.4,7.75,2,0,3,2026,42.35
44058076_EV-037,2026-03-25T21:24:35.575717+00:00,2026-03-26T08:10:54.369662+00:00,40.02,10.7719,646.31,0002,0039,EV-037,collected,21.4,8.1667,2,0,3,2026,40.02
44058076_EV-038,2026-03-25T21:24:35.575717+00:00,2026-03-26T04:22:39.188388+00:00,34.2,6.9677,418.06,0002,0039,EV-038,collected,21.4,4.3667,2,0,3,2026,34.2
44058076_EV-039,2026-03-25T21:24:35.575717+00:00,2026-03-26T08:17:45.177768+00:00,56.05,10.886,653.16,0002,0039,EV-039,collected,21.4,8.2833,2,0,3,2026,56.05
44058076_EV-040,2026-03-25T21:24:35.575717+00:00,2026-03-26T08:17:45.177768+00:00,51.0,10.886,653.16,0002,0039,EV-040,collected,21.4,8.2833,2,0,3,2026,51.0
44058076_EV-041,2026-03-25T21:24:35.575717+00:00,2026-03-26T08:47:43.540805+00:00,36.72,11.3855,683.13,0002,0039,EV-041,collected,21.4,8.7833,2,0,3,2026,36.72
aaa2d6a9_EV-001,2026-03-25T21:24:51.898654+00:00,2026-03-26T02:05:43.805392+00:00,20.13,4.6811,280.87,0002,0039,EV-001,collected,21.4,2.0833,2,0,3,2026,20.13
aaa2d6a9_EV-002,2026-03-25T21:24:51.898654+00:00,2026-03-26T02:05:03.857272+00:00,22.8,4.67,280.2,0002,0039,EV-002,collected,21.4,2.0833,2,0,3,2026,22.8
aaa2d6a9_EV-003,2026-03-25T21:24:51.898654+00:00,2026-03-26T02:05:03.857272+00:00,23.43,4.67,280.2,0002,0039,EV-003,collected,21.4,2.0833,2,0,3,2026,23.43
aaa2d6a9_EV-004,2026-03-25T21:24:51.898654+00:00,2026-03-26T08:47:59.863742+00:00,39.0,11.3855,683.13,0002,0039,EV-004,collected,21.4,8.7833,2,0,3,2026,39.0
aaa2d6a9_EV-005,2026-03-25T21:24:51.898654+00:00,2026-03-26T07:45:28.083957+00:00,42.0,10.3434,620.6,0002,0039,EV-005,collected,21.4,7.75,2,0,3,2026,42.0
aaa2d6a9_EV-006,2026-03-25T21:24:51.898654+00:00,2026-03-26T08:18:01.500705+00:00,50.25,10.886,653.16,0002,0039,EV-006,collected,21.4,8.3,2,0,3,2026,50.25
aaa2d6a9_EV-007,2026-03-25T21:24:51.898654+00:00,2026-03-26T02:09:43.625949+00:00,29.26,4.7477,284.86,0002,0039,EV-007,collected,21.4,2.15,2,0,3,2026,29.26
aaa2d6a9_EV-008,2026-03-25T21:24:51.898654+00:00,2026-03-26T07:45:28.083957+00:00,43.5,10.3434,620.6,0002,0039,EV-008,collected,21.4,7.75,2,0,3,2026,43.5
aaa2d6a9_EV-009,2026-03-25T21:24:51.898654+00:00,2026-03-26T07:45:28.083957+00:00,45.75,10.3434,620.6,0002,0039,EV-009,collected,21.4,7.75,2,0,3,2026,45.75
aaa2d6a9_EV-010,2026-03-25T21:24:51.898654+00:00,2026-03-26T03:57:07.239230+00:00,31.68,6.5376,392.26,0002,0039,EV-010,collected,21.4,3.95,2,0,3,2026,31.68
aaa2d6a9_EV-011,2026-03-25T21:24:51.898654+00:00,2026-03-26T08:18:01.500705+00:00,62.25,10.886,653.16,0002,0039,EV-011,collected,21.4,8.3,2,0,3,2026,62.25
aaa2d6a9_EV-012,2026-03-25T21:24:51.898654+00:00,2026-03-26T08:47:59.863742+00:00,36.72,11.3855,683.13,0002,0039,EV-012,collected,21.4,8.7833,2,0,3,2026,36.72
aaa2d6a9_EV-013,2026-03-25T21:24:51.898654+00:00,2026-03-26T08:18:01.500705+00:00,51.12,10.886,653.16,0002,0039,EV-013,collected,21.4,8.3,2,0,3,2026,51.12
aaa2d6a9_EV-014,2026-03-25T21:24:51.898654+00:00,2026-03-26T02:05:03.857272+00:00,23.6,4.67,280.2,0002,0039,EV-014,collected,21.4,2.0833,2,0,3,2026,23.6
aaa2d6a9_EV-015,2026-03-25T21:24:51.898654+00:00,2026-03-26T02:11:40.031589+00:00,26.5,4.78,286.8,0002,0039,EV-015,collected,21.4,2.1833,2,0,3,2026,26.5
aaa2d6a9_EV-016,2026-03-25T21:24:51.898654+00:00,2026-03-26T08:18:01.500705+00:00,66.0,10.886,653.16,0002,0039,EV-016,collected,21.4,8.3,2,0,3,2026,66.0
aaa2d6a9_EV-017,2026-03-25T21:24:51.898654+00:00,2026-03-26T04:22:55.511325+00:00,33.06,6.9677,418.06,0002,0039,EV-017,collected,21.4,4.3667,2,0,3,2026,33.06
aaa2d6a9_EV-018,2026-03-25T21:24:51.898654+00:00,2026-03-26T07:45:28.083957+00:00,42.35,10.3434,620.6,0002,0039,EV-018,collected,21.4,7.75,2,0,3,2026,42.35
aaa2d6a9_EV-019,2026-03-25T21:24:51.898654+00:00,2026-03-26T07:45:28.083957+00:00,47.4,10.3434,620.6,0002,0039,EV-019,collected,21.4,7.75,2,0,3,2026,47.4
aaa2d6a9_EV-020,2026-03-25T21:24:51.898654+00:00,2026-03-26T08:18:01.500705+00:00,81.7,10.886,653.16,0002,0039,EV-020,collected,21.4,8.3,2,0,3,2026,81.7
aaa2d6a9_EV-021,2026-03-25T21:24:51.898654+00:00,2026-03-26T02:07:15.134738+00:00,24.0,4.7065,282.39,0002,0039,EV-021,collected,21.4,2.1167,2,0,3,2026,24.0
aaa2d6a9_EV-022,2026-03-25T21:24:51.898654+00:00,2026-03-26T04:22:55.511325+00:00,35.4,6.9677,418.06,0002,0039,EV-022,collected,21.4,4.3667,2,0,3,2026,35.4
aaa2d6a9_EV-023,2026-03-25T21:24:51.898654+00:00,2026-03-26T08:18:01.500705+00:00,56.8,10.886,653.16,0002,0039,EV-023,collected,21.4,8.3,2,0,3,2026,56.8
aaa2d6a9_EV-024,2026-03-25T21:24:51.898654+00:00,2026-03-26T07:45:28.083957+00:00,44.8,10.3434,620.6,0002,0039,EV-024,collected,21.4,7.75,2,0,3,2026,44.8
aaa2d6a9_EV-025,2026-03-25T21:24:51.898654+00:00,2026-03-26T04:22:55.511325+00:00,33.0,6.9677,418.06,0002,0039,EV-025,collected,21.4,4.3667,2,0,3,2026,33.0
aaa2d6a9_EV-026,2026-03-25T21:24:51.898654+00:00,2026-03-26T08:18:01.500705+00:00,60.06,10.886,653.16,0002,0039,EV-026,collected,21.4,8.3,2,0,3,2026,60.06
aaa2d6a9_EV-027,2026-03-25T21:24:51.898654+00:00,2026-03-26T04:22:55.511325+00:00,33.0,6.9677,418.06,0002,0039,EV-027,collected,21.4,4.3667,2,0,3,2026,33.0
aaa2d6a9_EV-028,2026-03-25T21:24:51.898654+00:00,2026-03-26T07:45:28.083957+00:00,47.5,10.3434,620.6,0002,0039,EV-028,collected,21.4,7.75,2,0,3,2026,47.5
aaa2d6a9_EV-029,2026-03-25T21:24:51.898654+00:00,2026-03-26T02:02:13.788913+00:00,14.5,4.6227,277.36,0002,0039,EV-029,collected,21.4,2.0333,2,0,3,2026,14.5
aaa2d6a9_EV-030,2026-03-25T21:24:51.898654+00:00,2026-03-26T08:18:01.500705+00:00,60.83,10.886,653.16,0002,0039,EV-030,collected,21.4,8.3,2,0,3,2026,60.83
aaa2d6a9_EV-031,2026-03-25T21:24:51.898654+00:00,2026-03-26T08:18:01.500705+00:00,56.21,10.886,653.16,0002,0039,EV-031,collected,21.4,8.3,2,0,3,2026,56.21
aaa2d6a9_EV-032,2026-03-25T21:24:51.898654+00:00,2026-03-26T01:56:18.128512+00:00,18.0,4.524,271.44,0002,0039,EV-032,collected,21.4,1.9333,2,0,3,2026,18.0
aaa2d6a9_EV-033,2026-03-25T21:24:51.898654+00:00,2026-03-26T03:57:07.239230+00:00,31.5,6.5376,392.26,0002,0039,EV-033,collected,21.4,3.95,2,0,3,2026,31.5
aaa2d6a9_EV-034,2026-03-25T21:24:51.898654+00:00,2026-03-26T08:18:01.500705+00:00,61.5,10.886,653.16,0002,0039,EV-034,collected,21.4,8.3,2,0,3,2026,61.5
aaa2d6a9_EV-035,2026-03-25T21:24:51.898654+00:00,2026-03-26T08:18:01.500705+00:00,52.36,10.886,653.16,0002,0039,EV-035,collected,21.4,8.3,2,0,3,2026,52.36
aaa2d6a9_EV-036,2026-03-25T21:24:51.898654+00:00,2026-03-26T07:45:28.083957+00:00,42.35,10.3434,620.6,0002,0039,EV-036,collected,21.4,7.75,2,0,3,2026,42.35
aaa2d6a9_EV-037,2026-03-25T21:24:51.898654+00:00,2026-03-26T08:11:10.692599+00:00,40.02,10.7719,646.31,0002,0039,EV-037,collected,21.4,8.1833,2,0,3,2026,40.02
aaa2d6a9_EV-038,2026-03-25T21:24:51.898654+00:00,2026-03-26T04:22:55.511325+00:00,34.2,6.9677,418.06,0002,0039,EV-038,collected,21.4,4.3667,2,0,3,2026,34.2
aaa2d6a9_EV-039,2026-03-25T21:24:51.898654+00:00,2026-03-26T08:18:01.500705+00:00,56.05,10.886,653.16,0002,0039,EV-039,collected,21.4,8.3,2,0,3,2026,56.05
aaa2d6a9_EV-040,2026-03-25T21:24:51.898654+00:00,2026-03-26T08:18:01.500705+00:00,51.0,10.886,653.16,0002,0039,EV-040,collected,21.4,8.3,2,0,3,2026,51.0
aaa2d6a9_EV-041,2026-03-25T21:24:51.898654+00:00,2026-03-26T08:47:59.863742+00:00,36.72,11.3855,683.13,0002,0039,EV-041,collected,21.4,8.7833,2,0,3,2026,36.72
aaa2d6a9_EV-042,2026-03-25T21:24:51.898654+00:00,2026-03-26T07:45:28.083957+00:00,44.66,10.3434,620.6,0002,0039,EV-042,collected,21.4,7.75,2,0,3,2026,44.66
aaa2d6a9_EV-043,2026-03-25T21:24:51.898654+00:00,2026-03-26T08:18:01.500705+00:00,61.75,10.886,653.16,0002,0039,EV-043,collected,21.4,8.3,2,0,3,2026,61.75
aaa2d6a9_EV-044,2026-03-25T21:24:51.898654+00:00,2026-03-26T02:05:03.857272+00:00,23.2,4.67,280.2,0002,0039,EV-044,collected,21.4,2.0833,2,0,3,2026,23.2
aaa2d6a9_EV-045,2026-03-25T21:24:51.898654+00:00,2026-03-26T07:45:28.083957+00:00,43.12,10.3434,620.6,0002,0039,EV-045,collected,21.4,7.75,2,0,3,2026,43.12
aaa2d6a9_EV-046,2026-03-25T21:24:51.898654+00:00,2026-03-26T02:07:15.134738+00:00,24.4,4.7065,282.39,0002,0039,EV-046,collected,21.4,2.1167,2,0,3,2026,24.4
aaa2d6a9_EV-047,2026-03-25T21:24:51.898654+00:00,2026-03-26T08:18:01.500705+00:00,64.0,10.886,653.16,0002,0039,EV-047,collected,21.4,8.3,2,0,3,2026,64.0
aaa2d6a9_EV-048,2026-03-25T21:24:51.898654+00:00,2026-03-26T07:45:28.083957+00:00,46.98,10.3434,620.6,0002,0039,EV-048,collected,21.4,7.75,2,0,3,2026,46.98
aaa2d6a9_EV-049,2026-03-25T21:24:51.898654+00:00,2026-03-26T07:45:28.083957+00:00,43.12,10.3434,620.6,0002,0039,EV-049,collected,21.4,7.75,2,0,3,2026,43.12
aaa2d6a9_EV-050,2026-03-25T21:24:51.898654+00:00,2026-03-26T03:57:07.239230+00:00,31.5,6.5376,392.26,0002,0039,EV-050,collected,21.4,3.95,2,0,3,2026,31.5
faeb61d2_EV-001,2026-03-25T21:25:07.464247+00:00,2026-03-26T02:05:59.370985+00:00,20.13,4.6811,280.87,0002,0039,EV-001,collected,21.4167,2.0833,2,0,3,2026,20.13
faeb61d2_EV-002,2026-03-25T21:25:07.464247+00:00,2026-03-26T02:05:19.422865+00:00,22.8,4.67,280.2,0002,0039,EV-002,collected,21.4167,2.0833,2,0,3,2026,22.8
faeb61d2_EV-003,2026-03-25T21:25:07.464247+00:00,2026-03-26T02:05:19.422865+00:00,23.43,4.67,280.2,0002,0039,EV-003,collected,21.4167,2.0833,2,0,3,2026,23.43
faeb61d2_EV-004,2026-03-25T21:25:07.464247+00:00,2026-03-26T08:48:15.429335+00:00,39.0,11.3855,683.13,0002,0039,EV-004,collected,21.4167,8.8,2,0,3,2026,39.0
faeb61d2_EV-005,2026-03-25T21:25:07.464247+00:00,2026-03-26T07:45:43.649550+00:00,42.0,10.3434,620.6,0002,0039,EV-005,collected,21.4167,7.75,2,0,3,2026,42.0
faeb61d2_EV-006,2026-03-25T21:25:07.464247+00:00,2026-03-26T08:18:17.066298+00:00,50.25,10.886,653.16,0002,0039,EV-006,collected,21.4167,8.3,2,0,3,2026,50.25
faeb61d2_EV-007,2026-03-25T21:25:07.464247+00:00,2026-03-26T02:09:59.191542+00:00,29.26,4.7477,284.86,0002,0039,EV-007,collected,21.4167,2.15,2,0,3,2026,29.26
faeb61d2_EV-008,2026-03-25T21:25:07.464247+00:00,2026-03-26T07:45:43.649550+00:00,43.5,10.3434,620.6,0002,0039,EV-008,collected,21.4167,7.75,2,0,3,2026,43.5
faeb61d2_EV-009,2026-03-25T21:25:07.464247+00:00,2026-03-26T07:45:43.649550+00:00,45.75,10.3434,620.6,0002,0039,EV-009,collected,21.4167,7.75,2,0,3,2026,45.75
faeb61d2_EV-010,2026-03-25T21:25:07.464247+00:00,2026-03-26T03:57:22.804823+00:00,31.68,6.5376,392.26,0002,0039,EV-010,collected,21.4167,3.95,2,0,3,2026,31.68
faeb61d2_EV-011,2026-03-25T21:25:07.464247+00:00,2026-03-26T08:18:17.066298+00:00,62.25,10.886,653.16,0002,0039,EV-011,collected,21.4167,8.3,2,0,3,2026,62.25
faeb61d2_EV-012,2026-03-25T21:25:07.464247+00:00,2026-03-26T08:48:15.429335+00:00,36.72,11.3855,683.13,0002,0039,EV-012,collected,21.4167,8.8,2,0,3,2026,36.72
faeb61d2_EV-013,2026-03-25T21:25:07.464247+00:00,2026-03-26T08:18:17.066298+00:00,51.12,10.886,653.16,0002,0039,EV-013,collected,21.4167,8.3,2,0,3,2026,51.12
faeb61d2_EV-014,2026-03-25T21:25:07.464247+00:00,2026-03-26T02:05:19.422865+00:00,23.6,4.67,280.2,0002,0039,EV-014,collected,21.4167,2.0833,2,0,3,2026,23.6
faeb61d2_EV-015,2026-03-25T21:25:07.464247+00:00,2026-03-26T02:11:55.597182+00:00,26.5,4.78,286.8,0002,0039,EV-015,collected,21.4167,2.1833,2,0,3,2026,26.5
faeb61d2_EV-016,2026-03-25T21:25:07.464247+00:00,2026-03-26T08:18:17.066298+00:00,66.0,10.886,653.16,0002,0039,EV-016,collected,21.4167,8.3,2,0,3,2026,66.0
faeb61d2_EV-017,2026-03-25T21:25:07.464247+00:00,2026-03-26T04:23:11.076918+00:00,33.06,6.9677,418.06,0002,0039,EV-017,collected,21.4167,4.3833,2,0,3,2026,33.06
faeb61d2_EV-018,2026-03-25T21:25:07.464247+00:00,2026-03-26T07:45:43.649550+00:00,42.35,10.3434,620.6,0002,0039,EV-018,collected,21.4167,7.75,2,0,3,2026,42.35
faeb61d2_EV-019,2026-03-25T21:25:07.464247+00:00,2026-03-26T07:45:43.649550+00:00,47.4,10.3434,620.6,0002,0039,EV-019,collected,21.4167,7.75,2,0,3,2026,47.4
faeb61d2_EV-020,2026-03-25T21:25:07.464247+00:00,2026-03-26T08:18:17.066298+00:00,81.7,10.886,653.16,0002,0039,EV-020,collected,21.4167,8.3,2,0,3,2026,81.7
faeb61d2_EV-021,2026-03-25T21:25:07.464247+00:00,2026-03-26T02:07:30.700331+00:00,24.0,4.7065,282.39,0002,0039,EV-021,collected,21.4167,2.1167,2,0,3,2026,24.0
faeb61d2_EV-022,2026-03-25T21:25:07.464247+00:00,2026-03-26T04:23:11.076918+00:00,35.4,6.9677,418.06,0002,0039,EV-022,collected,21.4167,4.3833,2,0,3,2026,35.4
faeb61d2_EV-023,2026-03-25T21:25:07.464247+00:00,2026-03-26T08:18:17.066298+00:00,56.8,10.886,653.16,0002,0039,EV-023,collected,21.4167,8.3,2,0,3,2026,56.8
faeb61d2_EV-024,2026-03-25T21:25:07.464247+00:00,2026-03-26T07:45:43.649550+00:00,44.8,10.3434,620.6,0002,0039,EV-024,collected,21.4167,7.75,2,0,3,2026,44.8
faeb61d2_EV-025,2026-03-25T21:25:07.464247+00:00,2026-03-26T04:23:11.076918+00:00,33.0,6.9677,418.06,0002,0039,EV-025,collected,21.4167,4.3833,2,0,3,2026,33.0
faeb61d2_EV-026,2026-03-25T21:25:07.464247+00:00,2026-03-26T08:18:17.066298+00:00,60.06,10.886,653.16,0002,0039,EV-026,collected,21.4167,8.3,2,0,3,2026,60.06
faeb61d2_EV-027,2026-03-25T21:25:07.464247+00:00,2026-03-26T04:23:11.076918+00:00,33.0,6.9677,418.06,0002,0039,EV-027,collected,21.4167,4.3833,2,0,3,2026,33.0
faeb61d2_EV-028,2026-03-25T21:25:07.464247+00:00,2026-03-26T07:45:43.649550+00:00,47.5,10.3434,620.6,0002,0039,EV-028,collected,21.4167,7.75,2,0,3,2026,47.5
faeb61d2_EV-029,2026-03-25T21:25:07.464247+00:00,2026-03-26T02:02:29.354506+00:00,14.5,4.6227,277.36,0002,0039,EV-029,collected,21.4167,2.0333,2,0,3,2026,14.5
faeb61d2_EV-030,2026-03-25T21:25:07.464247+00:00,2026-03-26T08:18:17.066298+00:00,60.83,10.886,653.16,0002,0039,EV-030,collected,21.4167,8.3,2,0,3,2026,60.83
faeb61d2_EV-031,2026-03-25T21:25:07.464247+00:00,2026-03-26T08:18:17.066298+00:00,56.21,10.886,653.16,0002,0039,EV-031,collected,21.4167,8.3,2,0,3,2026,56.21
faeb61d2_EV-032,2026-03-25T21:25:07.464247+00:00,2026-03-26T01:56:33.694105+00:00,18.0,4.524,271.44,0002,0039,EV-032,collected,21.4167,1.9333,2,0,3,2026,18.0
faeb61d2_EV-033,2026-03-25T21:25:07.464247+00:00,2026-03-26T03:57:22.804823+00:00,31.5,6.5376,392.26,0002,0039,EV-033,collected,21.4167,3.95,2,0,3,2026,31.5
faeb61d2_EV-034,2026-03-25T21:25:07.464247+00:00,2026-03-26T08:18:17.066298+00:00,61.5,10.886,653.16,0002,0039,EV-034,collected,21.4167,8.3,2,0,3,2026,61.5
faeb61d2_EV-035,2026-03-25T21:25:07.464247+00:00,2026-03-26T08:18:17.066298+00:00,52.36,10.886,653.16,0002,0039,EV-035,collected,21.4167,8.3,2,0,3,2026,52.36
faeb61d2_EV-036,2026-03-25T21:25:07.464247+00:00,2026-03-26T07:45:43.649550+00:00,42.35,10.3434,620.6,0002,0039,EV-036,collected,21.4167,7.75,2,0,3,2026,42.35
faeb61d2_EV-037,2026-03-25T21:25:07.464247+00:00,2026-03-26T08:11:26.258192+00:00,40.02,10.7719,646.31,0002,0039,EV-037,collected,21.4167,8.1833,2,0,3,2026,40.02
faeb61d2_EV-038,2026-03-25T21:25:07.464247+00:00,2026-03-26T04:23:11.076918+00:00,34.2,6.9677,418.06,0002,0039,EV-038,collected,21.4167,4.3833,2,0,3,2026,34.2
faeb61d2_EV-039,2026-03-25T21:25:07.464247+00:00,2026-03-26T08:18:17.066298+00:00,56.05,10.886,653.16,0002,0039,EV-039,collected,21.4167,8.3,2,0,3,2026,56.05
faeb61d2_EV-040,2026-03-25T21:25:07.464247+00:00,2026-03-26T08:18:17.066298+00:00,51.0,10.886,653.16,0002,0039,EV-040,collected,21.4167,8.3,2,0,3,2026,51.0
faeb61d2_EV-041,2026-03-25T21:25:07.464247+00:00,2026-03-26T08:48:15.429335+00:00,36.72,11.3855,683.13,0002,0039,EV-041,collected,21.4167,8.8,2,0,3,2026,36.72
faeb61d2_EV-042,2026-03-25T21:25:07.464247+00:00,2026-03-26T07:45:43.649550+00:00,44.66,10.3434,620.6,0002,0039,EV-042,collected,21.4167,7.75,2,0,3,2026,44.66
faeb61d2_EV-043,2026-03-25T21:25:07.464247+00:00,2026-03-26T08:18:17.066298+00:00,61.75,10.886,653.16,0002,0039,EV-043,collected,21.4167,8.3,2,0,3,2026,61.75
faeb61d2_EV-044,2026-03-25T21:25:07.464247+00:00,2026-03-26T02:05:19.422865+00:00,23.2,4.67,280.2,0002,0039,EV-044,collected,21.4167,2.0833,2,0,3,2026,23.2
faeb61d2_EV-045,2026-03-25T21:25:07.464247+00:00,2026-03-26T07:45:43.649550+00:00,43.12,10.3434,620.6,0002,0039,EV-045,collected,21.4167,7.75,2,0,3,2026,43.12
faeb61d2_EV-046,2026-03-25T21:25:07.464247+00:00,2026-03-26T02:07:30.700331+00:00,24.4,4.7065,282.39,0002,0039,EV-046,collected,21.4167,2.1167,2,0,3,2026,24.4
faeb61d2_EV-047,2026-03-25T21:25:07.464247+00:00,2026-03-26T08:18:17.066298+00:00,64.0,10.886,653.16,0002,0039,EV-047,collected,21.4167,8.3,2,0,3,2026,64.0
faeb61d2_EV-048,2026-03-25T21:25:07.464247+00:00,2026-03-26T07:45:43.649550+00:00,46.98,10.3434,620.6,0002,0039,EV-048,collected,21.4167,7.75,2,0,3,2026,46.98
faeb61d2_EV-049,2026-03-25T21:25:07.464247+00:00,2026-03-26T07:45:43.649550+00:00,43.12,10.3434,620.6,0002,0039,EV-049,collected,21.4167,7.75,2,0,3,2026,43.12
faeb61d2_EV-050,2026-03-25T21:25:07.464247+00:00,2026-03-26T03:57:22.804823+00:00,31.5,6.5376,392.26,0002,0039,EV-050,collected,21.4167,3.95,2,0,3,2026,31.5
e7f97b51_EV-001,2026-03-25T21:27:28.844582+00:00,2026-03-26T02:05:46.517922+00:00,20.13,4.6382,278.29,0002,0039,EV-001,collected,21.45,2.0833,2,0,3,2026,20.13
e7f97b51_EV-002,2026-03-25T21:27:28.844582+00:00,2026-03-26T02:05:06.569802+00:00,22.8,4.6271,277.63,0002,0039,EV-002,collected,21.45,2.0833,2,0,3,2026,22.8
e7f97b51_EV-003,2026-03-25T21:27:28.844582+00:00,2026-03-26T02:05:06.569802+00:00,23.43,4.6271,277.63,0002,0039,EV-003,collected,21.45,2.0833,2,0,3,2026,23.43
e7f97b51_EV-004,2026-03-25T21:27:28.844582+00:00,2026-03-26T08:48:02.579934+00:00,39.0,11.3427,680.56,0002,0039,EV-004,collected,21.45,8.8,2,0,3,2026,39.0
e7f97b51_EV-005,2026-03-25T21:27:28.844582+00:00,2026-03-26T07:45:30.800148+00:00,42.0,10.3005,618.03,0002,0039,EV-005,collected,21.45,7.75,2,0,3,2026,42.0
e7f97b51_EV-006,2026-03-25T21:27:28.844582+00:00,2026-03-26T08:18:04.216896+00:00,50.25,10.8432,650.59,0002,0039,EV-006,collected,21.45,8.3,2,0,3,2026,50.25
e7f97b51_EV-007,2026-03-25T21:27:28.844582+00:00,2026-03-26T02:09:46.338478+00:00,29.26,4.7049,282.29,0002,0039,EV-007,collected,21.45,2.15,2,0,3,2026,29.26
e7f97b51_EV-008,2026-03-25T21:27:28.844582+00:00,2026-03-26T07:45:30.800148+00:00,43.5,10.3005,618.03,0002,0039,EV-008,collected,21.45,7.75,2,0,3,2026,43.5
e7f97b51_EV-009,2026-03-25T21:27:28.844582+00:00,2026-03-26T07:45:30.800148+00:00,45.75,10.3005,618.03,0002,0039,EV-009,collected,21.45,7.75,2,0,3,2026,45.75
e7f97b51_EV-010,2026-03-25T21:27:28.844582+00:00,2026-03-26T03:57:09.951760+00:00,31.68,6.4948,389.69,0002,0039,EV-010,collected,21.45,3.95,2,0,3,2026,31.68
e7f97b51_EV-011,2026-03-25T21:27:28.844582+00:00,2026-03-26T08:18:04.216896+00:00,62.25,10.8432,650.59,0002,0039,EV-011,collected,21.45,8.3,2,0,3,2026,62.25
e7f97b51_EV-012,2026-03-25T21:27:28.844582+00:00,2026-03-26T08:48:02.579934+00:00,36.72,11.3427,680.56,0002,0039,EV-012,collected,21.45,8.8,2,0,3,2026,36.72
e7f97b51_EV-013,2026-03-25T21:27:28.844582+00:00,2026-03-26T08:18:04.216896+00:00,51.12,10.8432,650.59,0002,0039,EV-013,collected,21.45,8.3,2,0,3,2026,51.12
e7f97b51_EV-014,2026-03-25T21:27:28.844582+00:00,2026-03-26T02:05:06.569802+00:00,23.6,4.6271,277.63,0002,0039,EV-014,collected,21.45,2.0833,2,0,3,2026,23.6
e7f97b51_EV-015,2026-03-25T21:27:28.844582+00:00,2026-03-26T02:11:42.744118+00:00,26.5,4.7372,284.23,0002,0039,EV-015,collected,21.45,2.1833,2,0,3,2026,26.5
e7f97b51_EV-016,2026-03-25T21:27:28.844582+00:00,2026-03-26T08:18:04.216896+00:00,66.0,10.8432,650.59,0002,0039,EV-016,collected,21.45,8.3,2,0,3,2026,66.0
e7f97b51_EV-017,2026-03-25T21:27:28.844582+00:00,2026-03-26T04:22:58.223854+00:00,33.06,6.9248,415.49,0002,0039,EV-017,collected,21.45,4.3667,2,0,3,2026,33.06
e7f97b51_EV-018,2026-03-25T21:27:28.844582+00:00,2026-03-26T07:45:30.800148+00:00,42.35,10.3005,618.03,0002,0039,EV-018,collected,21.45,7.75,2,0,3,2026,42.35
e7f97b51_EV-019,2026-03-25T21:27:28.844582+00:00,2026-03-26T07:45:30.800148+00:00,47.4,10.3005,618.03,0002,0039,EV-019,collected,21.45,7.75,2,0,3,2026,47.4
e7f97b51_EV-020,2026-03-25T21:27:28.844582+00:00,2026-03-26T08:18:04.216896+00:00,81.7,10.8432,650.59,0002,0039,EV-020,collected,21.45,8.3,2,0,3,2026,81.7
e7f97b51_EV-021,2026-03-25T21:27:28.844582+00:00,2026-03-26T02:07:17.847268+00:00,24.0,4.6636,279.82,0002,0039,EV-021,collected,21.45,2.1167,2,0,3,2026,24.0
e7f97b51_EV-022,2026-03-25T21:27:28.844582+00:00,2026-03-26T04:22:58.223854+00:00,35.4,6.9248,415.49,0002,0039,EV-022,collected,21.45,4.3667,2,0,3,2026,35.4
e7f97b51_EV-023,2026-03-25T21:27:28.844582+00:00,2026-03-26T08:18:04.216896+00:00,56.8,10.8432,650.59,0002,0039,EV-023,collected,21.45,8.3,2,0,3,2026,56.8
e7f97b51_EV-024,2026-03-25T21:27:28.844582+00:00,2026-03-26T07:45:30.800148+00:00,44.8,10.3005,618.03,0002,0039,EV-024,collected,21.45,7.75,2,0,3,2026,44.8
e7f97b51_EV-025,2026-03-25T21:27:28.844582+00:00,2026-03-26T04:22:58.223854+00:00,33.0,6.9248,415.49,0002,0039,EV-025,collected,21.45,4.3667,2,0,3,2026,33.0
e7f97b51_EV-026,2026-03-25T21:27:28.844582+00:00,2026-03-26T08:18:04.216896+00:00,60.06,10.8432,650.59,0002,0039,EV-026,collected,21.45,8.3,2,0,3,2026,60.06
e7f97b51_EV-027,2026-03-25T21:27:28.844582+00:00,2026-03-26T04:22:58.223854+00:00,33.0,6.9248,415.49,0002,0039,EV-027,collected,21.45,4.3667,2,0,3,2026,33.0
e7f97b51_EV-028,2026-03-25T21:27:28.844582+00:00,2026-03-26T07:45:30.800148+00:00,47.5,10.3005,618.03,0002,0039,EV-028,collected,21.45,7.75,2,0,3,2026,47.5
e7f97b51_EV-029,2026-03-25T21:27:28.844582+00:00,2026-03-26T02:02:16.501442+00:00,14.5,4.5799,274.79,0002,0039,EV-029,collected,21.45,2.0333,2,0,3,2026,14.5
e7f97b51_EV-030,2026-03-25T21:27:28.844582+00:00,2026-03-26T08:18:04.216896+00:00,60.83,10.8432,650.59,0002,0039,EV-030,collected,21.45,8.3,2,0,3,2026,60.83
e7f97b51_EV-031,2026-03-25T21:27:28.844582+00:00,2026-03-26T08:18:04.216896+00:00,56.21,10.8432,650.59,0002,0039,EV-031,collected,21.45,8.3,2,0,3,2026,56.21
e7f97b51_EV-032,2026-03-25T21:27:28.844582+00:00,2026-03-26T01:56:20.841042+00:00,18.0,4.4811,268.87,0002,0039,EV-032,collected,21.45,1.9333,2,0,3,2026,18.0
e7f97b51_EV-033,2026-03-25T21:27:28.844582+00:00,2026-03-26T03:57:09.951760+00:00,31.5,6.4948,389.69,0002,0039,EV-033,collected,21.45,3.95,2,0,3,2026,31.5
e7f97b51_EV-034,2026-03-25T21:27:28.844582+00:00,2026-03-26T08:18:04.216896+00:00,61.5,10.8432,650.59,0002,0039,EV-034,collected,21.45,8.3,2,0,3,2026,61.5
e7f97b51_EV-035,2026-03-25T21:27:28.844582+00:00,2026-03-26T08:18:04.216896+00:00,52.36,10.8432,650.59,0002,0039,EV-035,collected,21.45,8.3,2,0,3,2026,52.36
e7f97b51_EV-036,2026-03-25T21:27:28.844582+00:00,2026-03-26T07:45:30.800148+00:00,42.35,10.3005,618.03,0002,0039,EV-036,collected,21.45,7.75,2,0,3,2026,42.35
e7f97b51_EV-037,2026-03-25T21:27:28.844582+00:00,2026-03-26T08:11:13.408791+00:00,40.02,10.729,643.74,0002,0039,EV-037,collected,21.45,8.1833,2,0,3,2026,40.02
e7f97b51_EV-038,2026-03-25T21:27:28.844582+00:00,2026-03-26T04:22:58.223854+00:00,34.2,6.9248,415.49,0002,0039,EV-038,collected,21.45,4.3667,2,0,3,2026,34.2
e7f97b51_EV-039,2026-03-25T21:27:28.844582+00:00,2026-03-26T08:18:04.216896+00:00,56.05,10.8432,650.59,0002,0039,EV-039,collected,21.45,8.3,2,0,3,2026,56.05
e7f97b51_EV-040,2026-03-25T21:27:28.844582+00:00,2026-03-26T08:18:04.216896+00:00,51.0,10.8432,650.59,0002,0039,EV-040,collected,21.45,8.3,2,0,3,2026,51.0
e7f97b51_EV-041,2026-03-25T21:27:28.844582+00:00,2026-03-26T08:48:02.579934+00:00,36.72,11.3427,680.56,0002,0039,EV-041,collected,21.45,8.8,2,0,3,2026,36.72
e7f97b51_EV-042,2026-03-25T21:27:28.844582+00:00,2026-03-26T07:45:30.800148+00:00,44.66,10.3005,618.03,0002,0039,EV-042,collected,21.45,7.75,2,0,3,2026,44.66
e7f97b51_EV-043,2026-03-25T21:27:28.844582+00:00,2026-03-26T08:18:04.216896+00:00,61.75,10.8432,650.59,0002,0039,EV-043,collected,21.45,8.3,2,0,3,2026,61.75
e7f97b51_EV-044,2026-03-25T21:27:28.844582+00:00,2026-03-26T02:05:06.569802+00:00,23.2,4.6271,277.63,0002,0039,EV-044,collected,21.45,2.0833,2,0,3,2026,23.2
e7f97b51_EV-045,2026-03-25T21:27:28.844582+00:00,2026-03-26T07:45:30.800148+00:00,43.12,10.3005,618.03,0002,0039,EV-045,collected,21.45,7.75,2,0,3,2026,43.12
e7f97b51_EV-046,2026-03-25T21:27:28.844582+00:00,2026-03-26T02:07:17.847268+00:00,24.4,4.6636,279.82,0002,0039,EV-046,collected,21.45,2.1167,2,0,3,2026,24.4
e7f97b51_EV-047,2026-03-25T21:27:28.844582+00:00,2026-03-26T08:18:04.216896+00:00,64.0,10.8432,650.59,0002,0039,EV-047,collected,21.45,8.3,2,0,3,2026,64.0
e7f97b51_EV-048,2026-03-25T21:27:28.844582+00:00,2026-03-26T07:45:30.800148+00:00,46.98,10.3005,618.03,0002,0039,EV-048,collected,21.45,7.75,2,0,3,2026,46.98
e7f97b51_EV-049,2026-03-25T21:27:28.844582+00:00,2026-03-26T07:45:30.800148+00:00,43.12,10.3005,618.03,0002,0039,EV-049,collected,21.45,7.75,2,0,3,2026,43.12
e7f97b51_EV-050,2026-03-25T21:27:28.844582+00:00,2026-03-26T03:57:09.951760+00:00,31.5,6.4948,389.69,0002,0039,EV-050,collected,21.45,3.95,2,0,3,2026,31.5
57c63465_EV-001,2026-03-25T21:29:08.977501+00:00,2026-03-26T01:59:31.358482+00:00,22.0,4.5062,270.37,0002,0039,EV-001,collected,21.4833,1.9833,2,0,3,2026,22.0
57c63465_EV-002,2026-03-25T21:29:08.977501+00:00,2026-03-26T04:13:05.740196+00:00,34.0,6.7324,403.95,0002,0039,EV-002,collected,21.4833,4.2167,2,0,3,2026,34.0
57c63465_EV-003,2026-03-25T21:29:08.977501+00:00,2026-03-26T08:01:20.912315+00:00,40.2,10.5366,632.2,0002,0039,EV-003,collected,21.4833,8.0167,2,0,3,2026,40.2
57c63465_EV-004,2026-03-25T21:29:08.977501+00:00,2026-03-26T08:01:20.912315+00:00,41.25,10.5366,632.2,0002,0039,EV-004,collected,21.4833,8.0167,2,0,3,2026,41.25
57c63465_EV-005,2026-03-25T21:29:08.977501+00:00,2026-03-26T01:59:53.854820+00:00,27.2,4.5125,270.75,0002,0039,EV-005,collected,21.4833,1.9833,2,0,3,2026,27.2
57c63465_EV-006,2026-03-25T21:29:08.977501+00:00,2026-03-26T01:58:10.865318+00:00,23.2,4.4839,269.03,0002,0039,EV-006,collected,21.4833,1.9667,2,0,3,2026,23.2
57c63465_EV-007,2026-03-25T21:29:08.977501+00:00,2026-03-26T07:35:38.303673+00:00,43.89,10.1081,606.49,0002,0039,EV-007,collected,21.4833,7.5833,2,0,3,2026,43.89
57c63465_EV-008,2026-03-25T21:29:08.977501+00:00,2026-03-26T04:13:05.740196+00:00,36.0,6.7324,403.95,0002,0039,EV-008,collected,21.4833,4.2167,2,0,3,2026,36.0
57c63465_EV-009,2026-03-25T21:29:08.977501+00:00,2026-03-26T08:08:11.727745+00:00,53.9,10.6508,639.05,0002,0039,EV-009,collected,21.4833,8.1333,2,0,3,2026,53.9
57c63465_EV-010,2026-03-25T21:29:08.977501+00:00,2026-03-26T07:35:38.303673+00:00,42.75,10.1081,606.49,0002,0039,EV-010,collected,21.4833,7.5833,2,0,3,2026,42.75
57c63465_EV-011,2026-03-25T21:29:08.977501+00:00,2026-03-26T01:59:53.854820+00:00,28.5,4.5125,270.75,0002,0039,EV-011,collected,21.4833,1.9833,2,0,3,2026,28.5
57c63465_EV-012,2026-03-25T21:29:08.977501+00:00,2026-03-26T04:13:05.740196+00:00,35.0,6.7324,403.95,0002,0039,EV-012,collected,21.4833,4.2167,2,0,3,2026,35.0
57c63465_EV-013,2026-03-25T21:29:08.977501+00:00,2026-03-26T08:08:11.727745+00:00,53.9,10.6508,639.05,0002,0039,EV-013,collected,21.4833,8.1333,2,0,3,2026,53.9
57c63465_EV-014,2026-03-25T21:29:08.977501+00:00,2026-03-26T01:53:26.121666+00:00,17.49,4.4048,264.29,0002,0039,EV-014,collected,21.4833,1.8833,2,0,3,2026,17.49
57c63465_EV-015,2026-03-25T21:29:08.977501+00:00,2026-03-26T08:08:11.727745+00:00,48.0,10.6508,639.05,0002,0039,EV-015,collected,21.4833,8.1333,2,0,3,2026,48.0
57c63465_EV-016,2026-03-25T21:29:08.977501+00:00,2026-03-26T01:59:53.854820+00:00,28.8,4.5125,270.75,0002,0039,EV-016,collected,21.4833,1.9833,2,0,3,2026,28.8
57c63465_EV-017,2026-03-25T21:29:08.977501+00:00,2026-03-26T04:13:05.740196+00:00,36.0,6.7324,403.95,0002,0039,EV-017,collected,21.4833,4.2167,2,0,3,2026,36.0
57c63465_EV-018,2026-03-25T21:29:08.977501+00:00,2026-03-26T01:59:53.854820+00:00,30.24,4.5125,270.75,0002,0039,EV-018,collected,21.4833,1.9833,2,0,3,2026,30.24
57c63465_EV-019,2026-03-25T21:29:08.977501+00:00,2026-03-26T08:38:10.083458+00:00,39.5,11.1503,669.02,0002,0039,EV-019,collected,21.4833,8.6333,2,0,3,2026,39.5
57c63465_EV-020,2026-03-25T21:29:08.977501+00:00,2026-03-26T04:13:05.740196+00:00,35.25,6.7324,403.95,0002,0039,EV-020,collected,21.4833,4.2167,2,0,3,2026,35.25
990c583b_HEAVY-01,2026-03-25T21:29:08.977501+00:00,2026-03-26T03:47:17.468102+00:00,31.2,6.3024,378.14,0002,0039,HEAVY-01,collected,21.4833,3.7833,2,0,3,2026,31.2
990c583b_HEAVY-02,2026-03-25T21:34:08.977501+00:00,2026-03-26T04:23:05.793297+00:00,34.2,6.8158,408.95,0002,0039,HEAVY-02,collected,21.5667,4.3833,2,0,3,2026,34.2
990c583b_HEAVY-03,2026-03-25T21:37:08.977501+00:00,2026-03-26T04:21:45.809166+00:00,33.75,6.7436,404.61,0002,0039,HEAVY-03,collected,21.6167,4.35,2,0,3,2026,33.75
990c583b_HEAVY-04,2026-03-25T21:39:08.977501+00:00,2026-03-26T08:13:39.241173+00:00,53.9,10.5751,634.5,0002,0039,HEAVY-04,collected,21.65,8.2167,2,0,3,2026,53.9
990c583b_HEAVY-05,2026-03-25T21:44:08.977501+00:00,2026-03-26T03:57:24.158775+00:00,31.0,6.2209,373.25,0002,0039,HEAVY-05,collected,21.7333,3.95,2,0,3,2026,31.0
990c583b_HEAVY-06,2026-03-25T21:47:08.977501+00:00,2026-03-26T08:51:05.022423+00:00,38.86,11.0656,663.93,0002,0039,HEAVY-06,collected,21.7833,8.85,2,0,3,2026,38.86
990c583b_HEAVY-07,2026-03-25T21:49:08.977501+00:00,2026-03-26T02:14:49.539024+00:00,27.36,4.4279,265.68,0002,0039,HEAVY-07,collected,21.8167,2.2333,2,0,3,2026,27.36
990c583b_HEAVY-08,2026-03-25T21:54:08.977501+00:00,2026-03-26T08:26:19.106896+00:00,44.66,10.5361,632.17,0002,0039,HEAVY-08,collected,21.9,8.4333,2,0,3,2026,44.66
990c583b_HEAVY-09,2026-03-25T21:57:08.977501+00:00,2026-03-26T04:09:51.690514+00:00,32.8,6.2119,372.71,0002,0039,HEAVY-09,collected,21.95,4.15,2,0,3,2026,32.8
990c583b_HEAVY-10,2026-03-25T21:59:08.977501+00:00,2026-03-26T02:21:30.258019+00:00,27.0,4.3726,262.35,0002,0039,HEAVY-10,collected,21.9833,2.35,2,0,3,2026,27.0
990c583b_HEAVY-11,2026-03-25T22:04:08.977501+00:00,2026-03-26T09:33:53.831017+00:00,60.0,11.4958,689.75,0002,0039,HEAVY-11,collected,22.0667,9.55,2,0,3,2026,60.0
990c583b_HEAVY-12,2026-03-25T22:07:08.977501+00:00,2026-03-26T09:14:50.549767+00:00,42.75,11.1282,667.69,0002,0039,HEAVY-12,collected,22.1167,9.2333,2,0,3,2026,42.75
990c583b_HEAVY-13,2026-03-25T22:09:08.977501+00:00,2026-03-26T02:50:10.687706+00:00,23.1,4.6838,281.03,0002,0039,HEAVY-13,collected,22.15,2.8333,2,0,3,2026,23.1
990c583b_HEAVY-14,2026-03-25T22:14:08.977501+00:00,2026-03-26T03:03:35.818932+00:00,29.6,4.8241,289.45,0002,0039,HEAVY-14,collected,22.2333,3.05,2,0,3,2026,29.6
990c583b_HEAVY-15,2026-03-25T22:17:08.977501+00:00,2026-03-26T03:12:28.243858+00:00,26.0,4.922,295.32,0002,0039,HEAVY-15,collected,22.2833,3.2,2,0,3,2026,26.0
990c583b_HEAVY-16,2026-03-25T22:19:08.977501+00:00,2026-03-26T05:45:00.699303+00:00,34.5,7.431,445.86,0002,0039,HEAVY-16,collected,22.3167,5.75,2,0,3,2026,34.5
990c583b_HEAVY-17,2026-03-25T22:24:08.977501+00:00,2026-03-26T11:15:29.884483+00:00,38.16,12.8558,771.35,0002,0039,HEAVY-17,collected,22.4,11.25,2,0,3,2026,38.16
990c583b_HEAVY-18,2026-03-25T22:27:08.977501+00:00,2026-03-26T04:04:31.442711+00:00,22.5,5.6229,337.37,0002,0039,HEAVY-18,collected,22.45,4.0667,2,0,3,2026,22.5
990c583b_HEAVY-19,2026-03-25T22:29:08.977501+00:00,2026-03-26T06:36:20.586388+00:00,32.4,8.1199,487.19,0002,0039,HEAVY-19,collected,22.4833,6.6,2,0,3,2026,32.4
990c583b_HEAVY-20,2026-03-25T22:34:08.977501+00:00,2026-03-26T04:34:21.177818+00:00,30.0,6.0034,360.2,0002,0039,HEAVY-20,collected,22.5667,4.5667,2,0,3,2026,30.0
990c583b_HEAVY-21,2026-03-25T22:39:08.977501+00:00,2026-03-26T11:32:23.402550+00:00,36.96,12.8873,773.24,0002,0039,HEAVY-21,collected,22.65,11.5333,2,0,3,2026,36.96
990c583b_HEAVY-22,2026-03-25T22:44:08.977501+00:00,2026-03-26T11:36:13.155968+00:00,58.52,12.8678,772.07,0002,0039,HEAVY-22,collected,22.7333,11.6,2,0,3,2026,58.52
990c583b_HEAVY-23,2026-03-25T22:49:08.977501+00:00,2026-03-26T06:58:41.066734+00:00,32.0,8.1589,489.53,0002,0039,HEAVY-23,collected,22.8167,6.9667,2,0,3,2026,32.0
990c583b_HEAVY-24,2026-03-25T22:54:08.977501+00:00,2026-03-26T04:26:53.733971+00:00,17.4,5.5458,332.75,0002,0039,HEAVY-24,collected,22.9,4.4333,2,0,3,2026,17.4
990c583b_HEAVY-25,2026-03-25T22:59:08.977501+00:00,2026-03-26T12:29:27.991173+00:00,58.5,13.5053,810.32,0002,0039,HEAVY-25,collected,22.9833,12.4833,2,0,3,2026,58.5
8fa6b792_KNOWN-01,2026-03-25T21:29:08.977501+00:00,2026-03-25T22:59:08.977501+00:00,26.0,1.5,90.0,0002,0039,KNOWN-01,collected,21.4833,22.9833,2,0,3,2026,26.0
8fa6b792_KNOWN-02,2026-03-25T21:34:08.977501+00:00,2026-03-25T23:34:08.977501+00:00,36.0,2.0,120.0,0002,0039,KNOWN-02,collected,21.5667,23.5667,2,0,3,2026,36.0
8fa6b792_KNOWN-03,2026-03-25T21:39:08.977501+00:00,2026-03-26T00:09:08.977501+00:00,31.5,2.5,150.0,0002,0039,KNOWN-03,collected,21.65,0.15,2,0,3,2026,31.5
8fa6b792_KNOWN-04,2026-03-25T21:41:08.977501+00:00,2026-03-25T23:11:08.977501+00:00,33.75,1.5,90.0,0002,0039,KNOWN-04,collected,21.6833,23.1833,2,0,3,2026,33.75
8fa6b792_KNOWN-05,2026-03-25T21:44:08.977501+00:00,2026-03-25T23:44:08.977501+00:00,53.9,2.0,120.0,0002,0039,KNOWN-05,collected,21.7333,23.7333,2,0,3,2026,53.9
8fa6b792_KNOWN-06,2026-03-25T21:47:08.977501+00:00,2026-03-26T00:47:08.977501+00:00,33.06,3.0,180.0,0002,0039,KNOWN-06,collected,21.7833,0.7833,2,0,3,2026,33.06
8fa6b792_KNOWN-07,2026-03-25T21:49:08.977501+00:00,2026-03-25T23:19:08.977501+00:00,26.0,1.5,90.0,0002,0039,KNOWN-07,collected,21.8167,23.3167,2,0,3,2026,26.0
8fa6b792_KNOWN-08,2026-03-25T21:54:08.977501+00:00,2026-03-25T23:54:08.977501+00:00,28.8,2.0,120.0,0002,0039,KNOWN-08,collected,21.9,23.9,2,0,3,2026,28.8
8fa6b792_UNKNOWN-01,2026-03-25T21:59:08.977501+00:00,2026-03-26T08:33:48.506310+00:00,43.2,10.5776,634.66,0002,0039,UNKNOWN-01,collected,21.9833,8.55,2,0,3,2026,43.2
8fa6b792_UNKNOWN-02,2026-03-25T22:04:08.977501+00:00,2026-03-26T09:22:35.242149+00:00,38.5,11.3073,678.44,0002,0039,UNKNOWN-02,collected,22.0667,9.3667,2,0,3,2026,38.5
8fa6b792_UNKNOWN-03,2026-03-25T22:09:08.977501+00:00,2026-03-26T03:02:16.611168+00:00,27.2,4.8855,293.13,0002,0039,UNKNOWN-03,collected,22.15,3.0333,2,0,3,2026,27.2
8fa6b792_UNKNOWN-04,2026-03-25T22:14:08.977501+00:00,2026-03-26T05:14:54.514000+00:00,31.5,7.0126,420.76,0002,0039,UNKNOWN-04,collected,22.2333,5.2333,2,0,3,2026,31.5
8fa6b792_UNKNOWN-05,2026-03-25T22:19:08.977501+00:00,2026-03-26T09:45:37.025597+00:00,40.6,11.4411,686.47,0002,0039,UNKNOWN-05,collected,22.3167,9.75,2,0,3,2026,40.6
8fa6b792_UNKNOWN-06,2026-03-25T22:24:08.977501+00:00,2026-03-26T10:43:46.151573+00:00,40.85,12.327,739.62,0002,0039,UNKNOWN-06,collected,22.4,10.7167,2,0,3,2026,40.85
8fa6b792_UNKNOWN-07,2026-03-25T22:29:08.977501+00:00,2026-03-26T06:36:20.586388+00:00,32.0,8.1199,487.19,0002,0039,UNKNOWN-07,collected,22.4833,6.6,2,0,3,2026,32.0
8fa6b792_UNKNOWN-08,2026-03-25T22:34:08.977501+00:00,2026-03-26T04:34:21.177818+00:00,28.0,6.0034,360.2,0002,0039,UNKNOWN-08,collected,22.5667,4.5667,2,0,3,2026,28.0
8fa6b792_UNKNOWN-09,2026-03-25T22:39:08.977501+00:00,2026-03-26T10:53:55.416710+00:00,43.89,12.2462,734.77,0002,0039,UNKNOWN-09,collected,22.65,10.8833,2,0,3,2026,43.89
8fa6b792_UNKNOWN-10,2026-03-25T22:44:08.977501+00:00,2026-03-26T11:36:13.155968+00:00,58.32,12.8678,772.07,0002,0039,UNKNOWN-10,collected,22.7333,11.6,2,0,3,2026,58.32
8fa6b792_UNKNOWN-11,2026-03-25T22:49:08.977501+00:00,2026-03-26T04:43:29.556725+00:00,15.18,5.9057,354.34,0002,0039,UNKNOWN-11,collected,22.8167,4.7167,2,0,3,2026,15.18
8fa6b792_UNKNOWN-12,2026-03-25T22:59:08.977501+00:00,2026-03-26T07:19:04.401695+00:00,30.6,8.3321,499.92,0002,0039,UNKNOWN-12,collected,22.9833,7.3167,2,0,3,2026,30.6
fdda6b92_EV-001,2026-03-25T21:30:25.270889+00:00,2026-03-26T02:15:53.247574+00:00,22.0,4.7578,285.47,0002,0039,EV-001,collected,21.5,2.25,2,0,3,2026,22.0
fdda6b92_EV-002,2026-03-25T21:30:25.270889+00:00,2026-03-26T04:29:27.629287+00:00,34.0,6.984,419.04,0002,0039,EV-002,collected,21.5,4.4833,2,0,3,2026,34.0
fdda6b92_EV-003,2026-03-25T21:30:25.270889+00:00,2026-03-26T08:17:42.797744+00:00,40.2,10.7882,647.29,0002,0039,EV-003,collected,21.5,8.2833,2,0,3,2026,40.2
fdda6b92_EV-004,2026-03-25T21:30:25.270889+00:00,2026-03-26T08:17:42.797744+00:00,41.25,10.7882,647.29,0002,0039,EV-004,collected,21.5,8.2833,2,0,3,2026,41.25
fdda6b92_EV-005,2026-03-25T21:30:25.270889+00:00,2026-03-26T02:16:15.743911+00:00,27.2,4.764,285.84,0002,0039,EV-005,collected,21.5,2.2667,2,0,3,2026,27.2
fdda6b92_EV-006,2026-03-25T21:30:25.270889+00:00,2026-03-26T02:14:32.754410+00:00,23.2,4.7354,284.12,0002,0039,EV-006,collected,21.5,2.2333,2,0,3,2026,23.2
fdda6b92_EV-007,2026-03-25T21:30:25.270889+00:00,2026-03-26T07:52:00.189102+00:00,43.89,10.3597,621.58,0002,0039,EV-007,collected,21.5,7.8667,2,0,3,2026,43.89
fdda6b92_EV-008,2026-03-25T21:30:25.270889+00:00,2026-03-26T04:29:27.629287+00:00,36.0,6.984,419.04,0002,0039,EV-008,collected,21.5,4.4833,2,0,3,2026,36.0
fdda6b92_EV-009,2026-03-25T21:30:25.270889+00:00,2026-03-26T08:24:33.613174+00:00,53.9,10.9023,654.14,0002,0039,EV-009,collected,21.5,8.4,2,0,3,2026,53.9
fdda6b92_EV-010,2026-03-25T21:30:25.270889+00:00,2026-03-26T07:52:00.189102+00:00,42.75,10.3597,621.58,0002,0039,EV-010,collected,21.5,7.8667,2,0,3,2026,42.75
fdda6b92_EV-011,2026-03-25T21:30:25.270889+00:00,2026-03-26T02:16:15.743911+00:00,28.5,4.764,285.84,0002,0039,EV-011,collected,21.5,2.2667,2,0,3,2026,28.5
fdda6b92_EV-012,2026-03-25T21:30:25.270889+00:00,2026-03-26T04:29:27.629287+00:00,35.0,6.984,419.04,0002,0039,EV-012,collected,21.5,4.4833,2,0,3,2026,35.0
fdda6b92_EV-013,2026-03-25T21:30:25.270889+00:00,2026-03-26T08:24:33.613174+00:00,53.9,10.9023,654.14,0002,0039,EV-013,collected,21.5,8.4,2,0,3,2026,53.9
fdda6b92_EV-014,2026-03-25T21:30:25.270889+00:00,2026-03-26T02:09:48.010757+00:00,17.49,4.6563,279.38,0002,0039,EV-014,collected,21.5,2.15,2,0,3,2026,17.49
fdda6b92_EV-015,2026-03-25T21:30:25.270889+00:00,2026-03-26T08:24:33.613174+00:00,48.0,10.9023,654.14,0002,0039,EV-015,collected,21.5,8.4,2,0,3,2026,48.0
fdda6b92_EV-016,2026-03-25T21:30:25.270889+00:00,2026-03-26T02:16:15.743911+00:00,28.8,4.764,285.84,0002,0039,EV-016,collected,21.5,2.2667,2,0,3,2026,28.8
fdda6b92_EV-017,2026-03-25T21:30:25.270889+00:00,2026-03-26T04:29:27.629287+00:00,36.0,6.984,419.04,0002,0039,EV-017,collected,21.5,4.4833,2,0,3,2026,36.0
fdda6b92_EV-018,2026-03-25T21:30:25.270889+00:00,2026-03-26T02:16:15.743911+00:00,30.24,4.764,285.84,0002,0039,EV-018,collected,21.5,2.2667,2,0,3,2026,30.24
fdda6b92_EV-019,2026-03-25T21:30:25.270889+00:00,2026-03-26T08:54:31.968887+00:00,39.5,11.4019,684.11,0002,0039,EV-019,collected,21.5,8.9,2,0,3,2026,39.5
fdda6b92_EV-020,2026-03-25T21:30:25.270889+00:00,2026-03-26T04:29:27.629287+00:00,35.25,6.984,419.04,0002,0039,EV-020,collected,21.5,4.4833,2,0,3,2026,35.25
2479b547_HEAVY-01,2026-03-25T21:30:25.270889+00:00,2026-03-26T04:03:39.357193+00:00,31.2,6.5539,393.23,0002,0039,HEAVY-01,collected,21.5,4.05,2,0,3,2026,31.2
2479b547_HEAVY-02,2026-03-25T21:35:25.270889+00:00,2026-03-26T04:24:22.086685+00:00,34.2,6.8158,408.95,0002,0039,HEAVY-02,collected,21.5833,4.4,2,0,3,2026,34.2
2479b547_HEAVY-03,2026-03-25T21:38:25.270889+00:00,2026-03-26T04:17:49.550674+00:00,33.75,6.6567,399.4,0002,0039,HEAVY-03,collected,21.6333,4.2833,2,0,3,2026,33.75
2479b547_HEAVY-04,2026-03-25T21:40:25.270889+00:00,2026-03-26T08:14:55.534561+00:00,53.9,10.5751,634.5,0002,0039,HEAVY-04,collected,21.6667,8.2333,2,0,3,2026,53.9
2479b547_HEAVY-05,2026-03-25T21:45:25.270889+00:00,2026-03-26T03:58:40.452163+00:00,31.0,6.2209,373.25,0002,0039,HEAVY-05,collected,21.75,3.9667,2,0,3,2026,31.0
2479b547_HEAVY-06,2026-03-25T21:48:25.270889+00:00,2026-03-26T08:52:21.315811+00:00,38.86,11.0656,663.93,0002,0039,HEAVY-06,collected,21.8,8.8667,2,0,3,2026,38.86
2479b547_HEAVY-07,2026-03-25T21:50:25.270889+00:00,2026-03-26T02:14:23.361099+00:00,27.36,4.3995,263.97,0002,0039,HEAVY-07,collected,21.8333,2.2333,2,0,3,2026,27.36
2479b547_HEAVY-08,2026-03-25T21:55:25.270889+00:00,2026-03-26T08:27:35.400284+00:00,44.66,10.5361,632.17,0002,0039,HEAVY-08,collected,21.9167,8.45,2,0,3,2026,44.66
2479b547_HEAVY-09,2026-03-25T21:58:25.270889+00:00,2026-03-26T04:11:07.983902+00:00,32.8,6.2119,372.71,0002,0039,HEAVY-09,collected,21.9667,4.1833,2,0,3,2026,32.8
2479b547_HEAVY-10,2026-03-25T22:00:25.270889+00:00,2026-03-26T02:17:35.354507+00:00,27.0,4.2861,257.17,0002,0039,HEAVY-10,collected,22.0,2.2833,2,0,3,2026,27.0
2479b547_HEAVY-11,2026-03-25T22:05:25.270889+00:00,2026-03-26T09:45:40.256241+00:00,60.0,11.6708,700.25,0002,0039,HEAVY-11,collected,22.0833,9.75,2,0,3,2026,60.0
2479b547_HEAVY-12,2026-03-25T22:08:25.270889+00:00,2026-03-26T09:38:29.064834+00:00,42.75,11.5011,690.06,0002,0039,HEAVY-12,collected,22.1333,9.6333,2,0,3,2026,42.75
2479b547_HEAVY-13,2026-03-25T22:10:25.270889+00:00,2026-03-26T02:51:26.981094+00:00,23.1,4.6838,281.03,0002,0039,HEAVY-13,collected,22.1667,2.85,2,0,3,2026,23.1
2479b547_HEAVY-14,2026-03-25T22:15:25.270889+00:00,2026-03-26T03:04:52.112320+00:00,29.6,4.8241,289.45,0002,0039,HEAVY-14,collected,22.25,3.0667,2,0,3,2026,29.6
2479b547_HEAVY-15,2026-03-25T22:18:25.270889+00:00,2026-03-26T03:13:44.537246+00:00,26.0,4.922,295.32,0002,0039,HEAVY-15,collected,22.3,3.2167,2,0,3,2026,26.0
2479b547_HEAVY-16,2026-03-25T22:20:25.270889+00:00,2026-03-26T05:46:16.992691+00:00,34.5,7.431,445.86,0002,0039,HEAVY-16,collected,22.3333,5.7667,2,0,3,2026,34.5
2479b547_HEAVY-17,2026-03-25T22:25:25.270889+00:00,2026-03-26T11:16:46.177871+00:00,38.16,12.8558,771.35,0002,0039,HEAVY-17,collected,22.4167,11.2667,2,0,3,2026,38.16
2479b547_HEAVY-18,2026-03-25T22:28:25.270889+00:00,2026-03-26T04:05:47.736099+00:00,22.5,5.6229,337.37,0002,0039,HEAVY-18,collected,22.4667,4.0833,2,0,3,2026,22.5
2479b547_HEAVY-19,2026-03-25T22:30:25.270889+00:00,2026-03-26T06:44:17.992447+00:00,32.4,8.2313,493.88,0002,0039,HEAVY-19,collected,22.5,6.7333,2,0,3,2026,32.4
2479b547_HEAVY-20,2026-03-25T22:35:25.270889+00:00,2026-03-26T04:35:37.471206+00:00,30.0,6.0034,360.2,0002,0039,HEAVY-20,collected,22.5833,4.5833,2,0,3,2026,30.0
2479b547_HEAVY-21,2026-03-25T22:40:25.270889+00:00,2026-03-26T11:33:39.695938+00:00,36.96,12.8873,773.24,0002,0039,HEAVY-21,collected,22.6667,11.55,2,0,3,2026,36.96
2479b547_HEAVY-22,2026-03-25T22:45:25.270889+00:00,2026-03-26T11:37:29.449356+00:00,58.52,12.8678,772.07,0002,0039,HEAVY-22,collected,22.75,11.6167,2,0,3,2026,58.52
2479b547_HEAVY-23,2026-03-25T22:50:25.270889+00:00,2026-03-26T07:10:19.041641+00:00,32.0,8.3316,499.9,0002,0039,HEAVY-23,collected,22.8333,7.1667,2,0,3,2026,32.0
2479b547_HEAVY-24,2026-03-25T22:55:25.270889+00:00,2026-03-26T04:28:10.027359+00:00,17.4,5.5458,332.75,0002,0039,HEAVY-24,collected,22.9167,4.4667,2,0,3,2026,17.4
2479b547_HEAVY-25,2026-03-25T23:00:25.270889+00:00,2026-03-26T12:31:12.486465+00:00,58.5,13.5131,810.79,0002,0039,HEAVY-25,collected,23.0,12.5167,2,0,3,2026,58.5
1bcd7455_KNOWN-01,2026-03-25T21:30:25.270889+00:00,2026-03-25T23:00:25.270889+00:00,26.0,1.5,90.0,0002,0039,KNOWN-01,collected,21.5,23.0,2,0,3,2026,26.0
1bcd7455_KNOWN-02,2026-03-25T21:35:25.270889+00:00,2026-03-25T23:35:25.270889+00:00,36.0,2.0,120.0,0002,0039,KNOWN-02,collected,21.5833,23.5833,2,0,3,2026,36.0
1bcd7455_KNOWN-03,2026-03-25T21:40:25.270889+00:00,2026-03-26T00:10:25.270889+00:00,31.5,2.5,150.0,0002,0039,KNOWN-03,collected,21.6667,0.1667,2,0,3,2026,31.5
1bcd7455_KNOWN-04,2026-03-25T21:42:25.270889+00:00,2026-03-25T23:12:25.270889+00:00,33.75,1.5,90.0,0002,0039,KNOWN-04,collected,21.7,23.2,2,0,3,2026,33.75
1bcd7455_KNOWN-05,2026-03-25T21:45:25.270889+00:00,2026-03-25T23:45:25.270889+00:00,53.9,2.0,120.0,0002,0039,KNOWN-05,collected,21.75,23.75,2,0,3,2026,53.9
1bcd7455_KNOWN-06,2026-03-25T21:48:25.270889+00:00,2026-03-26T00:48:25.270889+00:00,33.06,3.0,180.0,0002,0039,KNOWN-06,collected,21.8,0.8,2,0,3,2026,33.06
1bcd7455_KNOWN-07,2026-03-25T21:50:25.270889+00:00,2026-03-25T23:20:25.270889+00:00,26.0,1.5,90.0,0002,0039,KNOWN-07,collected,21.8333,23.3333,2,0,3,2026,26.0
1bcd7455_KNOWN-08,2026-03-25T21:55:25.270889+00:00,2026-03-25T23:55:25.270889+00:00,28.8,2.0,120.0,0002,0039,KNOWN-08,collected,21.9167,23.9167,2,0,3,2026,28.8
1bcd7455_UNKNOWN-01,2026-03-25T22:00:25.270889+00:00,2026-03-26T08:52:34.514053+00:00,43.2,10.8692,652.15,0002,0039,UNKNOWN-01,collected,22.0,8.8667,2,0,3,2026,43.2
1bcd7455_UNKNOWN-02,2026-03-25T22:05:25.270889+00:00,2026-03-26T09:32:08.454483+00:00,38.5,11.4453,686.72,0002,0039,UNKNOWN-02,collected,22.0833,9.5333,2,0,3,2026,38.5
1bcd7455_UNKNOWN-03,2026-03-25T22:10:25.270889+00:00,2026-03-26T03:03:32.904556+00:00,27.2,4.8855,293.13,0002,0039,UNKNOWN-03,collected,22.1667,3.05,2,0,3,2026,27.2
1bcd7455_UNKNOWN-04,2026-03-25T22:15:25.270889+00:00,2026-03-26T05:16:10.807388+00:00,31.5,7.0126,420.76,0002,0039,UNKNOWN-04,collected,22.25,5.2667,2,0,3,2026,31.5
1bcd7455_UNKNOWN-05,2026-03-25T22:20:25.270889+00:00,2026-03-26T09:46:53.318985+00:00,40.6,11.4411,686.47,0002,0039,UNKNOWN-05,collected,22.3333,9.7667,2,0,3,2026,40.6
1bcd7455_UNKNOWN-06,2026-03-25T22:25:25.270889+00:00,2026-03-26T10:45:02.444961+00:00,40.85,12.327,739.62,0002,0039,UNKNOWN-06,collected,22.4167,10.75,2,0,3,2026,40.85
1bcd7455_UNKNOWN-07,2026-03-25T22:30:25.270889+00:00,2026-03-26T06:44:17.992447+00:00,32.0,8.2313,493.88,0002,0039,UNKNOWN-07,collected,22.5,6.7333,2,0,3,2026,32.0
1bcd7455_UNKNOWN-08,2026-03-25T22:35:25.270889+00:00,2026-03-26T04:35:37.471206+00:00,28.0,6.0034,360.2,0002,0039,UNKNOWN-08,collected,22.5833,4.5833,2,0,3,2026,28.0
1bcd7455_UNKNOWN-09,2026-03-25T22:40:25.270889+00:00,2026-03-26T10:55:11.710098+00:00,43.89,12.2462,734.77,0002,0039,UNKNOWN-09,collected,22.6667,10.9167,2,0,3,2026,43.89
1bcd7455_UNKNOWN-10,2026-03-25T22:45:25.270889+00:00,2026-03-26T11:37:29.449356+00:00,58.32,12.8678,772.07,0002,0039,UNKNOWN-10,collected,22.75,11.6167,2,0,3,2026,58.32
1bcd7455_UNKNOWN-11,2026-03-25T22:50:25.270889+00:00,2026-03-26T04:49:39.390152+00:00,15.18,5.9873,359.24,0002,0039,UNKNOWN-11,collected,22.8333,4.8167,2,0,3,2026,15.18
1bcd7455_UNKNOWN-12,2026-03-25T23:00:25.270889+00:00,2026-03-26T07:20:48.896988+00:00,30.6,8.3399,500.39,0002,0039,UNKNOWN-12,collected,23.0,7.3333,2,0,3,2026,30.6
f1e4cf4b_EV-001,2026-03-25T21:30:35.381084+00:00,2026-03-26T02:15:22.812725+00:00,20.13,4.7465,284.79,0002,0039,EV-001,collected,21.5,2.25,2,0,3,2026,20.13
f1e4cf4b_EV-002,2026-03-25T21:30:35.381084+00:00,2026-03-26T02:14:42.864605+00:00,22.8,4.7354,284.12,0002,0039,EV-002,collected,21.5,2.2333,2,0,3,2026,22.8
f1e4cf4b_EV-003,2026-03-25T21:30:35.381084+00:00,2026-03-26T02:14:42.864605+00:00,23.43,4.7354,284.12,0002,0039,EV-003,collected,21.5,2.2333,2,0,3,2026,23.43
f1e4cf4b_EV-004,2026-03-25T21:30:35.381084+00:00,2026-03-26T08:54:42.079082+00:00,39.0,11.4019,684.11,0002,0039,EV-004,collected,21.5,8.9,2,0,3,2026,39.0
f1e4cf4b_EV-005,2026-03-25T21:30:35.381084+00:00,2026-03-26T07:52:10.299297+00:00,42.0,10.3597,621.58,0002,0039,EV-005,collected,21.5,7.8667,2,0,3,2026,42.0
f1e4cf4b_EV-006,2026-03-25T21:30:35.381084+00:00,2026-03-26T08:24:43.723369+00:00,50.25,10.9023,654.14,0002,0039,EV-006,collected,21.5,8.4,2,0,3,2026,50.25
f1e4cf4b_EV-007,2026-03-25T21:30:35.381084+00:00,2026-03-26T02:16:25.854106+00:00,29.26,4.764,285.84,0002,0039,EV-007,collected,21.5,2.2667,2,0,3,2026,29.26
f1e4cf4b_EV-008,2026-03-25T21:30:35.381084+00:00,2026-03-26T07:52:10.299297+00:00,43.5,10.3597,621.58,0002,0039,EV-008,collected,21.5,7.8667,2,0,3,2026,43.5
f1e4cf4b_EV-009,2026-03-25T21:30:35.381084+00:00,2026-03-26T07:52:10.299297+00:00,45.75,10.3597,621.58,0002,0039,EV-009,collected,21.5,7.8667,2,0,3,2026,45.75
f1e4cf4b_EV-010,2026-03-25T21:30:35.381084+00:00,2026-03-26T04:03:49.467388+00:00,31.68,6.5539,393.23,0002,0039,EV-010,collected,21.5,4.05,2,0,3,2026,31.68
97602b37_EV-001,2026-03-25T21:30:51.584030+00:00,2026-03-26T02:15:39.015671+00:00,20.13,4.7465,284.79,0002,0039,EV-001,collected,21.5,2.25,2,0,3,2026,20.13
97602b37_EV-002,2026-03-25T21:30:51.584030+00:00,2026-03-26T02:14:59.067551+00:00,22.8,4.7354,284.12,0002,0039,EV-002,collected,21.5,2.2333,2,0,3,2026,22.8
97602b37_EV-003,2026-03-25T21:30:51.584030+00:00,2026-03-26T02:14:59.067551+00:00,23.43,4.7354,284.12,0002,0039,EV-003,collected,21.5,2.2333,2,0,3,2026,23.43
97602b37_EV-004,2026-03-25T21:30:51.584030+00:00,2026-03-26T08:54:58.282028+00:00,39.0,11.4019,684.11,0002,0039,EV-004,collected,21.5,8.9,2,0,3,2026,39.0
97602b37_EV-005,2026-03-25T21:30:51.584030+00:00,2026-03-26T07:52:26.502243+00:00,42.0,10.3597,621.58,0002,0039,EV-005,collected,21.5,7.8667,2,0,3,2026,42.0
97602b37_EV-006,2026-03-25T21:30:51.584030+00:00,2026-03-26T08:24:59.926315+00:00,50.25,10.9023,654.14,0002,0039,EV-006,collected,21.5,8.4,2,0,3,2026,50.25
97602b37_EV-007,2026-03-25T21:30:51.584030+00:00,2026-03-26T02:16:42.057052+00:00,29.26,4.764,285.84,0002,0039,EV-007,collected,21.5,2.2667,2,0,3,2026,29.26
97602b37_EV-008,2026-03-25T21:30:51.584030+00:00,2026-03-26T07:52:26.502243+00:00,43.5,10.3597,621.58,0002,0039,EV-008,collected,21.5,7.8667,2,0,3,2026,43.5
97602b37_EV-009,2026-03-25T21:30:51.584030+00:00,2026-03-26T07:52:26.502243+00:00,45.75,10.3597,621.58,0002,0039,EV-009,collected,21.5,7.8667,2,0,3,2026,45.75
97602b37_EV-010,2026-03-25T21:30:51.584030+00:00,2026-03-26T04:04:05.670334+00:00,31.68,6.5539,393.23,0002,0039,EV-010,collected,21.5,4.0667,2,0,3,2026,31.68
97602b37_EV-011,2026-03-25T21:30:51.584030+00:00,2026-03-26T08:24:59.926315+00:00,62.25,10.9023,654.14,0002,0039,EV-011,collected,21.5,8.4,2,0,3,2026,62.25
97602b37_EV-012,2026-03-25T21:30:51.584030+00:00,2026-03-26T08:54:58.282028+00:00,36.72,11.4019,684.11,0002,0039,EV-012,collected,21.5,8.9,2,0,3,2026,36.72
97602b37_EV-013,2026-03-25T21:30:51.584030+00:00,2026-03-26T08:24:59.926315+00:00,51.12,10.9023,654.14,0002,0039,EV-013,collected,21.5,8.4,2,0,3,2026,51.12
97602b37_EV-014,2026-03-25T21:30:51.584030+00:00,2026-03-26T02:14:59.067551+00:00,23.6,4.7354,284.12,0002,0039,EV-014,collected,21.5,2.2333,2,0,3,2026,23.6
97602b37_EV-015,2026-03-25T21:30:51.584030+00:00,2026-03-26T02:18:38.462692+00:00,26.5,4.7964,287.78,0002,0039,EV-015,collected,21.5,2.3,2,0,3,2026,26.5
97602b37_EV-016,2026-03-25T21:30:51.584030+00:00,2026-03-26T08:24:59.926315+00:00,66.0,10.9023,654.14,0002,0039,EV-016,collected,21.5,8.4,2,0,3,2026,66.0
97602b37_EV-017,2026-03-25T21:30:51.584030+00:00,2026-03-26T04:29:53.942428+00:00,33.06,6.984,419.04,0002,0039,EV-017,collected,21.5,4.4833,2,0,3,2026,33.06
97602b37_EV-018,2026-03-25T21:30:51.584030+00:00,2026-03-26T07:52:26.502243+00:00,42.35,10.3597,621.58,0002,0039,EV-018,collected,21.5,7.8667,2,0,3,2026,42.35
97602b37_EV-019,2026-03-25T21:30:51.584030+00:00,2026-03-26T07:52:26.502243+00:00,47.4,10.3597,621.58,0002,0039,EV-019,collected,21.5,7.8667,2,0,3,2026,47.4
97602b37_EV-020,2026-03-25T21:30:51.584030+00:00,2026-03-26T08:24:59.926315+00:00,81.7,10.9023,654.14,0002,0039,EV-020,collected,21.5,8.4,2,0,3,2026,81.7
97602b37_EV-021,2026-03-25T21:30:51.584030+00:00,2026-03-26T02:14:13.565842+00:00,24.0,4.7228,283.37,0002,0039,EV-021,collected,21.5,2.2333,2,0,3,2026,24.0
97602b37_EV-022,2026-03-25T21:30:51.584030+00:00,2026-03-26T04:29:53.942428+00:00,35.4,6.984,419.04,0002,0039,EV-022,collected,21.5,4.4833,2,0,3,2026,35.4
97602b37_EV-023,2026-03-25T21:30:51.584030+00:00,2026-03-26T08:24:59.926315+00:00,56.8,10.9023,654.14,0002,0039,EV-023,collected,21.5,8.4,2,0,3,2026,56.8
97602b37_EV-024,2026-03-25T21:30:51.584030+00:00,2026-03-26T07:52:26.502243+00:00,44.8,10.3597,621.58,0002,0039,EV-024,collected,21.5,7.8667,2,0,3,2026,44.8
97602b37_EV-025,2026-03-25T21:30:51.584030+00:00,2026-03-26T04:29:53.942428+00:00,33.0,6.984,419.04,0002,0039,EV-025,collected,21.5,4.4833,2,0,3,2026,33.0
97602b37_EV-026,2026-03-25T21:30:51.584030+00:00,2026-03-26T08:24:59.926315+00:00,60.06,10.9023,654.14,0002,0039,EV-026,collected,21.5,8.4,2,0,3,2026,60.06
97602b37_EV-027,2026-03-25T21:30:51.584030+00:00,2026-03-26T04:29:53.942428+00:00,33.0,6.984,419.04,0002,0039,EV-027,collected,21.5,4.4833,2,0,3,2026,33.0
97602b37_EV-028,2026-03-25T21:30:51.584030+00:00,2026-03-26T07:52:26.502243+00:00,47.5,10.3597,621.58,0002,0039,EV-028,collected,21.5,7.8667,2,0,3,2026,47.5
97602b37_EV-029,2026-03-25T21:30:51.584030+00:00,2026-03-26T02:10:51.975876+00:00,14.5,4.6668,280.01,0002,0039,EV-029,collected,21.5,2.1667,2,0,3,2026,14.5
97602b37_EV-030,2026-03-25T21:30:51.584030+00:00,2026-03-26T08:24:59.926315+00:00,60.83,10.9023,654.14,0002,0039,EV-030,collected,21.5,8.4,2,0,3,2026,60.83
97602b37_EV-031,2026-03-25T21:30:51.584030+00:00,2026-03-26T08:24:59.926315+00:00,56.21,10.9023,654.14,0002,0039,EV-031,collected,21.5,8.4,2,0,3,2026,56.21
97602b37_EV-032,2026-03-25T21:30:51.584030+00:00,2026-03-26T02:08:17.616134+00:00,18.0,4.6239,277.43,0002,0039,EV-032,collected,21.5,2.1333,2,0,3,2026,18.0
97602b37_EV-033,2026-03-25T21:30:51.584030+00:00,2026-03-26T04:04:05.670334+00:00,31.5,6.5539,393.23,0002,0039,EV-033,collected,21.5,4.0667,2,0,3,2026,31.5
97602b37_EV-034,2026-03-25T21:30:51.584030+00:00,2026-03-26T08:24:59.926315+00:00,61.5,10.9023,654.14,0002,0039,EV-034,collected,21.5,8.4,2,0,3,2026,61.5
97602b37_EV-035,2026-03-25T21:30:51.584030+00:00,2026-03-26T08:24:59.926315+00:00,52.36,10.9023,654.14,0002,0039,EV-035,collected,21.5,8.4,2,0,3,2026,52.36
97602b37_EV-036,2026-03-25T21:30:51.584030+00:00,2026-03-26T07:52:26.502243+00:00,42.35,10.3597,621.58,0002,0039,EV-036,collected,21.5,7.8667,2,0,3,2026,42.35
97602b37_EV-037,2026-03-25T21:30:51.584030+00:00,2026-03-26T08:18:09.110885+00:00,40.02,10.7882,647.29,0002,0039,EV-037,collected,21.5,8.3,2,0,3,2026,40.02
97602b37_EV-038,2026-03-25T21:30:51.584030+00:00,2026-03-26T04:29:53.942428+00:00,34.2,6.984,419.04,0002,0039,EV-038,collected,21.5,4.4833,2,0,3,2026,34.2
97602b37_EV-039,2026-03-25T21:30:51.584030+00:00,2026-03-26T08:24:59.926315+00:00,56.05,10.9023,654.14,0002,0039,EV-039,collected,21.5,8.4,2,0,3,2026,56.05
50da23c6_EV-001,2026-03-25T21:46:28.160518+00:00,2026-03-26T02:15:59.925655+00:00,22.0,4.4922,269.53,0002,0039,EV-001,collected,21.7667,2.25,2,0,3,2026,22.0
50da23c6_EV-002,2026-03-25T21:46:28.160518+00:00,2026-03-26T04:34:40.803951+00:00,34.0,6.8035,408.21,0002,0039,EV-002,collected,21.7667,4.5667,2,0,3,2026,34.0
50da23c6_EV-003,2026-03-25T21:46:28.160518+00:00,2026-03-26T08:18:57.603877+00:00,40.2,10.5415,632.49,0002,0039,EV-003,collected,21.7667,8.3,2,0,3,2026,40.2
50da23c6_EV-004,2026-03-25T21:46:28.160518+00:00,2026-03-26T08:18:57.603877+00:00,41.25,10.5415,632.49,0002,0039,EV-004,collected,21.7667,8.3,2,0,3,2026,41.25
50da23c6_EV-005,2026-03-25T21:46:28.160518+00:00,2026-03-26T02:16:22.421993+00:00,27.2,4.4984,269.9,0002,0039,EV-005,collected,21.7667,2.2667,2,0,3,2026,27.2
50da23c6_EV-006,2026-03-25T21:46:28.160518+00:00,2026-03-26T02:14:39.432491+00:00,23.2,4.4698,268.19,0002,0039,EV-006,collected,21.7667,2.2333,2,0,3,2026,23.2
50da23c6_EV-007,2026-03-25T21:46:28.160518+00:00,2026-03-26T07:53:14.995235+00:00,43.89,10.113,606.78,0002,0039,EV-007,collected,21.7667,7.8833,2,0,3,2026,43.89
50da23c6_EV-008,2026-03-25T21:46:28.160518+00:00,2026-03-26T04:34:40.803951+00:00,36.0,6.8035,408.21,0002,0039,EV-008,collected,21.7667,4.5667,2,0,3,2026,36.0
50da23c6_EV-009,2026-03-25T21:46:28.160518+00:00,2026-03-26T08:25:48.419307+00:00,53.9,10.6556,639.34,0002,0039,EV-009,collected,21.7667,8.4167,2,0,3,2026,53.9
50da23c6_EV-010,2026-03-25T21:46:28.160518+00:00,2026-03-26T07:53:14.995235+00:00,42.75,10.113,606.78,0002,0039,EV-010,collected,21.7667,7.8833,2,0,3,2026,42.75
50da23c6_EV-011,2026-03-25T21:46:28.160518+00:00,2026-03-26T02:16:22.421993+00:00,28.5,4.4984,269.9,0002,0039,EV-011,collected,21.7667,2.2667,2,0,3,2026,28.5
50da23c6_EV-012,2026-03-25T21:46:28.160518+00:00,2026-03-26T04:34:40.803951+00:00,35.0,6.8035,408.21,0002,0039,EV-012,collected,21.7667,4.5667,2,0,3,2026,35.0
50da23c6_EV-013,2026-03-25T21:46:28.160518+00:00,2026-03-26T08:25:48.419307+00:00,53.9,10.6556,639.34,0002,0039,EV-013,collected,21.7667,8.4167,2,0,3,2026,53.9
50da23c6_EV-014,2026-03-25T21:46:28.160518+00:00,2026-03-26T02:15:59.273799+00:00,17.49,4.492,269.52,0002,0039,EV-014,collected,21.7667,2.25,2,0,3,2026,17.49
50da23c6_EV-015,2026-03-25T21:46:28.160518+00:00,2026-03-26T08:25:48.419307+00:00,48.0,10.6556,639.34,0002,0039,EV-015,collected,21.7667,8.4167,2,0,3,2026,48.0
50da23c6_EV-016,2026-03-25T21:46:28.160518+00:00,2026-03-26T02:16:22.421993+00:00,28.8,4.4984,269.9,0002,0039,EV-016,collected,21.7667,2.2667,2,0,3,2026,28.8
50da23c6_EV-017,2026-03-25T21:46:28.160518+00:00,2026-03-26T04:34:40.803951+00:00,36.0,6.8035,408.21,0002,0039,EV-017,collected,21.7667,4.5667,2,0,3,2026,36.0
50da23c6_EV-018,2026-03-25T21:46:28.160518+00:00,2026-03-26T02:16:22.421993+00:00,30.24,4.4984,269.9,0002,0039,EV-018,collected,21.7667,2.2667,2,0,3,2026,30.24
50da23c6_EV-019,2026-03-25T21:46:28.160518+00:00,2026-03-26T08:47:49.547237+00:00,39.5,11.0226,661.36,0002,0039,EV-019,collected,21.7667,8.7833,2,0,3,2026,39.5
50da23c6_EV-020,2026-03-25T21:46:28.160518+00:00,2026-03-26T04:34:40.803951+00:00,35.25,6.8035,408.21,0002,0039,EV-020,collected,21.7667,4.5667,2,0,3,2026,35.25
efb3a913_HEAVY-01,2026-03-25T21:46:28.160518+00:00,2026-03-26T03:59:43.341792+00:00,31.2,6.2209,373.25,0002,0039,HEAVY-01,collected,21.7667,3.9833,2,0,3,2026,31.2
efb3a913_HEAVY-02,2026-03-25T21:51:28.160518+00:00,2026-03-26T04:42:02.306026+00:00,34.2,6.8428,410.57,0002,0039,HEAVY-02,collected,21.85,4.7,2,0,3,2026,34.2
efb3a913_HEAVY-03,2026-03-25T21:54:28.160518+00:00,2026-03-26T04:57:25.289424+00:00,33.75,7.0492,422.95,0002,0039,HEAVY-03,collected,21.9,4.95,2,0,3,2026,33.75
efb3a913_HEAVY-04,2026-03-25T21:56:28.160518+00:00,2026-03-26T09:01:11.706661+00:00,53.9,11.0788,664.73,0002,0039,HEAVY-04,collected,21.9333,9.0167,2,0,3,2026,53.9
efb3a913_HEAVY-05,2026-03-25T22:01:28.160518+00:00,2026-03-26T04:10:16.835445+00:00,31.0,6.1469,368.81,0002,0039,HEAVY-05,collected,22.0167,4.1667,2,0,3,2026,31.0
efb3a913_HEAVY-06,2026-03-25T22:04:28.160518+00:00,2026-03-26T09:22:54.425166+00:00,38.86,11.3073,678.44,0002,0039,HEAVY-06,collected,22.0667,9.3667,2,0,3,2026,38.86
efb3a913_HEAVY-07,2026-03-25T22:06:28.160518+00:00,2026-03-26T02:34:35.135005+00:00,27.36,4.4686,268.12,0002,0039,HEAVY-07,collected,22.1,2.5667,2,0,3,2026,27.36
efb3a913_HEAVY-08,2026-03-25T22:11:28.160518+00:00,2026-03-26T10:09:10.044063+00:00,44.66,11.9616,717.7,0002,0039,HEAVY-08,collected,22.1833,10.15,2,0,3,2026,44.66
efb3a913_HEAVY-09,2026-03-25T22:14:28.160518+00:00,2026-03-26T05:15:13.697017+00:00,32.8,7.0126,420.76,0002,0039,HEAVY-09,collected,22.2333,5.25,2,0,3,2026,32.8
efb3a913_HEAVY-10,2026-03-25T22:16:28.160518+00:00,2026-03-26T03:05:55.001949+00:00,27.0,4.8241,289.45,0002,0039,HEAVY-10,collected,22.2667,3.0833,2,0,3,2026,27.0
efb3a913_HEAVY-11,2026-03-25T22:21:28.160518+00:00,2026-03-26T09:44:47.445186+00:00,60.0,11.3887,683.32,0002,0039,HEAVY-11,collected,22.35,9.7333,2,0,3,2026,60.0
efb3a913_HEAVY-12,2026-03-25T22:24:28.160518+00:00,2026-03-26T10:37:21.077998+00:00,42.75,12.2147,732.88,0002,0039,HEAVY-12,collected,22.4,10.6167,2,0,3,2026,42.75
efb3a913_HEAVY-13,2026-03-25T22:26:28.160518+00:00,2026-03-26T04:03:50.625728+00:00,23.1,5.6229,337.37,0002,0039,HEAVY-13,collected,22.4333,4.05,2,0,3,2026,23.1
efb3a913_HEAVY-14,2026-03-25T22:31:28.160518+00:00,2026-03-26T04:34:02.183345+00:00,29.6,6.0428,362.57,0002,0039,HEAVY-14,collected,22.5167,4.5667,2,0,3,2026,29.6
efb3a913_HEAVY-15,2026-03-25T22:34:28.160518+00:00,2026-03-26T04:40:32.789424+00:00,26.0,6.1013,366.08,0002,0039,HEAVY-15,collected,22.5667,4.6667,2,0,3,2026,26.0
efb3a913_HEAVY-16,2026-03-25T22:36:28.160518+00:00,2026-03-26T07:05:27.587398+00:00,34.5,8.4832,508.99,0002,0039,HEAVY-16,collected,22.6,7.0833,2,0,3,2026,34.5
efb3a913_HEAVY-17,2026-03-25T22:41:28.160518+00:00,2026-03-26T11:24:43.281368+00:00,38.16,12.7209,763.25,0002,0039,HEAVY-17,collected,22.6833,11.4,2,0,3,2026,38.16
efb3a913_HEAVY-18,2026-03-25T22:44:28.160518+00:00,2026-03-26T04:21:13.772090+00:00,22.5,5.6127,336.76,0002,0039,HEAVY-18,collected,22.7333,4.35,2,0,3,2026,22.5
efb3a913_HEAVY-19,2026-03-25T22:46:28.160518+00:00,2026-03-26T06:47:05.563472+00:00,32.4,8.0104,480.62,0002,0039,HEAVY-19,collected,22.7667,6.7833,2,0,3,2026,32.4
efb3a913_HEAVY-20,2026-03-25T22:51:28.160518+00:00,2026-03-26T05:09:37.923702+00:00,30.0,6.3027,378.16,0002,0039,HEAVY-20,collected,22.85,5.15,2,0,3,2026,30.0
efb3a913_HEAVY-21,2026-03-25T22:56:28.160518+00:00,2026-03-26T12:15:51.700557+00:00,36.96,13.3232,799.39,0002,0039,HEAVY-21,collected,22.9333,12.25,2,0,3,2026,36.96
efb3a913_HEAVY-22,2026-03-25T23:01:28.160518+00:00,2026-03-26T12:32:15.376094+00:00,58.52,13.5131,810.79,0002,0039,HEAVY-22,collected,23.0167,12.5333,2,0,3,2026,58.52
efb3a913_HEAVY-23,2026-03-25T23:06:28.160518+00:00,2026-03-26T06:34:08.172725+00:00,32.0,7.4611,447.67,0002,0039,HEAVY-23,collected,23.1,6.5667,2,0,3,2026,32.0
efb3a913_HEAVY-24,2026-03-25T23:11:28.160518+00:00,2026-03-26T04:05:25.727046+00:00,17.4,4.8993,293.96,0002,0039,HEAVY-24,collected,23.1833,4.0833,2,0,3,2026,17.4
efb3a913_HEAVY-25,2026-03-25T23:16:28.160518+00:00,2026-03-26T12:18:51.228145+00:00,58.5,13.0397,782.38,0002,0039,HEAVY-25,collected,23.2667,12.3,2,0,3,2026,58.5
8ff1f734_KNOWN-01,2026-03-25T21:46:28.160518+00:00,2026-03-25T23:16:28.160518+00:00,26.0,1.5,90.0,0002,0039,KNOWN-01,collected,21.7667,23.2667,2,0,3,2026,26.0
8ff1f734_KNOWN-02,2026-03-25T21:51:28.160518+00:00,2026-03-25T23:51:28.160518+00:00,36.0,2.0,120.0,0002,0039,KNOWN-02,collected,21.85,23.85,2,0,3,2026,36.0
8ff1f734_KNOWN-03,2026-03-25T21:56:28.160518+00:00,2026-03-26T00:26:28.160518+00:00,31.5,2.5,150.0,0002,0039,KNOWN-03,collected,21.9333,0.4333,2,0,3,2026,31.5
8ff1f734_KNOWN-04,2026-03-25T21:58:28.160518+00:00,2026-03-25T23:28:28.160518+00:00,33.75,1.5,90.0,0002,0039,KNOWN-04,collected,21.9667,23.4667,2,0,3,2026,33.75
8ff1f734_KNOWN-05,2026-03-25T22:01:28.160518+00:00,2026-03-26T00:01:28.160518+00:00,53.9,2.0,120.0,0002,0039,KNOWN-05,collected,22.0167,0.0167,2,0,3,2026,53.9
8ff1f734_KNOWN-06,2026-03-25T22:04:28.160518+00:00,2026-03-26T01:04:28.160518+00:00,33.06,3.0,180.0,0002,0039,KNOWN-06,collected,22.0667,1.0667,2,0,3,2026,33.06
8ff1f734_KNOWN-07,2026-03-25T22:06:28.160518+00:00,2026-03-25T23:36:28.160518+00:00,26.0,1.5,90.0,0002,0039,KNOWN-07,collected,22.1,23.6,2,0,3,2026,26.0
8ff1f734_KNOWN-08,2026-03-25T22:11:28.160518+00:00,2026-03-26T00:11:28.160518+00:00,28.8,2.0,120.0,0002,0039,KNOWN-08,collected,22.1833,0.1833,2,0,3,2026,28.8
8ff1f734_UNKNOWN-01,2026-03-25T22:16:28.160518+00:00,2026-03-26T09:36:11.952022+00:00,43.2,11.3288,679.73,0002,0039,UNKNOWN-01,collected,22.2667,9.6,2,0,3,2026,43.2
8ff1f734_UNKNOWN-02,2026-03-25T22:21:28.160518+00:00,2026-03-26T09:49:28.786739+00:00,38.5,11.4668,688.01,0002,0039,UNKNOWN-02,collected,22.35,9.8167,2,0,3,2026,38.5
8ff1f734_UNKNOWN-03,2026-03-25T22:26:28.160518+00:00,2026-03-26T04:22:21.074336+00:00,27.2,5.9314,355.88,0002,0039,UNKNOWN-03,collected,22.4333,4.3667,2,0,3,2026,27.2
8ff1f734_UNKNOWN-04,2026-03-25T22:31:28.160518+00:00,2026-03-26T06:45:20.882076+00:00,31.5,8.2313,493.88,0002,0039,UNKNOWN-04,collected,22.5167,6.75,2,0,3,2026,31.5
8ff1f734_UNKNOWN-05,2026-03-25T22:36:28.160518+00:00,2026-03-26T10:57:58.856319+00:00,40.6,12.3585,741.51,0002,0039,UNKNOWN-05,collected,22.6,10.95,2,0,3,2026,40.6
8ff1f734_UNKNOWN-06,2026-03-25T22:41:28.160518+00:00,2026-03-26T10:46:52.000850+00:00,40.85,12.09,725.4,0002,0039,UNKNOWN-06,collected,22.6833,10.7667,2,0,3,2026,40.85
8ff1f734_UNKNOWN-07,2026-03-25T22:46:28.160518+00:00,2026-03-26T06:47:05.563472+00:00,32.0,8.0104,480.62,0002,0039,UNKNOWN-07,collected,22.7667,6.7833,2,0,3,2026,32.0
8ff1f734_UNKNOWN-08,2026-03-25T22:51:28.160518+00:00,2026-03-26T05:09:37.923702+00:00,28.0,6.3027,378.16,0002,0039,UNKNOWN-08,collected,22.85,5.15,2,0,3,2026,28.0
8ff1f734_UNKNOWN-09,2026-03-25T22:56:28.160518+00:00,2026-03-26T11:52:54.890254+00:00,43.89,12.9408,776.45,0002,0039,UNKNOWN-09,collected,22.9333,11.8667,2,0,3,2026,43.89
8ff1f734_UNKNOWN-10,2026-03-25T23:01:28.160518+00:00,2026-03-26T12:32:15.376094+00:00,58.32,13.5131,810.79,0002,0039,UNKNOWN-10,collected,23.0167,12.5333,2,0,3,2026,58.32
8ff1f734_UNKNOWN-11,2026-03-25T23:06:28.160518+00:00,2026-03-26T04:05:50.629390+00:00,15.18,4.9896,299.37,0002,0039,UNKNOWN-11,collected,23.1,4.0833,2,0,3,2026,15.18
8ff1f734_UNKNOWN-12,2026-03-25T23:16:28.160518+00:00,2026-03-26T06:54:15.844844+00:00,30.6,7.6299,457.79,0002,0039,UNKNOWN-12,collected,23.2667,6.9,2,0,3,2026,30.6
67dec46c_v1,2026-03-25T21:48:44.109132+00:00,2026-03-26T08:10:09.846437+00:00,42.0,10.3571,621.43,0002,0039,v1,collected,21.8,8.1667,2,0,3,2026,42.0
67dec46c_v2,2026-03-25T21:48:44.109132+00:00,2026-03-26T08:42:43.263185+00:00,53.3,10.8998,653.99,0002,0039,v2,collected,21.8,8.7,2,0,3,2026,53.3
c79f0e27_v1,2026-03-25T21:51:35.502726+00:00,2026-03-26T08:12:48.089396+00:00,42.0,10.3535,621.21,0002,0039,v1,collected,21.85,8.2,2,0,3,2026,42.0
c79f0e27_v2,2026-03-25T21:51:35.502726+00:00,2026-03-26T08:45:21.506144+00:00,53.3,10.8961,653.77,0002,0039,v2,collected,21.85,8.75,2,0,3,2026,53.3
1fc3a4d7_EV-001,2026-03-25T21:51:57.361062+00:00,2026-03-26T02:15:32.954934+00:00,22.0,4.3932,263.59,0002,0039,EV-001,collected,21.85,2.25,2,0,3,2026,22.0
1fc3a4d7_EV-002,2026-03-25T21:51:57.361062+00:00,2026-03-26T04:42:31.506570+00:00,34.0,6.8428,410.57,0002,0039,EV-002,collected,21.85,4.7,2,0,3,2026,34.0
1fc3a4d7_EV-003,2026-03-25T21:51:57.361062+00:00,2026-03-26T08:26:48.311990+00:00,40.2,10.5808,634.85,0002,0039,EV-003,collected,21.85,8.4333,2,0,3,2026,40.2
1fc3a4d7_EV-004,2026-03-25T21:51:57.361062+00:00,2026-03-26T08:26:48.311990+00:00,41.25,10.5808,634.85,0002,0039,EV-004,collected,21.85,8.4333,2,0,3,2026,41.25
1fc3a4d7_EV-005,2026-03-25T21:51:57.361062+00:00,2026-03-26T02:15:55.451272+00:00,27.2,4.3995,263.97,0002,0039,EV-005,collected,21.85,2.25,2,0,3,2026,27.2
1fc3a4d7_EV-006,2026-03-25T21:51:57.361062+00:00,2026-03-26T02:14:12.461770+00:00,23.2,4.3709,262.25,0002,0039,EV-006,collected,21.85,2.2333,2,0,3,2026,23.2
1fc3a4d7_EV-007,2026-03-25T21:51:57.361062+00:00,2026-03-26T08:13:09.947732+00:00,43.89,10.3535,621.21,0002,0039,EV-007,collected,21.85,8.2167,2,0,3,2026,43.89
1fc3a4d7_EV-008,2026-03-25T21:51:57.361062+00:00,2026-03-26T04:42:31.506570+00:00,36.0,6.8428,410.57,0002,0039,EV-008,collected,21.85,4.7,2,0,3,2026,36.0
1fc3a4d7_EV-009,2026-03-25T21:51:57.361062+00:00,2026-03-26T08:45:43.364480+00:00,53.9,10.8961,653.77,0002,0039,EV-009,collected,21.85,8.75,2,0,3,2026,53.9
1fc3a4d7_EV-010,2026-03-25T21:51:57.361062+00:00,2026-03-26T08:13:09.947732+00:00,42.75,10.3535,621.21,0002,0039,EV-010,collected,21.85,8.2167,2,0,3,2026,42.75
1fc3a4d7_EV-011,2026-03-25T21:51:57.361062+00:00,2026-03-26T02:15:55.451272+00:00,28.5,4.3995,263.97,0002,0039,EV-011,collected,21.85,2.25,2,0,3,2026,28.5
1fc3a4d7_EV-012,2026-03-25T21:51:57.361062+00:00,2026-03-26T04:42:31.506570+00:00,35.0,6.8428,410.57,0002,0039,EV-012,collected,21.85,4.7,2,0,3,2026,35.0
1fc3a4d7_EV-013,2026-03-25T21:51:57.361062+00:00,2026-03-26T08:45:43.364480+00:00,53.9,10.8961,653.77,0002,0039,EV-013,collected,21.85,8.75,2,0,3,2026,53.9
1fc3a4d7_EV-014,2026-03-25T21:51:57.361062+00:00,2026-03-26T02:15:32.303079+00:00,17.49,4.393,263.58,0002,0039,EV-014,collected,21.85,2.25,2,0,3,2026,17.49
1fc3a4d7_EV-015,2026-03-25T21:51:57.361062+00:00,2026-03-26T08:45:43.364480+00:00,48.0,10.8961,653.77,0002,0039,EV-015,collected,21.85,8.75,2,0,3,2026,48.0
1fc3a4d7_EV-016,2026-03-25T21:51:57.361062+00:00,2026-03-26T02:15:55.451272+00:00,28.8,4.3995,263.97,0002,0039,EV-016,collected,21.85,2.25,2,0,3,2026,28.8
1fc3a4d7_EV-017,2026-03-25T21:51:57.361062+00:00,2026-03-26T04:42:31.506570+00:00,36.0,6.8428,410.57,0002,0039,EV-017,collected,21.85,4.7,2,0,3,2026,36.0
1fc3a4d7_EV-018,2026-03-25T21:51:57.361062+00:00,2026-03-26T02:15:55.451272+00:00,30.24,4.3995,263.97,0002,0039,EV-018,collected,21.85,2.25,2,0,3,2026,30.24
1fc3a4d7_EV-019,2026-03-25T21:51:57.361062+00:00,2026-03-26T08:55:40.255349+00:00,39.5,11.0619,663.71,0002,0039,EV-019,collected,21.85,8.9167,2,0,3,2026,39.5
1fc3a4d7_EV-020,2026-03-25T21:51:57.361062+00:00,2026-03-26T04:42:31.506570+00:00,35.25,6.8428,410.57,0002,0039,EV-020,collected,21.85,4.7,2,0,3,2026,35.25
161000ee_HEAVY-01,2026-03-25T21:51:57.361062+00:00,2026-03-26T04:07:34.044412+00:00,31.2,6.2602,375.61,0002,0039,HEAVY-01,collected,21.85,4.1167,2,0,3,2026,31.2
161000ee_HEAVY-02,2026-03-25T21:56:57.361062+00:00,2026-03-26T04:59:54.489968+00:00,34.2,7.0492,422.95,0002,0039,HEAVY-02,collected,21.9333,4.9833,2,0,3,2026,34.2
161000ee_HEAVY-03,2026-03-25T21:59:57.361062+00:00,2026-03-26T04:48:54.696877+00:00,33.75,6.8159,408.96,0002,0039,HEAVY-03,collected,21.9833,4.8,2,0,3,2026,33.75
161000ee_HEAVY-04,2026-03-25T22:01:57.361062+00:00,2026-03-26T09:26:40.028298+00:00,53.9,11.4119,684.71,0002,0039,HEAVY-04,collected,22.0167,9.4333,2,0,3,2026,53.9
161000ee_HEAVY-05,2026-03-25T22:06:57.361062+00:00,2026-03-26T04:26:42.926858+00:00,31.0,6.3293,379.76,0002,0039,HEAVY-05,collected,22.1,4.4333,2,0,3,2026,31.0
161000ee_HEAVY-06,2026-03-25T22:09:57.361062+00:00,2026-03-26T10:39:38.475564+00:00,38.86,12.4948,749.69,0002,0039,HEAVY-06,collected,22.15,10.65,2,0,3,2026,38.86
161000ee_HEAVY-07,2026-03-25T22:11:57.361062+00:00,2026-03-26T03:25:15.468362+00:00,27.36,5.2217,313.3,0002,0039,HEAVY-07,collected,22.1833,3.4167,2,0,3,2026,27.36
161000ee_HEAVY-08,2026-03-25T22:16:57.361062+00:00,2026-03-26T09:36:41.152566+00:00,44.66,11.3288,679.73,0002,0039,HEAVY-08,collected,22.2667,9.6,2,0,3,2026,44.66
161000ee_HEAVY-09,2026-03-25T22:19:57.361062+00:00,2026-03-26T05:20:42.897561+00:00,32.8,7.0126,420.76,0002,0039,HEAVY-09,collected,22.3167,5.3333,2,0,3,2026,32.8
161000ee_HEAVY-10,2026-03-25T22:21:57.361062+00:00,2026-03-26T02:41:13.053201+00:00,27.0,4.321,259.26,0002,0039,HEAVY-10,collected,22.35,2.6833,2,0,3,2026,27.0
161000ee_HEAVY-11,2026-03-25T22:26:57.361062+00:00,2026-03-26T11:14:44.214089+00:00,60.0,12.7963,767.78,0002,0039,HEAVY-11,collected,22.4333,11.2333,2,0,3,2026,60.0
161000ee_HEAVY-12,2026-03-25T22:29:57.361062+00:00,2026-03-26T10:43:57.573464+00:00,42.75,12.2334,734.0,0002,0039,HEAVY-12,collected,22.4833,10.7167,2,0,3,2026,42.75
161000ee_HEAVY-13,2026-03-25T22:31:57.361062+00:00,2026-03-26T04:16:00.938943+00:00,23.1,5.7343,344.06,0002,0039,HEAVY-13,collected,22.5167,4.2667,2,0,3,2026,23.1
161000ee_HEAVY-14,2026-03-25T22:36:57.361062+00:00,2026-03-26T04:48:00.354836+00:00,29.6,6.1842,371.05,0002,0039,HEAVY-14,collected,22.6,4.8,2,0,3,2026,29.6
161000ee_HEAVY-15,2026-03-25T22:39:57.361062+00:00,2026-03-26T04:56:52.783425+00:00,26.0,6.2821,376.92,0002,0039,HEAVY-15,collected,22.65,4.9333,2,0,3,2026,26.0
161000ee_HEAVY-16,2026-03-25T22:41:57.361062+00:00,2026-03-26T07:00:57.487405+00:00,34.5,8.3167,499.0,0002,0039,HEAVY-16,collected,22.6833,7.0,2,0,3,2026,34.5
161000ee_HEAVY-17,2026-03-25T22:46:57.361062+00:00,2026-03-26T11:34:55.764382+00:00,38.16,12.7996,767.97,0002,0039,HEAVY-17,collected,22.7667,11.5667,2,0,3,2026,38.16
161000ee_HEAVY-18,2026-03-25T22:49:57.361062+00:00,2026-03-26T04:24:49.857400+00:00,22.5,5.5812,334.87,0002,0039,HEAVY-18,collected,22.8167,4.4,2,0,3,2026,22.5
161000ee_HEAVY-19,2026-03-25T22:51:57.361062+00:00,2026-03-26T07:11:51.131814+00:00,32.4,8.3316,499.9,0002,0039,HEAVY-19,collected,22.85,7.1833,2,0,3,2026,32.4
161000ee_HEAVY-20,2026-03-25T22:56:57.361062+00:00,2026-03-26T05:04:02.563088+00:00,30.0,6.1181,367.09,0002,0039,HEAVY-20,collected,22.9333,5.0667,2,0,3,2026,30.0
161000ee_HEAVY-21,2026-03-25T23:01:57.361062+00:00,2026-03-26T12:27:02.546609+00:00,36.96,13.4181,805.09,0002,0039,HEAVY-21,collected,23.0167,12.45,2,0,3,2026,36.96
161000ee_HEAVY-22,2026-03-25T23:06:57.361062+00:00,2026-03-26T11:30:47.879861+00:00,58.52,12.3974,743.84,0002,0039,HEAVY-22,collected,23.1,11.5,2,0,3,2026,58.52
161000ee_HEAVY-23,2026-03-25T23:11:57.361062+00:00,2026-03-26T06:49:45.045388+00:00,32.0,7.6299,457.79,0002,0039,HEAVY-23,collected,23.1833,6.8167,2,0,3,2026,32.0
161000ee_HEAVY-24,2026-03-25T23:16:57.361062+00:00,2026-03-26T04:10:54.927590+00:00,17.4,4.8993,293.96,0002,0039,HEAVY-24,collected,23.2667,4.1667,2,0,3,2026,17.4
161000ee_HEAVY-25,2026-03-25T23:21:57.361062+00:00,2026-03-26T12:50:07.779763+00:00,58.5,13.4696,808.17,0002,0039,HEAVY-25,collected,23.35,12.8333,2,0,3,2026,58.5
df667fa1_KNOWN-01,2026-03-25T21:51:57.361062+00:00,2026-03-25T23:21:57.361062+00:00,26.0,1.5,90.0,0002,0039,KNOWN-01,collected,21.85,23.35,2,0,3,2026,26.0
df667fa1_KNOWN-02,2026-03-25T21:56:57.361062+00:00,2026-03-25T23:56:57.361062+00:00,36.0,2.0,120.0,0002,0039,KNOWN-02,collected,21.9333,23.9333,2,0,3,2026,36.0
df667fa1_KNOWN-03,2026-03-25T22:01:57.361062+00:00,2026-03-26T00:31:57.361062+00:00,31.5,2.5,150.0,0002,0039,KNOWN-03,collected,22.0167,0.5167,2,0,3,2026,31.5
df667fa1_KNOWN-04,2026-03-25T22:03:57.361062+00:00,2026-03-25T23:33:57.361062+00:00,33.75,1.5,90.0,0002,0039,KNOWN-04,collected,22.05,23.55,2,0,3,2026,33.75
df667fa1_KNOWN-05,2026-03-25T22:06:57.361062+00:00,2026-03-26T00:06:57.361062+00:00,53.9,2.0,120.0,0002,0039,KNOWN-05,collected,22.1,0.1,2,0,3,2026,53.9
df667fa1_KNOWN-06,2026-03-25T22:09:57.361062+00:00,2026-03-26T01:09:57.361062+00:00,33.06,3.0,180.0,0002,0039,KNOWN-06,collected,22.15,1.15,2,0,3,2026,33.06
df667fa1_KNOWN-07,2026-03-25T22:11:57.361062+00:00,2026-03-25T23:41:57.361062+00:00,26.0,1.5,90.0,0002,0039,KNOWN-07,collected,22.1833,23.6833,2,0,3,2026,26.0
df667fa1_KNOWN-08,2026-03-25T22:16:57.361062+00:00,2026-03-26T00:16:57.361062+00:00,28.8,2.0,120.0,0002,0039,KNOWN-08,collected,22.2667,0.2667,2,0,3,2026,28.8
df667fa1_UNKNOWN-01,2026-03-25T22:21:57.361062+00:00,2026-03-26T09:11:29.997781+00:00,43.2,10.8257,649.54,0002,0039,UNKNOWN-01,collected,22.35,9.1833,2,0,3,2026,43.2
df667fa1_UNKNOWN-02,2026-03-25T22:26:57.361062+00:00,2026-03-26T11:19:25.555642+00:00,38.5,12.8745,772.47,0002,0039,UNKNOWN-02,collected,22.4333,11.3167,2,0,3,2026,38.5
df667fa1_UNKNOWN-03,2026-03-25T22:31:57.361062+00:00,2026-03-26T04:34:31.383889+00:00,27.2,6.0428,362.57,0002,0039,UNKNOWN-03,collected,22.5167,4.5667,2,0,3,2026,27.2
df667fa1_UNKNOWN-04,2026-03-25T22:36:57.361062+00:00,2026-03-26T06:49:44.366067+00:00,31.5,8.2131,492.78,0002,0039,UNKNOWN-04,collected,22.6,6.8167,2,0,3,2026,31.5
df667fa1_UNKNOWN-05,2026-03-25T22:41:57.361062+00:00,2026-03-26T10:47:21.201394+00:00,40.6,12.09,725.4,0002,0039,UNKNOWN-05,collected,22.6833,10.7833,2,0,3,2026,40.6
df667fa1_UNKNOWN-06,2026-03-25T22:46:57.361062+00:00,2026-03-26T11:12:06.062234+00:00,40.85,12.4191,745.15,0002,0039,UNKNOWN-06,collected,22.7667,11.2,2,0,3,2026,40.85
df667fa1_UNKNOWN-07,2026-03-25T22:51:57.361062+00:00,2026-03-26T07:11:51.131814+00:00,32.0,8.3316,499.9,0002,0039,UNKNOWN-07,collected,22.85,7.1833,2,0,3,2026,32.0
df667fa1_UNKNOWN-08,2026-03-25T22:56:57.361062+00:00,2026-03-26T05:04:02.563088+00:00,28.0,6.1181,367.09,0002,0039,UNKNOWN-08,collected,22.9333,5.0667,2,0,3,2026,28.0
df667fa1_UNKNOWN-09,2026-03-25T23:01:57.361062+00:00,2026-03-26T12:04:05.736306+00:00,43.89,13.0357,782.14,0002,0039,UNKNOWN-09,collected,23.0167,12.0667,2,0,3,2026,43.89
df667fa1_UNKNOWN-10,2026-03-25T23:06:57.361062+00:00,2026-03-26T11:30:47.879861+00:00,58.32,12.3974,743.84,0002,0039,UNKNOWN-10,collected,23.1,11.5,2,0,3,2026,58.32
df667fa1_UNKNOWN-11,2026-03-25T23:11:57.361062+00:00,2026-03-26T04:08:17.665627+00:00,15.18,4.939,296.34,0002,0039,UNKNOWN-11,collected,23.1833,4.1333,2,0,3,2026,15.18
df667fa1_UNKNOWN-12,2026-03-25T23:21:57.361062+00:00,2026-03-26T07:34:20.157693+00:00,30.6,8.2063,492.38,0002,0039,UNKNOWN-12,collected,23.35,7.5667,2,0,3,2026,30.6
bcd06133_EV-001,2026-03-25T21:52:24.735183+00:00,2026-03-26T02:15:19.784011+00:00,20.13,4.382,262.92,0002,0039,EV-001,collected,21.8667,2.25,2,0,3,2026,20.13
bcd06133_EV-002,2026-03-25T21:52:24.735183+00:00,2026-03-26T02:14:39.835891+00:00,22.8,4.3709,262.25,0002,0039,EV-002,collected,21.8667,2.2333,2,0,3,2026,22.8
bcd06133_EV-003,2026-03-25T21:52:24.735183+00:00,2026-03-26T02:14:39.835891+00:00,23.43,4.3709,262.25,0002,0039,EV-003,collected,21.8667,2.2333,2,0,3,2026,23.43
bcd06133_EV-004,2026-03-25T21:52:24.735183+00:00,2026-03-26T08:56:07.629470+00:00,39.0,11.0619,663.71,0002,0039,EV-004,collected,21.8667,8.9333,2,0,3,2026,39.0
bcd06133_EV-005,2026-03-25T21:52:24.735183+00:00,2026-03-26T08:13:37.321853+00:00,42.0,10.3535,621.21,0002,0039,EV-005,collected,21.8667,8.2167,2,0,3,2026,42.0
bcd06133_EV-006,2026-03-25T21:52:24.735183+00:00,2026-03-26T08:46:10.738601+00:00,50.25,10.8961,653.77,0002,0039,EV-006,collected,21.8667,8.7667,2,0,3,2026,50.25
bcd06133_EV-007,2026-03-25T21:52:24.735183+00:00,2026-03-26T02:16:22.825393+00:00,29.26,4.3995,263.97,0002,0039,EV-007,collected,21.8667,2.2667,2,0,3,2026,29.26
bcd06133_EV-008,2026-03-25T21:52:24.735183+00:00,2026-03-26T08:13:37.321853+00:00,43.5,10.3535,621.21,0002,0039,EV-008,collected,21.8667,8.2167,2,0,3,2026,43.5
bcd06133_EV-009,2026-03-25T21:52:24.735183+00:00,2026-03-26T08:13:37.321853+00:00,45.75,10.3535,621.21,0002,0039,EV-009,collected,21.8667,8.2167,2,0,3,2026,45.75
bcd06133_EV-010,2026-03-25T21:52:24.735183+00:00,2026-03-26T04:08:01.418533+00:00,31.68,6.2602,375.61,0002,0039,EV-010,collected,21.8667,4.1333,2,0,3,2026,31.68
62159cab_EV-001,2026-03-25T21:52:30.139920+00:00,2026-03-26T02:15:25.188748+00:00,20.13,4.382,262.92,0002,0039,EV-001,collected,21.8667,2.25,2,0,3,2026,20.13
62159cab_EV-002,2026-03-25T21:52:30.139920+00:00,2026-03-26T02:14:45.240628+00:00,22.8,4.3709,262.25,0002,0039,EV-002,collected,21.8667,2.2333,2,0,3,2026,22.8
62159cab_EV-003,2026-03-25T21:52:30.139920+00:00,2026-03-26T02:14:45.240628+00:00,23.43,4.3709,262.25,0002,0039,EV-003,collected,21.8667,2.2333,2,0,3,2026,23.43
62159cab_EV-004,2026-03-25T21:52:30.139920+00:00,2026-03-26T08:56:13.034207+00:00,39.0,11.0619,663.71,0002,0039,EV-004,collected,21.8667,8.9333,2,0,3,2026,39.0
62159cab_EV-005,2026-03-25T21:52:30.139920+00:00,2026-03-26T08:13:42.726590+00:00,42.0,10.3535,621.21,0002,0039,EV-005,collected,21.8667,8.2167,2,0,3,2026,42.0
62159cab_EV-006,2026-03-25T21:52:30.139920+00:00,2026-03-26T08:46:16.143338+00:00,50.25,10.8961,653.77,0002,0039,EV-006,collected,21.8667,8.7667,2,0,3,2026,50.25
62159cab_EV-007,2026-03-25T21:52:30.139920+00:00,2026-03-26T02:16:28.230130+00:00,29.26,4.3995,263.97,0002,0039,EV-007,collected,21.8667,2.2667,2,0,3,2026,29.26
62159cab_EV-008,2026-03-25T21:52:30.139920+00:00,2026-03-26T08:13:42.726590+00:00,43.5,10.3535,621.21,0002,0039,EV-008,collected,21.8667,8.2167,2,0,3,2026,43.5
62159cab_EV-009,2026-03-25T21:52:30.139920+00:00,2026-03-26T08:13:42.726590+00:00,45.75,10.3535,621.21,0002,0039,EV-009,collected,21.8667,8.2167,2,0,3,2026,45.75
62159cab_EV-010,2026-03-25T21:52:30.139920+00:00,2026-03-26T04:08:06.823270+00:00,31.68,6.2602,375.61,0002,0039,EV-010,collected,21.8667,4.1333,2,0,3,2026,31.68
62159cab_EV-011,2026-03-25T21:52:30.139920+00:00,2026-03-26T08:46:16.143338+00:00,62.25,10.8961,653.77,0002,0039,EV-011,collected,21.8667,8.7667,2,0,3,2026,62.25
62159cab_EV-012,2026-03-25T21:52:30.139920+00:00,2026-03-26T08:56:13.034207+00:00,36.72,11.0619,663.71,0002,0039,EV-012,collected,21.8667,8.9333,2,0,3,2026,36.72
62159cab_EV-013,2026-03-25T21:52:30.139920+00:00,2026-03-26T08:46:16.143338+00:00,51.12,10.8961,653.77,0002,0039,EV-013,collected,21.8667,8.7667,2,0,3,2026,51.12
62159cab_EV-014,2026-03-25T21:52:30.139920+00:00,2026-03-26T02:14:45.240628+00:00,23.6,4.3709,262.25,0002,0039,EV-014,collected,21.8667,2.2333,2,0,3,2026,23.6
62159cab_EV-015,2026-03-25T21:52:30.139920+00:00,2026-03-26T02:18:24.635770+00:00,26.5,4.4318,265.91,0002,0039,EV-015,collected,21.8667,2.3,2,0,3,2026,26.5
62159cab_EV-016,2026-03-25T21:52:30.139920+00:00,2026-03-26T08:46:16.143338+00:00,66.0,10.8961,653.77,0002,0039,EV-016,collected,21.8667,8.7667,2,0,3,2026,66.0
62159cab_EV-017,2026-03-25T21:52:30.139920+00:00,2026-03-26T04:43:04.285428+00:00,33.06,6.8428,410.57,0002,0039,EV-017,collected,21.8667,4.7167,2,0,3,2026,33.06
62159cab_EV-018,2026-03-25T21:52:30.139920+00:00,2026-03-26T08:13:42.726590+00:00,42.35,10.3535,621.21,0002,0039,EV-018,collected,21.8667,8.2167,2,0,3,2026,42.35
62159cab_EV-019,2026-03-25T21:52:30.139920+00:00,2026-03-26T08:13:42.726590+00:00,47.4,10.3535,621.21,0002,0039,EV-019,collected,21.8667,8.2167,2,0,3,2026,47.4
62159cab_EV-020,2026-03-25T21:52:30.139920+00:00,2026-03-26T08:46:16.143338+00:00,81.7,10.8961,653.77,0002,0039,EV-020,collected,21.8667,8.7667,2,0,3,2026,81.7
62159cab_EV-021,2026-03-25T21:52:30.139920+00:00,2026-03-26T02:13:59.738919+00:00,24.0,4.3582,261.49,0002,0039,EV-021,collected,21.8667,2.2167,2,0,3,2026,24.0
62159cab_EV-022,2026-03-25T21:52:30.139920+00:00,2026-03-26T04:43:04.285428+00:00,35.4,6.8428,410.57,0002,0039,EV-022,collected,21.8667,4.7167,2,0,3,2026,35.4
62159cab_EV-023,2026-03-25T21:52:30.139920+00:00,2026-03-26T08:46:16.143338+00:00,56.8,10.8961,653.77,0002,0039,EV-023,collected,21.8667,8.7667,2,0,3,2026,56.8
62159cab_EV-024,2026-03-25T21:52:30.139920+00:00,2026-03-26T08:13:42.726590+00:00,44.8,10.3535,621.21,0002,0039,EV-024,collected,21.8667,8.2167,2,0,3,2026,44.8
62159cab_EV-025,2026-03-25T21:52:30.139920+00:00,2026-03-26T04:43:04.285428+00:00,33.0,6.8428,410.57,0002,0039,EV-025,collected,21.8667,4.7167,2,0,3,2026,33.0
62159cab_EV-026,2026-03-25T21:52:30.139920+00:00,2026-03-26T08:46:16.143338+00:00,60.06,10.8961,653.77,0002,0039,EV-026,collected,21.8667,8.7667,2,0,3,2026,60.06
62159cab_EV-027,2026-03-25T21:52:30.139920+00:00,2026-03-26T04:43:04.285428+00:00,33.0,6.8428,410.57,0002,0039,EV-027,collected,21.8667,4.7167,2,0,3,2026,33.0
62159cab_EV-028,2026-03-25T21:52:30.139920+00:00,2026-03-26T08:13:42.726590+00:00,47.5,10.3535,621.21,0002,0039,EV-028,collected,21.8667,8.2167,2,0,3,2026,47.5
62159cab_EV-029,2026-03-25T21:52:30.139920+00:00,2026-03-26T02:19:35.462796+00:00,14.5,4.4515,267.09,0002,0039,EV-029,collected,21.8667,2.3167,2,0,3,2026,14.5
62159cab_EV-030,2026-03-25T21:52:30.139920+00:00,2026-03-26T08:46:16.143338+00:00,60.83,10.8961,653.77,0002,0039,EV-030,collected,21.8667,8.7667,2,0,3,2026,60.83
62159cab_EV-031,2026-03-25T21:52:30.139920+00:00,2026-03-26T08:46:16.143338+00:00,56.21,10.8961,653.77,0002,0039,EV-031,collected,21.8667,8.7667,2,0,3,2026,56.21
62159cab_EV-032,2026-03-25T21:52:30.139920+00:00,2026-03-26T02:14:08.374173+00:00,18.0,4.3606,261.64,0002,0039,EV-032,collected,21.8667,2.2333,2,0,3,2026,18.0
62159cab_EV-033,2026-03-25T21:52:30.139920+00:00,2026-03-26T04:08:06.823270+00:00,31.5,6.2602,375.61,0002,0039,EV-033,collected,21.8667,4.1333,2,0,3,2026,31.5
62159cab_EV-034,2026-03-25T21:52:30.139920+00:00,2026-03-26T08:46:16.143338+00:00,61.5,10.8961,653.77,0002,0039,EV-034,collected,21.8667,8.7667,2,0,3,2026,61.5
62159cab_EV-035,2026-03-25T21:52:30.139920+00:00,2026-03-26T08:46:16.143338+00:00,52.36,10.8961,653.77,0002,0039,EV-035,collected,21.8667,8.7667,2,0,3,2026,52.36
62159cab_EV-036,2026-03-25T21:52:30.139920+00:00,2026-03-26T08:13:42.726590+00:00,42.35,10.3535,621.21,0002,0039,EV-036,collected,21.8667,8.2167,2,0,3,2026,42.35
62159cab_EV-037,2026-03-25T21:52:30.139920+00:00,2026-03-26T08:27:21.090848+00:00,40.02,10.5808,634.85,0002,0039,EV-037,collected,21.8667,8.45,2,0,3,2026,40.02
62159cab_EV-038,2026-03-25T21:52:30.139920+00:00,2026-03-26T04:43:04.285428+00:00,34.2,6.8428,410.57,0002,0039,EV-038,collected,21.8667,4.7167,2,0,3,2026,34.2
62159cab_EV-039,2026-03-25T21:52:30.139920+00:00,2026-03-26T08:46:16.143338+00:00,56.05,10.8961,653.77,0002,0039,EV-039,collected,21.8667,8.7667,2,0,3,2026,56.05
62159cab_EV-040,2026-03-25T21:52:30.139920+00:00,2026-03-26T08:46:16.143338+00:00,51.0,10.8961,653.77,0002,0039,EV-040,collected,21.8667,8.7667,2,0,3,2026,51.0
62159cab_EV-041,2026-03-25T21:52:30.139920+00:00,2026-03-26T08:56:13.034207+00:00,36.72,11.0619,663.71,0002,0039,EV-041,collected,21.8667,8.9333,2,0,3,2026,36.72
62159cab_EV-042,2026-03-25T21:52:30.139920+00:00,2026-03-26T08:13:42.726590+00:00,44.66,10.3535,621.21,0002,0039,EV-042,collected,21.8667,8.2167,2,0,3,2026,44.66
62159cab_EV-043,2026-03-25T21:52:30.139920+00:00,2026-03-26T08:46:16.143338+00:00,61.75,10.8961,653.77,0002,0039,EV-043,collected,21.8667,8.7667,2,0,3,2026,61.75
62159cab_EV-044,2026-03-25T21:52:30.139920+00:00,2026-03-26T02:14:45.240628+00:00,23.2,4.3709,262.25,0002,0039,EV-044,collected,21.8667,2.2333,2,0,3,2026,23.2
62159cab_EV-045,2026-03-25T21:52:30.139920+00:00,2026-03-26T08:13:42.726590+00:00,43.12,10.3535,621.21,0002,0039,EV-045,collected,21.8667,8.2167,2,0,3,2026,43.12
62159cab_EV-046,2026-03-25T21:52:30.139920+00:00,2026-03-26T02:13:59.738919+00:00,24.4,4.3582,261.49,0002,0039,EV-046,collected,21.8667,2.2167,2,0,3,2026,24.4
62159cab_EV-047,2026-03-25T21:52:30.139920+00:00,2026-03-26T08:46:16.143338+00:00,64.0,10.8961,653.77,0002,0039,EV-047,collected,21.8667,8.7667,2,0,3,2026,64.0
62159cab_EV-048,2026-03-25T21:52:30.139920+00:00,2026-03-26T08:13:42.726590+00:00,46.98,10.3535,621.21,0002,0039,EV-048,collected,21.8667,8.2167,2,0,3,2026,46.98
62159cab_EV-049,2026-03-25T21:52:30.139920+00:00,2026-03-26T08:13:42.726590+00:00,43.12,10.3535,621.21,0002,0039,EV-049,collected,21.8667,8.2167,2,0,3,2026,43.12
62159cab_EV-050,2026-03-25T21:52:30.139920+00:00,2026-03-26T04:08:06.823270+00:00,31.5,6.2602,375.61,0002,0039,EV-050,collected,21.8667,4.1333,2,0,3,2026,31.5
5b606200_v1,2026-03-27T23:27:28.901790+00:00,2026-03-28T12:11:25.060237+00:00,42.0,12.7323,763.94,0002,0039,v1,collected,23.45,12.1833,4,0,3,2026,42.0
5b606200_v2,2026-03-27T23:27:28.901790+00:00,2026-03-28T12:40:24.496272+00:00,53.3,13.2154,792.93,0002,0039,v2,collected,23.45,12.6667,4,0,3,2026,53.3
13afc166_v1,2026-03-27T23:27:30.503965+00:00,2026-03-28T12:11:26.662412+00:00,42.0,12.7323,763.94,0002,0039,v1,collected,23.45,12.1833,4,0,3,2026,42.0
13afc166_v2,2026-03-27T23:27:30.503965+00:00,2026-03-28T12:40:26.098447+00:00,53.3,13.2154,792.93,0002,0039,v2,collected,23.45,12.6667,4,0,3,2026,53.3
e46c56fe_EV-001,2026-03-27T23:27:49.238953+00:00,2026-03-28T05:48:58.645081+00:00,22.0,6.3526,381.16,0002,0039,EV-001,collected,23.45,5.8,4,0,3,2026,22.0
e46c56fe_EV-002,2026-03-27T23:27:49.238953+00:00,2026-03-28T08:09:26.369080+00:00,34.0,8.6936,521.62,0002,0039,EV-002,collected,23.45,8.15,4,0,3,2026,34.0
e46c56fe_EV-003,2026-03-27T23:27:49.238953+00:00,2026-03-28T12:15:26.592469+00:00,40.2,12.7937,767.62,0002,0039,EV-003,collected,23.45,12.25,4,0,3,2026,40.2
e46c56fe_EV-004,2026-03-27T23:27:49.238953+00:00,2026-03-28T12:15:26.592469+00:00,41.25,12.7937,767.62,0002,0039,EV-004,collected,23.45,12.25,4,0,3,2026,41.25
e46c56fe_EV-005,2026-03-27T23:27:49.238953+00:00,2026-03-28T06:05:55.814270+00:00,27.2,6.6352,398.11,0002,0039,EV-005,collected,23.45,6.0833,4,0,3,2026,27.2
e46c56fe_EV-006,2026-03-27T23:27:49.238953+00:00,2026-03-28T06:03:06.892151+00:00,23.2,6.5882,395.29,0002,0039,EV-006,collected,23.45,6.05,4,0,3,2026,23.2
e46c56fe_EV-007,2026-03-27T23:27:49.238953+00:00,2026-03-28T12:11:45.397400+00:00,43.89,12.7323,763.94,0002,0039,EV-007,collected,23.45,12.1833,4,0,3,2026,43.89
e46c56fe_EV-008,2026-03-27T23:27:49.238953+00:00,2026-03-28T08:09:26.369080+00:00,36.0,8.6936,521.62,0002,0039,EV-008,collected,23.45,8.15,4,0,3,2026,36.0
e46c56fe_EV-009,2026-03-27T23:27:49.238953+00:00,2026-03-28T12:40:44.833435+00:00,53.9,13.2154,792.93,0002,0039,EV-009,collected,23.45,12.6667,4,0,3,2026,53.9
e46c56fe_EV-010,2026-03-27T23:27:49.238953+00:00,2026-03-28T12:11:45.397400+00:00,42.75,12.7323,763.94,0002,0039,EV-010,collected,23.45,12.1833,4,0,3,2026,42.75
e46c56fe_EV-011,2026-03-27T23:27:49.238953+00:00,2026-03-28T06:05:55.814270+00:00,28.5,6.6352,398.11,0002,0039,EV-011,collected,23.45,6.0833,4,0,3,2026,28.5
e46c56fe_EV-012,2026-03-27T23:27:49.238953+00:00,2026-03-28T08:09:26.369080+00:00,35.0,8.6936,521.62,0002,0039,EV-012,collected,23.45,8.15,4,0,3,2026,35.0
e46c56fe_EV-013,2026-03-27T23:27:49.238953+00:00,2026-03-28T12:40:44.833435+00:00,53.9,13.2154,792.93,0002,0039,EV-013,collected,23.45,12.6667,4,0,3,2026,53.9
e46c56fe_EV-014,2026-03-27T23:27:49.238953+00:00,2026-03-28T05:45:06.049866+00:00,17.49,6.288,377.28,0002,0039,EV-014,collected,23.45,5.75,4,0,3,2026,17.49
e46c56fe_EV-015,2026-03-27T23:27:49.238953+00:00,2026-03-28T12:40:44.833435+00:00,48.0,13.2154,792.93,0002,0039,EV-015,collected,23.45,12.6667,4,0,3,2026,48.0
e46c56fe_EV-016,2026-03-27T23:27:49.238953+00:00,2026-03-28T06:05:55.814270+00:00,28.8,6.6352,398.11,0002,0039,EV-016,collected,23.45,6.0833,4,0,3,2026,28.8
e46c56fe_EV-017,2026-03-27T23:27:49.238953+00:00,2026-03-28T08:09:26.369080+00:00,36.0,8.6936,521.62,0002,0039,EV-017,collected,23.45,8.15,4,0,3,2026,36.0
e46c56fe_EV-018,2026-03-27T23:27:49.238953+00:00,2026-03-28T06:05:55.814270+00:00,30.24,6.6352,398.11,0002,0039,EV-018,collected,23.45,6.0833,4,0,3,2026,30.24
e46c56fe_EV-019,2026-03-27T23:27:49.238953+00:00,2026-03-28T12:42:26.215271+00:00,39.5,13.2436,794.62,0002,0039,EV-019,collected,23.45,12.7,4,0,3,2026,39.5
e46c56fe_EV-020,2026-03-27T23:27:49.238953+00:00,2026-03-28T08:09:26.369080+00:00,35.25,8.6936,521.62,0002,0039,EV-020,collected,23.45,8.15,4,0,3,2026,35.25
880a40d4_HEAVY-01,2026-03-27T23:27:49.238953+00:00,2026-03-28T07:57:13.427185+00:00,31.2,8.4901,509.4,0002,0039,HEAVY-01,collected,23.45,7.95,4,0,3,2026,31.2
880a40d4_HEAVY-02,2026-03-27T23:32:49.238953+00:00,2026-03-28T08:04:51.311707+00:00,34.2,8.5339,512.03,0002,0039,HEAVY-02,collected,23.5333,8.0667,4,0,3,2026,34.2
880a40d4_HEAVY-03,2026-03-27T23:35:49.238953+00:00,2026-03-28T08:15:04.440369+00:00,33.75,8.6542,519.25,0002,0039,HEAVY-03,collected,23.5833,8.25,4,0,3,2026,33.75
880a40d4_HEAVY-04,2026-03-27T23:37:49.238953+00:00,2026-03-28T12:50:12.995057+00:00,53.9,13.2066,792.4,0002,0039,HEAVY-04,collected,23.6167,12.8333,4,0,3,2026,53.9
880a40d4_HEAVY-05,2026-03-27T23:42:49.238953+00:00,2026-03-28T09:23:34.986023+00:00,31.0,9.6794,580.76,0002,0039,HEAVY-05,collected,23.7,9.3833,4,0,3,2026,31.0
880a40d4_HEAVY-06,2026-03-27T23:45:49.238953+00:00,2026-03-28T14:01:49.312195+00:00,38.86,14.2667,856.0,0002,0039,HEAVY-06,collected,23.75,14.0167,4,0,3,2026,38.86
880a40d4_HEAVY-07,2026-03-27T23:47:49.238953+00:00,2026-03-28T07:22:54.973816+00:00,27.36,7.5849,455.1,0002,0039,HEAVY-07,collected,23.7833,7.3667,4,0,3,2026,27.36
880a40d4_HEAVY-08,2026-03-27T23:52:49.238953+00:00,2026-03-28T13:34:57.284607+00:00,44.66,13.7022,822.13,0002,0039,HEAVY-08,collected,23.8667,13.5667,4,0,3,2026,44.66
880a40d4_HEAVY-09,2026-03-27T23:55:49.238953+00:00,2026-03-28T13:03:00.390076+00:00,32.8,13.1198,787.19,0002,0039,HEAVY-09,collected,23.9167,13.05,4,0,3,2026,32.8
880a40d4_HEAVY-10,2026-03-27T23:57:49.238953+00:00,2026-03-28T13:01:36.604676+00:00,27.0,13.0632,783.79,0002,0039,HEAVY-10,collected,23.95,13.0167,4,0,3,2026,27.0
880a40d4_HEAVY-11,2026-03-28T00:02:49.238953+00:00,2026-03-28T22:03:31.096863+00:00,60.0,22.0116,1320.7,0002,0039,HEAVY-11,collected,0.0333,22.05,5,1,3,2026,60.0
880a40d4_HEAVY-12,2026-03-28T00:05:49.238953+00:00,2026-03-28T21:45:13.079285+00:00,42.75,21.6566,1299.4,0002,0039,HEAVY-12,collected,0.0833,21.75,5,1,3,2026,42.75
880a40d4_HEAVY-13,2026-03-28T00:07:49.238953+00:00,2026-03-28T15:15:30.049500+00:00,23.1,15.128,907.68,0002,0039,HEAVY-13,collected,0.1167,15.25,5,1,3,2026,23.1
880a40d4_HEAVY-14,2026-03-28T00:12:49.238953+00:00,2026-03-28T10:29:16.565613+00:00,29.6,10.2743,616.46,0002,0039,HEAVY-14,collected,0.2,10.4833,5,1,3,2026,29.6
880a40d4_HEAVY-15,2026-03-28T00:15:49.238953+00:00,2026-03-28T10:44:36.026062+00:00,26.0,10.4797,628.78,0002,0039,HEAVY-15,collected,0.25,10.7333,5,1,3,2026,26.0
880a40d4_HEAVY-16,2026-03-28T00:17:49.238953+00:00,2026-03-28T15:01:23.637146+00:00,34.5,14.7262,883.57,0002,0039,HEAVY-16,collected,0.2833,15.0167,5,1,3,2026,34.5
880a40d4_HEAVY-17,2026-03-28T00:22:49.238953+00:00,2026-03-28T18:37:17.049012+00:00,38.16,18.2411,1094.46,0002,0039,HEAVY-17,collected,0.3667,18.6167,5,1,3,2026,38.16
880a40d4_HEAVY-18,2026-03-28T00:25:49.238953+00:00,2026-03-28T09:38:44.317078+00:00,22.5,9.2153,552.92,0002,0039,HEAVY-18,collected,0.4167,9.6333,5,1,3,2026,22.5
880a40d4_HEAVY-19,2026-03-28T00:27:49.238953+00:00,2026-03-28T14:00:13.060974+00:00,32.4,13.54,812.4,0002,0039,HEAVY-19,collected,0.45,14.0,5,1,3,2026,32.4
880a40d4_HEAVY-20,2026-03-28T00:32:49.238953+00:00,2026-03-28T09:58:04.597840+00:00,30.0,9.4209,565.26,0002,0039,HEAVY-20,collected,0.5333,9.9667,5,1,3,2026,30.0
880a40d4_HEAVY-21,2026-03-28T00:37:49.238953+00:00,2026-03-28T18:30:17.378601+00:00,36.96,17.8745,1072.47,0002,0039,HEAVY-21,collected,0.6167,18.5,5,1,3,2026,36.96
880a40d4_HEAVY-22,2026-03-28T00:42:49.238953+00:00,2026-03-28T19:38:01.602234+00:00,58.52,18.9201,1135.21,0002,0039,HEAVY-22,collected,0.7,19.6333,5,1,3,2026,58.52
880a40d4_HEAVY-23,2026-03-28T00:47:49.238953+00:00,2026-03-28T14:42:37.728943+00:00,32.0,13.9135,834.81,0002,0039,HEAVY-23,collected,0.7833,14.7,5,1,3,2026,32.0
880a40d4_HEAVY-24,2026-03-28T00:52:49.238953+00:00,2026-03-28T09:35:12.376160+00:00,17.4,8.7064,522.39,0002,0039,HEAVY-24,collected,0.8667,9.5833,5,1,3,2026,17.4
880a40d4_HEAVY-25,2026-03-28T00:57:49.238953+00:00,2026-03-29T00:03:02.686219+00:00,58.5,23.0871,1385.22,0002,0039,HEAVY-25,collected,0.95,0.05,5,1,3,2026,58.5
8afa2518_KNOWN-01,2026-03-27T23:27:49.238953+00:00,2026-03-28T00:57:49.238953+00:00,26.0,1.5,90.0,0002,0039,KNOWN-01,collected,23.45,0.95,4,0,3,2026,26.0
8afa2518_KNOWN-02,2026-03-27T23:32:49.238953+00:00,2026-03-28T01:32:49.238953+00:00,36.0,2.0,120.0,0002,0039,KNOWN-02,collected,23.5333,1.5333,4,0,3,2026,36.0
8afa2518_KNOWN-03,2026-03-27T23:37:49.238953+00:00,2026-03-28T02:07:49.238953+00:00,31.5,2.5,150.0,0002,0039,KNOWN-03,collected,23.6167,2.1167,4,0,3,2026,31.5
8afa2518_KNOWN-04,2026-03-27T23:39:49.238953+00:00,2026-03-28T01:09:49.238953+00:00,33.75,1.5,90.0,0002,0039,KNOWN-04,collected,23.65,1.15,4,0,3,2026,33.75
8afa2518_KNOWN-05,2026-03-27T23:42:49.238953+00:00,2026-03-28T01:42:49.238953+00:00,53.9,2.0,120.0,0002,0039,KNOWN-05,collected,23.7,1.7,4,0,3,2026,53.9
8afa2518_KNOWN-06,2026-03-27T23:45:49.238953+00:00,2026-03-28T02:45:49.238953+00:00,33.06,3.0,180.0,0002,0039,KNOWN-06,collected,23.75,2.75,4,0,3,2026,33.06
8afa2518_KNOWN-07,2026-03-27T23:47:49.238953+00:00,2026-03-28T01:17:49.238953+00:00,26.0,1.5,90.0,0002,0039,KNOWN-07,collected,23.7833,1.2833,4,0,3,2026,26.0
8afa2518_KNOWN-08,2026-03-27T23:52:49.238953+00:00,2026-03-28T01:52:49.238953+00:00,28.8,2.0,120.0,0002,0039,KNOWN-08,collected,23.8667,1.8667,4,0,3,2026,28.8
8afa2518_UNKNOWN-01,2026-03-27T23:57:49.238953+00:00,2026-03-28T15:55:44.243836+00:00,43.2,15.9653,957.92,0002,0039,UNKNOWN-01,collected,23.95,15.9167,4,0,3,2026,43.2
8afa2518_UNKNOWN-02,2026-03-28T00:02:49.238953+00:00,2026-03-28T22:41:45.943055+00:00,38.5,22.6491,1358.95,0002,0039,UNKNOWN-02,collected,0.0333,22.6833,5,1,3,2026,38.5
8afa2518_UNKNOWN-03,2026-03-28T00:07:49.238953+00:00,2026-03-28T15:20:21.388611+00:00,27.2,15.2089,912.54,0002,0039,UNKNOWN-03,collected,0.1167,15.3333,5,1,3,2026,27.2
8afa2518_UNKNOWN-04,2026-03-28T00:12:49.238953+00:00,2026-03-28T14:32:12.237000+00:00,31.5,14.3231,859.38,0002,0039,UNKNOWN-04,collected,0.2,14.5333,5,1,3,2026,31.5
8afa2518_UNKNOWN-05,2026-03-28T00:17:49.238953+00:00,2026-03-28T19:43:29.448914+00:00,40.6,19.4278,1165.67,0002,0039,UNKNOWN-05,collected,0.2833,19.7167,5,1,3,2026,40.6
8afa2518_UNKNOWN-06,2026-03-28T00:22:49.238953+00:00,2026-03-28T19:00:14.998230+00:00,40.85,18.6238,1117.43,0002,0039,UNKNOWN-06,collected,0.3667,19.0,5,1,3,2026,40.85
8afa2518_UNKNOWN-07,2026-03-28T00:27:49.238953+00:00,2026-03-28T14:00:13.060974+00:00,32.0,13.54,812.4,0002,0039,UNKNOWN-07,collected,0.45,14.0,5,1,3,2026,32.0
8afa2518_UNKNOWN-08,2026-03-28T00:32:49.238953+00:00,2026-03-28T09:58:04.597840+00:00,28.0,9.4209,565.26,0002,0039,UNKNOWN-08,collected,0.5333,9.9667,5,1,3,2026,28.0
8afa2518_UNKNOWN-09,2026-03-28T00:37:49.238953+00:00,2026-03-28T18:59:39.893250+00:00,43.89,18.3641,1101.84,0002,0039,UNKNOWN-09,collected,0.6167,18.9833,5,1,3,2026,43.89
8afa2518_UNKNOWN-10,2026-03-28T00:42:49.238953+00:00,2026-03-28T19:38:01.602234+00:00,58.32,18.9201,1135.21,0002,0039,UNKNOWN-10,collected,0.7,19.6333,5,1,3,2026,58.32
8afa2518_UNKNOWN-11,2026-03-28T00:47:49.238953+00:00,2026-03-28T09:58:05.480408+00:00,15.18,9.1712,550.27,0002,0039,UNKNOWN-11,collected,0.7833,9.9667,5,1,3,2026,15.18
8afa2518_UNKNOWN-12,2026-03-28T00:57:49.238953+00:00,2026-03-28T17:53:24.911560+00:00,30.6,16.9266,1015.59,0002,0039,UNKNOWN-12,collected,0.95,17.8833,5,1,3,2026,30.6
e6f093e4_EV-001,2026-03-27T23:31:38.454250+00:00,2026-03-28T05:44:36.050075+00:00,22.0,6.216,372.96,0002,0039,EV-001,collected,23.5167,5.7333,4,0,3,2026,22.0
e6f093e4_EV-002,2026-03-27T23:31:38.454250+00:00,2026-03-28T08:09:18.206447+00:00,34.0,8.6277,517.66,0002,0039,EV-002,collected,23.5167,8.15,4,0,3,2026,34.0
e6f093e4_EV-003,2026-03-27T23:31:38.454250+00:00,2026-03-28T12:15:18.418850+00:00,40.2,12.7278,763.67,0002,0039,EV-003,collected,23.5167,12.25,4,0,3,2026,40.2
e6f093e4_EV-004,2026-03-27T23:31:38.454250+00:00,2026-03-28T12:15:18.418850+00:00,41.25,12.7278,763.67,0002,0039,EV-004,collected,23.5167,12.25,4,0,3,2026,41.25
e6f093e4_EV-005,2026-03-27T23:31:38.454250+00:00,2026-03-28T06:05:47.649807+00:00,27.2,6.5692,394.15,0002,0039,EV-005,collected,23.5167,6.0833,4,0,3,2026,27.2
e6f093e4_EV-006,2026-03-27T23:31:38.454250+00:00,2026-03-28T05:58:44.297146+00:00,23.2,6.4516,387.1,0002,0039,EV-006,collected,23.5167,5.9667,4,0,3,2026,23.2
e6f093e4_EV-007,2026-03-27T23:31:38.454250+00:00,2026-03-28T12:11:37.223781+00:00,43.89,12.6663,759.98,0002,0039,EV-007,collected,23.5167,12.1833,4,0,3,2026,43.89
e6f093e4_EV-008,2026-03-27T23:31:38.454250+00:00,2026-03-28T08:09:18.206447+00:00,36.0,8.6277,517.66,0002,0039,EV-008,collected,23.5167,8.15,4,0,3,2026,36.0
e6f093e4_EV-009,2026-03-27T23:31:38.454250+00:00,2026-03-28T12:40:36.667141+00:00,53.9,13.1495,788.97,0002,0039,EV-009,collected,23.5167,12.6667,4,0,3,2026,53.9
e6f093e4_EV-010,2026-03-27T23:31:38.454250+00:00,2026-03-28T12:11:37.223781+00:00,42.75,12.6663,759.98,0002,0039,EV-010,collected,23.5167,12.1833,4,0,3,2026,42.75
e6f093e4_EV-011,2026-03-27T23:31:38.454250+00:00,2026-03-28T06:05:47.649807+00:00,28.5,6.5692,394.15,0002,0039,EV-011,collected,23.5167,6.0833,4,0,3,2026,28.5
e6f093e4_EV-012,2026-03-27T23:31:38.454250+00:00,2026-03-28T08:09:18.206447+00:00,35.0,8.6277,517.66,0002,0039,EV-012,collected,23.5167,8.15,4,0,3,2026,35.0
e6f093e4_EV-013,2026-03-27T23:31:38.454250+00:00,2026-03-28T12:40:36.667141+00:00,53.9,13.1495,788.97,0002,0039,EV-013,collected,23.5167,12.6667,4,0,3,2026,53.9
e6f093e4_EV-014,2026-03-27T23:31:38.454250+00:00,2026-03-28T05:40:43.458522+00:00,17.49,6.1514,369.08,0002,0039,EV-014,collected,23.5167,5.6667,4,0,3,2026,17.49
e6f093e4_EV-015,2026-03-27T23:31:38.454250+00:00,2026-03-28T12:40:36.667141+00:00,48.0,13.1495,788.97,0002,0039,EV-015,collected,23.5167,12.6667,4,0,3,2026,48.0
e6f093e4_EV-016,2026-03-27T23:31:38.454250+00:00,2026-03-28T06:05:47.649807+00:00,28.8,6.5692,394.15,0002,0039,EV-016,collected,23.5167,6.0833,4,0,3,2026,28.8
e6f093e4_EV-017,2026-03-27T23:31:38.454250+00:00,2026-03-28T08:09:18.206447+00:00,36.0,8.6277,517.66,0002,0039,EV-017,collected,23.5167,8.15,4,0,3,2026,36.0
e6f093e4_EV-018,2026-03-27T23:31:38.454250+00:00,2026-03-28T06:05:47.649807+00:00,30.24,6.5692,394.15,0002,0039,EV-018,collected,23.5167,6.0833,4,0,3,2026,30.24
e6f093e4_EV-019,2026-03-27T23:31:38.454250+00:00,2026-03-28T12:42:18.048977+00:00,39.5,13.1777,790.66,0002,0039,EV-019,collected,23.5167,12.7,4,0,3,2026,39.5
e6f093e4_EV-020,2026-03-27T23:31:38.454250+00:00,2026-03-28T08:09:18.206447+00:00,35.25,8.6277,517.66,0002,0039,EV-020,collected,23.5167,8.15,4,0,3,2026,35.25
0ed633d5_HEAVY-01,2026-03-27T23:31:38.454250+00:00,2026-03-28T07:57:05.262722+00:00,31.2,8.4241,505.45,0002,0039,HEAVY-01,collected,23.5167,7.95,4,0,3,2026,31.2
0ed633d5_HEAVY-02,2026-03-27T23:36:38.454250+00:00,2026-03-28T08:15:53.655666+00:00,34.2,8.6542,519.25,0002,0039,HEAVY-02,collected,23.6,8.25,4,0,3,2026,34.2
0ed633d5_HEAVY-03,2026-03-27T23:39:38.454250+00:00,2026-03-28T09:13:11.742824+00:00,33.75,9.5592,573.55,0002,0039,HEAVY-03,collected,23.65,9.2167,4,0,3,2026,33.75
0ed633d5_HEAVY-04,2026-03-27T23:41:38.454250+00:00,2026-03-28T13:40:58.236965+00:00,53.9,13.9888,839.33,0002,0039,HEAVY-04,collected,23.6833,13.6667,4,0,3,2026,53.9
0ed633d5_HEAVY-05,2026-03-27T23:46:38.454250+00:00,2026-03-28T09:33:02.880520+00:00,31.0,9.7735,586.41,0002,0039,HEAVY-05,collected,23.7667,9.55,4,0,3,2026,31.0
0ed633d5_HEAVY-06,2026-03-27T23:49:38.454250+00:00,2026-03-28T14:02:12.486232+00:00,38.86,14.2095,852.57,0002,0039,HEAVY-06,collected,23.8167,14.0333,4,0,3,2026,38.86
0ed633d5_HEAVY-07,2026-03-27T23:51:38.454250+00:00,2026-03-28T07:33:54.693874+00:00,27.36,7.7045,462.27,0002,0039,HEAVY-07,collected,23.85,7.55,4,0,3,2026,27.36
0ed633d5_HEAVY-08,2026-03-27T23:56:38.454250+00:00,2026-03-28T15:13:40.527004+00:00,44.66,15.2839,917.03,0002,0039,HEAVY-08,collected,23.9333,15.2167,4,0,3,2026,44.66
0ed633d5_HEAVY-09,2026-03-27T23:59:38.454250+00:00,2026-03-28T13:54:15.485500+00:00,32.8,13.9103,834.62,0002,0039,HEAVY-09,collected,23.9833,13.9,4,0,3,2026,32.8
0ed633d5_HEAVY-10,2026-03-28T00:01:38.454250+00:00,2026-03-28T16:09:21.106838+00:00,27.0,16.1285,967.71,0002,0039,HEAVY-10,collected,0.0167,16.15,5,1,3,2026,27.0
0ed633d5_HEAVY-11,2026-03-28T00:06:38.454250+00:00,2026-03-28T21:18:33.180812+00:00,60.0,21.1985,1271.91,0002,0039,HEAVY-11,collected,0.1,21.3,5,1,3,2026,60.0
0ed633d5_HEAVY-12,2026-03-28T00:09:38.454250+00:00,2026-03-28T19:12:00.148586+00:00,42.75,19.0394,1142.36,0002,0039,HEAVY-12,collected,0.15,19.2,5,1,3,2026,42.75
0ed633d5_HEAVY-13,2026-03-28T00:11:38.454250+00:00,2026-03-28T09:55:52.809719+00:00,23.1,9.7373,584.24,0002,0039,HEAVY-13,collected,0.1833,9.9167,5,1,3,2026,23.1
0ed633d5_HEAVY-14,2026-03-28T00:16:38.454250+00:00,2026-03-28T10:46:18.191799+00:00,29.6,10.4944,629.66,0002,0039,HEAVY-14,collected,0.2667,10.7667,5,1,3,2026,29.6
0ed633d5_HEAVY-15,2026-03-28T00:19:38.454250+00:00,2026-03-28T10:11:15.196193+00:00,26.0,9.8602,591.61,0002,0039,HEAVY-15,collected,0.3167,10.1833,5,1,3,2026,26.0
0ed633d5_HEAVY-16,2026-03-28T00:21:38.454250+00:00,2026-03-28T14:40:03.715480+00:00,34.5,14.307,858.42,0002,0039,HEAVY-16,collected,0.35,14.6667,5,1,3,2026,34.5
0ed633d5_HEAVY-17,2026-03-28T00:26:38.454250+00:00,2026-03-28T18:35:26.750148+00:00,38.16,18.1467,1088.8,0002,0039,HEAVY-17,collected,0.4333,18.5833,5,1,3,2026,38.16
0ed633d5_HEAVY-18,2026-03-28T00:29:38.454250+00:00,2026-03-28T09:42:12.420314+00:00,22.5,9.2094,552.57,0002,0039,HEAVY-18,collected,0.4833,9.7,5,1,3,2026,22.5
0ed633d5_HEAVY-19,2026-03-28T00:31:38.454250+00:00,2026-03-28T13:51:20.484279+00:00,32.4,13.3283,799.7,0002,0039,HEAVY-19,collected,0.5167,13.85,5,1,3,2026,32.4
0ed633d5_HEAVY-20,2026-03-28T00:36:38.454250+00:00,2026-03-28T09:42:44.698146+00:00,30.0,9.1017,546.1,0002,0039,HEAVY-20,collected,0.6,9.7,5,1,3,2026,30.0
0ed633d5_HEAVY-21,2026-03-28T00:41:38.454250+00:00,2026-03-28T18:36:13.529934+00:00,36.96,17.9097,1074.58,0002,0039,HEAVY-21,collected,0.6833,18.6,5,1,3,2026,36.96
0ed633d5_HEAVY-22,2026-03-28T00:46:38.454250+00:00,2026-03-28T20:36:32.697414+00:00,58.52,19.8317,1189.9,0002,0039,HEAVY-22,collected,0.7667,20.6,5,1,3,2026,58.52
0ed633d5_HEAVY-23,2026-03-28T00:51:38.454250+00:00,2026-03-28T14:20:21.549953+00:00,32.0,13.4786,808.72,0002,0039,HEAVY-23,collected,0.85,14.3333,5,1,3,2026,32.0
0ed633d5_HEAVY-24,2026-03-28T00:56:38.454250+00:00,2026-03-28T12:41:43.024562+00:00,17.4,11.7513,705.08,0002,0039,HEAVY-24,collected,0.9333,12.6833,5,1,3,2026,17.4
0ed633d5_HEAVY-25,2026-03-28T01:01:38.454250+00:00,2026-03-29T00:27:10.578273+00:00,58.5,23.4256,1405.54,0002,0039,HEAVY-25,collected,1.0167,0.45,5,1,3,2026,58.5
ddd211cb_KNOWN-01,2026-03-27T23:31:38.454250+00:00,2026-03-28T01:01:38.454250+00:00,26.0,1.5,90.0,0002,0039,KNOWN-01,collected,23.5167,1.0167,4,0,3,2026,26.0
ddd211cb_KNOWN-02,2026-03-27T23:36:38.454250+00:00,2026-03-28T01:36:38.454250+00:00,36.0,2.0,120.0,0002,0039,KNOWN-02,collected,23.6,1.6,4,0,3,2026,36.0
ddd211cb_KNOWN-03,2026-03-27T23:41:38.454250+00:00,2026-03-28T02:11:38.454250+00:00,31.5,2.5,150.0,0002,0039,KNOWN-03,collected,23.6833,2.1833,4,0,3,2026,31.5
ddd211cb_KNOWN-04,2026-03-27T23:43:38.454250+00:00,2026-03-28T01:13:38.454250+00:00,33.75,1.5,90.0,0002,0039,KNOWN-04,collected,23.7167,1.2167,4,0,3,2026,33.75
ddd211cb_KNOWN-05,2026-03-27T23:46:38.454250+00:00,2026-03-28T01:46:38.454250+00:00,53.9,2.0,120.0,0002,0039,KNOWN-05,collected,23.7667,1.7667,4,0,3,2026,53.9
ddd211cb_KNOWN-06,2026-03-27T23:49:38.454250+00:00,2026-03-28T02:49:38.454250+00:00,33.06,3.0,180.0,0002,0039,KNOWN-06,collected,23.8167,2.8167,4,0,3,2026,33.06
ddd211cb_KNOWN-07,2026-03-27T23:51:38.454250+00:00,2026-03-28T01:21:38.454250+00:00,26.0,1.5,90.0,0002,0039,KNOWN-07,collected,23.85,1.35,4,0,3,2026,26.0
ddd211cb_KNOWN-08,2026-03-27T23:56:38.454250+00:00,2026-03-28T01:56:38.454250+00:00,28.8,2.0,120.0,0002,0039,KNOWN-08,collected,23.9333,1.9333,4,0,3,2026,28.8
ddd211cb_UNKNOWN-01,2026-03-28T00:01:38.454250+00:00,2026-03-28T21:57:03.935207+00:00,43.2,21.9237,1315.42,0002,0039,UNKNOWN-01,collected,0.0167,21.95,5,1,3,2026,43.2
ddd211cb_UNKNOWN-02,2026-03-28T00:06:38.454250+00:00,2026-03-28T21:56:48.041652+00:00,38.5,21.836,1310.16,0002,0039,UNKNOWN-02,collected,0.1,21.9333,5,1,3,2026,38.5
ddd211cb_UNKNOWN-03,2026-03-28T00:11:38.454250+00:00,2026-03-28T10:20:15.738186+00:00,27.2,10.1437,608.62,0002,0039,UNKNOWN-03,collected,0.1833,10.3333,5,1,3,2026,27.2
ddd211cb_UNKNOWN-04,2026-03-28T00:16:38.454250+00:00,2026-03-28T14:49:13.859523+00:00,31.5,14.5432,872.59,0002,0039,UNKNOWN-04,collected,0.2667,14.8167,5,1,3,2026,31.5
ddd211cb_UNKNOWN-05,2026-03-28T00:21:38.454250+00:00,2026-03-28T19:22:09.508938+00:00,40.6,19.0086,1140.52,0002,0039,UNKNOWN-05,collected,0.35,19.3667,5,1,3,2026,40.6
ddd211cb_UNKNOWN-06,2026-03-28T00:26:38.454250+00:00,2026-03-28T18:58:24.699367+00:00,40.85,18.5295,1111.77,0002,0039,UNKNOWN-06,collected,0.4333,18.9667,5,1,3,2026,40.85
ddd211cb_UNKNOWN-07,2026-03-28T00:31:38.454250+00:00,2026-03-28T13:51:20.484279+00:00,32.0,13.3283,799.7,0002,0039,UNKNOWN-07,collected,0.5167,13.85,5,1,3,2026,32.0
ddd211cb_UNKNOWN-08,2026-03-28T00:36:38.454250+00:00,2026-03-28T09:42:44.698146+00:00,28.0,9.1017,546.1,0002,0039,UNKNOWN-08,collected,0.6,9.7,5,1,3,2026,28.0
ddd211cb_UNKNOWN-09,2026-03-28T00:41:38.454250+00:00,2026-03-28T19:30:04.308742+00:00,43.89,18.8072,1128.43,0002,0039,UNKNOWN-09,collected,0.6833,19.5,5,1,3,2026,43.89
ddd211cb_UNKNOWN-10,2026-03-28T00:46:38.454250+00:00,2026-03-28T20:36:32.697414+00:00,58.32,19.8317,1189.9,0002,0039,UNKNOWN-10,collected,0.7667,20.6,5,1,3,2026,58.32
ddd211cb_UNKNOWN-11,2026-03-28T00:51:38.454250+00:00,2026-03-28T10:16:04.012111+00:00,15.18,9.4071,564.43,0002,0039,UNKNOWN-11,collected,0.85,10.2667,5,1,3,2026,15.18
ddd211cb_UNKNOWN-12,2026-03-28T01:01:38.454250+00:00,2026-03-28T18:08:21.681789+00:00,30.6,17.112,1026.72,0002,0039,UNKNOWN-12,collected,1.0167,18.1333,5,1,3,2026,30.6
925711d9_EV-001,2026-03-27T23:33:19.428293+00:00,2026-03-28T05:41:57.755930+00:00,20.13,6.144,368.64,0002,0039,EV-001,collected,23.55,5.6833,4,0,3,2026,20.13
925711d9_EV-002,2026-03-27T23:33:19.428293+00:00,2026-03-28T05:58:07.793772+00:00,22.8,6.4134,384.81,0002,0039,EV-002,collected,23.55,5.9667,4,0,3,2026,22.8
925711d9_EV-003,2026-03-27T23:33:19.428293+00:00,2026-03-28T05:58:07.793772+00:00,23.43,6.4134,384.81,0002,0039,EV-003,collected,23.55,5.9667,4,0,3,2026,23.43
925711d9_EV-004,2026-03-27T23:33:19.428293+00:00,2026-03-28T12:38:21.339914+00:00,39.0,13.0839,785.03,0002,0039,EV-004,collected,23.55,12.6333,4,0,3,2026,39.0
925711d9_EV-005,2026-03-27T23:33:19.428293+00:00,2026-03-28T12:07:40.514719+00:00,42.0,12.5725,754.35,0002,0039,EV-005,collected,23.55,12.1167,4,0,3,2026,42.0
925711d9_EV-006,2026-03-27T23:33:19.428293+00:00,2026-03-28T12:38:30.048410+00:00,50.25,13.0863,785.18,0002,0039,EV-006,collected,23.55,12.6333,4,0,3,2026,50.25
925711d9_EV-007,2026-03-27T23:33:19.428293+00:00,2026-03-28T06:01:50.938913+00:00,29.26,6.4754,388.53,0002,0039,EV-007,collected,23.55,6.0167,4,0,3,2026,29.26
925711d9_EV-008,2026-03-27T23:33:19.428293+00:00,2026-03-28T12:07:40.514719+00:00,43.5,12.5725,754.35,0002,0039,EV-008,collected,23.55,12.1167,4,0,3,2026,43.5
925711d9_EV-009,2026-03-27T23:33:19.428293+00:00,2026-03-28T12:07:40.514719+00:00,45.75,12.5725,754.35,0002,0039,EV-009,collected,23.55,12.1167,4,0,3,2026,45.75
925711d9_EV-010,2026-03-27T23:33:19.428293+00:00,2026-03-28T07:53:08.551828+00:00,31.68,8.3303,499.82,0002,0039,EV-010,collected,23.55,7.8833,4,0,3,2026,31.68
c5bffde4_EV-001,2026-03-27T23:33:33.171004+00:00,2026-03-28T05:42:11.498641+00:00,20.13,6.144,368.64,0002,0039,EV-001,collected,23.55,5.7,4,0,3,2026,20.13
c5bffde4_EV-002,2026-03-27T23:33:33.171004+00:00,2026-03-28T05:58:21.536483+00:00,22.8,6.4134,384.81,0002,0039,EV-002,collected,23.55,5.9667,4,0,3,2026,22.8
c5bffde4_EV-003,2026-03-27T23:33:33.171004+00:00,2026-03-28T05:58:21.536483+00:00,23.43,6.4134,384.81,0002,0039,EV-003,collected,23.55,5.9667,4,0,3,2026,23.43
c5bffde4_EV-004,2026-03-27T23:33:33.171004+00:00,2026-03-28T12:38:35.082625+00:00,39.0,13.0839,785.03,0002,0039,EV-004,collected,23.55,12.6333,4,0,3,2026,39.0
c5bffde4_EV-005,2026-03-27T23:33:33.171004+00:00,2026-03-28T12:07:54.257430+00:00,42.0,12.5725,754.35,0002,0039,EV-005,collected,23.55,12.1167,4,0,3,2026,42.0
c5bffde4_EV-006,2026-03-27T23:33:33.171004+00:00,2026-03-28T12:38:43.791121+00:00,50.25,13.0863,785.18,0002,0039,EV-006,collected,23.55,12.6333,4,0,3,2026,50.25
c5bffde4_EV-007,2026-03-27T23:33:33.171004+00:00,2026-03-28T06:02:04.681624+00:00,29.26,6.4754,388.53,0002,0039,EV-007,collected,23.55,6.0333,4,0,3,2026,29.26
c5bffde4_EV-008,2026-03-27T23:33:33.171004+00:00,2026-03-28T12:07:54.257430+00:00,43.5,12.5725,754.35,0002,0039,EV-008,collected,23.55,12.1167,4,0,3,2026,43.5
c5bffde4_EV-009,2026-03-27T23:33:33.171004+00:00,2026-03-28T12:07:54.257430+00:00,45.75,12.5725,754.35,0002,0039,EV-009,collected,23.55,12.1167,4,0,3,2026,45.75
c5bffde4_EV-010,2026-03-27T23:33:33.171004+00:00,2026-03-28T07:53:22.294539+00:00,31.68,8.3303,499.82,0002,0039,EV-010,collected,23.55,7.8833,4,0,3,2026,31.68
c5bffde4_EV-011,2026-03-27T23:33:33.171004+00:00,2026-03-28T12:38:43.791121+00:00,62.25,13.0863,785.18,0002,0039,EV-011,collected,23.55,12.6333,4,0,3,2026,62.25
c5bffde4_EV-012,2026-03-27T23:33:33.171004+00:00,2026-03-28T12:38:35.082625+00:00,36.72,13.0839,785.03,0002,0039,EV-012,collected,23.55,12.6333,4,0,3,2026,36.72
c5bffde4_EV-013,2026-03-27T23:33:33.171004+00:00,2026-03-28T12:38:43.791121+00:00,51.12,13.0863,785.18,0002,0039,EV-013,collected,23.55,12.6333,4,0,3,2026,51.12
c5bffde4_EV-014,2026-03-27T23:33:33.171004+00:00,2026-03-28T05:58:21.536483+00:00,23.6,6.4134,384.81,0002,0039,EV-014,collected,23.55,5.9667,4,0,3,2026,23.6
c5bffde4_EV-015,2026-03-27T23:33:33.171004+00:00,2026-03-28T06:00:25.156478+00:00,26.5,6.4478,386.87,0002,0039,EV-015,collected,23.55,6.0,4,0,3,2026,26.5
c5bffde4_EV-016,2026-03-27T23:33:33.171004+00:00,2026-03-28T12:38:43.791121+00:00,66.0,13.0863,785.18,0002,0039,EV-016,collected,23.55,12.6333,4,0,3,2026,66.0
c5bffde4_EV-017,2026-03-27T23:33:33.171004+00:00,2026-03-28T08:05:35.243758+00:00,33.06,8.5339,512.03,0002,0039,EV-017,collected,23.55,8.0833,4,0,3,2026,33.06
c5bffde4_EV-018,2026-03-27T23:33:33.171004+00:00,2026-03-28T12:07:54.257430+00:00,42.35,12.5725,754.35,0002,0039,EV-018,collected,23.55,12.1167,4,0,3,2026,42.35
c5bffde4_EV-019,2026-03-27T23:33:33.171004+00:00,2026-03-28T12:07:54.257430+00:00,47.4,12.5725,754.35,0002,0039,EV-019,collected,23.55,12.1167,4,0,3,2026,47.4
c5bffde4_EV-020,2026-03-27T23:33:33.171004+00:00,2026-03-28T12:38:43.791121+00:00,81.7,13.0863,785.18,0002,0039,EV-020,collected,23.55,12.6333,4,0,3,2026,81.7
c5bffde4_EV-021,2026-03-27T23:33:33.171004+00:00,2026-03-28T05:55:53.539656+00:00,24.0,6.3723,382.34,0002,0039,EV-021,collected,23.55,5.9167,4,0,3,2026,24.0
c5bffde4_EV-022,2026-03-27T23:33:33.171004+00:00,2026-03-28T08:05:35.243758+00:00,35.4,8.5339,512.03,0002,0039,EV-022,collected,23.55,8.0833,4,0,3,2026,35.4
c5bffde4_EV-023,2026-03-27T23:33:33.171004+00:00,2026-03-28T12:38:43.791121+00:00,56.8,13.0863,785.18,0002,0039,EV-023,collected,23.55,12.6333,4,0,3,2026,56.8
c5bffde4_EV-024,2026-03-27T23:33:33.171004+00:00,2026-03-28T12:07:54.257430+00:00,44.8,12.5725,754.35,0002,0039,EV-024,collected,23.55,12.1167,4,0,3,2026,44.8
c5bffde4_EV-025,2026-03-27T23:33:33.171004+00:00,2026-03-28T08:05:35.243758+00:00,33.0,8.5339,512.03,0002,0039,EV-025,collected,23.55,8.0833,4,0,3,2026,33.0
c5bffde4_EV-026,2026-03-27T23:33:33.171004+00:00,2026-03-28T12:38:43.791121+00:00,60.06,13.0863,785.18,0002,0039,EV-026,collected,23.55,12.6333,4,0,3,2026,60.06
c5bffde4_EV-027,2026-03-27T23:33:33.171004+00:00,2026-03-28T08:05:35.243758+00:00,33.0,8.5339,512.03,0002,0039,EV-027,collected,23.55,8.0833,4,0,3,2026,33.0
c5bffde4_EV-028,2026-03-27T23:33:33.171004+00:00,2026-03-28T12:07:54.257430+00:00,47.5,12.5725,754.35,0002,0039,EV-028,collected,23.55,12.1167,4,0,3,2026,47.5
c5bffde4_EV-029,2026-03-27T23:33:33.171004+00:00,2026-03-28T05:04:17.433089+00:00,14.5,5.5123,330.74,0002,0039,EV-029,collected,23.55,5.0667,4,0,3,2026,14.5
c5bffde4_EV-030,2026-03-27T23:33:33.171004+00:00,2026-03-28T12:38:43.791121+00:00,60.83,13.0863,785.18,0002,0039,EV-030,collected,23.55,12.6333,4,0,3,2026,60.83
c5bffde4_EV-031,2026-03-27T23:33:33.171004+00:00,2026-03-28T12:38:43.791121+00:00,56.21,13.0863,785.18,0002,0039,EV-031,collected,23.55,12.6333,4,0,3,2026,56.21
c5bffde4_EV-032,2026-03-27T23:33:33.171004+00:00,2026-03-28T05:38:23.986434+00:00,18.0,6.0808,364.85,0002,0039,EV-032,collected,23.55,5.6333,4,0,3,2026,18.0
c5bffde4_EV-033,2026-03-27T23:33:33.171004+00:00,2026-03-28T07:53:22.294539+00:00,31.5,8.3303,499.82,0002,0039,EV-033,collected,23.55,7.8833,4,0,3,2026,31.5
c5bffde4_EV-034,2026-03-27T23:33:33.171004+00:00,2026-03-28T12:38:43.791121+00:00,61.5,13.0863,785.18,0002,0039,EV-034,collected,23.55,12.6333,4,0,3,2026,61.5
c5bffde4_EV-035,2026-03-27T23:33:33.171004+00:00,2026-03-28T12:38:43.791121+00:00,52.36,13.0863,785.18,0002,0039,EV-035,collected,23.55,12.6333,4,0,3,2026,52.36
c5bffde4_EV-036,2026-03-27T23:33:33.171004+00:00,2026-03-28T12:07:54.257430+00:00,42.35,12.5725,754.35,0002,0039,EV-036,collected,23.55,12.1167,4,0,3,2026,42.35
c5bffde4_EV-037,2026-03-27T23:33:33.171004+00:00,2026-03-28T12:11:35.452498+00:00,40.02,12.634,758.04,0002,0039,EV-037,collected,23.55,12.1833,4,0,3,2026,40.02
c5bffde4_EV-038,2026-03-27T23:33:33.171004+00:00,2026-03-28T08:05:35.243758+00:00,34.2,8.5339,512.03,0002,0039,EV-038,collected,23.55,8.0833,4,0,3,2026,34.2
c5bffde4_EV-039,2026-03-27T23:33:33.171004+00:00,2026-03-28T12:38:43.791121+00:00,56.05,13.0863,785.18,0002,0039,EV-039,collected,23.55,12.6333,4,0,3,2026,56.05
c5bffde4_EV-040,2026-03-27T23:33:33.171004+00:00,2026-03-28T12:38:43.791121+00:00,51.0,13.0863,785.18,0002,0039,EV-040,collected,23.55,12.6333,4,0,3,2026,51.0
c5bffde4_EV-041,2026-03-27T23:33:33.171004+00:00,2026-03-28T12:38:35.082625+00:00,36.72,13.0839,785.03,0002,0039,EV-041,collected,23.55,12.6333,4,0,3,2026,36.72
c5bffde4_EV-042,2026-03-27T23:33:33.171004+00:00,2026-03-28T12:07:54.257430+00:00,44.66,12.5725,754.35,0002,0039,EV-042,collected,23.55,12.1167,4,0,3,2026,44.66
c5bffde4_EV-043,2026-03-27T23:33:33.171004+00:00,2026-03-28T12:38:43.791121+00:00,61.75,13.0863,785.18,0002,0039,EV-043,collected,23.55,12.6333,4,0,3,2026,61.75
c5bffde4_EV-044,2026-03-27T23:33:33.171004+00:00,2026-03-28T05:58:21.536483+00:00,23.2,6.4134,384.81,0002,0039,EV-044,collected,23.55,5.9667,4,0,3,2026,23.2
c5bffde4_EV-045,2026-03-27T23:33:33.171004+00:00,2026-03-28T12:07:54.257430+00:00,43.12,12.5725,754.35,0002,0039,EV-045,collected,23.55,12.1167,4,0,3,2026,43.12
c5bffde4_EV-046,2026-03-27T23:33:33.171004+00:00,2026-03-28T05:55:53.539656+00:00,24.4,6.3723,382.34,0002,0039,EV-046,collected,23.55,5.9167,4,0,3,2026,24.4
c5bffde4_EV-047,2026-03-27T23:33:33.171004+00:00,2026-03-28T12:38:43.791121+00:00,64.0,13.0863,785.18,0002,0039,EV-047,collected,23.55,12.6333,4,0,3,2026,64.0
c5bffde4_EV-048,2026-03-27T23:33:33.171004+00:00,2026-03-28T12:07:54.257430+00:00,46.98,12.5725,754.35,0002,0039,EV-048,collected,23.55,12.1167,4,0,3,2026,46.98
c5bffde4_EV-049,2026-03-27T23:33:33.171004+00:00,2026-03-28T12:07:54.257430+00:00,43.12,12.5725,754.35,0002,0039,EV-049,collected,23.55,12.1167,4,0,3,2026,43.12
b1400531_EV-001,2026-03-27T23:33:42.547409+00:00,2026-03-28T05:42:20.875046+00:00,20.13,6.144,368.64,0002,0039,EV-001,collected,23.55,5.7,4,0,3,2026,20.13
b1400531_EV-002,2026-03-27T23:33:42.547409+00:00,2026-03-28T05:58:30.912888+00:00,22.8,6.4134,384.81,0002,0039,EV-002,collected,23.55,5.9667,4,0,3,2026,22.8
b1400531_EV-003,2026-03-27T23:33:42.547409+00:00,2026-03-28T05:58:30.912888+00:00,23.43,6.4134,384.81,0002,0039,EV-003,collected,23.55,5.9667,4,0,3,2026,23.43
b1400531_EV-004,2026-03-27T23:33:42.547409+00:00,2026-03-28T12:38:44.459030+00:00,39.0,13.0839,785.03,0002,0039,EV-004,collected,23.55,12.6333,4,0,3,2026,39.0
b1400531_EV-005,2026-03-27T23:33:42.547409+00:00,2026-03-28T12:08:03.633835+00:00,42.0,12.5725,754.35,0002,0039,EV-005,collected,23.55,12.1333,4,0,3,2026,42.0
b1400531_EV-006,2026-03-27T23:33:42.547409+00:00,2026-03-28T12:38:53.167526+00:00,50.25,13.0863,785.18,0002,0039,EV-006,collected,23.55,12.6333,4,0,3,2026,50.25
b1400531_EV-007,2026-03-27T23:33:42.547409+00:00,2026-03-28T06:02:14.058029+00:00,29.26,6.4754,388.53,0002,0039,EV-007,collected,23.55,6.0333,4,0,3,2026,29.26
b1400531_EV-008,2026-03-27T23:33:42.547409+00:00,2026-03-28T12:08:03.633835+00:00,43.5,12.5725,754.35,0002,0039,EV-008,collected,23.55,12.1333,4,0,3,2026,43.5
b1400531_EV-009,2026-03-27T23:33:42.547409+00:00,2026-03-28T12:08:03.633835+00:00,45.75,12.5725,754.35,0002,0039,EV-009,collected,23.55,12.1333,4,0,3,2026,45.75
b1400531_EV-010,2026-03-27T23:33:42.547409+00:00,2026-03-28T07:53:31.670944+00:00,31.68,8.3303,499.82,0002,0039,EV-010,collected,23.55,7.8833,4,0,3,2026,31.68
b1400531_EV-011,2026-03-27T23:33:42.547409+00:00,2026-03-28T12:38:53.167526+00:00,62.25,13.0863,785.18,0002,0039,EV-011,collected,23.55,12.6333,4,0,3,2026,62.25
b1400531_EV-012,2026-03-27T23:33:42.547409+00:00,2026-03-28T12:38:44.459030+00:00,36.72,13.0839,785.03,0002,0039,EV-012,collected,23.55,12.6333,4,0,3,2026,36.72
b1400531_EV-013,2026-03-27T23:33:42.547409+00:00,2026-03-28T12:38:53.167526+00:00,51.12,13.0863,785.18,0002,0039,EV-013,collected,23.55,12.6333,4,0,3,2026,51.12
b1400531_EV-014,2026-03-27T23:33:42.547409+00:00,2026-03-28T05:58:30.912888+00:00,23.6,6.4134,384.81,0002,0039,EV-014,collected,23.55,5.9667,4,0,3,2026,23.6
b1400531_EV-015,2026-03-27T23:33:42.547409+00:00,2026-03-28T06:00:34.532883+00:00,26.5,6.4478,386.87,0002,0039,EV-015,collected,23.55,6.0,4,0,3,2026,26.5
b1400531_EV-016,2026-03-27T23:33:42.547409+00:00,2026-03-28T12:38:53.167526+00:00,66.0,13.0863,785.18,0002,0039,EV-016,collected,23.55,12.6333,4,0,3,2026,66.0
b1400531_EV-017,2026-03-27T23:33:42.547409+00:00,2026-03-28T08:05:44.620163+00:00,33.06,8.5339,512.03,0002,0039,EV-017,collected,23.55,8.0833,4,0,3,2026,33.06
b1400531_EV-018,2026-03-27T23:33:42.547409+00:00,2026-03-28T12:08:03.633835+00:00,42.35,12.5725,754.35,0002,0039,EV-018,collected,23.55,12.1333,4,0,3,2026,42.35
b1400531_EV-019,2026-03-27T23:33:42.547409+00:00,2026-03-28T12:08:03.633835+00:00,47.4,12.5725,754.35,0002,0039,EV-019,collected,23.55,12.1333,4,0,3,2026,47.4
b1400531_EV-020,2026-03-27T23:33:42.547409+00:00,2026-03-28T12:38:53.167526+00:00,81.7,13.0863,785.18,0002,0039,EV-020,collected,23.55,12.6333,4,0,3,2026,81.7
b1400531_EV-021,2026-03-27T23:33:42.547409+00:00,2026-03-28T05:56:02.916061+00:00,24.0,6.3723,382.34,0002,0039,EV-021,collected,23.55,5.9333,4,0,3,2026,24.0
b1400531_EV-022,2026-03-27T23:33:42.547409+00:00,2026-03-28T08:05:44.620163+00:00,35.4,8.5339,512.03,0002,0039,EV-022,collected,23.55,8.0833,4,0,3,2026,35.4
b1400531_EV-023,2026-03-27T23:33:42.547409+00:00,2026-03-28T12:38:53.167526+00:00,56.8,13.0863,785.18,0002,0039,EV-023,collected,23.55,12.6333,4,0,3,2026,56.8
b1400531_EV-024,2026-03-27T23:33:42.547409+00:00,2026-03-28T12:08:03.633835+00:00,44.8,12.5725,754.35,0002,0039,EV-024,collected,23.55,12.1333,4,0,3,2026,44.8
b1400531_EV-025,2026-03-27T23:33:42.547409+00:00,2026-03-28T08:05:44.620163+00:00,33.0,8.5339,512.03,0002,0039,EV-025,collected,23.55,8.0833,4,0,3,2026,33.0
b1400531_EV-026,2026-03-27T23:33:42.547409+00:00,2026-03-28T12:38:53.167526+00:00,60.06,13.0863,785.18,0002,0039,EV-026,collected,23.55,12.6333,4,0,3,2026,60.06
b1400531_EV-027,2026-03-27T23:33:42.547409+00:00,2026-03-28T08:05:44.620163+00:00,33.0,8.5339,512.03,0002,0039,EV-027,collected,23.55,8.0833,4,0,3,2026,33.0
b1400531_EV-028,2026-03-27T23:33:42.547409+00:00,2026-03-28T12:08:03.633835+00:00,47.5,12.5725,754.35,0002,0039,EV-028,collected,23.55,12.1333,4,0,3,2026,47.5
b1400531_EV-029,2026-03-27T23:33:42.547409+00:00,2026-03-28T05:04:26.809494+00:00,14.5,5.5123,330.74,0002,0039,EV-029,collected,23.55,5.0667,4,0,3,2026,14.5
b1400531_EV-030,2026-03-27T23:33:42.547409+00:00,2026-03-28T12:38:53.167526+00:00,60.83,13.0863,785.18,0002,0039,EV-030,collected,23.55,12.6333,4,0,3,2026,60.83
b1400531_EV-031,2026-03-27T23:33:42.547409+00:00,2026-03-28T12:38:53.167526+00:00,56.21,13.0863,785.18,0002,0039,EV-031,collected,23.55,12.6333,4,0,3,2026,56.21
b1400531_EV-032,2026-03-27T23:33:42.547409+00:00,2026-03-28T05:38:33.362839+00:00,18.0,6.0808,364.85,0002,0039,EV-032,collected,23.55,5.6333,4,0,3,2026,18.0
b1400531_EV-033,2026-03-27T23:33:42.547409+00:00,2026-03-28T07:53:31.670944+00:00,31.5,8.3303,499.82,0002,0039,EV-033,collected,23.55,7.8833,4,0,3,2026,31.5
b1400531_EV-034,2026-03-27T23:33:42.547409+00:00,2026-03-28T12:38:53.167526+00:00,61.5,13.0863,785.18,0002,0039,EV-034,collected,23.55,12.6333,4,0,3,2026,61.5
b1400531_EV-035,2026-03-27T23:33:42.547409+00:00,2026-03-28T12:38:53.167526+00:00,52.36,13.0863,785.18,0002,0039,EV-035,collected,23.55,12.6333,4,0,3,2026,52.36
b1400531_EV-036,2026-03-27T23:33:42.547409+00:00,2026-03-28T12:08:03.633835+00:00,42.35,12.5725,754.35,0002,0039,EV-036,collected,23.55,12.1333,4,0,3,2026,42.35
b1400531_EV-037,2026-03-27T23:33:42.547409+00:00,2026-03-28T12:11:44.828903+00:00,40.02,12.634,758.04,0002,0039,EV-037,collected,23.55,12.1833,4,0,3,2026,40.02
b1400531_EV-038,2026-03-27T23:33:42.547409+00:00,2026-03-28T08:05:44.620163+00:00,34.2,8.5339,512.03,0002,0039,EV-038,collected,23.55,8.0833,4,0,3,2026,34.2
b1400531_EV-039,2026-03-27T23:33:42.547409+00:00,2026-03-28T12:38:53.167526+00:00,56.05,13.0863,785.18,0002,0039,EV-039,collected,23.55,12.6333,4,0,3,2026,56.05
b1400531_EV-040,2026-03-27T23:33:42.547409+00:00,2026-03-28T12:38:53.167526+00:00,51.0,13.0863,785.18,0002,0039,EV-040,collected,23.55,12.6333,4,0,3,2026,51.0
b1400531_EV-041,2026-03-27T23:33:42.547409+00:00,2026-03-28T12:38:44.459030+00:00,36.72,13.0839,785.03,0002,0039,EV-041,collected,23.55,12.6333,4,0,3,2026,36.72
b1400531_EV-042,2026-03-27T23:33:42.547409+00:00,2026-03-28T12:08:03.633835+00:00,44.66,12.5725,754.35,0002,0039,EV-042,collected,23.55,12.1333,4,0,3,2026,44.66
b1400531_EV-043,2026-03-27T23:33:42.547409+00:00,2026-03-28T12:38:53.167526+00:00,61.75,13.0863,785.18,0002,0039,EV-043,collected,23.55,12.6333,4,0,3,2026,61.75
b1400531_EV-044,2026-03-27T23:33:42.547409+00:00,2026-03-28T05:58:30.912888+00:00,23.2,6.4134,384.81,0002,0039,EV-044,collected,23.55,5.9667,4,0,3,2026,23.2
b1400531_EV-045,2026-03-27T23:33:42.547409+00:00,2026-03-28T12:08:03.633835+00:00,43.12,12.5725,754.35,0002,0039,EV-045,collected,23.55,12.1333,4,0,3,2026,43.12
b1400531_EV-046,2026-03-27T23:33:42.547409+00:00,2026-03-28T05:56:02.916061+00:00,24.4,6.3723,382.34,0002,0039,EV-046,collected,23.55,5.9333,4,0,3,2026,24.4
b1400531_EV-047,2026-03-27T23:33:42.547409+00:00,2026-03-28T12:38:53.167526+00:00,64.0,13.0863,785.18,0002,0039,EV-047,collected,23.55,12.6333,4,0,3,2026,64.0
b1400531_EV-048,2026-03-27T23:33:42.547409+00:00,2026-03-28T12:08:03.633835+00:00,46.98,12.5725,754.35,0002,0039,EV-048,collected,23.55,12.1333,4,0,3,2026,46.98
b1400531_EV-049,2026-03-27T23:33:42.547409+00:00,2026-03-28T12:08:03.633835+00:00,43.12,12.5725,754.35,0002,0039,EV-049,collected,23.55,12.1333,4,0,3,2026,43.12
91874e2f_EV-001,2026-03-27T23:33:48.399628+00:00,2026-03-28T05:42:26.727265+00:00,20.13,6.144,368.64,0002,0039,EV-001,collected,23.55,5.7,4,0,3,2026,20.13
91874e2f_EV-002,2026-03-27T23:33:48.399628+00:00,2026-03-28T05:58:36.765107+00:00,22.8,6.4134,384.81,0002,0039,EV-002,collected,23.55,5.9667,4,0,3,2026,22.8
91874e2f_EV-003,2026-03-27T23:33:48.399628+00:00,2026-03-28T05:58:36.765107+00:00,23.43,6.4134,384.81,0002,0039,EV-003,collected,23.55,5.9667,4,0,3,2026,23.43
91874e2f_EV-004,2026-03-27T23:33:48.399628+00:00,2026-03-28T12:38:50.311249+00:00,39.0,13.0839,785.03,0002,0039,EV-004,collected,23.55,12.6333,4,0,3,2026,39.0
91874e2f_EV-005,2026-03-27T23:33:48.399628+00:00,2026-03-28T12:08:09.486054+00:00,42.0,12.5725,754.35,0002,0039,EV-005,collected,23.55,12.1333,4,0,3,2026,42.0
91874e2f_EV-006,2026-03-27T23:33:48.399628+00:00,2026-03-28T12:38:59.019745+00:00,50.25,13.0863,785.18,0002,0039,EV-006,collected,23.55,12.6333,4,0,3,2026,50.25
91874e2f_EV-007,2026-03-27T23:33:48.399628+00:00,2026-03-28T06:02:19.910248+00:00,29.26,6.4754,388.53,0002,0039,EV-007,collected,23.55,6.0333,4,0,3,2026,29.26
91874e2f_EV-008,2026-03-27T23:33:48.399628+00:00,2026-03-28T12:08:09.486054+00:00,43.5,12.5725,754.35,0002,0039,EV-008,collected,23.55,12.1333,4,0,3,2026,43.5
91874e2f_EV-009,2026-03-27T23:33:48.399628+00:00,2026-03-28T12:08:09.486054+00:00,45.75,12.5725,754.35,0002,0039,EV-009,collected,23.55,12.1333,4,0,3,2026,45.75
91874e2f_EV-010,2026-03-27T23:33:48.399628+00:00,2026-03-28T07:53:37.523163+00:00,31.68,8.3303,499.82,0002,0039,EV-010,collected,23.55,7.8833,4,0,3,2026,31.68
91874e2f_EV-011,2026-03-27T23:33:48.399628+00:00,2026-03-28T12:38:59.019745+00:00,62.25,13.0863,785.18,0002,0039,EV-011,collected,23.55,12.6333,4,0,3,2026,62.25
91874e2f_EV-012,2026-03-27T23:33:48.399628+00:00,2026-03-28T12:38:50.311249+00:00,36.72,13.0839,785.03,0002,0039,EV-012,collected,23.55,12.6333,4,0,3,2026,36.72
91874e2f_EV-013,2026-03-27T23:33:48.399628+00:00,2026-03-28T12:38:59.019745+00:00,51.12,13.0863,785.18,0002,0039,EV-013,collected,23.55,12.6333,4,0,3,2026,51.12
91874e2f_EV-014,2026-03-27T23:33:48.399628+00:00,2026-03-28T05:58:36.765107+00:00,23.6,6.4134,384.81,0002,0039,EV-014,collected,23.55,5.9667,4,0,3,2026,23.6
91874e2f_EV-015,2026-03-27T23:33:48.399628+00:00,2026-03-28T06:00:40.385102+00:00,26.5,6.4478,386.87,0002,0039,EV-015,collected,23.55,6.0,4,0,3,2026,26.5
91874e2f_EV-016,2026-03-27T23:33:48.399628+00:00,2026-03-28T12:38:59.019745+00:00,66.0,13.0863,785.18,0002,0039,EV-016,collected,23.55,12.6333,4,0,3,2026,66.0
91874e2f_EV-017,2026-03-27T23:33:48.399628+00:00,2026-03-28T08:05:50.472382+00:00,33.06,8.5339,512.03,0002,0039,EV-017,collected,23.55,8.0833,4,0,3,2026,33.06
91874e2f_EV-018,2026-03-27T23:33:48.399628+00:00,2026-03-28T12:08:09.486054+00:00,42.35,12.5725,754.35,0002,0039,EV-018,collected,23.55,12.1333,4,0,3,2026,42.35
91874e2f_EV-019,2026-03-27T23:33:48.399628+00:00,2026-03-28T12:08:09.486054+00:00,47.4,12.5725,754.35,0002,0039,EV-019,collected,23.55,12.1333,4,0,3,2026,47.4
91874e2f_EV-020,2026-03-27T23:33:48.399628+00:00,2026-03-28T12:38:59.019745+00:00,81.7,13.0863,785.18,0002,0039,EV-020,collected,23.55,12.6333,4,0,3,2026,81.7
91874e2f_EV-021,2026-03-27T23:33:48.399628+00:00,2026-03-28T05:56:08.768280+00:00,24.0,6.3723,382.34,0002,0039,EV-021,collected,23.55,5.9333,4,0,3,2026,24.0
7cfb059e_EV-001,2026-03-27T23:33:54.713044+00:00,2026-03-28T05:42:33.040681+00:00,20.13,6.144,368.64,0002,0039,EV-001,collected,23.55,5.7,4,0,3,2026,20.13
7cfb059e_EV-002,2026-03-27T23:33:54.713044+00:00,2026-03-28T05:58:43.078523+00:00,22.8,6.4134,384.81,0002,0039,EV-002,collected,23.55,5.9667,4,0,3,2026,22.8
7cfb059e_EV-003,2026-03-27T23:33:54.713044+00:00,2026-03-28T05:58:43.078523+00:00,23.43,6.4134,384.81,0002,0039,EV-003,collected,23.55,5.9667,4,0,3,2026,23.43
7cfb059e_EV-004,2026-03-27T23:33:54.713044+00:00,2026-03-28T12:38:56.624665+00:00,39.0,13.0839,785.03,0002,0039,EV-004,collected,23.55,12.6333,4,0,3,2026,39.0
7cfb059e_EV-005,2026-03-27T23:33:54.713044+00:00,2026-03-28T12:08:15.799470+00:00,42.0,12.5725,754.35,0002,0039,EV-005,collected,23.55,12.1333,4,0,3,2026,42.0
7cfb059e_EV-006,2026-03-27T23:33:54.713044+00:00,2026-03-28T12:39:05.333161+00:00,50.25,13.0863,785.18,0002,0039,EV-006,collected,23.55,12.65,4,0,3,2026,50.25
7cfb059e_EV-007,2026-03-27T23:33:54.713044+00:00,2026-03-28T06:02:26.223664+00:00,29.26,6.4754,388.53,0002,0039,EV-007,collected,23.55,6.0333,4,0,3,2026,29.26
7cfb059e_EV-008,2026-03-27T23:33:54.713044+00:00,2026-03-28T12:08:15.799470+00:00,43.5,12.5725,754.35,0002,0039,EV-008,collected,23.55,12.1333,4,0,3,2026,43.5
7cfb059e_EV-009,2026-03-27T23:33:54.713044+00:00,2026-03-28T12:08:15.799470+00:00,45.75,12.5725,754.35,0002,0039,EV-009,collected,23.55,12.1333,4,0,3,2026,45.75
7cfb059e_EV-010,2026-03-27T23:33:54.713044+00:00,2026-03-28T07:53:43.836579+00:00,31.68,8.3303,499.82,0002,0039,EV-010,collected,23.55,7.8833,4,0,3,2026,31.68
7cfb059e_EV-011,2026-03-27T23:33:54.713044+00:00,2026-03-28T12:39:05.333161+00:00,62.25,13.0863,785.18,0002,0039,EV-011,collected,23.55,12.65,4,0,3,2026,62.25
7cfb059e_EV-012,2026-03-27T23:33:54.713044+00:00,2026-03-28T12:38:56.624665+00:00,36.72,13.0839,785.03,0002,0039,EV-012,collected,23.55,12.6333,4,0,3,2026,36.72
7cfb059e_EV-013,2026-03-27T23:33:54.713044+00:00,2026-03-28T12:39:05.333161+00:00,51.12,13.0863,785.18,0002,0039,EV-013,collected,23.55,12.65,4,0,3,2026,51.12
7cfb059e_EV-014,2026-03-27T23:33:54.713044+00:00,2026-03-28T05:58:43.078523+00:00,23.6,6.4134,384.81,0002,0039,EV-014,collected,23.55,5.9667,4,0,3,2026,23.6
7cfb059e_EV-015,2026-03-27T23:33:54.713044+00:00,2026-03-28T06:00:46.698518+00:00,26.5,6.4478,386.87,0002,0039,EV-015,collected,23.55,6.0,4,0,3,2026,26.5
7cfb059e_EV-016,2026-03-27T23:33:54.713044+00:00,2026-03-28T12:39:05.333161+00:00,66.0,13.0863,785.18,0002,0039,EV-016,collected,23.55,12.65,4,0,3,2026,66.0
7cfb059e_EV-017,2026-03-27T23:33:54.713044+00:00,2026-03-28T08:05:56.785798+00:00,33.06,8.5339,512.03,0002,0039,EV-017,collected,23.55,8.0833,4,0,3,2026,33.06
7cfb059e_EV-018,2026-03-27T23:33:54.713044+00:00,2026-03-28T12:08:15.799470+00:00,42.35,12.5725,754.35,0002,0039,EV-018,collected,23.55,12.1333,4,0,3,2026,42.35
7cfb059e_EV-019,2026-03-27T23:33:54.713044+00:00,2026-03-28T12:08:15.799470+00:00,47.4,12.5725,754.35,0002,0039,EV-019,collected,23.55,12.1333,4,0,3,2026,47.4
7cfb059e_EV-020,2026-03-27T23:33:54.713044+00:00,2026-03-28T12:39:05.333161+00:00,81.7,13.0863,785.18,0002,0039,EV-020,collected,23.55,12.65,4,0,3,2026,81.7
7cfb059e_EV-021,2026-03-27T23:33:54.713044+00:00,2026-03-28T05:56:15.081696+00:00,24.0,6.3723,382.34,0002,0039,EV-021,collected,23.55,5.9333,4,0,3,2026,24.0
7cfb059e_EV-022,2026-03-27T23:33:54.713044+00:00,2026-03-28T08:05:56.785798+00:00,35.4,8.5339,512.03,0002,0039,EV-022,collected,23.55,8.0833,4,0,3,2026,35.4
7cfb059e_EV-023,2026-03-27T23:33:54.713044+00:00,2026-03-28T12:39:05.333161+00:00,56.8,13.0863,785.18,0002,0039,EV-023,collected,23.55,12.65,4,0,3,2026,56.8
7cfb059e_EV-024,2026-03-27T23:33:54.713044+00:00,2026-03-28T12:08:15.799470+00:00,44.8,12.5725,754.35,0002,0039,EV-024,collected,23.55,12.1333,4,0,3,2026,44.8
7cfb059e_EV-025,2026-03-27T23:33:54.713044+00:00,2026-03-28T08:05:56.785798+00:00,33.0,8.5339,512.03,0002,0039,EV-025,collected,23.55,8.0833,4,0,3,2026,33.0
7cfb059e_EV-026,2026-03-27T23:33:54.713044+00:00,2026-03-28T12:39:05.333161+00:00,60.06,13.0863,785.18,0002,0039,EV-026,collected,23.55,12.65,4,0,3,2026,60.06
7cfb059e_EV-027,2026-03-27T23:33:54.713044+00:00,2026-03-28T08:05:56.785798+00:00,33.0,8.5339,512.03,0002,0039,EV-027,collected,23.55,8.0833,4,0,3,2026,33.0
7cfb059e_EV-028,2026-03-27T23:33:54.713044+00:00,2026-03-28T12:08:15.799470+00:00,47.5,12.5725,754.35,0002,0039,EV-028,collected,23.55,12.1333,4,0,3,2026,47.5
7cfb059e_EV-029,2026-03-27T23:33:54.713044+00:00,2026-03-28T05:04:38.975129+00:00,14.5,5.5123,330.74,0002,0039,EV-029,collected,23.55,5.0667,4,0,3,2026,14.5
7cfb059e_EV-030,2026-03-27T23:33:54.713044+00:00,2026-03-28T12:39:05.333161+00:00,60.83,13.0863,785.18,0002,0039,EV-030,collected,23.55,12.65,4,0,3,2026,60.83
7cfb059e_EV-031,2026-03-27T23:33:54.713044+00:00,2026-03-28T12:39:05.333161+00:00,56.21,13.0863,785.18,0002,0039,EV-031,collected,23.55,12.65,4,0,3,2026,56.21
7cfb059e_EV-032,2026-03-27T23:33:54.713044+00:00,2026-03-28T05:38:45.528474+00:00,18.0,6.0808,364.85,0002,0039,EV-032,collected,23.55,5.6333,4,0,3,2026,18.0
7cfb059e_EV-033,2026-03-27T23:33:54.713044+00:00,2026-03-28T07:53:43.836579+00:00,31.5,8.3303,499.82,0002,0039,EV-033,collected,23.55,7.8833,4,0,3,2026,31.5
7cfb059e_EV-034,2026-03-27T23:33:54.713044+00:00,2026-03-28T12:39:05.333161+00:00,61.5,13.0863,785.18,0002,0039,EV-034,collected,23.55,12.65,4,0,3,2026,61.5
c9d1f231_EV-001,2026-03-27T23:34:00.244043+00:00,2026-03-28T05:42:38.571680+00:00,20.13,6.144,368.64,0002,0039,EV-001,collected,23.5667,5.7,4,0,3,2026,20.13
c9d1f231_EV-002,2026-03-27T23:34:00.244043+00:00,2026-03-28T05:58:48.609522+00:00,22.8,6.4134,384.81,0002,0039,EV-002,collected,23.5667,5.9667,4,0,3,2026,22.8
c9d1f231_EV-003,2026-03-27T23:34:00.244043+00:00,2026-03-28T05:58:48.609522+00:00,23.43,6.4134,384.81,0002,0039,EV-003,collected,23.5667,5.9667,4,0,3,2026,23.43
c9d1f231_EV-004,2026-03-27T23:34:00.244043+00:00,2026-03-28T12:39:02.155664+00:00,39.0,13.0839,785.03,0002,0039,EV-004,collected,23.5667,12.65,4,0,3,2026,39.0
c9d1f231_EV-005,2026-03-27T23:34:00.244043+00:00,2026-03-28T12:08:21.330469+00:00,42.0,12.5725,754.35,0002,0039,EV-005,collected,23.5667,12.1333,4,0,3,2026,42.0
c9d1f231_EV-006,2026-03-27T23:34:00.244043+00:00,2026-03-28T12:39:10.864160+00:00,50.25,13.0863,785.18,0002,0039,EV-006,collected,23.5667,12.65,4,0,3,2026,50.25
c9d1f231_EV-007,2026-03-27T23:34:00.244043+00:00,2026-03-28T06:02:31.754663+00:00,29.26,6.4754,388.53,0002,0039,EV-007,collected,23.5667,6.0333,4,0,3,2026,29.26
c9d1f231_EV-008,2026-03-27T23:34:00.244043+00:00,2026-03-28T12:08:21.330469+00:00,43.5,12.5725,754.35,0002,0039,EV-008,collected,23.5667,12.1333,4,0,3,2026,43.5
c9d1f231_EV-009,2026-03-27T23:34:00.244043+00:00,2026-03-28T12:08:21.330469+00:00,45.75,12.5725,754.35,0002,0039,EV-009,collected,23.5667,12.1333,4,0,3,2026,45.75
c9d1f231_EV-010,2026-03-27T23:34:00.244043+00:00,2026-03-28T07:53:49.367578+00:00,31.68,8.3303,499.82,0002,0039,EV-010,collected,23.5667,7.8833,4,0,3,2026,31.68
c9d1f231_EV-011,2026-03-27T23:34:00.244043+00:00,2026-03-28T12:39:10.864160+00:00,62.25,13.0863,785.18,0002,0039,EV-011,collected,23.5667,12.65,4,0,3,2026,62.25
c9d1f231_EV-012,2026-03-27T23:34:00.244043+00:00,2026-03-28T12:39:02.155664+00:00,36.72,13.0839,785.03,0002,0039,EV-012,collected,23.5667,12.65,4,0,3,2026,36.72
c9d1f231_EV-013,2026-03-27T23:34:00.244043+00:00,2026-03-28T12:39:10.864160+00:00,51.12,13.0863,785.18,0002,0039,EV-013,collected,23.5667,12.65,4,0,3,2026,51.12
c9d1f231_EV-014,2026-03-27T23:34:00.244043+00:00,2026-03-28T05:58:48.609522+00:00,23.6,6.4134,384.81,0002,0039,EV-014,collected,23.5667,5.9667,4,0,3,2026,23.6
c9d1f231_EV-015,2026-03-27T23:34:00.244043+00:00,2026-03-28T06:00:52.229517+00:00,26.5,6.4478,386.87,0002,0039,EV-015,collected,23.5667,6.0,4,0,3,2026,26.5
c9d1f231_EV-016,2026-03-27T23:34:00.244043+00:00,2026-03-28T12:39:10.864160+00:00,66.0,13.0863,785.18,0002,0039,EV-016,collected,23.5667,12.65,4,0,3,2026,66.0
c9d1f231_EV-017,2026-03-27T23:34:00.244043+00:00,2026-03-28T08:06:02.316797+00:00,33.06,8.5339,512.03,0002,0039,EV-017,collected,23.5667,8.1,4,0,3,2026,33.06
c9d1f231_EV-018,2026-03-27T23:34:00.244043+00:00,2026-03-28T12:08:21.330469+00:00,42.35,12.5725,754.35,0002,0039,EV-018,collected,23.5667,12.1333,4,0,3,2026,42.35
c9d1f231_EV-019,2026-03-27T23:34:00.244043+00:00,2026-03-28T12:08:21.330469+00:00,47.4,12.5725,754.35,0002,0039,EV-019,collected,23.5667,12.1333,4,0,3,2026,47.4
c9d1f231_EV-020,2026-03-27T23:34:00.244043+00:00,2026-03-28T12:39:10.864160+00:00,81.7,13.0863,785.18,0002,0039,EV-020,collected,23.5667,12.65,4,0,3,2026,81.7
c9d1f231_EV-021,2026-03-27T23:34:00.244043+00:00,2026-03-28T05:56:20.612695+00:00,24.0,6.3723,382.34,0002,0039,EV-021,collected,23.5667,5.9333,4,0,3,2026,24.0
c9d1f231_EV-022,2026-03-27T23:34:00.244043+00:00,2026-03-28T08:06:02.316797+00:00,35.4,8.5339,512.03,0002,0039,EV-022,collected,23.5667,8.1,4,0,3,2026,35.4
c9d1f231_EV-023,2026-03-27T23:34:00.244043+00:00,2026-03-28T12:39:10.864160+00:00,56.8,13.0863,785.18,0002,0039,EV-023,collected,23.5667,12.65,4,0,3,2026,56.8
c9d1f231_EV-024,2026-03-27T23:34:00.244043+00:00,2026-03-28T12:08:21.330469+00:00,44.8,12.5725,754.35,0002,0039,EV-024,collected,23.5667,12.1333,4,0,3,2026,44.8
c9d1f231_EV-025,2026-03-27T23:34:00.244043+00:00,2026-03-28T08:06:02.316797+00:00,33.0,8.5339,512.03,0002,0039,EV-025,collected,23.5667,8.1,4,0,3,2026,33.0
c9d1f231_EV-026,2026-03-27T23:34:00.244043+00:00,2026-03-28T12:39:10.864160+00:00,60.06,13.0863,785.18,0002,0039,EV-026,collected,23.5667,12.65,4,0,3,2026,60.06
c9d1f231_EV-027,2026-03-27T23:34:00.244043+00:00,2026-03-28T08:06:02.316797+00:00,33.0,8.5339,512.03,0002,0039,EV-027,collected,23.5667,8.1,4,0,3,2026,33.0
c9d1f231_EV-028,2026-03-27T23:34:00.244043+00:00,2026-03-28T12:08:21.330469+00:00,47.5,12.5725,754.35,0002,0039,EV-028,collected,23.5667,12.1333,4,0,3,2026,47.5
c9d1f231_EV-029,2026-03-27T23:34:00.244043+00:00,2026-03-28T05:04:44.506128+00:00,14.5,5.5123,330.74,0002,0039,EV-029,collected,23.5667,5.0667,4,0,3,2026,14.5
c9d1f231_EV-030,2026-03-27T23:34:00.244043+00:00,2026-03-28T12:39:10.864160+00:00,60.83,13.0863,785.18,0002,0039,EV-030,collected,23.5667,12.65,4,0,3,2026,60.83
c9d1f231_EV-031,2026-03-27T23:34:00.244043+00:00,2026-03-28T12:39:10.864160+00:00,56.21,13.0863,785.18,0002,0039,EV-031,collected,23.5667,12.65,4,0,3,2026,56.21
c9d1f231_EV-032,2026-03-27T23:34:00.244043+00:00,2026-03-28T05:38:51.059473+00:00,18.0,6.0808,364.85,0002,0039,EV-032,collected,23.5667,5.6333,4,0,3,2026,18.0
c9d1f231_EV-033,2026-03-27T23:34:00.244043+00:00,2026-03-28T07:53:49.367578+00:00,31.5,8.3303,499.82,0002,0039,EV-033,collected,23.5667,7.8833,4,0,3,2026,31.5
c9d1f231_EV-034,2026-03-27T23:34:00.244043+00:00,2026-03-28T12:39:10.864160+00:00,61.5,13.0863,785.18,0002,0039,EV-034,collected,23.5667,12.65,4,0,3,2026,61.5
c9d1f231_EV-035,2026-03-27T23:34:00.244043+00:00,2026-03-28T12:39:10.864160+00:00,52.36,13.0863,785.18,0002,0039,EV-035,collected,23.5667,12.65,4,0,3,2026,52.36
c9d1f231_EV-036,2026-03-27T23:34:00.244043+00:00,2026-03-28T12:08:21.330469+00:00,42.35,12.5725,754.35,0002,0039,EV-036,collected,23.5667,12.1333,4,0,3,2026,42.35
c9d1f231_EV-037,2026-03-27T23:34:00.244043+00:00,2026-03-28T12:12:02.525537+00:00,40.02,12.634,758.04,0002,0039,EV-037,collected,23.5667,12.2,4,0,3,2026,40.02
c9d1f231_EV-038,2026-03-27T23:34:00.244043+00:00,2026-03-28T08:06:02.316797+00:00,34.2,8.5339,512.03,0002,0039,EV-038,collected,23.5667,8.1,4,0,3,2026,34.2
c9d1f231_EV-039,2026-03-27T23:34:00.244043+00:00,2026-03-28T12:39:10.864160+00:00,56.05,13.0863,785.18,0002,0039,EV-039,collected,23.5667,12.65,4,0,3,2026,56.05
c9d1f231_EV-040,2026-03-27T23:34:00.244043+00:00,2026-03-28T12:39:10.864160+00:00,51.0,13.0863,785.18,0002,0039,EV-040,collected,23.5667,12.65,4,0,3,2026,51.0
c9d1f231_EV-041,2026-03-27T23:34:00.244043+00:00,2026-03-28T12:39:02.155664+00:00,36.72,13.0839,785.03,0002,0039,EV-041,collected,23.5667,12.65,4,0,3,2026,36.72
c9d1f231_EV-042,2026-03-27T23:34:00.244043+00:00,2026-03-28T12:08:21.330469+00:00,44.66,12.5725,754.35,0002,0039,EV-042,collected,23.5667,12.1333,4,0,3,2026,44.66
c9d1f231_EV-043,2026-03-27T23:34:00.244043+00:00,2026-03-28T12:39:10.864160+00:00,61.75,13.0863,785.18,0002,0039,EV-043,collected,23.5667,12.65,4,0,3,2026,61.75
c9d1f231_EV-044,2026-03-27T23:34:00.244043+00:00,2026-03-28T05:58:48.609522+00:00,23.2,6.4134,384.81,0002,0039,EV-044,collected,23.5667,5.9667,4,0,3,2026,23.2
c9d1f231_EV-045,2026-03-27T23:34:00.244043+00:00,2026-03-28T12:08:21.330469+00:00,43.12,12.5725,754.35,0002,0039,EV-045,collected,23.5667,12.1333,4,0,3,2026,43.12
c9d1f231_EV-046,2026-03-27T23:34:00.244043+00:00,2026-03-28T05:56:20.612695+00:00,24.4,6.3723,382.34,0002,0039,EV-046,collected,23.5667,5.9333,4,0,3,2026,24.4
c9d1f231_EV-047,2026-03-27T23:34:00.244043+00:00,2026-03-28T12:39:10.864160+00:00,64.0,13.0863,785.18,0002,0039,EV-047,collected,23.5667,12.65,4,0,3,2026,64.0
c9d1f231_EV-048,2026-03-27T23:34:00.244043+00:00,2026-03-28T12:08:21.330469+00:00,46.98,12.5725,754.35,0002,0039,EV-048,collected,23.5667,12.1333,4,0,3,2026,46.98
c9d1f231_EV-049,2026-03-27T23:34:00.244043+00:00,2026-03-28T12:08:21.330469+00:00,43.12,12.5725,754.35,0002,0039,EV-049,collected,23.5667,12.1333,4,0,3,2026,43.12
c9d1f231_EV-050,2026-03-27T23:34:00.244043+00:00,2026-03-28T07:53:49.367578+00:00,31.5,8.3303,499.82,0002,0039,EV-050,collected,23.5667,7.8833,4,0,3,2026,31.5
2b43aa08_EV-001,2026-03-27T23:34:08.081799+00:00,2026-03-28T05:42:46.409436+00:00,20.13,6.144,368.64,0002,0039,EV-001,collected,23.5667,5.7,4,0,3,2026,20.13
2b43aa08_EV-002,2026-03-27T23:34:08.081799+00:00,2026-03-28T05:58:56.447278+00:00,22.8,6.4134,384.81,0002,0039,EV-002,collected,23.5667,5.9667,4,0,3,2026,22.8
2b43aa08_EV-003,2026-03-27T23:34:08.081799+00:00,2026-03-28T05:58:56.447278+00:00,23.43,6.4134,384.81,0002,0039,EV-003,collected,23.5667,5.9667,4,0,3,2026,23.43
2b43aa08_EV-004,2026-03-27T23:34:08.081799+00:00,2026-03-28T12:39:09.993420+00:00,39.0,13.0839,785.03,0002,0039,EV-004,collected,23.5667,12.65,4,0,3,2026,39.0
2b43aa08_EV-005,2026-03-27T23:34:08.081799+00:00,2026-03-28T12:08:29.168225+00:00,42.0,12.5725,754.35,0002,0039,EV-005,collected,23.5667,12.1333,4,0,3,2026,42.0
2b43aa08_EV-006,2026-03-27T23:34:08.081799+00:00,2026-03-28T12:39:18.701916+00:00,50.25,13.0863,785.18,0002,0039,EV-006,collected,23.5667,12.65,4,0,3,2026,50.25
2b43aa08_EV-007,2026-03-27T23:34:08.081799+00:00,2026-03-28T06:02:39.592419+00:00,29.26,6.4754,388.53,0002,0039,EV-007,collected,23.5667,6.0333,4,0,3,2026,29.26
2b43aa08_EV-008,2026-03-27T23:34:08.081799+00:00,2026-03-28T12:08:29.168225+00:00,43.5,12.5725,754.35,0002,0039,EV-008,collected,23.5667,12.1333,4,0,3,2026,43.5
2b43aa08_EV-009,2026-03-27T23:34:08.081799+00:00,2026-03-28T12:08:29.168225+00:00,45.75,12.5725,754.35,0002,0039,EV-009,collected,23.5667,12.1333,4,0,3,2026,45.75
2b43aa08_EV-010,2026-03-27T23:34:08.081799+00:00,2026-03-28T07:53:57.205334+00:00,31.68,8.3303,499.82,0002,0039,EV-010,collected,23.5667,7.8833,4,0,3,2026,31.68
2b43aa08_EV-011,2026-03-27T23:34:08.081799+00:00,2026-03-28T12:39:18.701916+00:00,62.25,13.0863,785.18,0002,0039,EV-011,collected,23.5667,12.65,4,0,3,2026,62.25
2b43aa08_EV-012,2026-03-27T23:34:08.081799+00:00,2026-03-28T12:39:09.993420+00:00,36.72,13.0839,785.03,0002,0039,EV-012,collected,23.5667,12.65,4,0,3,2026,36.72
2b43aa08_EV-013,2026-03-27T23:34:08.081799+00:00,2026-03-28T12:39:18.701916+00:00,51.12,13.0863,785.18,0002,0039,EV-013,collected,23.5667,12.65,4,0,3,2026,51.12
2b43aa08_EV-014,2026-03-27T23:34:08.081799+00:00,2026-03-28T05:58:56.447278+00:00,23.6,6.4134,384.81,0002,0039,EV-014,collected,23.5667,5.9667,4,0,3,2026,23.6
2b43aa08_EV-015,2026-03-27T23:34:08.081799+00:00,2026-03-28T06:01:00.067273+00:00,26.5,6.4478,386.87,0002,0039,EV-015,collected,23.5667,6.0167,4,0,3,2026,26.5
2b43aa08_EV-016,2026-03-27T23:34:08.081799+00:00,2026-03-28T12:39:18.701916+00:00,66.0,13.0863,785.18,0002,0039,EV-016,collected,23.5667,12.65,4,0,3,2026,66.0
2b43aa08_EV-017,2026-03-27T23:34:08.081799+00:00,2026-03-28T08:06:10.154553+00:00,33.06,8.5339,512.03,0002,0039,EV-017,collected,23.5667,8.1,4,0,3,2026,33.06
2b43aa08_EV-018,2026-03-27T23:34:08.081799+00:00,2026-03-28T12:08:29.168225+00:00,42.35,12.5725,754.35,0002,0039,EV-018,collected,23.5667,12.1333,4,0,3,2026,42.35
2b43aa08_EV-019,2026-03-27T23:34:08.081799+00:00,2026-03-28T12:08:29.168225+00:00,47.4,12.5725,754.35,0002,0039,EV-019,collected,23.5667,12.1333,4,0,3,2026,47.4
2b43aa08_EV-020,2026-03-27T23:34:08.081799+00:00,2026-03-28T12:39:18.701916+00:00,81.7,13.0863,785.18,0002,0039,EV-020,collected,23.5667,12.65,4,0,3,2026,81.7
2b43aa08_EV-021,2026-03-27T23:34:08.081799+00:00,2026-03-28T05:56:28.450451+00:00,24.0,6.3723,382.34,0002,0039,EV-021,collected,23.5667,5.9333,4,0,3,2026,24.0
2b43aa08_EV-022,2026-03-27T23:34:08.081799+00:00,2026-03-28T08:06:10.154553+00:00,35.4,8.5339,512.03,0002,0039,EV-022,collected,23.5667,8.1,4,0,3,2026,35.4
2b43aa08_EV-023,2026-03-27T23:34:08.081799+00:00,2026-03-28T12:39:18.701916+00:00,56.8,13.0863,785.18,0002,0039,EV-023,collected,23.5667,12.65,4,0,3,2026,56.8
2b43aa08_EV-024,2026-03-27T23:34:08.081799+00:00,2026-03-28T12:08:29.168225+00:00,44.8,12.5725,754.35,0002,0039,EV-024,collected,23.5667,12.1333,4,0,3,2026,44.8
2b43aa08_EV-025,2026-03-27T23:34:08.081799+00:00,2026-03-28T08:06:10.154553+00:00,33.0,8.5339,512.03,0002,0039,EV-025,collected,23.5667,8.1,4,0,3,2026,33.0
2b43aa08_EV-026,2026-03-27T23:34:08.081799+00:00,2026-03-28T12:39:18.701916+00:00,60.06,13.0863,785.18,0002,0039,EV-026,collected,23.5667,12.65,4,0,3,2026,60.06
2b43aa08_EV-027,2026-03-27T23:34:08.081799+00:00,2026-03-28T08:06:10.154553+00:00,33.0,8.5339,512.03,0002,0039,EV-027,collected,23.5667,8.1,4,0,3,2026,33.0
2b43aa08_EV-028,2026-03-27T23:34:08.081799+00:00,2026-03-28T12:08:29.168225+00:00,47.5,12.5725,754.35,0002,0039,EV-028,collected,23.5667,12.1333,4,0,3,2026,47.5
2b43aa08_EV-029,2026-03-27T23:34:08.081799+00:00,2026-03-28T05:04:52.343884+00:00,14.5,5.5123,330.74,0002,0039,EV-029,collected,23.5667,5.0667,4,0,3,2026,14.5
2b43aa08_EV-030,2026-03-27T23:34:08.081799+00:00,2026-03-28T12:39:18.701916+00:00,60.83,13.0863,785.18,0002,0039,EV-030,collected,23.5667,12.65,4,0,3,2026,60.83
2b43aa08_EV-031,2026-03-27T23:34:08.081799+00:00,2026-03-28T12:39:18.701916+00:00,56.21,13.0863,785.18,0002,0039,EV-031,collected,23.5667,12.65,4,0,3,2026,56.21
2b43aa08_EV-032,2026-03-27T23:34:08.081799+00:00,2026-03-28T05:38:58.897229+00:00,18.0,6.0808,364.85,0002,0039,EV-032,collected,23.5667,5.6333,4,0,3,2026,18.0
2b43aa08_EV-033,2026-03-27T23:34:08.081799+00:00,2026-03-28T07:53:57.205334+00:00,31.5,8.3303,499.82,0002,0039,EV-033,collected,23.5667,7.8833,4,0,3,2026,31.5
2b43aa08_EV-034,2026-03-27T23:34:08.081799+00:00,2026-03-28T12:39:18.701916+00:00,61.5,13.0863,785.18,0002,0039,EV-034,collected,23.5667,12.65,4,0,3,2026,61.5
2b43aa08_EV-035,2026-03-27T23:34:08.081799+00:00,2026-03-28T12:39:18.701916+00:00,52.36,13.0863,785.18,0002,0039,EV-035,collected,23.5667,12.65,4,0,3,2026,52.36
2b43aa08_EV-036,2026-03-27T23:34:08.081799+00:00,2026-03-28T12:08:29.168225+00:00,42.35,12.5725,754.35,0002,0039,EV-036,collected,23.5667,12.1333,4,0,3,2026,42.35
2b43aa08_EV-037,2026-03-27T23:34:08.081799+00:00,2026-03-28T12:12:10.363293+00:00,40.02,12.634,758.04,0002,0039,EV-037,collected,23.5667,12.2,4,0,3,2026,40.02
2b43aa08_EV-038,2026-03-27T23:34:08.081799+00:00,2026-03-28T08:06:10.154553+00:00,34.2,8.5339,512.03,0002,0039,EV-038,collected,23.5667,8.1,4,0,3,2026,34.2
2b43aa08_EV-039,2026-03-27T23:34:08.081799+00:00,2026-03-28T12:39:18.701916+00:00,56.05,13.0863,785.18,0002,0039,EV-039,collected,23.5667,12.65,4,0,3,2026,56.05
2b43aa08_EV-040,2026-03-27T23:34:08.081799+00:00,2026-03-28T12:39:18.701916+00:00,51.0,13.0863,785.18,0002,0039,EV-040,collected,23.5667,12.65,4,0,3,2026,51.0
2b43aa08_EV-041,2026-03-27T23:34:08.081799+00:00,2026-03-28T12:39:09.993420+00:00,36.72,13.0839,785.03,0002,0039,EV-041,collected,23.5667,12.65,4,0,3,2026,36.72
2b43aa08_EV-042,2026-03-27T23:34:08.081799+00:00,2026-03-28T12:08:29.168225+00:00,44.66,12.5725,754.35,0002,0039,EV-042,collected,23.5667,12.1333,4,0,3,2026,44.66
2b43aa08_EV-043,2026-03-27T23:34:08.081799+00:00,2026-03-28T12:39:18.701916+00:00,61.75,13.0863,785.18,0002,0039,EV-043,collected,23.5667,12.65,4,0,3,2026,61.75
2b43aa08_EV-044,2026-03-27T23:34:08.081799+00:00,2026-03-28T05:58:56.447278+00:00,23.2,6.4134,384.81,0002,0039,EV-044,collected,23.5667,5.9667,4,0,3,2026,23.2
2b43aa08_EV-045,2026-03-27T23:34:08.081799+00:00,2026-03-28T12:08:29.168225+00:00,43.12,12.5725,754.35,0002,0039,EV-045,collected,23.5667,12.1333,4,0,3,2026,43.12
2b43aa08_EV-046,2026-03-27T23:34:08.081799+00:00,2026-03-28T05:56:28.450451+00:00,24.4,6.3723,382.34,0002,0039,EV-046,collected,23.5667,5.9333,4,0,3,2026,24.4
2b43aa08_EV-047,2026-03-27T23:34:08.081799+00:00,2026-03-28T12:39:18.701916+00:00,64.0,13.0863,785.18,0002,0039,EV-047,collected,23.5667,12.65,4,0,3,2026,64.0
2b43aa08_EV-048,2026-03-27T23:34:08.081799+00:00,2026-03-28T12:08:29.168225+00:00,46.98,12.5725,754.35,0002,0039,EV-048,collected,23.5667,12.1333,4,0,3,2026,46.98
2b43aa08_EV-049,2026-03-27T23:34:08.081799+00:00,2026-03-28T12:08:29.168225+00:00,43.12,12.5725,754.35,0002,0039,EV-049,collected,23.5667,12.1333,4,0,3,2026,43.12
2b43aa08_EV-050,2026-03-27T23:34:08.081799+00:00,2026-03-28T07:53:57.205334+00:00,31.5,8.3303,499.82,0002,0039,EV-050,collected,23.5667,7.8833,4,0,3,2026,31.5
c9d06f64_EV-001,2026-03-27T23:34:19.732281+00:00,2026-03-28T05:42:58.059918+00:00,20.13,6.144,368.64,0002,0039,EV-001,collected,23.5667,5.7,4,0,3,2026,20.13
c9d06f64_EV-002,2026-03-27T23:34:19.732281+00:00,2026-03-28T05:59:08.097760+00:00,22.8,6.4134,384.81,0002,0039,EV-002,collected,23.5667,5.9833,4,0,3,2026,22.8
c9d06f64_EV-003,2026-03-27T23:34:19.732281+00:00,2026-03-28T05:59:08.097760+00:00,23.43,6.4134,384.81,0002,0039,EV-003,collected,23.5667,5.9833,4,0,3,2026,23.43
c9d06f64_EV-004,2026-03-27T23:34:19.732281+00:00,2026-03-28T12:39:21.643902+00:00,39.0,13.0839,785.03,0002,0039,EV-004,collected,23.5667,12.65,4,0,3,2026,39.0
c9d06f64_EV-005,2026-03-27T23:34:19.732281+00:00,2026-03-28T12:08:40.818707+00:00,42.0,12.5725,754.35,0002,0039,EV-005,collected,23.5667,12.1333,4,0,3,2026,42.0
c9d06f64_EV-006,2026-03-27T23:34:19.732281+00:00,2026-03-28T12:39:30.352398+00:00,50.25,13.0863,785.18,0002,0039,EV-006,collected,23.5667,12.65,4,0,3,2026,50.25
c9d06f64_EV-007,2026-03-27T23:34:19.732281+00:00,2026-03-28T06:02:51.242901+00:00,29.26,6.4754,388.53,0002,0039,EV-007,collected,23.5667,6.0333,4,0,3,2026,29.26
c9d06f64_EV-008,2026-03-27T23:34:19.732281+00:00,2026-03-28T12:08:40.818707+00:00,43.5,12.5725,754.35,0002,0039,EV-008,collected,23.5667,12.1333,4,0,3,2026,43.5
c9d06f64_EV-009,2026-03-27T23:34:19.732281+00:00,2026-03-28T12:08:40.818707+00:00,45.75,12.5725,754.35,0002,0039,EV-009,collected,23.5667,12.1333,4,0,3,2026,45.75
c9d06f64_EV-010,2026-03-27T23:34:19.732281+00:00,2026-03-28T07:54:08.855816+00:00,31.68,8.3303,499.82,0002,0039,EV-010,collected,23.5667,7.9,4,0,3,2026,31.68
c9d06f64_EV-011,2026-03-27T23:34:19.732281+00:00,2026-03-28T12:39:30.352398+00:00,62.25,13.0863,785.18,0002,0039,EV-011,collected,23.5667,12.65,4,0,3,2026,62.25
c9d06f64_EV-012,2026-03-27T23:34:19.732281+00:00,2026-03-28T12:39:21.643902+00:00,36.72,13.0839,785.03,0002,0039,EV-012,collected,23.5667,12.65,4,0,3,2026,36.72
c9d06f64_EV-013,2026-03-27T23:34:19.732281+00:00,2026-03-28T12:39:30.352398+00:00,51.12,13.0863,785.18,0002,0039,EV-013,collected,23.5667,12.65,4,0,3,2026,51.12
c9d06f64_EV-014,2026-03-27T23:34:19.732281+00:00,2026-03-28T05:59:08.097760+00:00,23.6,6.4134,384.81,0002,0039,EV-014,collected,23.5667,5.9833,4,0,3,2026,23.6
c9d06f64_EV-015,2026-03-27T23:34:19.732281+00:00,2026-03-28T06:01:11.717755+00:00,26.5,6.4478,386.87,0002,0039,EV-015,collected,23.5667,6.0167,4,0,3,2026,26.5
c9d06f64_EV-016,2026-03-27T23:34:19.732281+00:00,2026-03-28T12:39:30.352398+00:00,66.0,13.0863,785.18,0002,0039,EV-016,collected,23.5667,12.65,4,0,3,2026,66.0
c9d06f64_EV-017,2026-03-27T23:34:19.732281+00:00,2026-03-28T08:06:21.805035+00:00,33.06,8.5339,512.03,0002,0039,EV-017,collected,23.5667,8.1,4,0,3,2026,33.06
3b8061e1_EV-001,2026-03-27T23:34:39.845751+00:00,2026-03-28T05:43:18.173388+00:00,20.13,6.144,368.64,0002,0039,EV-001,collected,23.5667,5.7167,4,0,3,2026,20.13
3b8061e1_EV-002,2026-03-27T23:34:39.845751+00:00,2026-03-28T05:59:28.211230+00:00,22.8,6.4134,384.81,0002,0039,EV-002,collected,23.5667,5.9833,4,0,3,2026,22.8
3b8061e1_EV-003,2026-03-27T23:34:39.845751+00:00,2026-03-28T05:59:28.211230+00:00,23.43,6.4134,384.81,0002,0039,EV-003,collected,23.5667,5.9833,4,0,3,2026,23.43
3b8061e1_EV-004,2026-03-27T23:34:39.845751+00:00,2026-03-28T12:39:41.757372+00:00,39.0,13.0839,785.03,0002,0039,EV-004,collected,23.5667,12.65,4,0,3,2026,39.0
3b8061e1_EV-005,2026-03-27T23:34:39.845751+00:00,2026-03-28T12:09:00.932177+00:00,42.0,12.5725,754.35,0002,0039,EV-005,collected,23.5667,12.15,4,0,3,2026,42.0
3b8061e1_EV-006,2026-03-27T23:34:39.845751+00:00,2026-03-28T12:39:50.465868+00:00,50.25,13.0863,785.18,0002,0039,EV-006,collected,23.5667,12.65,4,0,3,2026,50.25
3b8061e1_EV-007,2026-03-27T23:34:39.845751+00:00,2026-03-28T06:03:11.356371+00:00,29.26,6.4754,388.53,0002,0039,EV-007,collected,23.5667,6.05,4,0,3,2026,29.26
3b8061e1_EV-008,2026-03-27T23:34:39.845751+00:00,2026-03-28T12:09:00.932177+00:00,43.5,12.5725,754.35,0002,0039,EV-008,collected,23.5667,12.15,4,0,3,2026,43.5
3b8061e1_EV-009,2026-03-27T23:34:39.845751+00:00,2026-03-28T12:09:00.932177+00:00,45.75,12.5725,754.35,0002,0039,EV-009,collected,23.5667,12.15,4,0,3,2026,45.75
3b8061e1_EV-010,2026-03-27T23:34:39.845751+00:00,2026-03-28T07:54:28.969286+00:00,31.68,8.3303,499.82,0002,0039,EV-010,collected,23.5667,7.9,4,0,3,2026,31.68
3b8061e1_EV-011,2026-03-27T23:34:39.845751+00:00,2026-03-28T12:39:50.465868+00:00,62.25,13.0863,785.18,0002,0039,EV-011,collected,23.5667,12.65,4,0,3,2026,62.25
3b8061e1_EV-012,2026-03-27T23:34:39.845751+00:00,2026-03-28T12:39:41.757372+00:00,36.72,13.0839,785.03,0002,0039,EV-012,collected,23.5667,12.65,4,0,3,2026,36.72
3b8061e1_EV-013,2026-03-27T23:34:39.845751+00:00,2026-03-28T12:39:50.465868+00:00,51.12,13.0863,785.18,0002,0039,EV-013,collected,23.5667,12.65,4,0,3,2026,51.12
3b8061e1_EV-014,2026-03-27T23:34:39.845751+00:00,2026-03-28T05:59:28.211230+00:00,23.6,6.4134,384.81,0002,0039,EV-014,collected,23.5667,5.9833,4,0,3,2026,23.6
3b8061e1_EV-015,2026-03-27T23:34:39.845751+00:00,2026-03-28T06:01:31.831225+00:00,26.5,6.4478,386.87,0002,0039,EV-015,collected,23.5667,6.0167,4,0,3,2026,26.5
3b8061e1_EV-016,2026-03-27T23:34:39.845751+00:00,2026-03-28T12:39:50.465868+00:00,66.0,13.0863,785.18,0002,0039,EV-016,collected,23.5667,12.65,4,0,3,2026,66.0
3b8061e1_EV-017,2026-03-27T23:34:39.845751+00:00,2026-03-28T08:06:41.918505+00:00,33.06,8.5339,512.03,0002,0039,EV-017,collected,23.5667,8.1,4,0,3,2026,33.06
3b8061e1_EV-018,2026-03-27T23:34:39.845751+00:00,2026-03-28T12:09:00.932177+00:00,42.35,12.5725,754.35,0002,0039,EV-018,collected,23.5667,12.15,4,0,3,2026,42.35
3b8061e1_EV-019,2026-03-27T23:34:39.845751+00:00,2026-03-28T12:09:00.932177+00:00,47.4,12.5725,754.35,0002,0039,EV-019,collected,23.5667,12.15,4,0,3,2026,47.4
3b8061e1_EV-020,2026-03-27T23:34:39.845751+00:00,2026-03-28T12:39:50.465868+00:00,81.7,13.0863,785.18,0002,0039,EV-020,collected,23.5667,12.65,4,0,3,2026,81.7
3b8061e1_EV-021,2026-03-27T23:34:39.845751+00:00,2026-03-28T05:57:00.214403+00:00,24.0,6.3723,382.34,0002,0039,EV-021,collected,23.5667,5.95,4,0,3,2026,24.0
3b8061e1_EV-022,2026-03-27T23:34:39.845751+00:00,2026-03-28T08:06:41.918505+00:00,35.4,8.5339,512.03,0002,0039,EV-022,collected,23.5667,8.1,4,0,3,2026,35.4
3b8061e1_EV-023,2026-03-27T23:34:39.845751+00:00,2026-03-28T12:39:50.465868+00:00,56.8,13.0863,785.18,0002,0039,EV-023,collected,23.5667,12.65,4,0,3,2026,56.8
3b8061e1_EV-024,2026-03-27T23:34:39.845751+00:00,2026-03-28T12:09:00.932177+00:00,44.8,12.5725,754.35,0002,0039,EV-024,collected,23.5667,12.15,4,0,3,2026,44.8
3b8061e1_EV-025,2026-03-27T23:34:39.845751+00:00,2026-03-28T08:06:41.918505+00:00,33.0,8.5339,512.03,0002,0039,EV-025,collected,23.5667,8.1,4,0,3,2026,33.0
3b8061e1_EV-026,2026-03-27T23:34:39.845751+00:00,2026-03-28T12:39:50.465868+00:00,60.06,13.0863,785.18,0002,0039,EV-026,collected,23.5667,12.65,4,0,3,2026,60.06
3b8061e1_EV-027,2026-03-27T23:34:39.845751+00:00,2026-03-28T08:06:41.918505+00:00,33.0,8.5339,512.03,0002,0039,EV-027,collected,23.5667,8.1,4,0,3,2026,33.0
3b8061e1_EV-028,2026-03-27T23:34:39.845751+00:00,2026-03-28T12:09:00.932177+00:00,47.5,12.5725,754.35,0002,0039,EV-028,collected,23.5667,12.15,4,0,3,2026,47.5
3b8061e1_EV-029,2026-03-27T23:34:39.845751+00:00,2026-03-28T05:05:24.107836+00:00,14.5,5.5123,330.74,0002,0039,EV-029,collected,23.5667,5.0833,4,0,3,2026,14.5
3b8061e1_EV-030,2026-03-27T23:34:39.845751+00:00,2026-03-28T12:39:50.465868+00:00,60.83,13.0863,785.18,0002,0039,EV-030,collected,23.5667,12.65,4,0,3,2026,60.83
3b8061e1_EV-031,2026-03-27T23:34:39.845751+00:00,2026-03-28T12:39:50.465868+00:00,56.21,13.0863,785.18,0002,0039,EV-031,collected,23.5667,12.65,4,0,3,2026,56.21
3b8061e1_EV-032,2026-03-27T23:34:39.845751+00:00,2026-03-28T05:39:30.661181+00:00,18.0,6.0808,364.85,0002,0039,EV-032,collected,23.5667,5.65,4,0,3,2026,18.0
3b8061e1_EV-033,2026-03-27T23:34:39.845751+00:00,2026-03-28T07:54:28.969286+00:00,31.5,8.3303,499.82,0002,0039,EV-033,collected,23.5667,7.9,4,0,3,2026,31.5
4bb69cf6_EV-001,2026-03-27T23:34:58.280920+00:00,2026-03-28T05:43:36.608557+00:00,20.13,6.144,368.64,0002,0039,EV-001,collected,23.5667,5.7167,4,0,3,2026,20.13
4bb69cf6_EV-002,2026-03-27T23:34:58.280920+00:00,2026-03-28T05:59:46.646399+00:00,22.8,6.4134,384.81,0002,0039,EV-002,collected,23.5667,5.9833,4,0,3,2026,22.8
4bb69cf6_EV-003,2026-03-27T23:34:58.280920+00:00,2026-03-28T05:59:46.646399+00:00,23.43,6.4134,384.81,0002,0039,EV-003,collected,23.5667,5.9833,4,0,3,2026,23.43
4bb69cf6_EV-004,2026-03-27T23:34:58.280920+00:00,2026-03-28T12:40:00.192541+00:00,39.0,13.0839,785.03,0002,0039,EV-004,collected,23.5667,12.6667,4,0,3,2026,39.0
4bb69cf6_EV-005,2026-03-27T23:34:58.280920+00:00,2026-03-28T12:09:19.367346+00:00,42.0,12.5725,754.35,0002,0039,EV-005,collected,23.5667,12.15,4,0,3,2026,42.0
4bb69cf6_EV-006,2026-03-27T23:34:58.280920+00:00,2026-03-28T12:40:08.901037+00:00,50.25,13.0863,785.18,0002,0039,EV-006,collected,23.5667,12.6667,4,0,3,2026,50.25
4bb69cf6_EV-007,2026-03-27T23:34:58.280920+00:00,2026-03-28T06:03:29.791540+00:00,29.26,6.4754,388.53,0002,0039,EV-007,collected,23.5667,6.05,4,0,3,2026,29.26
4bb69cf6_EV-008,2026-03-27T23:34:58.280920+00:00,2026-03-28T12:09:19.367346+00:00,43.5,12.5725,754.35,0002,0039,EV-008,collected,23.5667,12.15,4,0,3,2026,43.5
4bb69cf6_EV-009,2026-03-27T23:34:58.280920+00:00,2026-03-28T12:09:19.367346+00:00,45.75,12.5725,754.35,0002,0039,EV-009,collected,23.5667,12.15,4,0,3,2026,45.75
4bb69cf6_EV-010,2026-03-27T23:34:58.280920+00:00,2026-03-28T07:54:47.404455+00:00,31.68,8.3303,499.82,0002,0039,EV-010,collected,23.5667,7.9,4,0,3,2026,31.68
4bb69cf6_EV-011,2026-03-27T23:34:58.280920+00:00,2026-03-28T12:40:08.901037+00:00,62.25,13.0863,785.18,0002,0039,EV-011,collected,23.5667,12.6667,4,0,3,2026,62.25
4bb69cf6_EV-012,2026-03-27T23:34:58.280920+00:00,2026-03-28T12:40:00.192541+00:00,36.72,13.0839,785.03,0002,0039,EV-012,collected,23.5667,12.6667,4,0,3,2026,36.72
4bb69cf6_EV-013,2026-03-27T23:34:58.280920+00:00,2026-03-28T12:40:08.901037+00:00,51.12,13.0863,785.18,0002,0039,EV-013,collected,23.5667,12.6667,4,0,3,2026,51.12
4bb69cf6_EV-014,2026-03-27T23:34:58.280920+00:00,2026-03-28T05:59:46.646399+00:00,23.6,6.4134,384.81,0002,0039,EV-014,collected,23.5667,5.9833,4,0,3,2026,23.6
4bb69cf6_EV-015,2026-03-27T23:34:58.280920+00:00,2026-03-28T06:01:50.266394+00:00,26.5,6.4478,386.87,0002,0039,EV-015,collected,23.5667,6.0167,4,0,3,2026,26.5
4bb69cf6_EV-016,2026-03-27T23:34:58.280920+00:00,2026-03-28T12:40:08.901037+00:00,66.0,13.0863,785.18,0002,0039,EV-016,collected,23.5667,12.6667,4,0,3,2026,66.0
4bb69cf6_EV-017,2026-03-27T23:34:58.280920+00:00,2026-03-28T08:07:00.353674+00:00,33.06,8.5339,512.03,0002,0039,EV-017,collected,23.5667,8.1167,4,0,3,2026,33.06
4bb69cf6_EV-018,2026-03-27T23:34:58.280920+00:00,2026-03-28T12:09:19.367346+00:00,42.35,12.5725,754.35,0002,0039,EV-018,collected,23.5667,12.15,4,0,3,2026,42.35
4bb69cf6_EV-019,2026-03-27T23:34:58.280920+00:00,2026-03-28T12:09:19.367346+00:00,47.4,12.5725,754.35,0002,0039,EV-019,collected,23.5667,12.15,4,0,3,2026,47.4
4bb69cf6_EV-020,2026-03-27T23:34:58.280920+00:00,2026-03-28T12:40:08.901037+00:00,81.7,13.0863,785.18,0002,0039,EV-020,collected,23.5667,12.6667,4,0,3,2026,81.7
4bb69cf6_EV-021,2026-03-27T23:34:58.280920+00:00,2026-03-28T05:57:18.649572+00:00,24.0,6.3723,382.34,0002,0039,EV-021,collected,23.5667,5.95,4,0,3,2026,24.0
4bb69cf6_EV-022,2026-03-27T23:34:58.280920+00:00,2026-03-28T08:07:00.353674+00:00,35.4,8.5339,512.03,0002,0039,EV-022,collected,23.5667,8.1167,4,0,3,2026,35.4
4bb69cf6_EV-023,2026-03-27T23:34:58.280920+00:00,2026-03-28T12:40:08.901037+00:00,56.8,13.0863,785.18,0002,0039,EV-023,collected,23.5667,12.6667,4,0,3,2026,56.8
4bb69cf6_EV-024,2026-03-27T23:34:58.280920+00:00,2026-03-28T12:09:19.367346+00:00,44.8,12.5725,754.35,0002,0039,EV-024,collected,23.5667,12.15,4,0,3,2026,44.8
4bb69cf6_EV-025,2026-03-27T23:34:58.280920+00:00,2026-03-28T08:07:00.353674+00:00,33.0,8.5339,512.03,0002,0039,EV-025,collected,23.5667,8.1167,4,0,3,2026,33.0
4bb69cf6_EV-026,2026-03-27T23:34:58.280920+00:00,2026-03-28T12:40:08.901037+00:00,60.06,13.0863,785.18,0002,0039,EV-026,collected,23.5667,12.6667,4,0,3,2026,60.06
4bb69cf6_EV-027,2026-03-27T23:34:58.280920+00:00,2026-03-28T08:07:00.353674+00:00,33.0,8.5339,512.03,0002,0039,EV-027,collected,23.5667,8.1167,4,0,3,2026,33.0
4bb69cf6_EV-028,2026-03-27T23:34:58.280920+00:00,2026-03-28T12:09:19.367346+00:00,47.5,12.5725,754.35,0002,0039,EV-028,collected,23.5667,12.15,4,0,3,2026,47.5
4bb69cf6_EV-029,2026-03-27T23:34:58.280920+00:00,2026-03-28T05:05:42.543005+00:00,14.5,5.5123,330.74,0002,0039,EV-029,collected,23.5667,5.0833,4,0,3,2026,14.5
4bb69cf6_EV-030,2026-03-27T23:34:58.280920+00:00,2026-03-28T12:40:08.901037+00:00,60.83,13.0863,785.18,0002,0039,EV-030,collected,23.5667,12.6667,4,0,3,2026,60.83
4bb69cf6_EV-031,2026-03-27T23:34:58.280920+00:00,2026-03-28T12:40:08.901037+00:00,56.21,13.0863,785.18,0002,0039,EV-031,collected,23.5667,12.6667,4,0,3,2026,56.21
4bb69cf6_EV-032,2026-03-27T23:34:58.280920+00:00,2026-03-28T05:39:49.096350+00:00,18.0,6.0808,364.85,0002,0039,EV-032,collected,23.5667,5.65,4,0,3,2026,18.0
4bb69cf6_EV-033,2026-03-27T23:34:58.280920+00:00,2026-03-28T07:54:47.404455+00:00,31.5,8.3303,499.82,0002,0039,EV-033,collected,23.5667,7.9,4,0,3,2026,31.5
9a570bf8_T1,2026-03-28T09:00:00+00:00,2026-03-28T21:01:23.327637+00:00,42.0,12.0231,721.39,0002,0039,T1,collected,9.0,21.0167,5,1,3,2026,42.0
93dd5f81_T1,2026-03-28T00:33:33.910728+00:00,2026-03-28T18:39:05.002037+00:00,42.0,18.092,1085.52,0002,0039,T1,collected,0.55,18.65,5,1,3,2026,42.0
06624990_T1,2026-03-28T09:00:00+00:00,2026-03-28T21:01:23.327637+00:00,42.0,12.0231,721.39,0002,0039,T1,collected,9.0,21.0167,5,1,3,2026,42.0
90602233_T1,2026-03-28T09:00:00+00:00,2026-03-28T21:01:23.327637+00:00,42.0,12.0231,721.39,0002,0039,T1,collected,9.0,21.0167,5,1,3,2026,42.0
8a65cd18_T1,2026-03-27T09:00:00+00:00,2026-03-27T18:22:09.851074+00:00,42.0,9.3694,562.16,0002,0039,T1,collected,9.0,18.3667,4,0,3,2026,42.0
04f8337a_EV-001,2026-03-27T09:00:00+00:00,2026-03-27T16:13:41.874390+00:00,22.0,7.2283,433.7,0002,0039,EV-001,collected,9.0,16.2167,4,0,3,2026,22.0
04f8337a_EV-002,2026-03-27T09:00:00+00:00,2026-03-27T17:25:39.217529+00:00,34.0,8.4276,505.65,0002,0039,EV-002,collected,9.0,17.4167,4,0,3,2026,34.0
04f8337a_EV-003,2026-03-27T09:00:00+00:00,2026-03-27T18:21:55.063477+00:00,40.2,9.3653,561.92,0002,0039,EV-003,collected,9.0,18.35,4,0,3,2026,40.2
04f8337a_EV-004,2026-03-27T09:00:00+00:00,2026-03-27T18:21:55.063477+00:00,41.25,9.3653,561.92,0002,0039,EV-004,collected,9.0,18.35,4,0,3,2026,41.25
04f8337a_EV-005,2026-03-27T09:00:00+00:00,2026-03-27T16:53:42.271729+00:00,27.2,7.8951,473.7,0002,0039,EV-005,collected,9.0,16.8833,4,0,3,2026,27.2
04f8337a_EV-006,2026-03-27T09:00:00+00:00,2026-03-27T16:28:35.983887+00:00,23.2,7.4767,448.6,0002,0039,EV-006,collected,9.0,16.4667,4,0,3,2026,23.2
04f8337a_EV-007,2026-03-27T09:00:00+00:00,2026-03-27T18:22:09.851074+00:00,43.89,9.3694,562.16,0002,0039,EV-007,collected,9.0,18.3667,4,0,3,2026,43.89
04f8337a_EV-008,2026-03-27T09:00:00+00:00,2026-03-27T17:25:39.217529+00:00,36.0,8.4276,505.65,0002,0039,EV-008,collected,9.0,17.4167,4,0,3,2026,36.0
04f8337a_EV-009,2026-03-27T09:00:00+00:00,2026-03-27T18:52:55.030518+00:00,53.9,9.882,592.92,0002,0039,EV-009,collected,9.0,18.8667,4,0,3,2026,53.9
04f8337a_EV-010,2026-03-27T09:00:00+00:00,2026-03-27T18:22:09.851074+00:00,42.75,9.3694,562.16,0002,0039,EV-010,collected,9.0,18.3667,4,0,3,2026,42.75
04f8337a_EV-011,2026-03-27T09:00:00+00:00,2026-03-27T16:53:42.271729+00:00,28.5,7.8951,473.7,0002,0039,EV-011,collected,9.0,16.8833,4,0,3,2026,28.5
04f8337a_EV-012,2026-03-27T09:00:00+00:00,2026-03-27T17:25:39.217529+00:00,35.0,8.4276,505.65,0002,0039,EV-012,collected,9.0,17.4167,4,0,3,2026,35.0
04f8337a_EV-013,2026-03-27T09:00:00+00:00,2026-03-27T18:52:55.030518+00:00,53.9,9.882,592.92,0002,0039,EV-013,collected,9.0,18.8667,4,0,3,2026,53.9
04f8337a_EV-014,2026-03-27T09:00:00+00:00,2026-03-27T15:57:03.114624+00:00,17.49,6.9509,417.05,0002,0039,EV-014,collected,9.0,15.95,4,0,3,2026,17.49
04f8337a_EV-015,2026-03-27T09:00:00+00:00,2026-03-27T18:52:55.030518+00:00,48.0,9.882,592.92,0002,0039,EV-015,collected,9.0,18.8667,4,0,3,2026,48.0
04f8337a_EV-016,2026-03-27T09:00:00+00:00,2026-03-27T16:53:42.271729+00:00,28.8,7.8951,473.7,0002,0039,EV-016,collected,9.0,16.8833,4,0,3,2026,28.8
04f8337a_EV-017,2026-03-27T09:00:00+00:00,2026-03-27T17:25:39.217529+00:00,36.0,8.4276,505.65,0002,0039,EV-017,collected,9.0,17.4167,4,0,3,2026,36.0
04f8337a_EV-018,2026-03-27T09:00:00+00:00,2026-03-27T16:53:42.271729+00:00,30.24,7.8951,473.7,0002,0039,EV-018,collected,9.0,16.8833,4,0,3,2026,30.24
04f8337a_EV-019,2026-03-27T09:00:00+00:00,2026-03-27T18:30:51.346436+00:00,39.5,9.5143,570.86,0002,0039,EV-019,collected,9.0,18.5,4,0,3,2026,39.5
04f8337a_EV-020,2026-03-27T09:00:00+00:00,2026-03-27T17:25:39.217529+00:00,35.25,8.4276,505.65,0002,0039,EV-020,collected,9.0,17.4167,4,0,3,2026,35.25
2ae4b0a4_HEAVY-01,2026-03-27T09:00:00+00:00,2026-03-27T17:12:22.027588+00:00,31.2,8.2061,492.37,0002,0039,HEAVY-01,collected,9.0,17.2,4,0,3,2026,31.2
2ae4b0a4_HEAVY-02,2026-03-27T09:05:00+00:00,2026-03-27T17:15:20.061035+00:00,34.2,8.1722,490.33,0002,0039,HEAVY-02,collected,9.0833,17.25,4,0,3,2026,34.2
2ae4b0a4_HEAVY-03,2026-03-27T09:08:00+00:00,2026-03-27T17:12:37.153931+00:00,33.75,8.077,484.62,0002,0039,HEAVY-03,collected,9.1333,17.2,4,0,3,2026,33.75
2ae4b0a4_HEAVY-04,2026-03-27T09:10:00+00:00,2026-03-27T18:47:55.729980+00:00,53.9,9.6321,577.93,0002,0039,HEAVY-04,collected,9.1667,18.7833,4,0,3,2026,53.9
2ae4b0a4_HEAVY-05,2026-03-27T09:15:00+00:00,2026-03-27T16:41:45.058594+00:00,31.0,7.4458,446.75,0002,0039,HEAVY-05,collected,9.25,16.6833,4,0,3,2026,31.0
2ae4b0a4_HEAVY-06,2026-03-27T09:18:00+00:00,2026-03-27T18:30:32.314453+00:00,38.86,9.209,552.54,0002,0039,HEAVY-06,collected,9.3,18.5,4,0,3,2026,38.86
2ae4b0a4_HEAVY-07,2026-03-27T09:20:00+00:00,2026-03-27T16:45:03.674927+00:00,27.36,7.4177,445.06,0002,0039,HEAVY-07,collected,9.3333,16.75,4,0,3,2026,27.36
2ae4b0a4_HEAVY-08,2026-03-27T09:25:00+00:00,2026-03-27T19:10:34.921875+00:00,44.66,9.7597,585.58,0002,0039,HEAVY-08,collected,9.4167,19.1667,4,0,3,2026,44.66
2ae4b0a4_HEAVY-09,2026-03-27T09:28:00+00:00,2026-03-27T17:30:05.004272+00:00,32.8,8.0347,482.08,0002,0039,HEAVY-09,collected,9.4667,17.5,4,0,3,2026,32.8
2ae4b0a4_HEAVY-10,2026-03-27T09:30:00+00:00,2026-03-27T17:18:04.859619+00:00,27.0,7.8013,468.08,0002,0039,HEAVY-10,collected,9.5,17.3,4,0,3,2026,27.0
2ae4b0a4_HEAVY-11,2026-03-27T09:35:00+00:00,2026-03-27T20:25:48.116455+00:00,60.0,10.8467,650.8,0002,0039,HEAVY-11,collected,9.5833,20.4167,4,0,3,2026,60.0
2ae4b0a4_HEAVY-12,2026-03-27T09:38:00+00:00,2026-03-27T19:40:50.496826+00:00,42.75,10.0474,602.84,0002,0039,HEAVY-12,collected,9.6333,19.6667,4,0,3,2026,42.75
2ae4b0a4_HEAVY-13,2026-03-27T09:40:00+00:00,2026-03-27T16:58:53.525391+00:00,23.1,7.3149,438.89,0002,0039,HEAVY-13,collected,9.6667,16.9667,4,0,3,2026,23.1
2ae4b0a4_HEAVY-14,2026-03-27T09:45:00+00:00,2026-03-27T17:20:38.054810+00:00,29.6,7.5939,455.63,0002,0039,HEAVY-14,collected,9.75,17.3333,4,0,3,2026,29.6
2ae4b0a4_HEAVY-15,2026-03-27T09:48:00+00:00,2026-03-27T16:49:55.766602+00:00,26.0,7.0322,421.93,0002,0039,HEAVY-15,collected,9.8,16.8167,4,0,3,2026,26.0
2ae4b0a4_HEAVY-16,2026-03-27T09:50:00+00:00,2026-03-27T17:16:11.119995+00:00,34.5,7.4364,446.19,0002,0039,HEAVY-16,collected,9.8333,17.2667,4,0,3,2026,34.5
2ae4b0a4_HEAVY-17,2026-03-27T09:55:00+00:00,2026-03-27T18:49:40.180664+00:00,38.16,8.9112,534.67,0002,0039,HEAVY-17,collected,9.9167,18.8167,4,0,3,2026,38.16
2ae4b0a4_HEAVY-18,2026-03-27T09:58:00+00:00,2026-03-27T16:31:52.399292+00:00,22.5,6.5646,393.87,0002,0039,HEAVY-18,collected,9.9667,16.5167,4,0,3,2026,22.5
2ae4b0a4_HEAVY-19,2026-03-27T10:00:00+00:00,2026-03-27T17:35:20.462036+00:00,32.4,7.589,455.34,0002,0039,HEAVY-19,collected,10.0,17.5833,4,0,3,2026,32.4
2ae4b0a4_HEAVY-20,2026-03-27T10:05:00+00:00,2026-03-27T17:10:05.075684+00:00,30.0,7.0847,425.08,0002,0039,HEAVY-20,collected,10.0833,17.1667,4,0,3,2026,30.0
2ae4b0a4_HEAVY-21,2026-03-27T10:10:00+00:00,2026-03-27T19:23:42.667236+00:00,36.96,9.2285,553.71,0002,0039,HEAVY-21,collected,10.1667,19.3833,4,0,3,2026,36.96
2ae4b0a4_HEAVY-22,2026-03-27T10:15:00+00:00,2026-03-27T20:10:09.235840+00:00,58.52,9.9192,595.15,0002,0039,HEAVY-22,collected,10.25,20.1667,4,0,3,2026,58.52
2ae4b0a4_HEAVY-23,2026-03-27T10:20:00+00:00,2026-03-27T17:09:07.168579+00:00,32.0,6.8187,409.12,0002,0039,HEAVY-23,collected,10.3333,17.15,4,0,3,2026,32.0
2ae4b0a4_HEAVY-24,2026-03-27T10:25:00+00:00,2026-03-27T16:07:56.568604+00:00,17.4,5.7157,342.94,0002,0039,HEAVY-24,collected,10.4167,16.1167,4,0,3,2026,17.4
2ae4b0a4_HEAVY-25,2026-03-27T10:30:00+00:00,2026-03-27T20:28:57.813721+00:00,58.5,9.9827,598.96,0002,0039,HEAVY-25,collected,10.5,20.4667,4,0,3,2026,58.5
b3361696_KNOWN-01,2026-03-27T09:00:00+00:00,2026-03-27T10:30:00+00:00,26.0,1.5,90.0,0002,0039,KNOWN-01,collected,9.0,10.5,4,0,3,2026,26.0
b3361696_KNOWN-02,2026-03-27T09:05:00+00:00,2026-03-27T11:05:00+00:00,36.0,2.0,120.0,0002,0039,KNOWN-02,collected,9.0833,11.0833,4,0,3,2026,36.0
b3361696_KNOWN-03,2026-03-27T09:10:00+00:00,2026-03-27T11:40:00+00:00,31.5,2.5,150.0,0002,0039,KNOWN-03,collected,9.1667,11.6667,4,0,3,2026,31.5
b3361696_KNOWN-04,2026-03-27T09:12:00+00:00,2026-03-27T10:42:00+00:00,33.75,1.5,90.0,0002,0039,KNOWN-04,collected,9.2,10.7,4,0,3,2026,33.75
b3361696_KNOWN-05,2026-03-27T09:15:00+00:00,2026-03-27T11:15:00+00:00,53.9,2.0,120.0,0002,0039,KNOWN-05,collected,9.25,11.25,4,0,3,2026,53.9
b3361696_KNOWN-06,2026-03-27T09:18:00+00:00,2026-03-27T12:18:00+00:00,33.06,3.0,180.0,0002,0039,KNOWN-06,collected,9.3,12.3,4,0,3,2026,33.06
b3361696_KNOWN-07,2026-03-27T09:20:00+00:00,2026-03-27T10:50:00+00:00,26.0,1.5,90.0,0002,0039,KNOWN-07,collected,9.3333,10.8333,4,0,3,2026,26.0
b3361696_KNOWN-08,2026-03-27T09:25:00+00:00,2026-03-27T11:25:00+00:00,28.8,2.0,120.0,0002,0039,KNOWN-08,collected,9.4167,11.4167,4,0,3,2026,28.8
b3361696_UNKNOWN-01,2026-03-27T09:30:00+00:00,2026-03-27T19:30:32.248535+00:00,43.2,10.009,600.54,0002,0039,UNKNOWN-01,collected,9.5,19.5,4,0,3,2026,43.2
b3361696_UNKNOWN-02,2026-03-27T09:35:00+00:00,2026-03-27T19:42:55.034180+00:00,38.5,10.132,607.92,0002,0039,UNKNOWN-02,collected,9.5833,19.7,4,0,3,2026,38.5
b3361696_UNKNOWN-03,2026-03-27T09:40:00+00:00,2026-03-27T17:23:59.813232+00:00,27.2,7.7333,464.0,0002,0039,UNKNOWN-03,collected,9.6667,17.3833,4,0,3,2026,27.2
b3361696_UNKNOWN-04,2026-03-27T09:45:00+00:00,2026-03-27T17:49:47.180786+00:00,31.5,8.0798,484.79,0002,0039,UNKNOWN-04,collected,9.75,17.8167,4,0,3,2026,31.5
b3361696_UNKNOWN-05,2026-03-27T09:50:00+00:00,2026-03-27T18:53:46.347656+00:00,40.6,9.0629,543.77,0002,0039,UNKNOWN-05,collected,9.8333,18.8833,4,0,3,2026,40.6
b3361696_UNKNOWN-06,2026-03-27T09:55:00+00:00,2026-03-27T19:03:42.260742+00:00,40.85,9.1451,548.7,0002,0039,UNKNOWN-06,collected,9.9167,19.05,4,0,3,2026,40.85
b3361696_UNKNOWN-07,2026-03-27T10:00:00+00:00,2026-03-27T17:35:20.462036+00:00,32.0,7.589,455.34,0002,0039,UNKNOWN-07,collected,10.0,17.5833,4,0,3,2026,32.0
b3361696_UNKNOWN-08,2026-03-27T10:05:00+00:00,2026-03-27T17:10:05.075684+00:00,28.0,7.0847,425.08,0002,0039,UNKNOWN-08,collected,10.0833,17.1667,4,0,3,2026,28.0
b3361696_UNKNOWN-09,2026-03-27T10:10:00+00:00,2026-03-27T19:51:10.056152+00:00,43.89,9.6861,581.17,0002,0039,UNKNOWN-09,collected,10.1667,19.85,4,0,3,2026,43.89
b3361696_UNKNOWN-10,2026-03-27T10:15:00+00:00,2026-03-27T20:10:09.235840+00:00,58.32,9.9192,595.15,0002,0039,UNKNOWN-10,collected,10.25,20.1667,4,0,3,2026,58.32
b3361696_UNKNOWN-11,2026-03-27T10:20:00+00:00,2026-03-27T16:43:40.325317+00:00,15.18,6.3945,383.67,0002,0039,UNKNOWN-11,collected,10.3333,16.7167,4,0,3,2026,15.18
b3361696_UNKNOWN-12,2026-03-27T10:30:00+00:00,2026-03-27T17:29:00.406494+00:00,30.6,6.9834,419.01,0002,0039,UNKNOWN-12,collected,10.5,17.4833,4,0,3,2026,30.6
36715b56_T1,2026-03-27T07:00:00+00:00,2026-03-27T16:16:06.229248+00:00,42.0,9.2684,556.1,0002,0039,T1,collected,7.0,16.2667,4,0,3,2026,42.0
56909adb_T1,2026-03-27T08:00:00+00:00,2026-03-27T17:57:40.092773+00:00,42.0,9.9611,597.67,0002,0039,T1,collected,8.0,17.95,4,0,3,2026,42.0
db732fd5_T1,2026-03-27T09:00:00+00:00,2026-03-27T18:22:09.851074+00:00,42.0,9.3694,562.16,0002,0039,T1,collected,9.0,18.3667,4,0,3,2026,42.0
328216cd_T1,2026-03-27T10:00:00+00:00,2026-03-27T19:32:12.531738+00:00,42.0,9.5368,572.21,0002,0039,T1,collected,10.0,19.5333,4,0,3,2026,42.0
32839e87_T1,2026-03-27T11:00:00+00:00,2026-03-27T20:58:13.143311+00:00,42.0,9.9703,598.22,0002,0039,T1,collected,11.0,20.9667,4,0,3,2026,42.0
8f23242f_T1,2026-03-27T12:00:00+00:00,2026-03-27T21:47:03.017578+00:00,42.0,9.7842,587.05,0002,0039,T1,collected,12.0,21.7833,4,0,3,2026,42.0
790cd621_T1,2026-03-27T13:00:00+00:00,2026-03-27T21:25:05.385132+00:00,42.0,8.4182,505.09,0002,0039,T1,collected,13.0,21.4167,4,0,3,2026,42.0
3e820fb5_T1,2026-03-27T14:00:00+00:00,2026-03-27T21:24:19.334106+00:00,42.0,7.4054,444.32,0002,0039,T1,collected,14.0,21.4,4,0,3,2026,42.0
b3373592_T1,2026-03-27T15:00:00+00:00,2026-03-27T22:54:49.550171+00:00,42.0,7.9138,474.83,0002,0039,T1,collected,15.0,22.9,4,0,3,2026,42.0
63ca0c13_T1,2026-03-27T16:00:00+00:00,2026-03-28T00:05:42.473145+00:00,42.0,8.0951,485.71,0002,0039,T1,collected,16.0,0.0833,4,0,3,2026,42.0
5186bad8_T1,2026-03-27T17:00:00+00:00,2026-03-28T00:26:36.546021+00:00,42.0,7.4435,446.61,0002,0039,T1,collected,17.0,0.4333,4,0,3,2026,42.0
ad508ebf_EV-001,2026-03-27T09:00:00+00:00,2026-03-27T16:13:41.874390+00:00,22.0,7.2283,433.7,0002,0039,EV-001,collected,9.0,16.2167,4,0,3,2026,22.0
ad508ebf_EV-002,2026-03-27T09:00:00+00:00,2026-03-27T17:25:39.217529+00:00,34.0,8.4276,505.65,0002,0039,EV-002,collected,9.0,17.4167,4,0,3,2026,34.0
ad508ebf_EV-003,2026-03-27T09:00:00+00:00,2026-03-27T18:21:55.063477+00:00,40.2,9.3653,561.92,0002,0039,EV-003,collected,9.0,18.35,4,0,3,2026,40.2
ad508ebf_EV-004,2026-03-27T09:00:00+00:00,2026-03-27T18:21:55.063477+00:00,41.25,9.3653,561.92,0002,0039,EV-004,collected,9.0,18.35,4,0,3,2026,41.25
ad508ebf_EV-005,2026-03-27T09:00:00+00:00,2026-03-27T16:53:42.271729+00:00,27.2,7.8951,473.7,0002,0039,EV-005,collected,9.0,16.8833,4,0,3,2026,27.2
ad508ebf_EV-006,2026-03-27T09:00:00+00:00,2026-03-27T16:28:35.983887+00:00,23.2,7.4767,448.6,0002,0039,EV-006,collected,9.0,16.4667,4,0,3,2026,23.2
ad508ebf_EV-007,2026-03-27T09:00:00+00:00,2026-03-27T18:22:09.851074+00:00,43.89,9.3694,562.16,0002,0039,EV-007,collected,9.0,18.3667,4,0,3,2026,43.89
ad508ebf_EV-008,2026-03-27T09:00:00+00:00,2026-03-27T17:25:39.217529+00:00,36.0,8.4276,505.65,0002,0039,EV-008,collected,9.0,17.4167,4,0,3,2026,36.0
ad508ebf_EV-009,2026-03-27T09:00:00+00:00,2026-03-27T18:52:55.030518+00:00,53.9,9.882,592.92,0002,0039,EV-009,collected,9.0,18.8667,4,0,3,2026,53.9
ad508ebf_EV-010,2026-03-27T09:00:00+00:00,2026-03-27T18:22:09.851074+00:00,42.75,9.3694,562.16,0002,0039,EV-010,collected,9.0,18.3667,4,0,3,2026,42.75
ad508ebf_EV-011,2026-03-27T09:00:00+00:00,2026-03-27T16:53:42.271729+00:00,28.5,7.8951,473.7,0002,0039,EV-011,collected,9.0,16.8833,4,0,3,2026,28.5
ad508ebf_EV-012,2026-03-27T09:00:00+00:00,2026-03-27T17:25:39.217529+00:00,35.0,8.4276,505.65,0002,0039,EV-012,collected,9.0,17.4167,4,0,3,2026,35.0
ad508ebf_EV-013,2026-03-27T09:00:00+00:00,2026-03-27T18:52:55.030518+00:00,53.9,9.882,592.92,0002,0039,EV-013,collected,9.0,18.8667,4,0,3,2026,53.9
ad508ebf_EV-014,2026-03-27T09:00:00+00:00,2026-03-27T15:57:03.114624+00:00,17.49,6.9509,417.05,0002,0039,EV-014,collected,9.0,15.95,4,0,3,2026,17.49
ad508ebf_EV-015,2026-03-27T09:00:00+00:00,2026-03-27T18:52:55.030518+00:00,48.0,9.882,592.92,0002,0039,EV-015,collected,9.0,18.8667,4,0,3,2026,48.0
ad508ebf_EV-016,2026-03-27T09:00:00+00:00,2026-03-27T16:53:42.271729+00:00,28.8,7.8951,473.7,0002,0039,EV-016,collected,9.0,16.8833,4,0,3,2026,28.8
ad508ebf_EV-017,2026-03-27T09:00:00+00:00,2026-03-27T17:25:39.217529+00:00,36.0,8.4276,505.65,0002,0039,EV-017,collected,9.0,17.4167,4,0,3,2026,36.0
ad508ebf_EV-018,2026-03-27T09:00:00+00:00,2026-03-27T16:53:42.271729+00:00,30.24,7.8951,473.7,0002,0039,EV-018,collected,9.0,16.8833,4,0,3,2026,30.24
ad508ebf_EV-019,2026-03-27T09:00:00+00:00,2026-03-27T18:30:51.346436+00:00,39.5,9.5143,570.86,0002,0039,EV-019,collected,9.0,18.5,4,0,3,2026,39.5
ad508ebf_EV-020,2026-03-27T09:00:00+00:00,2026-03-27T17:25:39.217529+00:00,35.25,8.4276,505.65,0002,0039,EV-020,collected,9.0,17.4167,4,0,3,2026,35.25
bee53954_HEAVY-01,2026-03-27T09:00:00+00:00,2026-03-27T17:12:22.027588+00:00,31.2,8.2061,492.37,0002,0039,HEAVY-01,collected,9.0,17.2,4,0,3,2026,31.2
bee53954_HEAVY-02,2026-03-27T09:05:00+00:00,2026-03-27T17:15:20.061035+00:00,34.2,8.1722,490.33,0002,0039,HEAVY-02,collected,9.0833,17.25,4,0,3,2026,34.2
bee53954_HEAVY-03,2026-03-27T09:08:00+00:00,2026-03-27T17:12:37.153931+00:00,33.75,8.077,484.62,0002,0039,HEAVY-03,collected,9.1333,17.2,4,0,3,2026,33.75
bee53954_HEAVY-04,2026-03-27T09:10:00+00:00,2026-03-27T18:47:55.729980+00:00,53.9,9.6321,577.93,0002,0039,HEAVY-04,collected,9.1667,18.7833,4,0,3,2026,53.9
bee53954_HEAVY-05,2026-03-27T09:15:00+00:00,2026-03-27T16:41:45.058594+00:00,31.0,7.4458,446.75,0002,0039,HEAVY-05,collected,9.25,16.6833,4,0,3,2026,31.0
bee53954_HEAVY-06,2026-03-27T09:18:00+00:00,2026-03-27T18:30:32.314453+00:00,38.86,9.209,552.54,0002,0039,HEAVY-06,collected,9.3,18.5,4,0,3,2026,38.86
bee53954_HEAVY-07,2026-03-27T09:20:00+00:00,2026-03-27T16:45:03.674927+00:00,27.36,7.4177,445.06,0002,0039,HEAVY-07,collected,9.3333,16.75,4,0,3,2026,27.36
bee53954_HEAVY-08,2026-03-27T09:25:00+00:00,2026-03-27T19:10:34.921875+00:00,44.66,9.7597,585.58,0002,0039,HEAVY-08,collected,9.4167,19.1667,4,0,3,2026,44.66
bee53954_HEAVY-09,2026-03-27T09:28:00+00:00,2026-03-27T17:30:05.004272+00:00,32.8,8.0347,482.08,0002,0039,HEAVY-09,collected,9.4667,17.5,4,0,3,2026,32.8
bee53954_HEAVY-10,2026-03-27T09:30:00+00:00,2026-03-27T17:18:04.859619+00:00,27.0,7.8013,468.08,0002,0039,HEAVY-10,collected,9.5,17.3,4,0,3,2026,27.0
bee53954_HEAVY-11,2026-03-27T09:35:00+00:00,2026-03-27T20:25:48.116455+00:00,60.0,10.8467,650.8,0002,0039,HEAVY-11,collected,9.5833,20.4167,4,0,3,2026,60.0
bee53954_HEAVY-12,2026-03-27T09:38:00+00:00,2026-03-27T19:40:50.496826+00:00,42.75,10.0474,602.84,0002,0039,HEAVY-12,collected,9.6333,19.6667,4,0,3,2026,42.75
bee53954_HEAVY-13,2026-03-27T09:40:00+00:00,2026-03-27T16:58:53.525391+00:00,23.1,7.3149,438.89,0002,0039,HEAVY-13,collected,9.6667,16.9667,4,0,3,2026,23.1
bee53954_HEAVY-14,2026-03-27T09:45:00+00:00,2026-03-27T17:20:38.054810+00:00,29.6,7.5939,455.63,0002,0039,HEAVY-14,collected,9.75,17.3333,4,0,3,2026,29.6
bee53954_HEAVY-15,2026-03-27T09:48:00+00:00,2026-03-27T16:49:55.766602+00:00,26.0,7.0322,421.93,0002,0039,HEAVY-15,collected,9.8,16.8167,4,0,3,2026,26.0
bee53954_HEAVY-16,2026-03-27T09:50:00+00:00,2026-03-27T17:16:11.119995+00:00,34.5,7.4364,446.19,0002,0039,HEAVY-16,collected,9.8333,17.2667,4,0,3,2026,34.5
bee53954_HEAVY-17,2026-03-27T09:55:00+00:00,2026-03-27T18:49:40.180664+00:00,38.16,8.9112,534.67,0002,0039,HEAVY-17,collected,9.9167,18.8167,4,0,3,2026,38.16
bee53954_HEAVY-18,2026-03-27T09:58:00+00:00,2026-03-27T16:31:52.399292+00:00,22.5,6.5646,393.87,0002,0039,HEAVY-18,collected,9.9667,16.5167,4,0,3,2026,22.5
bee53954_HEAVY-19,2026-03-27T10:00:00+00:00,2026-03-27T17:35:20.462036+00:00,32.4,7.589,455.34,0002,0039,HEAVY-19,collected,10.0,17.5833,4,0,3,2026,32.4
bee53954_HEAVY-20,2026-03-27T10:05:00+00:00,2026-03-27T17:10:05.075684+00:00,30.0,7.0847,425.08,0002,0039,HEAVY-20,collected,10.0833,17.1667,4,0,3,2026,30.0
bee53954_HEAVY-21,2026-03-27T10:10:00+00:00,2026-03-27T19:23:42.667236+00:00,36.96,9.2285,553.71,0002,0039,HEAVY-21,collected,10.1667,19.3833,4,0,3,2026,36.96
bee53954_HEAVY-22,2026-03-27T10:15:00+00:00,2026-03-27T20:10:09.235840+00:00,58.52,9.9192,595.15,0002,0039,HEAVY-22,collected,10.25,20.1667,4,0,3,2026,58.52
bee53954_HEAVY-23,2026-03-27T10:20:00+00:00,2026-03-27T17:09:07.168579+00:00,32.0,6.8187,409.12,0002,0039,HEAVY-23,collected,10.3333,17.15,4,0,3,2026,32.0
bee53954_HEAVY-24,2026-03-27T10:25:00+00:00,2026-03-27T16:07:56.568604+00:00,17.4,5.7157,342.94,0002,0039,HEAVY-24,collected,10.4167,16.1167,4,0,3,2026,17.4
bee53954_HEAVY-25,2026-03-27T10:30:00+00:00,2026-03-27T20:28:57.813721+00:00,58.5,9.9827,598.96,0002,0039,HEAVY-25,collected,10.5,20.4667,4,0,3,2026,58.5
9a185255_KNOWN-01,2026-03-27T09:00:00+00:00,2026-03-27T10:30:00+00:00,26.0,1.5,90.0,0002,0039,KNOWN-01,collected,9.0,10.5,4,0,3,2026,26.0
9a185255_KNOWN-02,2026-03-27T09:05:00+00:00,2026-03-27T11:05:00+00:00,36.0,2.0,120.0,0002,0039,KNOWN-02,collected,9.0833,11.0833,4,0,3,2026,36.0
9a185255_KNOWN-03,2026-03-27T09:10:00+00:00,2026-03-27T11:40:00+00:00,31.5,2.5,150.0,0002,0039,KNOWN-03,collected,9.1667,11.6667,4,0,3,2026,31.5
9a185255_KNOWN-04,2026-03-27T09:12:00+00:00,2026-03-27T10:42:00+00:00,33.75,1.5,90.0,0002,0039,KNOWN-04,collected,9.2,10.7,4,0,3,2026,33.75
9a185255_KNOWN-05,2026-03-27T09:15:00+00:00,2026-03-27T11:15:00+00:00,53.9,2.0,120.0,0002,0039,KNOWN-05,collected,9.25,11.25,4,0,3,2026,53.9
9a185255_KNOWN-06,2026-03-27T09:18:00+00:00,2026-03-27T12:18:00+00:00,33.06,3.0,180.0,0002,0039,KNOWN-06,collected,9.3,12.3,4,0,3,2026,33.06
9a185255_KNOWN-07,2026-03-27T09:20:00+00:00,2026-03-27T10:50:00+00:00,26.0,1.5,90.0,0002,0039,KNOWN-07,collected,9.3333,10.8333,4,0,3,2026,26.0
9a185255_KNOWN-08,2026-03-27T09:25:00+00:00,2026-03-27T11:25:00+00:00,28.8,2.0,120.0,0002,0039,KNOWN-08,collected,9.4167,11.4167,4,0,3,2026,28.8
9a185255_UNKNOWN-01,2026-03-27T09:30:00+00:00,2026-03-27T19:30:32.248535+00:00,43.2,10.009,600.54,0002,0039,UNKNOWN-01,collected,9.5,19.5,4,0,3,2026,43.2
9a185255_UNKNOWN-02,2026-03-27T09:35:00+00:00,2026-03-27T19:42:55.034180+00:00,38.5,10.132,607.92,0002,0039,UNKNOWN-02,collected,9.5833,19.7,4,0,3,2026,38.5
9a185255_UNKNOWN-03,2026-03-27T09:40:00+00:00,2026-03-27T17:23:59.813232+00:00,27.2,7.7333,464.0,0002,0039,UNKNOWN-03,collected,9.6667,17.3833,4,0,3,2026,27.2
9a185255_UNKNOWN-04,2026-03-27T09:45:00+00:00,2026-03-27T17:49:47.180786+00:00,31.5,8.0798,484.79,0002,0039,UNKNOWN-04,collected,9.75,17.8167,4,0,3,2026,31.5
9a185255_UNKNOWN-05,2026-03-27T09:50:00+00:00,2026-03-27T18:53:46.347656+00:00,40.6,9.0629,543.77,0002,0039,UNKNOWN-05,collected,9.8333,18.8833,4,0,3,2026,40.6
9a185255_UNKNOWN-06,2026-03-27T09:55:00+00:00,2026-03-27T19:03:42.260742+00:00,40.85,9.1451,548.7,0002,0039,UNKNOWN-06,collected,9.9167,19.05,4,0,3,2026,40.85
9a185255_UNKNOWN-07,2026-03-27T10:00:00+00:00,2026-03-27T17:35:20.462036+00:00,32.0,7.589,455.34,0002,0039,UNKNOWN-07,collected,10.0,17.5833,4,0,3,2026,32.0
9a185255_UNKNOWN-08,2026-03-27T10:05:00+00:00,2026-03-27T17:10:05.075684+00:00,28.0,7.0847,425.08,0002,0039,UNKNOWN-08,collected,10.0833,17.1667,4,0,3,2026,28.0
9a185255_UNKNOWN-09,2026-03-27T10:10:00+00:00,2026-03-27T19:51:10.056152+00:00,43.89,9.6861,581.17,0002,0039,UNKNOWN-09,collected,10.1667,19.85,4,0,3,2026,43.89
9a185255_UNKNOWN-10,2026-03-27T10:15:00+00:00,2026-03-27T20:10:09.235840+00:00,58.32,9.9192,595.15,0002,0039,UNKNOWN-10,collected,10.25,20.1667,4,0,3,2026,58.32
9a185255_UNKNOWN-11,2026-03-27T10:20:00+00:00,2026-03-27T16:43:40.325317+00:00,15.18,6.3945,383.67,0002,0039,UNKNOWN-11,collected,10.3333,16.7167,4,0,3,2026,15.18
9a185255_UNKNOWN-12,2026-03-27T10:30:00+00:00,2026-03-27T17:29:00.406494+00:00,30.6,6.9834,419.01,0002,0039,UNKNOWN-12,collected,10.5,17.4833,4,0,3,2026,30.6
7b223064_EV-001,2026-03-27T09:00:00+00:00,2026-03-27T16:13:41.874390+00:00,22.0,7.2283,433.7,0002,0039,EV-001,collected,9.0,16.2167,4,0,3,2026,22.0
7b223064_EV-002,2026-03-27T09:00:00+00:00,2026-03-27T17:25:39.217529+00:00,34.0,8.4276,505.65,0002,0039,EV-002,collected,9.0,17.4167,4,0,3,2026,34.0
7b223064_EV-003,2026-03-27T09:00:00+00:00,2026-03-27T18:21:55.063477+00:00,40.2,9.3653,561.92,0002,0039,EV-003,collected,9.0,18.35,4,0,3,2026,40.2
7b223064_EV-004,2026-03-27T09:00:00+00:00,2026-03-27T18:21:55.063477+00:00,41.25,9.3653,561.92,0002,0039,EV-004,collected,9.0,18.35,4,0,3,2026,41.25
7b223064_EV-005,2026-03-27T09:00:00+00:00,2026-03-27T16:53:42.271729+00:00,27.2,7.8951,473.7,0002,0039,EV-005,collected,9.0,16.8833,4,0,3,2026,27.2
7b223064_EV-006,2026-03-27T09:00:00+00:00,2026-03-27T16:28:35.983887+00:00,23.2,7.4767,448.6,0002,0039,EV-006,collected,9.0,16.4667,4,0,3,2026,23.2
7b223064_EV-007,2026-03-27T09:00:00+00:00,2026-03-27T18:22:09.851074+00:00,43.89,9.3694,562.16,0002,0039,EV-007,collected,9.0,18.3667,4,0,3,2026,43.89
7b223064_EV-008,2026-03-27T09:00:00+00:00,2026-03-27T17:25:39.217529+00:00,36.0,8.4276,505.65,0002,0039,EV-008,collected,9.0,17.4167,4,0,3,2026,36.0
7b223064_EV-009,2026-03-27T09:00:00+00:00,2026-03-27T18:52:55.030518+00:00,53.9,9.882,592.92,0002,0039,EV-009,collected,9.0,18.8667,4,0,3,2026,53.9
7b223064_EV-010,2026-03-27T09:00:00+00:00,2026-03-27T18:22:09.851074+00:00,42.75,9.3694,562.16,0002,0039,EV-010,collected,9.0,18.3667,4,0,3,2026,42.75
7b223064_EV-011,2026-03-27T09:00:00+00:00,2026-03-27T16:53:42.271729+00:00,28.5,7.8951,473.7,0002,0039,EV-011,collected,9.0,16.8833,4,0,3,2026,28.5
7b223064_EV-012,2026-03-27T09:00:00+00:00,2026-03-27T17:25:39.217529+00:00,35.0,8.4276,505.65,0002,0039,EV-012,collected,9.0,17.4167,4,0,3,2026,35.0
7b223064_EV-013,2026-03-27T09:00:00+00:00,2026-03-27T18:52:55.030518+00:00,53.9,9.882,592.92,0002,0039,EV-013,collected,9.0,18.8667,4,0,3,2026,53.9
7b223064_EV-014,2026-03-27T09:00:00+00:00,2026-03-27T15:57:03.114624+00:00,17.49,6.9509,417.05,0002,0039,EV-014,collected,9.0,15.95,4,0,3,2026,17.49
7b223064_EV-015,2026-03-27T09:00:00+00:00,2026-03-27T18:52:55.030518+00:00,48.0,9.882,592.92,0002,0039,EV-015,collected,9.0,18.8667,4,0,3,2026,48.0
7b223064_EV-016,2026-03-27T09:00:00+00:00,2026-03-27T16:53:42.271729+00:00,28.8,7.8951,473.7,0002,0039,EV-016,collected,9.0,16.8833,4,0,3,2026,28.8
7b223064_EV-017,2026-03-27T09:00:00+00:00,2026-03-27T17:25:39.217529+00:00,36.0,8.4276,505.65,0002,0039,EV-017,collected,9.0,17.4167,4,0,3,2026,36.0
7b223064_EV-018,2026-03-27T09:00:00+00:00,2026-03-27T16:53:42.271729+00:00,30.24,7.8951,473.7,0002,0039,EV-018,collected,9.0,16.8833,4,0,3,2026,30.24
7b223064_EV-019,2026-03-27T09:00:00+00:00,2026-03-27T18:30:51.346436+00:00,39.5,9.5143,570.86,0002,0039,EV-019,collected,9.0,18.5,4,0,3,2026,39.5
7b223064_EV-020,2026-03-27T09:00:00+00:00,2026-03-27T17:25:39.217529+00:00,35.25,8.4276,505.65,0002,0039,EV-020,collected,9.0,17.4167,4,0,3,2026,35.25
3294cf22_HEAVY-01,2026-03-27T09:00:00+00:00,2026-03-27T17:12:22.027588+00:00,31.2,8.2061,492.37,0002,0039,HEAVY-01,collected,9.0,17.2,4,0,3,2026,31.2
3294cf22_HEAVY-02,2026-03-27T09:05:00+00:00,2026-03-27T17:15:20.061035+00:00,34.2,8.1722,490.33,0002,0039,HEAVY-02,collected,9.0833,17.25,4,0,3,2026,34.2
3294cf22_HEAVY-03,2026-03-27T09:08:00+00:00,2026-03-27T17:12:37.153931+00:00,33.75,8.077,484.62,0002,0039,HEAVY-03,collected,9.1333,17.2,4,0,3,2026,33.75
3294cf22_HEAVY-04,2026-03-27T09:10:00+00:00,2026-03-27T18:47:55.729980+00:00,53.9,9.6321,577.93,0002,0039,HEAVY-04,collected,9.1667,18.7833,4,0,3,2026,53.9
3294cf22_HEAVY-05,2026-03-27T09:15:00+00:00,2026-03-27T16:41:45.058594+00:00,31.0,7.4458,446.75,0002,0039,HEAVY-05,collected,9.25,16.6833,4,0,3,2026,31.0
3294cf22_HEAVY-06,2026-03-27T09:18:00+00:00,2026-03-27T18:30:32.314453+00:00,38.86,9.209,552.54,0002,0039,HEAVY-06,collected,9.3,18.5,4,0,3,2026,38.86
3294cf22_HEAVY-07,2026-03-27T09:20:00+00:00,2026-03-27T16:45:03.674927+00:00,27.36,7.4177,445.06,0002,0039,HEAVY-07,collected,9.3333,16.75,4,0,3,2026,27.36
3294cf22_HEAVY-08,2026-03-27T09:25:00+00:00,2026-03-27T19:10:34.921875+00:00,44.66,9.7597,585.58,0002,0039,HEAVY-08,collected,9.4167,19.1667,4,0,3,2026,44.66
3294cf22_HEAVY-09,2026-03-27T09:28:00+00:00,2026-03-27T17:30:05.004272+00:00,32.8,8.0347,482.08,0002,0039,HEAVY-09,collected,9.4667,17.5,4,0,3,2026,32.8
3294cf22_HEAVY-10,2026-03-27T09:30:00+00:00,2026-03-27T17:18:04.859619+00:00,27.0,7.8013,468.08,0002,0039,HEAVY-10,collected,9.5,17.3,4,0,3,2026,27.0
3294cf22_HEAVY-11,2026-03-27T09:35:00+00:00,2026-03-27T20:25:48.116455+00:00,60.0,10.8467,650.8,0002,0039,HEAVY-11,collected,9.5833,20.4167,4,0,3,2026,60.0
3294cf22_HEAVY-12,2026-03-27T09:38:00+00:00,2026-03-27T19:40:50.496826+00:00,42.75,10.0474,602.84,0002,0039,HEAVY-12,collected,9.6333,19.6667,4,0,3,2026,42.75
3294cf22_HEAVY-13,2026-03-27T09:40:00+00:00,2026-03-27T16:58:53.525391+00:00,23.1,7.3149,438.89,0002,0039,HEAVY-13,collected,9.6667,16.9667,4,0,3,2026,23.1
3294cf22_HEAVY-14,2026-03-27T09:45:00+00:00,2026-03-27T17:20:38.054810+00:00,29.6,7.5939,455.63,0002,0039,HEAVY-14,collected,9.75,17.3333,4,0,3,2026,29.6
3294cf22_HEAVY-15,2026-03-27T09:48:00+00:00,2026-03-27T16:49:55.766602+00:00,26.0,7.0322,421.93,0002,0039,HEAVY-15,collected,9.8,16.8167,4,0,3,2026,26.0
3294cf22_HEAVY-16,2026-03-27T09:50:00+00:00,2026-03-27T17:16:11.119995+00:00,34.5,7.4364,446.19,0002,0039,HEAVY-16,collected,9.8333,17.2667,4,0,3,2026,34.5
3294cf22_HEAVY-17,2026-03-27T09:55:00+00:00,2026-03-27T18:49:40.180664+00:00,38.16,8.9112,534.67,0002,0039,HEAVY-17,collected,9.9167,18.8167,4,0,3,2026,38.16
3294cf22_HEAVY-18,2026-03-27T09:58:00+00:00,2026-03-27T16:31:52.399292+00:00,22.5,6.5646,393.87,0002,0039,HEAVY-18,collected,9.9667,16.5167,4,0,3,2026,22.5
3294cf22_HEAVY-19,2026-03-27T10:00:00+00:00,2026-03-27T17:35:20.462036+00:00,32.4,7.589,455.34,0002,0039,HEAVY-19,collected,10.0,17.5833,4,0,3,2026,32.4
3294cf22_HEAVY-20,2026-03-27T10:05:00+00:00,2026-03-27T17:10:05.075684+00:00,30.0,7.0847,425.08,0002,0039,HEAVY-20,collected,10.0833,17.1667,4,0,3,2026,30.0
3294cf22_HEAVY-21,2026-03-27T10:10:00+00:00,2026-03-27T19:23:42.667236+00:00,36.96,9.2285,553.71,0002,0039,HEAVY-21,collected,10.1667,19.3833,4,0,3,2026,36.96
3294cf22_HEAVY-22,2026-03-27T10:15:00+00:00,2026-03-27T20:10:09.235840+00:00,58.52,9.9192,595.15,0002,0039,HEAVY-22,collected,10.25,20.1667,4,0,3,2026,58.52
3294cf22_HEAVY-23,2026-03-27T10:20:00+00:00,2026-03-27T17:09:07.168579+00:00,32.0,6.8187,409.12,0002,0039,HEAVY-23,collected,10.3333,17.15,4,0,3,2026,32.0
3294cf22_HEAVY-24,2026-03-27T10:25:00+00:00,2026-03-27T16:07:56.568604+00:00,17.4,5.7157,342.94,0002,0039,HEAVY-24,collected,10.4167,16.1167,4,0,3,2026,17.4
3294cf22_HEAVY-25,2026-03-27T10:30:00+00:00,2026-03-27T20:28:57.813721+00:00,58.5,9.9827,598.96,0002,0039,HEAVY-25,collected,10.5,20.4667,4,0,3,2026,58.5
ed6baadb_KNOWN-01,2026-03-27T09:00:00+00:00,2026-03-27T10:30:00+00:00,26.0,1.5,90.0,0002,0039,KNOWN-01,collected,9.0,10.5,4,0,3,2026,26.0
ed6baadb_KNOWN-02,2026-03-27T09:05:00+00:00,2026-03-27T11:05:00+00:00,36.0,2.0,120.0,0002,0039,KNOWN-02,collected,9.0833,11.0833,4,0,3,2026,36.0
ed6baadb_KNOWN-03,2026-03-27T09:10:00+00:00,2026-03-27T11:40:00+00:00,31.5,2.5,150.0,0002,0039,KNOWN-03,collected,9.1667,11.6667,4,0,3,2026,31.5
ed6baadb_KNOWN-04,2026-03-27T09:12:00+00:00,2026-03-27T10:42:00+00:00,33.75,1.5,90.0,0002,0039,KNOWN-04,collected,9.2,10.7,4,0,3,2026,33.75
ed6baadb_KNOWN-05,2026-03-27T09:15:00+00:00,2026-03-27T11:15:00+00:00,53.9,2.0,120.0,0002,0039,KNOWN-05,collected,9.25,11.25,4,0,3,2026,53.9
ed6baadb_KNOWN-06,2026-03-27T09:18:00+00:00,2026-03-27T12:18:00+00:00,33.06,3.0,180.0,0002,0039,KNOWN-06,collected,9.3,12.3,4,0,3,2026,33.06
ed6baadb_KNOWN-07,2026-03-27T09:20:00+00:00,2026-03-27T10:50:00+00:00,26.0,1.5,90.0,0002,0039,KNOWN-07,collected,9.3333,10.8333,4,0,3,2026,26.0
ed6baadb_KNOWN-08,2026-03-27T09:25:00+00:00,2026-03-27T11:25:00+00:00,28.8,2.0,120.0,0002,0039,KNOWN-08,collected,9.4167,11.4167,4,0,3,2026,28.8
ed6baadb_UNKNOWN-01,2026-03-27T09:30:00+00:00,2026-03-27T19:30:32.248535+00:00,43.2,10.009,600.54,0002,0039,UNKNOWN-01,collected,9.5,19.5,4,0,3,2026,43.2
ed6baadb_UNKNOWN-02,2026-03-27T09:35:00+00:00,2026-03-27T19:42:55.034180+00:00,38.5,10.132,607.92,0002,0039,UNKNOWN-02,collected,9.5833,19.7,4,0,3,2026,38.5
ed6baadb_UNKNOWN-03,2026-03-27T09:40:00+00:00,2026-03-27T17:23:59.813232+00:00,27.2,7.7333,464.0,0002,0039,UNKNOWN-03,collected,9.6667,17.3833,4,0,3,2026,27.2
ed6baadb_UNKNOWN-04,2026-03-27T09:45:00+00:00,2026-03-27T17:49:47.180786+00:00,31.5,8.0798,484.79,0002,0039,UNKNOWN-04,collected,9.75,17.8167,4,0,3,2026,31.5
ed6baadb_UNKNOWN-05,2026-03-27T09:50:00+00:00,2026-03-27T18:53:46.347656+00:00,40.6,9.0629,543.77,0002,0039,UNKNOWN-05,collected,9.8333,18.8833,4,0,3,2026,40.6
ed6baadb_UNKNOWN-06,2026-03-27T09:55:00+00:00,2026-03-27T19:03:42.260742+00:00,40.85,9.1451,548.7,0002,0039,UNKNOWN-06,collected,9.9167,19.05,4,0,3,2026,40.85
ed6baadb_UNKNOWN-07,2026-03-27T10:00:00+00:00,2026-03-27T17:35:20.462036+00:00,32.0,7.589,455.34,0002,0039,UNKNOWN-07,collected,10.0,17.5833,4,0,3,2026,32.0
ed6baadb_UNKNOWN-08,2026-03-27T10:05:00+00:00,2026-03-27T17:10:05.075684+00:00,28.0,7.0847,425.08,0002,0039,UNKNOWN-08,collected,10.0833,17.1667,4,0,3,2026,28.0
ed6baadb_UNKNOWN-09,2026-03-27T10:10:00+00:00,2026-03-27T19:51:10.056152+00:00,43.89,9.6861,581.17,0002,0039,UNKNOWN-09,collected,10.1667,19.85,4,0,3,2026,43.89
ed6baadb_UNKNOWN-10,2026-03-27T10:15:00+00:00,2026-03-27T20:10:09.235840+00:00,58.32,9.9192,595.15,0002,0039,UNKNOWN-10,collected,10.25,20.1667,4,0,3,2026,58.32
ed6baadb_UNKNOWN-11,2026-03-27T10:20:00+00:00,2026-03-27T16:43:40.325317+00:00,15.18,6.3945,383.67,0002,0039,UNKNOWN-11,collected,10.3333,16.7167,4,0,3,2026,15.18
ed6baadb_UNKNOWN-12,2026-03-27T10:30:00+00:00,2026-03-27T17:29:00.406494+00:00,30.6,6.9834,419.01,0002,0039,UNKNOWN-12,collected,10.5,17.4833,4,0,3,2026,30.6
aa259be1_EV-001,2026-03-28T00:51:26.856097+00:00,2026-03-28T09:03:13.771380+00:00,20.13,8.1964,491.78,0002,0039,EV-001,collected,0.85,9.05,5,1,3,2026,20.13
aa259be1_EV-002,2026-03-28T00:51:26.856097+00:00,2026-03-28T09:31:38.746966+00:00,22.8,8.67,520.2,0002,0039,EV-002,collected,0.85,9.5167,5,1,3,2026,22.8
aa259be1_EV-003,2026-03-28T00:51:26.856097+00:00,2026-03-28T09:31:38.746966+00:00,23.43,8.67,520.2,0002,0039,EV-003,collected,0.85,9.5167,5,1,3,2026,23.43
aa259be1_EV-004,2026-03-28T00:51:26.856097+00:00,2026-03-28T19:00:26.995257+00:00,39.0,18.15,1089.0,0002,0039,EV-004,collected,0.85,19.0,5,1,3,2026,39.0
aa259be1_EV-005,2026-03-28T00:51:26.856097+00:00,2026-03-28T20:11:39.036273+00:00,42.0,19.3367,1160.2,0002,0039,EV-005,collected,0.85,20.1833,5,1,3,2026,42.0
aa259be1_EV-006,2026-03-28T00:51:26.856097+00:00,2026-03-28T20:18:25.545062+00:00,50.25,19.4496,1166.98,0002,0039,EV-006,collected,0.85,20.3,5,1,3,2026,50.25
aa259be1_EV-007,2026-03-28T00:51:26.856097+00:00,2026-03-28T10:18:20.890521+00:00,29.26,9.4483,566.9,0002,0039,EV-007,collected,0.85,10.3,5,1,3,2026,29.26
aa259be1_EV-008,2026-03-28T00:51:26.856097+00:00,2026-03-28T20:11:39.036273+00:00,43.5,19.3367,1160.2,0002,0039,EV-008,collected,0.85,20.1833,5,1,3,2026,43.5
aa259be1_EV-009,2026-03-28T00:51:26.856097+00:00,2026-03-28T20:11:39.036273+00:00,45.75,19.3367,1160.2,0002,0039,EV-009,collected,0.85,20.1833,5,1,3,2026,45.75
aa259be1_EV-010,2026-03-28T00:51:26.856097+00:00,2026-03-28T14:20:09.951800+00:00,31.68,13.4786,808.72,0002,0039,EV-010,collected,0.85,14.3333,5,1,3,2026,31.68
c436d2d6_EV-001,2026-03-28T00:51:35.714489+00:00,2026-03-28T09:03:22.629772+00:00,20.13,8.1964,491.78,0002,0039,EV-001,collected,0.85,9.05,5,1,3,2026,20.13
c436d2d6_EV-002,2026-03-28T00:51:35.714489+00:00,2026-03-28T09:31:47.605358+00:00,22.8,8.67,520.2,0002,0039,EV-002,collected,0.85,9.5167,5,1,3,2026,22.8
c436d2d6_EV-003,2026-03-28T00:51:35.714489+00:00,2026-03-28T09:31:47.605358+00:00,23.43,8.67,520.2,0002,0039,EV-003,collected,0.85,9.5167,5,1,3,2026,23.43
c436d2d6_EV-004,2026-03-28T00:51:35.714489+00:00,2026-03-28T19:00:35.853649+00:00,39.0,18.15,1089.0,0002,0039,EV-004,collected,0.85,19.0,5,1,3,2026,39.0
c436d2d6_EV-005,2026-03-28T00:51:35.714489+00:00,2026-03-28T20:11:47.894665+00:00,42.0,19.3367,1160.2,0002,0039,EV-005,collected,0.85,20.1833,5,1,3,2026,42.0
c436d2d6_EV-006,2026-03-28T00:51:35.714489+00:00,2026-03-28T20:18:34.403454+00:00,50.25,19.4496,1166.98,0002,0039,EV-006,collected,0.85,20.3,5,1,3,2026,50.25
c436d2d6_EV-007,2026-03-28T00:51:35.714489+00:00,2026-03-28T10:18:29.748913+00:00,29.26,9.4483,566.9,0002,0039,EV-007,collected,0.85,10.3,5,1,3,2026,29.26
c436d2d6_EV-008,2026-03-28T00:51:35.714489+00:00,2026-03-28T20:11:47.894665+00:00,43.5,19.3367,1160.2,0002,0039,EV-008,collected,0.85,20.1833,5,1,3,2026,43.5
c436d2d6_EV-009,2026-03-28T00:51:35.714489+00:00,2026-03-28T20:11:47.894665+00:00,45.75,19.3367,1160.2,0002,0039,EV-009,collected,0.85,20.1833,5,1,3,2026,45.75
c436d2d6_EV-010,2026-03-28T00:51:35.714489+00:00,2026-03-28T14:20:18.810192+00:00,31.68,13.4786,808.72,0002,0039,EV-010,collected,0.85,14.3333,5,1,3,2026,31.68
c436d2d6_EV-011,2026-03-28T00:51:35.714489+00:00,2026-03-28T20:18:34.403454+00:00,62.25,19.4496,1166.98,0002,0039,EV-011,collected,0.85,20.3,5,1,3,2026,62.25
c436d2d6_EV-012,2026-03-28T00:51:35.714489+00:00,2026-03-28T19:00:35.853649+00:00,36.72,18.15,1089.0,0002,0039,EV-012,collected,0.85,19.0,5,1,3,2026,36.72
c436d2d6_EV-013,2026-03-28T00:51:35.714489+00:00,2026-03-28T20:18:34.403454+00:00,51.12,19.4496,1166.98,0002,0039,EV-013,collected,0.85,20.3,5,1,3,2026,51.12
c436d2d6_EV-014,2026-03-28T00:51:35.714489+00:00,2026-03-28T09:31:47.605358+00:00,23.6,8.67,520.2,0002,0039,EV-014,collected,0.85,9.5167,5,1,3,2026,23.6
c436d2d6_EV-015,2026-03-28T00:51:35.714489+00:00,2026-03-28T10:29:41.258923+00:00,26.5,9.6349,578.09,0002,0039,EV-015,collected,0.85,10.4833,5,1,3,2026,26.5
c436d2d6_EV-016,2026-03-28T00:51:35.714489+00:00,2026-03-28T20:18:34.403454+00:00,66.0,19.4496,1166.98,0002,0039,EV-016,collected,0.85,20.3,5,1,3,2026,66.0
c436d2d6_EV-017,2026-03-28T00:51:35.714489+00:00,2026-03-28T14:53:51.798473+00:00,33.06,14.0378,842.27,0002,0039,EV-017,collected,0.85,14.8833,5,1,3,2026,33.06
c436d2d6_EV-018,2026-03-28T00:51:35.714489+00:00,2026-03-28T20:11:47.894665+00:00,42.35,19.3367,1160.2,0002,0039,EV-018,collected,0.85,20.1833,5,1,3,2026,42.35
c436d2d6_EV-019,2026-03-28T00:51:35.714489+00:00,2026-03-28T20:11:47.894665+00:00,47.4,19.3367,1160.2,0002,0039,EV-019,collected,0.85,20.1833,5,1,3,2026,47.4
c436d2d6_EV-020,2026-03-28T00:51:35.714489+00:00,2026-03-28T20:18:34.403454+00:00,81.7,19.4496,1166.98,0002,0039,EV-020,collected,0.85,20.3,5,1,3,2026,81.7
c436d2d6_EV-021,2026-03-28T00:51:35.714489+00:00,2026-03-28T10:00:11.445690+00:00,24.0,9.1433,548.6,0002,0039,EV-021,collected,0.85,10.0,5,1,3,2026,24.0
c436d2d6_EV-022,2026-03-28T00:51:35.714489+00:00,2026-03-28T14:53:51.798473+00:00,35.4,14.0378,842.27,0002,0039,EV-022,collected,0.85,14.8833,5,1,3,2026,35.4
c436d2d6_EV-023,2026-03-28T00:51:35.714489+00:00,2026-03-28T20:18:34.403454+00:00,56.8,19.4496,1166.98,0002,0039,EV-023,collected,0.85,20.3,5,1,3,2026,56.8
c436d2d6_EV-024,2026-03-28T00:51:35.714489+00:00,2026-03-28T20:11:47.894665+00:00,44.8,19.3367,1160.2,0002,0039,EV-024,collected,0.85,20.1833,5,1,3,2026,44.8
c436d2d6_EV-025,2026-03-28T00:51:35.714489+00:00,2026-03-28T14:53:51.798473+00:00,33.0,14.0378,842.27,0002,0039,EV-025,collected,0.85,14.8833,5,1,3,2026,33.0
c436d2d6_EV-026,2026-03-28T00:51:35.714489+00:00,2026-03-28T20:18:34.403454+00:00,60.06,19.4496,1166.98,0002,0039,EV-026,collected,0.85,20.3,5,1,3,2026,60.06
c436d2d6_EV-027,2026-03-28T00:51:35.714489+00:00,2026-03-28T14:53:51.798473+00:00,33.0,14.0378,842.27,0002,0039,EV-027,collected,0.85,14.8833,5,1,3,2026,33.0
c436d2d6_EV-028,2026-03-28T00:51:35.714489+00:00,2026-03-28T20:11:47.894665+00:00,47.5,19.3367,1160.2,0002,0039,EV-028,collected,0.85,20.1833,5,1,3,2026,47.5
c436d2d6_EV-029,2026-03-28T00:51:35.714489+00:00,2026-03-28T08:49:33.165661+00:00,14.5,7.966,477.96,0002,0039,EV-029,collected,0.85,8.8167,5,1,3,2026,14.5
c436d2d6_EV-030,2026-03-28T00:51:35.714489+00:00,2026-03-28T20:18:34.403454+00:00,60.83,19.4496,1166.98,0002,0039,EV-030,collected,0.85,20.3,5,1,3,2026,60.83
c436d2d6_EV-031,2026-03-28T00:51:35.714489+00:00,2026-03-28T20:18:34.403454+00:00,56.21,19.4496,1166.98,0002,0039,EV-031,collected,0.85,20.3,5,1,3,2026,56.21
c436d2d6_EV-032,2026-03-28T00:51:35.714489+00:00,2026-03-28T09:15:31.021496+00:00,18.0,8.3987,503.92,0002,0039,EV-032,collected,0.85,9.25,5,1,3,2026,18.0
c436d2d6_EV-033,2026-03-28T00:51:35.714489+00:00,2026-03-28T14:20:18.810192+00:00,31.5,13.4786,808.72,0002,0039,EV-033,collected,0.85,14.3333,5,1,3,2026,31.5
c436d2d6_EV-034,2026-03-28T00:51:35.714489+00:00,2026-03-28T20:18:34.403454+00:00,61.5,19.4496,1166.98,0002,0039,EV-034,collected,0.85,20.3,5,1,3,2026,61.5
c436d2d6_EV-035,2026-03-28T00:51:35.714489+00:00,2026-03-28T20:18:34.403454+00:00,52.36,19.4496,1166.98,0002,0039,EV-035,collected,0.85,20.3,5,1,3,2026,52.36
c436d2d6_EV-036,2026-03-28T00:51:35.714489+00:00,2026-03-28T20:11:47.894665+00:00,42.35,19.3367,1160.2,0002,0039,EV-036,collected,0.85,20.1833,5,1,3,2026,42.35
c436d2d6_EV-037,2026-03-28T00:51:35.714489+00:00,2026-03-28T20:01:07.765270+00:00,40.02,19.1589,1149.53,0002,0039,EV-037,collected,0.85,20.0167,5,1,3,2026,40.02
c436d2d6_EV-038,2026-03-28T00:51:35.714489+00:00,2026-03-28T14:53:51.798473+00:00,34.2,14.0378,842.27,0002,0039,EV-038,collected,0.85,14.8833,5,1,3,2026,34.2
c436d2d6_EV-039,2026-03-28T00:51:35.714489+00:00,2026-03-28T20:18:34.403454+00:00,56.05,19.4496,1166.98,0002,0039,EV-039,collected,0.85,20.3,5,1,3,2026,56.05
c436d2d6_EV-040,2026-03-28T00:51:35.714489+00:00,2026-03-28T20:18:34.403454+00:00,51.0,19.4496,1166.98,0002,0039,EV-040,collected,0.85,20.3,5,1,3,2026,51.0
c436d2d6_EV-041,2026-03-28T00:51:35.714489+00:00,2026-03-28T19:00:35.853649+00:00,36.72,18.15,1089.0,0002,0039,EV-041,collected,0.85,19.0,5,1,3,2026,36.72
c436d2d6_EV-042,2026-03-28T00:51:35.714489+00:00,2026-03-28T20:11:47.894665+00:00,44.66,19.3367,1160.2,0002,0039,EV-042,collected,0.85,20.1833,5,1,3,2026,44.66
75d9fed7_EV-001,2026-03-28T00:52:14.027971+00:00,2026-03-28T09:04:00.943254+00:00,20.13,8.1964,491.78,0002,0039,EV-001,collected,0.8667,9.0667,5,1,3,2026,20.13
75d9fed7_EV-002,2026-03-28T00:52:14.027971+00:00,2026-03-28T09:32:25.918840+00:00,22.8,8.67,520.2,0002,0039,EV-002,collected,0.8667,9.5333,5,1,3,2026,22.8
75d9fed7_EV-003,2026-03-28T00:52:14.027971+00:00,2026-03-28T09:32:25.918840+00:00,23.43,8.67,520.2,0002,0039,EV-003,collected,0.8667,9.5333,5,1,3,2026,23.43
75d9fed7_EV-004,2026-03-28T00:52:14.027971+00:00,2026-03-28T19:01:14.167131+00:00,39.0,18.15,1089.0,0002,0039,EV-004,collected,0.8667,19.0167,5,1,3,2026,39.0
75d9fed7_EV-005,2026-03-28T00:52:14.027971+00:00,2026-03-28T20:12:26.208147+00:00,42.0,19.3367,1160.2,0002,0039,EV-005,collected,0.8667,20.2,5,1,3,2026,42.0
75d9fed7_EV-006,2026-03-28T00:52:14.027971+00:00,2026-03-28T20:19:12.716936+00:00,50.25,19.4496,1166.98,0002,0039,EV-006,collected,0.8667,20.3167,5,1,3,2026,50.25
75d9fed7_EV-007,2026-03-28T00:52:14.027971+00:00,2026-03-28T10:19:08.062395+00:00,29.26,9.4483,566.9,0002,0039,EV-007,collected,0.8667,10.3167,5,1,3,2026,29.26
75d9fed7_EV-008,2026-03-28T00:52:14.027971+00:00,2026-03-28T20:12:26.208147+00:00,43.5,19.3367,1160.2,0002,0039,EV-008,collected,0.8667,20.2,5,1,3,2026,43.5
75d9fed7_EV-009,2026-03-28T00:52:14.027971+00:00,2026-03-28T20:12:26.208147+00:00,45.75,19.3367,1160.2,0002,0039,EV-009,collected,0.8667,20.2,5,1,3,2026,45.75
75d9fed7_EV-010,2026-03-28T00:52:14.027971+00:00,2026-03-28T14:20:57.123674+00:00,31.68,13.4786,808.72,0002,0039,EV-010,collected,0.8667,14.3333,5,1,3,2026,31.68
75d9fed7_EV-011,2026-03-28T00:52:14.027971+00:00,2026-03-28T20:19:12.716936+00:00,62.25,19.4496,1166.98,0002,0039,EV-011,collected,0.8667,20.3167,5,1,3,2026,62.25
75d9fed7_EV-012,2026-03-28T00:52:14.027971+00:00,2026-03-28T19:01:14.167131+00:00,36.72,18.15,1089.0,0002,0039,EV-012,collected,0.8667,19.0167,5,1,3,2026,36.72
75d9fed7_EV-013,2026-03-28T00:52:14.027971+00:00,2026-03-28T20:19:12.716936+00:00,51.12,19.4496,1166.98,0002,0039,EV-013,collected,0.8667,20.3167,5,1,3,2026,51.12
75d9fed7_EV-014,2026-03-28T00:52:14.027971+00:00,2026-03-28T09:32:25.918840+00:00,23.6,8.67,520.2,0002,0039,EV-014,collected,0.8667,9.5333,5,1,3,2026,23.6
75d9fed7_EV-015,2026-03-28T00:52:14.027971+00:00,2026-03-28T10:30:19.572405+00:00,26.5,9.6349,578.09,0002,0039,EV-015,collected,0.8667,10.5,5,1,3,2026,26.5
75d9fed7_EV-016,2026-03-28T00:52:14.027971+00:00,2026-03-28T20:19:12.716936+00:00,66.0,19.4496,1166.98,0002,0039,EV-016,collected,0.8667,20.3167,5,1,3,2026,66.0
75d9fed7_EV-017,2026-03-28T00:52:14.027971+00:00,2026-03-28T14:54:30.111955+00:00,33.06,14.0378,842.27,0002,0039,EV-017,collected,0.8667,14.9,5,1,3,2026,33.06
75d9fed7_EV-018,2026-03-28T00:52:14.027971+00:00,2026-03-28T20:12:26.208147+00:00,42.35,19.3367,1160.2,0002,0039,EV-018,collected,0.8667,20.2,5,1,3,2026,42.35
75d9fed7_EV-019,2026-03-28T00:52:14.027971+00:00,2026-03-28T20:12:26.208147+00:00,47.4,19.3367,1160.2,0002,0039,EV-019,collected,0.8667,20.2,5,1,3,2026,47.4
75d9fed7_EV-020,2026-03-28T00:52:14.027971+00:00,2026-03-28T20:19:12.716936+00:00,81.7,19.4496,1166.98,0002,0039,EV-020,collected,0.8667,20.3167,5,1,3,2026,81.7
75d9fed7_EV-021,2026-03-28T00:52:14.027971+00:00,2026-03-28T10:00:49.759172+00:00,24.0,9.1433,548.6,0002,0039,EV-021,collected,0.8667,10.0,5,1,3,2026,24.0
75d9fed7_EV-022,2026-03-28T00:52:14.027971+00:00,2026-03-28T14:54:30.111955+00:00,35.4,14.0378,842.27,0002,0039,EV-022,collected,0.8667,14.9,5,1,3,2026,35.4
75d9fed7_EV-023,2026-03-28T00:52:14.027971+00:00,2026-03-28T20:19:12.716936+00:00,56.8,19.4496,1166.98,0002,0039,EV-023,collected,0.8667,20.3167,5,1,3,2026,56.8
75d9fed7_EV-024,2026-03-28T00:52:14.027971+00:00,2026-03-28T20:12:26.208147+00:00,44.8,19.3367,1160.2,0002,0039,EV-024,collected,0.8667,20.2,5,1,3,2026,44.8
75d9fed7_EV-025,2026-03-28T00:52:14.027971+00:00,2026-03-28T14:54:30.111955+00:00,33.0,14.0378,842.27,0002,0039,EV-025,collected,0.8667,14.9,5,1,3,2026,33.0
75d9fed7_EV-026,2026-03-28T00:52:14.027971+00:00,2026-03-28T20:19:12.716936+00:00,60.06,19.4496,1166.98,0002,0039,EV-026,collected,0.8667,20.3167,5,1,3,2026,60.06
75d9fed7_EV-027,2026-03-28T00:52:14.027971+00:00,2026-03-28T14:54:30.111955+00:00,33.0,14.0378,842.27,0002,0039,EV-027,collected,0.8667,14.9,5,1,3,2026,33.0
75d9fed7_EV-028,2026-03-28T00:52:14.027971+00:00,2026-03-28T20:12:26.208147+00:00,47.5,19.3367,1160.2,0002,0039,EV-028,collected,0.8667,20.2,5,1,3,2026,47.5
75d9fed7_EV-029,2026-03-28T00:52:14.027971+00:00,2026-03-28T08:50:11.479143+00:00,14.5,7.966,477.96,0002,0039,EV-029,collected,0.8667,8.8333,5,1,3,2026,14.5
75d9fed7_EV-030,2026-03-28T00:52:14.027971+00:00,2026-03-28T20:19:12.716936+00:00,60.83,19.4496,1166.98,0002,0039,EV-030,collected,0.8667,20.3167,5,1,3,2026,60.83
75d9fed7_EV-031,2026-03-28T00:52:14.027971+00:00,2026-03-28T20:19:12.716936+00:00,56.21,19.4496,1166.98,0002,0039,EV-031,collected,0.8667,20.3167,5,1,3,2026,56.21
75d9fed7_EV-032,2026-03-28T00:52:14.027971+00:00,2026-03-28T09:16:09.334978+00:00,18.0,8.3987,503.92,0002,0039,EV-032,collected,0.8667,9.2667,5,1,3,2026,18.0
75d9fed7_EV-033,2026-03-28T00:52:14.027971+00:00,2026-03-28T14:20:57.123674+00:00,31.5,13.4786,808.72,0002,0039,EV-033,collected,0.8667,14.3333,5,1,3,2026,31.5
75d9fed7_EV-034,2026-03-28T00:52:14.027971+00:00,2026-03-28T20:19:12.716936+00:00,61.5,19.4496,1166.98,0002,0039,EV-034,collected,0.8667,20.3167,5,1,3,2026,61.5
75d9fed7_EV-035,2026-03-28T00:52:14.027971+00:00,2026-03-28T20:19:12.716936+00:00,52.36,19.4496,1166.98,0002,0039,EV-035,collected,0.8667,20.3167,5,1,3,2026,52.36
75d9fed7_EV-036,2026-03-28T00:52:14.027971+00:00,2026-03-28T20:12:26.208147+00:00,42.35,19.3367,1160.2,0002,0039,EV-036,collected,0.8667,20.2,5,1,3,2026,42.35
75d9fed7_EV-037,2026-03-28T00:52:14.027971+00:00,2026-03-28T20:01:46.078752+00:00,40.02,19.1589,1149.53,0002,0039,EV-037,collected,0.8667,20.0167,5,1,3,2026,40.02
75d9fed7_EV-038,2026-03-28T00:52:14.027971+00:00,2026-03-28T14:54:30.111955+00:00,34.2,14.0378,842.27,0002,0039,EV-038,collected,0.8667,14.9,5,1,3,2026,34.2
75d9fed7_EV-039,2026-03-28T00:52:14.027971+00:00,2026-03-28T20:19:12.716936+00:00,56.05,19.4496,1166.98,0002,0039,EV-039,collected,0.8667,20.3167,5,1,3,2026,56.05
75d9fed7_EV-040,2026-03-28T00:52:14.027971+00:00,2026-03-28T20:19:12.716936+00:00,51.0,19.4496,1166.98,0002,0039,EV-040,collected,0.8667,20.3167,5,1,3,2026,51.0
75d9fed7_EV-041,2026-03-28T00:52:14.027971+00:00,2026-03-28T19:01:14.167131+00:00,36.72,18.15,1089.0,0002,0039,EV-041,collected,0.8667,19.0167,5,1,3,2026,36.72
75d9fed7_EV-042,2026-03-28T00:52:14.027971+00:00,2026-03-28T20:12:26.208147+00:00,44.66,19.3367,1160.2,0002,0039,EV-042,collected,0.8667,20.2,5,1,3,2026,44.66
75d9fed7_EV-043,2026-03-28T00:52:14.027971+00:00,2026-03-28T20:19:12.716936+00:00,61.75,19.4496,1166.98,0002,0039,EV-043,collected,0.8667,20.3167,5,1,3,2026,61.75
75d9fed7_EV-044,2026-03-28T00:52:14.027971+00:00,2026-03-28T09:32:25.918840+00:00,23.2,8.67,520.2,0002,0039,EV-044,collected,0.8667,9.5333,5,1,3,2026,23.2
75d9fed7_EV-045,2026-03-28T00:52:14.027971+00:00,2026-03-28T20:12:26.208147+00:00,43.12,19.3367,1160.2,0002,0039,EV-045,collected,0.8667,20.2,5,1,3,2026,43.12
75d9fed7_EV-046,2026-03-28T00:52:14.027971+00:00,2026-03-28T10:00:49.759172+00:00,24.4,9.1433,548.6,0002,0039,EV-046,collected,0.8667,10.0,5,1,3,2026,24.4
75d9fed7_EV-047,2026-03-28T00:52:14.027971+00:00,2026-03-28T20:19:12.716936+00:00,64.0,19.4496,1166.98,0002,0039,EV-047,collected,0.8667,20.3167,5,1,3,2026,64.0
75d9fed7_EV-048,2026-03-28T00:52:14.027971+00:00,2026-03-28T20:12:26.208147+00:00,46.98,19.3367,1160.2,0002,0039,EV-048,collected,0.8667,20.2,5,1,3,2026,46.98
75d9fed7_EV-049,2026-03-28T00:52:14.027971+00:00,2026-03-28T20:12:26.208147+00:00,43.12,19.3367,1160.2,0002,0039,EV-049,collected,0.8667,20.2,5,1,3,2026,43.12
75d9fed7_EV-050,2026-03-28T00:52:14.027971+00:00,2026-03-28T14:20:57.123674+00:00,31.5,13.4786,808.72,0002,0039,EV-050,collected,0.8667,14.3333,5,1,3,2026,31.5
8929a204_EV-001,2026-03-28T00:54:36.080503+00:00,2026-03-28T09:27:33.366880+00:00,20.13,8.5492,512.95,0002,0039,EV-001,collected,0.9,9.45,5,1,3,2026,20.13
8929a204_EV-002,2026-03-28T00:54:36.080503+00:00,2026-03-28T09:55:58.353452+00:00,22.8,9.0229,541.37,0002,0039,EV-002,collected,0.9,9.9167,5,1,3,2026,22.8
8929a204_EV-003,2026-03-28T00:54:36.080503+00:00,2026-03-28T09:55:58.353452+00:00,23.43,9.0229,541.37,0002,0039,EV-003,collected,0.9,9.9167,5,1,3,2026,23.43
8929a204_EV-004,2026-03-28T00:54:36.080503+00:00,2026-03-28T19:33:11.654233+00:00,39.0,18.6432,1118.59,0002,0039,EV-004,collected,0.9,19.55,5,1,3,2026,39.0
8929a204_EV-005,2026-03-28T00:54:36.080503+00:00,2026-03-28T20:44:23.761167+00:00,42.0,19.8299,1189.79,0002,0039,EV-005,collected,0.9,20.7333,5,1,3,2026,42.0
8929a204_EV-006,2026-03-28T00:54:36.080503+00:00,2026-03-28T20:51:10.255308+00:00,50.25,19.9428,1196.57,0002,0039,EV-006,collected,0.9,20.85,5,1,3,2026,50.25
8929a204_EV-007,2026-03-28T00:54:36.080503+00:00,2026-03-28T10:51:05.553159+00:00,29.26,9.9415,596.49,0002,0039,EV-007,collected,0.9,10.85,5,1,3,2026,29.26
8929a204_EV-008,2026-03-28T00:54:36.080503+00:00,2026-03-28T20:44:23.761167+00:00,43.5,19.8299,1189.79,0002,0039,EV-008,collected,0.9,20.7333,5,1,3,2026,43.5
8929a204_EV-009,2026-03-28T00:54:36.080503+00:00,2026-03-28T20:44:23.761167+00:00,45.75,19.8299,1189.79,0002,0039,EV-009,collected,0.9,20.7333,5,1,3,2026,45.75
8929a204_EV-010,2026-03-28T00:54:36.080503+00:00,2026-03-28T14:52:54.618101+00:00,31.68,13.9718,838.31,0002,0039,EV-010,collected,0.9,14.8667,5,1,3,2026,31.68
8929a204_EV-011,2026-03-28T00:54:36.080503+00:00,2026-03-28T20:51:10.255308+00:00,62.25,19.9428,1196.57,0002,0039,EV-011,collected,0.9,20.85,5,1,3,2026,62.25
8929a204_EV-012,2026-03-28T00:54:36.080503+00:00,2026-03-28T19:33:11.654233+00:00,36.72,18.6432,1118.59,0002,0039,EV-012,collected,0.9,19.55,5,1,3,2026,36.72
8929a204_EV-013,2026-03-28T00:54:36.080503+00:00,2026-03-28T20:51:10.255308+00:00,51.12,19.9428,1196.57,0002,0039,EV-013,collected,0.9,20.85,5,1,3,2026,51.12
8929a204_EV-014,2026-03-28T00:54:36.080503+00:00,2026-03-28T09:55:58.353452+00:00,23.6,9.0229,541.37,0002,0039,EV-014,collected,0.9,9.9167,5,1,3,2026,23.6
8929a204_EV-015,2026-03-28T00:54:36.080503+00:00,2026-03-28T11:02:17.070493+00:00,26.5,10.1281,607.68,0002,0039,EV-015,collected,0.9,11.0333,5,1,3,2026,26.5
8929a204_EV-016,2026-03-28T00:54:36.080503+00:00,2026-03-28T20:51:10.255308+00:00,66.0,19.9428,1196.57,0002,0039,EV-016,collected,0.9,20.85,5,1,3,2026,66.0
8929a204_EV-017,2026-03-28T00:54:36.080503+00:00,2026-03-28T15:26:27.606382+00:00,33.06,14.531,871.86,0002,0039,EV-017,collected,0.9,15.4333,5,1,3,2026,33.06
8929a204_EV-018,2026-03-28T00:54:36.080503+00:00,2026-03-28T20:44:23.761167+00:00,42.35,19.8299,1189.79,0002,0039,EV-018,collected,0.9,20.7333,5,1,3,2026,42.35
8929a204_EV-019,2026-03-28T00:54:36.080503+00:00,2026-03-28T20:44:23.761167+00:00,47.4,19.8299,1189.79,0002,0039,EV-019,collected,0.9,20.7333,5,1,3,2026,47.4
8929a204_EV-020,2026-03-28T00:54:36.080503+00:00,2026-03-28T20:51:10.255308+00:00,81.7,19.9428,1196.57,0002,0039,EV-020,collected,0.9,20.85,5,1,3,2026,81.7
8929a204_EV-021,2026-03-28T00:54:36.080503+00:00,2026-03-28T10:32:47.231626+00:00,24.0,9.6364,578.19,0002,0039,EV-021,collected,0.9,10.5333,5,1,3,2026,24.0
8929a204_EV-022,2026-03-28T00:54:36.080503+00:00,2026-03-28T15:26:27.606382+00:00,35.4,14.531,871.86,0002,0039,EV-022,collected,0.9,15.4333,5,1,3,2026,35.4
8929a204_EV-023,2026-03-28T00:54:36.080503+00:00,2026-03-28T20:51:10.255308+00:00,56.8,19.9428,1196.57,0002,0039,EV-023,collected,0.9,20.85,5,1,3,2026,56.8
8929a204_EV-024,2026-03-28T00:54:36.080503+00:00,2026-03-28T20:44:23.761167+00:00,44.8,19.8299,1189.79,0002,0039,EV-024,collected,0.9,20.7333,5,1,3,2026,44.8
8929a204_EV-025,2026-03-28T00:54:36.080503+00:00,2026-03-28T15:26:27.606382+00:00,33.0,14.531,871.86,0002,0039,EV-025,collected,0.9,15.4333,5,1,3,2026,33.0
8929a204_EV-026,2026-03-28T00:54:36.080503+00:00,2026-03-28T20:51:10.255308+00:00,60.06,19.9428,1196.57,0002,0039,EV-026,collected,0.9,20.85,5,1,3,2026,60.06
8929a204_EV-027,2026-03-28T00:54:36.080503+00:00,2026-03-28T15:26:27.606382+00:00,33.0,14.531,871.86,0002,0039,EV-027,collected,0.9,15.4333,5,1,3,2026,33.0
8929a204_EV-028,2026-03-28T00:54:36.080503+00:00,2026-03-28T20:44:23.761167+00:00,47.5,19.8299,1189.79,0002,0039,EV-028,collected,0.9,20.7333,5,1,3,2026,47.5
8929a204_EV-029,2026-03-28T00:54:36.080503+00:00,2026-03-28T09:20:20.805845+00:00,14.5,8.4291,505.75,0002,0039,EV-029,collected,0.9,9.3333,5,1,3,2026,14.5
8929a204_EV-030,2026-03-28T00:54:36.080503+00:00,2026-03-28T20:51:10.255308+00:00,60.83,19.9428,1196.57,0002,0039,EV-030,collected,0.9,20.85,5,1,3,2026,60.83
8929a204_EV-031,2026-03-28T00:54:36.080503+00:00,2026-03-28T20:51:10.255308+00:00,56.21,19.9428,1196.57,0002,0039,EV-031,collected,0.9,20.85,5,1,3,2026,56.21
8929a204_EV-032,2026-03-28T00:54:36.080503+00:00,2026-03-28T09:39:41.734800+00:00,18.0,8.7516,525.09,0002,0039,EV-032,collected,0.9,9.65,5,1,3,2026,18.0
8929a204_EV-033,2026-03-28T00:54:36.080503+00:00,2026-03-28T14:52:54.618101+00:00,31.5,13.9718,838.31,0002,0039,EV-033,collected,0.9,14.8667,5,1,3,2026,31.5
8929a204_EV-034,2026-03-28T00:54:36.080503+00:00,2026-03-28T20:51:10.255308+00:00,61.5,19.9428,1196.57,0002,0039,EV-034,collected,0.9,20.85,5,1,3,2026,61.5
8929a204_EV-035,2026-03-28T00:54:36.080503+00:00,2026-03-28T20:51:10.255308+00:00,52.36,19.9428,1196.57,0002,0039,EV-035,collected,0.9,20.85,5,1,3,2026,52.36
8929a204_EV-036,2026-03-28T00:54:36.080503+00:00,2026-03-28T20:44:23.761167+00:00,42.35,19.8299,1189.79,0002,0039,EV-036,collected,0.9,20.7333,5,1,3,2026,42.35
8929a204_EV-037,2026-03-28T00:54:36.080503+00:00,2026-03-28T20:33:43.595151+00:00,40.02,19.6521,1179.13,0002,0039,EV-037,collected,0.9,20.55,5,1,3,2026,40.02
8929a204_EV-038,2026-03-28T00:54:36.080503+00:00,2026-03-28T15:26:27.606382+00:00,34.2,14.531,871.86,0002,0039,EV-038,collected,0.9,15.4333,5,1,3,2026,34.2
8929a204_EV-039,2026-03-28T00:54:36.080503+00:00,2026-03-28T20:51:10.255308+00:00,56.05,19.9428,1196.57,0002,0039,EV-039,collected,0.9,20.85,5,1,3,2026,56.05
8929a204_EV-040,2026-03-28T00:54:36.080503+00:00,2026-03-28T20:51:10.255308+00:00,51.0,19.9428,1196.57,0002,0039,EV-040,collected,0.9,20.85,5,1,3,2026,51.0
8929a204_EV-041,2026-03-28T00:54:36.080503+00:00,2026-03-28T19:33:11.654233+00:00,36.72,18.6432,1118.59,0002,0039,EV-041,collected,0.9,19.55,5,1,3,2026,36.72
8929a204_EV-042,2026-03-28T00:54:36.080503+00:00,2026-03-28T20:44:23.761167+00:00,44.66,19.8299,1189.79,0002,0039,EV-042,collected,0.9,20.7333,5,1,3,2026,44.66
8929a204_EV-043,2026-03-28T00:54:36.080503+00:00,2026-03-28T20:51:10.255308+00:00,61.75,19.9428,1196.57,0002,0039,EV-043,collected,0.9,20.85,5,1,3,2026,61.75
8929a204_EV-044,2026-03-28T00:54:36.080503+00:00,2026-03-28T09:55:58.353452+00:00,23.2,9.0229,541.37,0002,0039,EV-044,collected,0.9,9.9167,5,1,3,2026,23.2
8929a204_EV-045,2026-03-28T00:54:36.080503+00:00,2026-03-28T20:44:23.761167+00:00,43.12,19.8299,1189.79,0002,0039,EV-045,collected,0.9,20.7333,5,1,3,2026,43.12
8929a204_EV-046,2026-03-28T00:54:36.080503+00:00,2026-03-28T10:32:47.231626+00:00,24.4,9.6364,578.19,0002,0039,EV-046,collected,0.9,10.5333,5,1,3,2026,24.4
8929a204_EV-047,2026-03-28T00:54:36.080503+00:00,2026-03-28T20:51:10.255308+00:00,64.0,19.9428,1196.57,0002,0039,EV-047,collected,0.9,20.85,5,1,3,2026,64.0
8929a204_EV-048,2026-03-28T00:54:36.080503+00:00,2026-03-28T20:44:23.761167+00:00,46.98,19.8299,1189.79,0002,0039,EV-048,collected,0.9,20.7333,5,1,3,2026,46.98
8929a204_EV-049,2026-03-28T00:54:36.080503+00:00,2026-03-28T20:44:23.761167+00:00,43.12,19.8299,1189.79,0002,0039,EV-049,collected,0.9,20.7333,5,1,3,2026,43.12
8929a204_EV-050,2026-03-28T00:54:36.080503+00:00,2026-03-28T14:52:54.618101+00:00,31.5,13.9718,838.31,0002,0039,EV-050,collected,0.9,14.8667,5,1,3,2026,31.5
98d57ed5_EV-001,2026-03-28T00:55:14.261127+00:00,2026-03-28T09:28:11.547504+00:00,20.13,8.5492,512.95,0002,0039,EV-001,collected,0.9167,9.4667,5,1,3,2026,20.13
98d57ed5_EV-002,2026-03-28T00:55:14.261127+00:00,2026-03-28T09:56:36.534076+00:00,22.8,9.0229,541.37,0002,0039,EV-002,collected,0.9167,9.9333,5,1,3,2026,22.8
98d57ed5_EV-003,2026-03-28T00:55:14.261127+00:00,2026-03-28T09:56:36.534076+00:00,23.43,9.0229,541.37,0002,0039,EV-003,collected,0.9167,9.9333,5,1,3,2026,23.43
98d57ed5_EV-004,2026-03-28T00:55:14.261127+00:00,2026-03-28T19:33:49.834857+00:00,39.0,18.6432,1118.59,0002,0039,EV-004,collected,0.9167,19.55,5,1,3,2026,39.0
98d57ed5_EV-005,2026-03-28T00:55:14.261127+00:00,2026-03-28T20:45:01.941791+00:00,42.0,19.8299,1189.79,0002,0039,EV-005,collected,0.9167,20.75,5,1,3,2026,42.0
98d57ed5_EV-006,2026-03-28T00:55:14.261127+00:00,2026-03-28T20:51:48.435932+00:00,50.25,19.9428,1196.57,0002,0039,EV-006,collected,0.9167,20.85,5,1,3,2026,50.25
98d57ed5_EV-007,2026-03-28T00:55:14.261127+00:00,2026-03-28T10:51:43.733783+00:00,29.26,9.9415,596.49,0002,0039,EV-007,collected,0.9167,10.85,5,1,3,2026,29.26
98d57ed5_EV-008,2026-03-28T00:55:14.261127+00:00,2026-03-28T20:45:01.941791+00:00,43.5,19.8299,1189.79,0002,0039,EV-008,collected,0.9167,20.75,5,1,3,2026,43.5
98d57ed5_EV-009,2026-03-28T00:55:14.261127+00:00,2026-03-28T20:45:01.941791+00:00,45.75,19.8299,1189.79,0002,0039,EV-009,collected,0.9167,20.75,5,1,3,2026,45.75
98d57ed5_EV-010,2026-03-28T00:55:14.261127+00:00,2026-03-28T14:53:32.798725+00:00,31.68,13.9718,838.31,0002,0039,EV-010,collected,0.9167,14.8833,5,1,3,2026,31.68
98d57ed5_EV-011,2026-03-28T00:55:14.261127+00:00,2026-03-28T09:40:19.915424+00:00,18.0,8.7516,525.09,0002,0039,EV-011,collected,0.9167,9.6667,5,1,3,2026,18.0
98d57ed5_EV-012,2026-03-28T00:55:14.261127+00:00,2026-03-28T19:33:49.834857+00:00,36.72,18.6432,1118.59,0002,0039,EV-012,collected,0.9167,19.55,5,1,3,2026,36.72
98d57ed5_EV-013,2026-03-28T00:55:14.261127+00:00,2026-03-28T20:51:48.435932+00:00,51.12,19.9428,1196.57,0002,0039,EV-013,collected,0.9167,20.85,5,1,3,2026,51.12
98d57ed5_EV-014,2026-03-28T00:55:14.261127+00:00,2026-03-28T09:56:36.534076+00:00,23.6,9.0229,541.37,0002,0039,EV-014,collected,0.9167,9.9333,5,1,3,2026,23.6
98d57ed5_EV-015,2026-03-28T00:55:14.261127+00:00,2026-03-28T11:02:55.251117+00:00,26.5,10.1281,607.68,0002,0039,EV-015,collected,0.9167,11.0333,5,1,3,2026,26.5
98d57ed5_EV-016,2026-03-28T00:55:14.261127+00:00,2026-03-28T20:51:48.435932+00:00,66.0,19.9428,1196.57,0002,0039,EV-016,collected,0.9167,20.85,5,1,3,2026,66.0
98d57ed5_EV-017,2026-03-28T00:55:14.261127+00:00,2026-03-28T15:27:05.787006+00:00,33.06,14.531,871.86,0002,0039,EV-017,collected,0.9167,15.45,5,1,3,2026,33.06
98d57ed5_EV-018,2026-03-28T00:55:14.261127+00:00,2026-03-28T20:45:01.941791+00:00,42.35,19.8299,1189.79,0002,0039,EV-018,collected,0.9167,20.75,5,1,3,2026,42.35
98d57ed5_EV-019,2026-03-28T00:55:14.261127+00:00,2026-03-28T20:45:01.941791+00:00,47.4,19.8299,1189.79,0002,0039,EV-019,collected,0.9167,20.75,5,1,3,2026,47.4
98d57ed5_EV-020,2026-03-28T00:55:14.261127+00:00,2026-03-28T20:51:48.435932+00:00,81.7,19.9428,1196.57,0002,0039,EV-020,collected,0.9167,20.85,5,1,3,2026,81.7
98d57ed5_EV-021,2026-03-28T00:55:14.261127+00:00,2026-03-28T10:33:25.412250+00:00,24.0,9.6364,578.19,0002,0039,EV-021,collected,0.9167,10.55,5,1,3,2026,24.0
98d57ed5_EV-022,2026-03-28T00:55:14.261127+00:00,2026-03-28T15:27:05.787006+00:00,35.4,14.531,871.86,0002,0039,EV-022,collected,0.9167,15.45,5,1,3,2026,35.4
98d57ed5_EV-023,2026-03-28T00:55:14.261127+00:00,2026-03-28T20:51:48.435932+00:00,56.8,19.9428,1196.57,0002,0039,EV-023,collected,0.9167,20.85,5,1,3,2026,56.8
98d57ed5_EV-024,2026-03-28T00:55:14.261127+00:00,2026-03-28T20:45:01.941791+00:00,44.8,19.8299,1189.79,0002,0039,EV-024,collected,0.9167,20.75,5,1,3,2026,44.8
98d57ed5_EV-025,2026-03-28T00:55:14.261127+00:00,2026-03-28T15:27:05.787006+00:00,33.0,14.531,871.86,0002,0039,EV-025,collected,0.9167,15.45,5,1,3,2026,33.0
98d57ed5_EV-026,2026-03-28T00:55:14.261127+00:00,2026-03-28T20:51:48.435932+00:00,60.06,19.9428,1196.57,0002,0039,EV-026,collected,0.9167,20.85,5,1,3,2026,60.06
98d57ed5_EV-027,2026-03-28T00:55:14.261127+00:00,2026-03-28T15:27:05.787006+00:00,33.0,14.531,871.86,0002,0039,EV-027,collected,0.9167,15.45,5,1,3,2026,33.0
98d57ed5_EV-028,2026-03-28T00:55:14.261127+00:00,2026-03-28T20:45:01.941791+00:00,47.5,19.8299,1189.79,0002,0039,EV-028,collected,0.9167,20.75,5,1,3,2026,47.5
98d57ed5_EV-029,2026-03-28T00:55:14.261127+00:00,2026-03-28T09:20:58.986469+00:00,14.5,8.4291,505.75,0002,0039,EV-029,collected,0.9167,9.3333,5,1,3,2026,14.5
98d57ed5_EV-030,2026-03-28T00:55:14.261127+00:00,2026-03-28T20:51:48.435932+00:00,60.83,19.9428,1196.57,0002,0039,EV-030,collected,0.9167,20.85,5,1,3,2026,60.83
98d57ed5_EV-031,2026-03-28T00:55:14.261127+00:00,2026-03-28T20:51:48.435932+00:00,56.21,19.9428,1196.57,0002,0039,EV-031,collected,0.9167,20.85,5,1,3,2026,56.21
98d57ed5_EV-032,2026-03-28T00:55:14.261127+00:00,2026-03-28T09:40:19.915424+00:00,18.0,8.7516,525.09,0002,0039,EV-032,collected,0.9167,9.6667,5,1,3,2026,18.0
98d57ed5_EV-033,2026-03-28T00:55:14.261127+00:00,2026-03-28T14:53:32.798725+00:00,31.5,13.9718,838.31,0002,0039,EV-033,collected,0.9167,14.8833,5,1,3,2026,31.5
98d57ed5_EV-034,2026-03-28T00:55:14.261127+00:00,2026-03-28T20:51:48.435932+00:00,61.5,19.9428,1196.57,0002,0039,EV-034,collected,0.9167,20.85,5,1,3,2026,61.5
98d57ed5_EV-035,2026-03-28T00:55:14.261127+00:00,2026-03-28T20:51:48.435932+00:00,52.36,19.9428,1196.57,0002,0039,EV-035,collected,0.9167,20.85,5,1,3,2026,52.36
98d57ed5_EV-036,2026-03-28T00:55:14.261127+00:00,2026-03-28T20:45:01.941791+00:00,42.35,19.8299,1189.79,0002,0039,EV-036,collected,0.9167,20.75,5,1,3,2026,42.35
98d57ed5_EV-037,2026-03-28T00:55:14.261127+00:00,2026-03-28T20:34:21.775775+00:00,40.02,19.6521,1179.13,0002,0039,EV-037,collected,0.9167,20.5667,5,1,3,2026,40.02
98d57ed5_EV-038,2026-03-28T00:55:14.261127+00:00,2026-03-28T15:27:05.787006+00:00,34.2,14.531,871.86,0002,0039,EV-038,collected,0.9167,15.45,5,1,3,2026,34.2
98d57ed5_EV-039,2026-03-28T00:55:14.261127+00:00,2026-03-28T20:51:48.435932+00:00,56.05,19.9428,1196.57,0002,0039,EV-039,collected,0.9167,20.85,5,1,3,2026,56.05
98d57ed5_EV-040,2026-03-28T00:55:14.261127+00:00,2026-03-28T20:51:48.435932+00:00,51.0,19.9428,1196.57,0002,0039,EV-040,collected,0.9167,20.85,5,1,3,2026,51.0
98d57ed5_EV-041,2026-03-28T00:55:14.261127+00:00,2026-03-28T19:33:49.834857+00:00,36.72,18.6432,1118.59,0002,0039,EV-041,collected,0.9167,19.55,5,1,3,2026,36.72
98d57ed5_EV-042,2026-03-28T00:55:14.261127+00:00,2026-03-28T20:45:01.941791+00:00,44.66,19.8299,1189.79,0002,0039,EV-042,collected,0.9167,20.75,5,1,3,2026,44.66
98d57ed5_EV-043,2026-03-28T00:55:14.261127+00:00,2026-03-28T20:51:48.435932+00:00,61.75,19.9428,1196.57,0002,0039,EV-043,collected,0.9167,20.85,5,1,3,2026,61.75
98d57ed5_EV-044,2026-03-28T00:55:14.261127+00:00,2026-03-28T09:56:36.534076+00:00,23.2,9.0229,541.37,0002,0039,EV-044,collected,0.9167,9.9333,5,1,3,2026,23.2
98d57ed5_EV-045,2026-03-28T00:55:14.261127+00:00,2026-03-28T20:45:01.941791+00:00,43.12,19.8299,1189.79,0002,0039,EV-045,collected,0.9167,20.75,5,1,3,2026,43.12
98d57ed5_EV-046,2026-03-28T00:55:14.261127+00:00,2026-03-28T10:33:25.412250+00:00,24.4,9.6364,578.19,0002,0039,EV-046,collected,0.9167,10.55,5,1,3,2026,24.4
98d57ed5_EV-047,2026-03-28T00:55:14.261127+00:00,2026-03-28T20:51:48.435932+00:00,64.0,19.9428,1196.57,0002,0039,EV-047,collected,0.9167,20.85,5,1,3,2026,64.0
98d57ed5_EV-048,2026-03-28T00:55:14.261127+00:00,2026-03-28T20:45:01.941791+00:00,46.98,19.8299,1189.79,0002,0039,EV-048,collected,0.9167,20.75,5,1,3,2026,46.98
98d57ed5_EV-049,2026-03-28T00:55:14.261127+00:00,2026-03-28T20:45:01.941791+00:00,43.12,19.8299,1189.79,0002,0039,EV-049,collected,0.9167,20.75,5,1,3,2026,43.12
98d57ed5_EV-050,2026-03-28T00:55:14.261127+00:00,2026-03-28T14:53:32.798725+00:00,31.5,13.9718,838.31,0002,0039,EV-050,collected,0.9167,14.8833,5,1,3,2026,31.5
74c4dd70_EV-001,2026-03-28T00:55:45.538640+00:00,2026-03-28T09:28:42.825017+00:00,20.13,8.5492,512.95,0002,0039,EV-001,collected,0.9167,9.4667,5,1,3,2026,20.13
74c4dd70_EV-002,2026-03-28T00:55:45.538640+00:00,2026-03-28T09:57:07.811589+00:00,22.8,9.0229,541.37,0002,0039,EV-002,collected,0.9167,9.95,5,1,3,2026,22.8
74c4dd70_EV-003,2026-03-28T00:55:45.538640+00:00,2026-03-28T09:57:07.811589+00:00,23.43,9.0229,541.37,0002,0039,EV-003,collected,0.9167,9.95,5,1,3,2026,23.43
74c4dd70_EV-004,2026-03-28T00:55:45.538640+00:00,2026-03-28T19:34:21.112370+00:00,39.0,18.6432,1118.59,0002,0039,EV-004,collected,0.9167,19.5667,5,1,3,2026,39.0
74c4dd70_EV-005,2026-03-28T00:55:45.538640+00:00,2026-03-28T20:45:33.219304+00:00,42.0,19.8299,1189.79,0002,0039,EV-005,collected,0.9167,20.75,5,1,3,2026,42.0
74c4dd70_EV-006,2026-03-28T00:55:45.538640+00:00,2026-03-28T20:52:19.713445+00:00,50.25,19.9428,1196.57,0002,0039,EV-006,collected,0.9167,20.8667,5,1,3,2026,50.25
74c4dd70_EV-007,2026-03-28T00:55:45.538640+00:00,2026-03-28T10:52:15.011296+00:00,29.26,9.9415,596.49,0002,0039,EV-007,collected,0.9167,10.8667,5,1,3,2026,29.26
74c4dd70_EV-008,2026-03-28T00:55:45.538640+00:00,2026-03-28T20:45:33.219304+00:00,43.5,19.8299,1189.79,0002,0039,EV-008,collected,0.9167,20.75,5,1,3,2026,43.5
74c4dd70_EV-009,2026-03-28T00:55:45.538640+00:00,2026-03-28T20:45:33.219304+00:00,45.75,19.8299,1189.79,0002,0039,EV-009,collected,0.9167,20.75,5,1,3,2026,45.75
74c4dd70_EV-010,2026-03-28T00:55:45.538640+00:00,2026-03-28T14:54:04.076238+00:00,31.68,13.9718,838.31,0002,0039,EV-010,collected,0.9167,14.9,5,1,3,2026,31.68
74c4dd70_EV-011,2026-03-28T00:55:45.538640+00:00,2026-03-28T09:40:51.192937+00:00,18.0,8.7516,525.09,0002,0039,EV-011,collected,0.9167,9.6667,5,1,3,2026,18.0
74c4dd70_EV-012,2026-03-28T00:55:45.538640+00:00,2026-03-28T19:34:21.112370+00:00,36.72,18.6432,1118.59,0002,0039,EV-012,collected,0.9167,19.5667,5,1,3,2026,36.72
74c4dd70_EV-013,2026-03-28T00:55:45.538640+00:00,2026-03-28T20:52:19.713445+00:00,51.12,19.9428,1196.57,0002,0039,EV-013,collected,0.9167,20.8667,5,1,3,2026,51.12
74c4dd70_EV-014,2026-03-28T00:55:45.538640+00:00,2026-03-28T09:57:07.811589+00:00,23.6,9.0229,541.37,0002,0039,EV-014,collected,0.9167,9.95,5,1,3,2026,23.6
74c4dd70_EV-015,2026-03-28T00:55:45.538640+00:00,2026-03-28T11:03:26.528630+00:00,26.5,10.1281,607.68,0002,0039,EV-015,collected,0.9167,11.05,5,1,3,2026,26.5
74c4dd70_EV-016,2026-03-28T00:55:45.538640+00:00,2026-03-28T20:52:19.713445+00:00,66.0,19.9428,1196.57,0002,0039,EV-016,collected,0.9167,20.8667,5,1,3,2026,66.0
74c4dd70_EV-017,2026-03-28T00:55:45.538640+00:00,2026-03-28T15:27:37.064519+00:00,33.06,14.531,871.86,0002,0039,EV-017,collected,0.9167,15.45,5,1,3,2026,33.06
74c4dd70_EV-018,2026-03-28T00:55:45.538640+00:00,2026-03-28T20:45:33.219304+00:00,42.35,19.8299,1189.79,0002,0039,EV-018,collected,0.9167,20.75,5,1,3,2026,42.35
74c4dd70_EV-019,2026-03-28T00:55:45.538640+00:00,2026-03-28T20:45:33.219304+00:00,47.4,19.8299,1189.79,0002,0039,EV-019,collected,0.9167,20.75,5,1,3,2026,47.4
74c4dd70_EV-020,2026-03-28T00:55:45.538640+00:00,2026-03-28T20:52:19.713445+00:00,81.7,19.9428,1196.57,0002,0039,EV-020,collected,0.9167,20.8667,5,1,3,2026,81.7
74c4dd70_EV-021,2026-03-28T00:55:45.538640+00:00,2026-03-28T10:33:56.689763+00:00,24.0,9.6364,578.19,0002,0039,EV-021,collected,0.9167,10.55,5,1,3,2026,24.0
74c4dd70_EV-022,2026-03-28T00:55:45.538640+00:00,2026-03-28T15:27:37.064519+00:00,35.4,14.531,871.86,0002,0039,EV-022,collected,0.9167,15.45,5,1,3,2026,35.4
74c4dd70_EV-023,2026-03-28T00:55:45.538640+00:00,2026-03-28T20:52:19.713445+00:00,56.8,19.9428,1196.57,0002,0039,EV-023,collected,0.9167,20.8667,5,1,3,2026,56.8
74c4dd70_EV-024,2026-03-28T00:55:45.538640+00:00,2026-03-28T20:45:33.219304+00:00,44.8,19.8299,1189.79,0002,0039,EV-024,collected,0.9167,20.75,5,1,3,2026,44.8
74c4dd70_EV-025,2026-03-28T00:55:45.538640+00:00,2026-03-28T15:27:37.064519+00:00,33.0,14.531,871.86,0002,0039,EV-025,collected,0.9167,15.45,5,1,3,2026,33.0
b3f03570_EV-001,2026-03-28T00:56:03.764677+00:00,2026-03-28T12:27:18.775663+00:00,20.13,11.5208,691.25,0002,0039,EV-001,collected,0.9333,12.45,5,1,3,2026,20.13
b3f03570_EV-002,2026-03-28T00:56:03.764677+00:00,2026-03-28T12:55:43.762236+00:00,22.8,11.9944,719.67,0002,0039,EV-002,collected,0.9333,12.9167,5,1,3,2026,22.8
b3f03570_EV-003,2026-03-28T00:56:03.764677+00:00,2026-03-28T12:55:43.762236+00:00,23.43,11.9944,719.67,0002,0039,EV-003,collected,0.9333,12.9167,5,1,3,2026,23.43
b3f03570_EV-004,2026-03-28T00:56:03.764677+00:00,2026-03-28T22:43:18.662138+00:00,39.0,21.7875,1307.25,0002,0039,EV-004,collected,0.9333,22.7167,5,1,3,2026,39.0
b3f03570_EV-005,2026-03-28T00:56:03.764677+00:00,2026-03-28T23:54:30.717802+00:00,42.0,22.9742,1378.45,0002,0039,EV-005,collected,0.9333,23.9,5,1,3,2026,42.0
b3f03570_EV-006,2026-03-28T00:56:03.764677+00:00,2026-03-29T00:01:17.211943+00:00,50.25,23.0871,1385.22,0002,0039,EV-006,collected,0.9333,0.0167,5,1,3,2026,50.25
b3f03570_EV-007,2026-03-28T00:56:03.764677+00:00,2026-03-28T13:49:50.372343+00:00,29.26,12.8963,773.78,0002,0039,EV-007,collected,0.9333,13.8167,5,1,3,2026,29.26
b3f03570_EV-008,2026-03-28T00:56:03.764677+00:00,2026-03-28T23:54:30.717802+00:00,43.5,22.9742,1378.45,0002,0039,EV-008,collected,0.9333,23.9,5,1,3,2026,43.5
b3f03570_EV-009,2026-03-28T00:56:03.764677+00:00,2026-03-28T23:54:30.717802+00:00,45.75,22.9742,1378.45,0002,0039,EV-009,collected,0.9333,23.9,5,1,3,2026,45.75
b3f03570_EV-010,2026-03-28T00:56:03.764677+00:00,2026-03-28T17:51:39.437284+00:00,31.68,16.9266,1015.59,0002,0039,EV-010,collected,0.9333,17.85,5,1,3,2026,31.68
b3f03570_EV-011,2026-03-28T00:56:03.764677+00:00,2026-03-28T12:22:40.480986+00:00,18.0,11.4435,686.61,0002,0039,EV-011,collected,0.9333,12.3667,5,1,3,2026,18.0
b3f03570_EV-012,2026-03-28T00:56:03.764677+00:00,2026-03-28T22:43:18.662138+00:00,36.72,21.7875,1307.25,0002,0039,EV-012,collected,0.9333,22.7167,5,1,3,2026,36.72
b3f03570_EV-013,2026-03-28T00:56:03.764677+00:00,2026-03-29T00:01:17.211943+00:00,51.12,23.0871,1385.22,0002,0039,EV-013,collected,0.9333,0.0167,5,1,3,2026,51.12
b3f03570_EV-014,2026-03-28T00:56:03.764677+00:00,2026-03-28T12:55:43.762236+00:00,23.6,11.9944,719.67,0002,0039,EV-014,collected,0.9333,12.9167,5,1,3,2026,23.6
b3f03570_EV-015,2026-03-28T00:56:03.764677+00:00,2026-03-28T14:01:01.889677+00:00,26.5,13.0828,784.97,0002,0039,EV-015,collected,0.9333,14.0167,5,1,3,2026,26.5
b3f03570_EV-016,2026-03-28T00:56:03.764677+00:00,2026-03-29T00:01:17.211943+00:00,66.0,23.0871,1385.22,0002,0039,EV-016,collected,0.9333,0.0167,5,1,3,2026,66.0
b3f03570_EV-017,2026-03-28T00:56:03.764677+00:00,2026-03-28T18:25:12.414579+00:00,33.06,17.4857,1049.14,0002,0039,EV-017,collected,0.9333,18.4167,5,1,3,2026,33.06
b3f03570_EV-018,2026-03-28T00:56:03.764677+00:00,2026-03-28T23:54:30.717802+00:00,42.35,22.9742,1378.45,0002,0039,EV-018,collected,0.9333,23.9,5,1,3,2026,42.35
b3f03570_EV-019,2026-03-28T00:56:03.764677+00:00,2026-03-28T23:54:30.717802+00:00,47.4,22.9742,1378.45,0002,0039,EV-019,collected,0.9333,23.9,5,1,3,2026,47.4
b3f03570_EV-020,2026-03-28T00:56:03.764677+00:00,2026-03-29T00:01:17.211943+00:00,81.7,23.0871,1385.22,0002,0039,EV-020,collected,0.9333,0.0167,5,1,3,2026,81.7
b3f03570_EV-021,2026-03-28T00:56:03.764677+00:00,2026-03-28T13:31:32.050810+00:00,24.0,12.5912,755.47,0002,0039,EV-021,collected,0.9333,13.5167,5,1,3,2026,24.0
b3f03570_EV-022,2026-03-28T00:56:03.764677+00:00,2026-03-28T18:25:12.414579+00:00,35.4,17.4857,1049.14,0002,0039,EV-022,collected,0.9333,18.4167,5,1,3,2026,35.4
b3f03570_EV-023,2026-03-28T00:56:03.764677+00:00,2026-03-29T00:01:17.211943+00:00,56.8,23.0871,1385.22,0002,0039,EV-023,collected,0.9333,0.0167,5,1,3,2026,56.8
b3f03570_EV-024,2026-03-28T00:56:03.764677+00:00,2026-03-28T23:54:30.717802+00:00,44.8,22.9742,1378.45,0002,0039,EV-024,collected,0.9333,23.9,5,1,3,2026,44.8
b3f03570_EV-025,2026-03-28T00:56:03.764677+00:00,2026-03-28T18:25:12.414579+00:00,33.0,17.4857,1049.14,0002,0039,EV-025,collected,0.9333,18.4167,5,1,3,2026,33.0
e40e2491_EV-001,2026-03-28T00:56:49.648951+00:00,2026-03-28T12:28:04.659937+00:00,20.13,11.5208,691.25,0002,0039,EV-001,collected,0.9333,12.4667,5,1,3,2026,20.13
e40e2491_EV-002,2026-03-28T00:56:49.648951+00:00,2026-03-28T12:56:29.646510+00:00,22.8,11.9944,719.67,0002,0039,EV-002,collected,0.9333,12.9333,5,1,3,2026,22.8
e40e2491_EV-003,2026-03-28T00:56:49.648951+00:00,2026-03-28T12:56:29.646510+00:00,23.43,11.9944,719.67,0002,0039,EV-003,collected,0.9333,12.9333,5,1,3,2026,23.43
e40e2491_EV-004,2026-03-28T00:56:49.648951+00:00,2026-03-28T22:44:04.546412+00:00,39.0,21.7875,1307.25,0002,0039,EV-004,collected,0.9333,22.7333,5,1,3,2026,39.0
e40e2491_EV-005,2026-03-28T00:56:49.648951+00:00,2026-03-28T23:55:16.602076+00:00,42.0,22.9742,1378.45,0002,0039,EV-005,collected,0.9333,23.9167,5,1,3,2026,42.0
e40e2491_EV-006,2026-03-28T00:56:49.648951+00:00,2026-03-29T00:02:03.096217+00:00,50.25,23.0871,1385.22,0002,0039,EV-006,collected,0.9333,0.0333,5,1,3,2026,50.25
e40e2491_EV-007,2026-03-28T00:56:49.648951+00:00,2026-03-28T13:50:36.256617+00:00,29.26,12.8963,773.78,0002,0039,EV-007,collected,0.9333,13.8333,5,1,3,2026,29.26
e40e2491_EV-008,2026-03-28T00:56:49.648951+00:00,2026-03-28T23:55:16.602076+00:00,43.5,22.9742,1378.45,0002,0039,EV-008,collected,0.9333,23.9167,5,1,3,2026,43.5
e40e2491_EV-009,2026-03-28T00:56:49.648951+00:00,2026-03-28T23:55:16.602076+00:00,45.75,22.9742,1378.45,0002,0039,EV-009,collected,0.9333,23.9167,5,1,3,2026,45.75
e40e2491_EV-010,2026-03-28T00:56:49.648951+00:00,2026-03-28T17:52:25.321558+00:00,31.68,16.9266,1015.59,0002,0039,EV-010,collected,0.9333,17.8667,5,1,3,2026,31.68
e40e2491_EV-011,2026-03-28T00:56:49.648951+00:00,2026-03-28T12:23:26.365260+00:00,18.0,11.4435,686.61,0002,0039,EV-011,collected,0.9333,12.3833,5,1,3,2026,18.0
e40e2491_EV-012,2026-03-28T00:56:49.648951+00:00,2026-03-28T22:44:04.546412+00:00,36.72,21.7875,1307.25,0002,0039,EV-012,collected,0.9333,22.7333,5,1,3,2026,36.72
e40e2491_EV-013,2026-03-28T00:56:49.648951+00:00,2026-03-29T00:02:03.096217+00:00,51.12,23.0871,1385.22,0002,0039,EV-013,collected,0.9333,0.0333,5,1,3,2026,51.12
e40e2491_EV-014,2026-03-28T00:56:49.648951+00:00,2026-03-28T12:56:29.646510+00:00,23.6,11.9944,719.67,0002,0039,EV-014,collected,0.9333,12.9333,5,1,3,2026,23.6
e40e2491_EV-015,2026-03-28T00:56:49.648951+00:00,2026-03-28T14:01:47.773951+00:00,26.5,13.0828,784.97,0002,0039,EV-015,collected,0.9333,14.0167,5,1,3,2026,26.5
e40e2491_EV-016,2026-03-28T00:56:49.648951+00:00,2026-03-29T00:02:03.096217+00:00,66.0,23.0871,1385.22,0002,0039,EV-016,collected,0.9333,0.0333,5,1,3,2026,66.0
e40e2491_EV-017,2026-03-28T00:56:49.648951+00:00,2026-03-28T18:25:58.298853+00:00,33.06,17.4857,1049.14,0002,0039,EV-017,collected,0.9333,18.4167,5,1,3,2026,33.06
e40e2491_EV-018,2026-03-28T00:56:49.648951+00:00,2026-03-28T23:55:16.602076+00:00,42.35,22.9742,1378.45,0002,0039,EV-018,collected,0.9333,23.9167,5,1,3,2026,42.35
e40e2491_EV-019,2026-03-28T00:56:49.648951+00:00,2026-03-28T23:55:16.602076+00:00,47.4,22.9742,1378.45,0002,0039,EV-019,collected,0.9333,23.9167,5,1,3,2026,47.4
e40e2491_EV-020,2026-03-28T00:56:49.648951+00:00,2026-03-29T00:02:03.096217+00:00,81.7,23.0871,1385.22,0002,0039,EV-020,collected,0.9333,0.0333,5,1,3,2026,81.7
e40e2491_EV-021,2026-03-28T00:56:49.648951+00:00,2026-03-28T13:32:17.935084+00:00,24.0,12.5912,755.47,0002,0039,EV-021,collected,0.9333,13.5333,5,1,3,2026,24.0
e40e2491_EV-022,2026-03-28T00:56:49.648951+00:00,2026-03-28T18:25:58.298853+00:00,35.4,17.4857,1049.14,0002,0039,EV-022,collected,0.9333,18.4167,5,1,3,2026,35.4
e40e2491_EV-023,2026-03-28T00:56:49.648951+00:00,2026-03-29T00:02:03.096217+00:00,56.8,23.0871,1385.22,0002,0039,EV-023,collected,0.9333,0.0333,5,1,3,2026,56.8
e40e2491_EV-024,2026-03-28T00:56:49.648951+00:00,2026-03-28T23:55:16.602076+00:00,44.8,22.9742,1378.45,0002,0039,EV-024,collected,0.9333,23.9167,5,1,3,2026,44.8
e40e2491_EV-025,2026-03-28T00:56:49.648951+00:00,2026-03-28T18:25:58.298853+00:00,33.0,17.4857,1049.14,0002,0039,EV-025,collected,0.9333,18.4167,5,1,3,2026,33.0
a8f72988_EV-001,2026-03-28T00:57:11.577447+00:00,2026-03-28T12:28:26.588433+00:00,20.13,11.5208,691.25,0002,0039,EV-001,collected,0.95,12.4667,5,1,3,2026,20.13
a8f72988_EV-002,2026-03-28T00:57:11.577447+00:00,2026-03-28T12:56:51.575006+00:00,22.8,11.9944,719.67,0002,0039,EV-002,collected,0.95,12.9333,5,1,3,2026,22.8
a8f72988_EV-003,2026-03-28T00:57:11.577447+00:00,2026-03-28T12:56:51.575006+00:00,23.43,11.9944,719.67,0002,0039,EV-003,collected,0.95,12.9333,5,1,3,2026,23.43
a8f72988_EV-004,2026-03-28T00:57:11.577447+00:00,2026-03-28T22:44:26.474908+00:00,39.0,21.7875,1307.25,0002,0039,EV-004,collected,0.95,22.7333,5,1,3,2026,39.0
a8f72988_EV-005,2026-03-28T00:57:11.577447+00:00,2026-03-28T23:55:38.530572+00:00,42.0,22.9742,1378.45,0002,0039,EV-005,collected,0.95,23.9167,5,1,3,2026,42.0
a8f72988_EV-006,2026-03-28T00:57:11.577447+00:00,2026-03-29T00:02:25.024713+00:00,50.25,23.0871,1385.22,0002,0039,EV-006,collected,0.95,0.0333,5,1,3,2026,50.25
a8f72988_EV-007,2026-03-28T00:57:11.577447+00:00,2026-03-28T13:50:58.185113+00:00,29.26,12.8963,773.78,0002,0039,EV-007,collected,0.95,13.8333,5,1,3,2026,29.26
a8f72988_EV-008,2026-03-28T00:57:11.577447+00:00,2026-03-28T23:55:38.530572+00:00,43.5,22.9742,1378.45,0002,0039,EV-008,collected,0.95,23.9167,5,1,3,2026,43.5
6184e408_EV-001,2026-03-28T00:57:18.074479+00:00,2026-03-28T12:28:33.085465+00:00,20.13,11.5208,691.25,0002,0039,EV-001,collected,0.95,12.4667,5,1,3,2026,20.13
6184e408_EV-002,2026-03-28T00:57:18.074479+00:00,2026-03-28T12:56:58.072038+00:00,22.8,11.9944,719.67,0002,0039,EV-002,collected,0.95,12.9333,5,1,3,2026,22.8
6184e408_EV-003,2026-03-28T00:57:18.074479+00:00,2026-03-28T12:56:58.072038+00:00,23.43,11.9944,719.67,0002,0039,EV-003,collected,0.95,12.9333,5,1,3,2026,23.43
6184e408_EV-004,2026-03-28T00:57:18.074479+00:00,2026-03-28T22:44:32.971940+00:00,39.0,21.7875,1307.25,0002,0039,EV-004,collected,0.95,22.7333,5,1,3,2026,39.0
6184e408_EV-005,2026-03-28T00:57:18.074479+00:00,2026-03-28T23:55:45.027604+00:00,42.0,22.9742,1378.45,0002,0039,EV-005,collected,0.95,23.9167,5,1,3,2026,42.0
6184e408_EV-006,2026-03-28T00:57:18.074479+00:00,2026-03-29T00:02:31.521745+00:00,50.25,23.0871,1385.22,0002,0039,EV-006,collected,0.95,0.0333,5,1,3,2026,50.25
6184e408_EV-007,2026-03-28T00:57:18.074479+00:00,2026-03-28T13:51:04.682145+00:00,29.26,12.8963,773.78,0002,0039,EV-007,collected,0.95,13.85,5,1,3,2026,29.26
6184e408_EV-008,2026-03-28T00:57:18.074479+00:00,2026-03-28T23:55:45.027604+00:00,43.5,22.9742,1378.45,0002,0039,EV-008,collected,0.95,23.9167,5,1,3,2026,43.5
6184e408_EV-009,2026-03-28T00:57:18.074479+00:00,2026-03-28T23:55:45.027604+00:00,45.75,22.9742,1378.45,0002,0039,EV-009,collected,0.95,23.9167,5,1,3,2026,45.75
6184e408_EV-010,2026-03-28T00:57:18.074479+00:00,2026-03-28T17:52:53.747086+00:00,31.68,16.9266,1015.59,0002,0039,EV-010,collected,0.95,17.8667,5,1,3,2026,31.68
6184e408_EV-011,2026-03-28T00:57:18.074479+00:00,2026-03-29T00:02:31.521745+00:00,62.25,23.0871,1385.22,0002,0039,EV-011,collected,0.95,0.0333,5,1,3,2026,62.25
6184e408_EV-012,2026-03-28T00:57:18.074479+00:00,2026-03-28T22:44:32.971940+00:00,36.72,21.7875,1307.25,0002,0039,EV-012,collected,0.95,22.7333,5,1,3,2026,36.72
6184e408_EV-013,2026-03-28T00:57:18.074479+00:00,2026-03-29T00:02:31.521745+00:00,51.12,23.0871,1385.22,0002,0039,EV-013,collected,0.95,0.0333,5,1,3,2026,51.12
6184e408_EV-014,2026-03-28T00:57:18.074479+00:00,2026-03-28T12:56:58.072038+00:00,23.6,11.9944,719.67,0002,0039,EV-014,collected,0.95,12.9333,5,1,3,2026,23.6
6184e408_EV-015,2026-03-28T00:57:18.074479+00:00,2026-03-28T14:02:16.199479+00:00,26.5,13.0828,784.97,0002,0039,EV-015,collected,0.95,14.0333,5,1,3,2026,26.5
c9e9ece0_EV-01,2026-03-28T09:00:00+00:00,2026-03-28T21:01:23.327637+00:00,45.0,12.0231,721.39,0002,0039,EV-01,collected,9.0,21.0167,5,1,3,2026,45.0
c9e9ece0_EV-02,2026-03-28T09:00:00+00:00,2026-03-28T21:01:23.327637+00:00,42.0,12.0231,721.39,0002,0039,EV-02,collected,9.0,21.0167,5,1,3,2026,42.0
c9e9ece0_EV-03,2026-03-28T09:00:00+00:00,2026-03-28T20:53:01.713867+00:00,39.0,11.8838,713.03,0002,0039,EV-03,collected,9.0,20.8833,5,1,3,2026,39.0
c9e9ece0_EV-04,2026-03-28T09:00:00+00:00,2026-03-28T18:48:57.535400+00:00,36.0,9.816,588.96,0002,0039,EV-04,collected,9.0,18.8,5,1,3,2026,36.0
c9e9ece0_EV-05,2026-03-28T09:00:00+00:00,2026-03-28T18:48:57.535400+00:00,33.0,9.816,588.96,0002,0039,EV-05,collected,9.0,18.8,5,1,3,2026,33.0
c9e9ece0_EV-06,2026-03-28T09:00:00+00:00,2026-03-28T18:02:17.233887+00:00,30.0,9.0381,542.29,0002,0039,EV-06,collected,9.0,18.0333,5,1,3,2026,30.0
c9e9ece0_EV-07,2026-03-28T09:00:00+00:00,2026-03-28T18:02:17.233887+00:00,27.0,9.0381,542.29,0002,0039,EV-07,collected,9.0,18.0333,5,1,3,2026,27.0
c9e9ece0_EV-08,2026-03-28T09:00:00+00:00,2026-03-28T17:56:30.629883+00:00,24.0,8.9418,536.51,0002,0039,EV-08,collected,9.0,17.9333,5,1,3,2026,24.0
c9e9ece0_EV-09,2026-03-28T09:00:00+00:00,2026-03-28T17:25:23.199463+00:00,21.0,8.4231,505.39,0002,0039,EV-09,collected,9.0,17.4167,5,1,3,2026,21.0
c9e9ece0_EV-10,2026-03-28T09:00:00+00:00,2026-03-28T17:13:26.962280+00:00,18.0,8.2242,493.45,0002,0039,EV-10,collected,9.0,17.2167,5,1,3,2026,18.0
f7990101_EV-01,2026-03-28T09:00:00+00:00,2026-03-28T18:50:26.266597+00:00,45.0,9.8406,590.44,0002,0039,EV-01,collected,9.0,18.8333,5,1,3,2026,45.0
f7990101_EV-02,2026-03-28T09:00:00+00:00,2026-03-28T23:38:13.542634+00:00,42.0,14.6371,878.23,0002,0039,EV-02,collected,9.0,23.6333,5,1,3,2026,42.0
f7990101_EV-03,2026-03-28T09:00:00+00:00,2026-03-28T17:58:44.126094+00:00,39.0,8.9789,538.74,0002,0039,EV-03,collected,9.0,17.9667,5,1,3,2026,39.0
f7990101_EV-04,2026-03-28T09:00:00+00:00,2026-03-28T17:49:35.013993+00:00,36.0,8.8264,529.58,0002,0039,EV-04,collected,9.0,17.8167,5,1,3,2026,36.0
f7990101_EV-05,2026-03-28T09:00:00+00:00,2026-03-28T18:29:35.544753+00:00,33.0,9.4932,569.59,0002,0039,EV-05,collected,9.0,18.4833,5,1,3,2026,33.0
f7990101_EV-06,2026-03-28T09:00:00+00:00,2026-03-28T17:28:57.485117+00:00,30.0,8.4826,508.96,0002,0039,EV-06,collected,9.0,17.4667,5,1,3,2026,30.0
f7990101_EV-07,2026-03-28T09:00:00+00:00,2026-03-28T16:06:53.127677+00:00,27.0,7.1148,426.89,0002,0039,EV-07,collected,9.0,16.1,5,1,3,2026,27.0
f7990101_EV-08,2026-03-28T09:00:00+00:00,2026-03-28T16:16:16.886932+00:00,24.0,7.2714,436.28,0002,0039,EV-08,collected,9.0,16.2667,5,1,3,2026,24.0
f7990101_EV-09,2026-03-28T09:00:00+00:00,2026-03-28T20:59:44.652539+00:00,21.0,11.9957,719.74,0002,0039,EV-09,collected,9.0,20.9833,5,1,3,2026,21.0
f7990101_EV-10,2026-03-28T09:00:00+00:00,2026-03-28T18:39:41.491620+00:00,18.0,9.6615,579.69,0002,0039,EV-10,collected,9.0,18.65,5,1,3,2026,18.0
f7aeefb6_EV-01,2026-03-28T09:00:00+00:00,2026-03-28T22:16:19.260393+00:00,45.0,13.272,796.32,0002,0039,EV-01,collected,9.0,22.2667,5,1,3,2026,45.0
f7aeefb6_EV-02,2026-03-28T09:00:00+00:00,2026-03-28T19:58:40.479648+00:00,42.0,10.9779,658.67,0002,0039,EV-02,collected,9.0,19.9667,5,1,3,2026,42.0
f7aeefb6_EV-03,2026-03-28T09:00:00+00:00,2026-03-28T20:20:28.741175+00:00,39.0,11.3413,680.48,0002,0039,EV-03,collected,9.0,20.3333,5,1,3,2026,39.0
f7aeefb6_EV-04,2026-03-28T09:00:00+00:00,2026-03-28T16:21:10.290136+00:00,36.0,7.3529,441.17,0002,0039,EV-04,collected,9.0,16.35,5,1,3,2026,36.0
f7aeefb6_EV-05,2026-03-28T09:00:00+00:00,2026-03-28T17:53:28.214577+00:00,33.0,8.8912,533.47,0002,0039,EV-05,collected,9.0,17.8833,5,1,3,2026,33.0
f7aeefb6_EV-06,2026-03-28T09:00:00+00:00,2026-03-28T19:05:55.950074+00:00,30.0,10.0989,605.93,0002,0039,EV-06,collected,9.0,19.0833,5,1,3,2026,30.0
f7aeefb6_EV-07,2026-03-28T09:00:00+00:00,2026-03-28T17:52:27.583377+00:00,27.0,8.8743,532.46,0002,0039,EV-07,collected,9.0,17.8667,5,1,3,2026,27.0
f7aeefb6_EV-08,2026-03-28T09:00:00+00:00,2026-03-28T21:32:21.560332+00:00,24.0,12.5393,752.36,0002,0039,EV-08,collected,9.0,21.5333,5,1,3,2026,24.0
f7aeefb6_EV-09,2026-03-28T09:00:00+00:00,2026-03-28T18:24:07.271598+00:00,21.0,9.402,564.12,0002,0039,EV-09,collected,9.0,18.4,5,1,3,2026,21.0
f7aeefb6_EV-10,2026-03-28T09:00:00+00:00,2026-03-28T16:51:58.773326+00:00,18.0,7.8663,471.98,0002,0039,EV-10,collected,9.0,16.85,5,1,3,2026,18.0
230ca5ad_EV-01,2026-03-28T09:00:00+00:00,2026-03-28T21:38:46.538347+00:00,45.0,12.6463,758.78,0002,0039,EV-01,collected,9.0,21.6333,5,1,3,2026,45.0
230ca5ad_EV-02,2026-03-28T09:00:00+00:00,2026-03-28T19:13:56.703876+00:00,42.0,10.2324,613.95,0002,0039,EV-02,collected,9.0,19.2167,5,1,3,2026,42.0
230ca5ad_EV-03,2026-03-28T09:00:00+00:00,2026-03-28T21:39:45.333068+00:00,39.0,12.6626,759.76,0002,0039,EV-03,collected,9.0,21.65,5,1,3,2026,39.0
230ca5ad_EV-04,2026-03-28T09:00:00+00:00,2026-03-28T18:33:55.222347+00:00,36.0,9.5653,573.92,0002,0039,EV-04,collected,9.0,18.55,5,1,3,2026,36.0
230ca5ad_EV-05,2026-03-28T09:00:00+00:00,2026-03-28T15:44:54.921047+00:00,33.0,6.7486,404.92,0002,0039,EV-05,collected,9.0,15.7333,5,1,3,2026,33.0
230ca5ad_EV-06,2026-03-28T09:00:00+00:00,2026-03-28T18:59:25.165227+00:00,30.0,9.9903,599.42,0002,0039,EV-06,collected,9.0,18.9833,5,1,3,2026,30.0
230ca5ad_EV-07,2026-03-28T09:00:00+00:00,2026-03-28T17:38:20.328017+00:00,27.0,8.639,518.34,0002,0039,EV-07,collected,9.0,17.6333,5,1,3,2026,27.0
230ca5ad_EV-08,2026-03-28T09:00:00+00:00,2026-03-28T18:16:52.404130+00:00,24.0,9.2812,556.87,0002,0039,EV-08,collected,9.0,18.2667,5,1,3,2026,24.0
230ca5ad_EV-09,2026-03-28T09:00:00+00:00,2026-03-28T18:00:37.903369+00:00,21.0,9.0105,540.63,0002,0039,EV-09,collected,9.0,18.0,5,1,3,2026,21.0
230ca5ad_EV-10,2026-03-28T09:00:00+00:00,2026-03-28T16:50:31.706716+00:00,18.0,7.8421,470.53,0002,0039,EV-10,collected,9.0,16.8333,5,1,3,2026,18.0
03334e48_EV-01,2026-03-28T09:00:00+00:00,2026-03-28T22:49:42.087698+00:00,45.0,13.8284,829.7,0002,0039,EV-01,collected,9.0,22.8167,5,1,3,2026,45.0
03334e48_EV-02,2026-03-28T09:00:00+00:00,2026-03-28T20:33:18.683017+00:00,42.0,11.5552,693.31,0002,0039,EV-02,collected,9.0,20.55,5,1,3,2026,42.0
03334e48_EV-03,2026-03-28T09:00:00+00:00,2026-03-28T21:01:12.373124+00:00,39.0,12.0201,721.21,0002,0039,EV-03,collected,9.0,21.0167,5,1,3,2026,39.0
03334e48_EV-04,2026-03-28T09:00:00+00:00,2026-03-28T19:16:44.509650+00:00,36.0,10.279,616.74,0002,0039,EV-04,collected,9.0,19.2667,5,1,3,2026,36.0
03334e48_EV-05,2026-03-28T09:00:00+00:00,2026-03-28T20:07:21.649274+00:00,33.0,11.1227,667.36,0002,0039,EV-05,collected,9.0,20.1167,5,1,3,2026,33.0
03334e48_EV-06,2026-03-28T09:00:00+00:00,2026-03-28T18:10:41.746760+00:00,30.0,9.1783,550.7,0002,0039,EV-06,collected,9.0,18.1667,5,1,3,2026,30.0
03334e48_EV-07,2026-03-28T09:00:00+00:00,2026-03-28T19:51:15.656730+00:00,27.0,10.8543,651.26,0002,0039,EV-07,collected,9.0,19.85,5,1,3,2026,27.0
03334e48_EV-08,2026-03-28T09:00:00+00:00,2026-03-28T19:47:11.591428+00:00,24.0,10.7866,647.19,0002,0039,EV-08,collected,9.0,19.7833,5,1,3,2026,24.0
03334e48_EV-09,2026-03-28T09:00:00+00:00,2026-03-28T18:44:09.164109+00:00,21.0,9.7359,584.15,0002,0039,EV-09,collected,9.0,18.7333,5,1,3,2026,21.0
03334e48_EV-10,2026-03-28T09:00:00+00:00,2026-03-28T16:38:29.568847+00:00,18.0,7.6415,458.49,0002,0039,EV-10,collected,9.0,16.6333,5,1,3,2026,18.0
e007e59e_EV-001,2026-03-28T21:49:32.244540+00:00,2026-03-29T05:38:46.076150+00:00,20.13,7.8205,469.23,0002,0039,EV-001,collected,21.8167,5.6333,5,1,3,2026,20.13
e007e59e_EV-002,2026-03-28T21:49:32.244540+00:00,2026-03-29T07:05:30.874006+00:00,22.8,9.2663,555.98,0002,0039,EV-002,collected,21.8167,7.0833,5,1,3,2026,22.8
e007e59e_EV-003,2026-03-28T21:49:32.244540+00:00,2026-03-29T02:36:17.284780+00:00,23.43,4.7792,286.75,0002,0039,EV-003,collected,21.8167,2.6,5,1,3,2026,23.43
e007e59e_EV-004,2026-03-28T21:49:32.244540+00:00,2026-03-29T16:27:06.668276+00:00,39.0,18.6262,1117.57,0002,0039,EV-004,collected,21.8167,16.45,5,1,3,2026,39.0
e007e59e_EV-005,2026-03-28T21:49:32.244540+00:00,2026-03-29T12:43:00.015943+00:00,42.0,14.891,893.46,0002,0039,EV-005,collected,21.8167,12.7167,5,1,3,2026,42.0
e007e59e_EV-006,2026-03-28T21:49:32.244540+00:00,2026-03-29T13:41:42.133640+00:00,50.25,15.8694,952.16,0002,0039,EV-006,collected,21.8167,13.6833,5,1,3,2026,50.25
e007e59e_EV-007,2026-03-28T21:49:32.244540+00:00,2026-03-29T01:56:31.647913+00:00,29.26,4.1165,246.99,0002,0039,EV-007,collected,21.8167,1.9333,5,1,3,2026,29.26
e007e59e_EV-008,2026-03-28T21:49:32.244540+00:00,2026-03-29T13:22:49.834426+00:00,43.5,15.5549,933.29,0002,0039,EV-008,collected,21.8167,13.3667,5,1,3,2026,43.5
e007e59e_EV-009,2026-03-28T21:49:32.244540+00:00,2026-03-29T14:53:27.972875+00:00,45.75,17.0655,1023.93,0002,0039,EV-009,collected,21.8167,14.8833,5,1,3,2026,45.75
e007e59e_EV-010,2026-03-28T21:49:32.244540+00:00,2026-03-29T09:11:15.248223+00:00,31.68,11.3619,681.72,0002,0039,EV-010,collected,21.8167,9.1833,5,1,3,2026,31.68
ff50ec36_EV-001,2026-03-28T21:49:44.351773+00:00,2026-03-29T04:28:20.754245+00:00,20.13,6.6434,398.61,0002,0039,EV-001,collected,21.8167,4.4667,5,1,3,2026,20.13
ff50ec36_EV-002,2026-03-28T21:49:44.351773+00:00,2026-03-29T01:20:48.279524+00:00,22.8,3.5178,211.07,0002,0039,EV-002,collected,21.8167,1.3333,5,1,3,2026,22.8
ff50ec36_EV-003,2026-03-28T21:49:44.351773+00:00,2026-03-29T01:55:06.153923+00:00,23.43,4.0894,245.36,0002,0039,EV-003,collected,21.8167,1.9167,5,1,3,2026,23.43
ff50ec36_EV-004,2026-03-28T21:49:44.351773+00:00,2026-03-29T10:50:12.838878+00:00,39.0,13.0079,780.47,0002,0039,EV-004,collected,21.8167,10.8333,5,1,3,2026,39.0
ff50ec36_EV-005,2026-03-28T21:49:44.351773+00:00,2026-03-29T16:52:19.244874+00:00,42.0,19.043,1142.58,0002,0039,EV-005,collected,21.8167,16.8667,5,1,3,2026,42.0
ff50ec36_EV-006,2026-03-28T21:49:44.351773+00:00,2026-03-29T14:58:51.055581+00:00,50.25,17.1519,1029.11,0002,0039,EV-006,collected,21.8167,14.9667,5,1,3,2026,50.25
ff50ec36_EV-007,2026-03-28T21:49:44.351773+00:00,2026-03-29T03:05:28.081859+00:00,29.26,5.2621,315.73,0002,0039,EV-007,collected,21.8167,3.0833,5,1,3,2026,29.26
ff50ec36_EV-008,2026-03-28T21:49:44.351773+00:00,2026-03-29T16:34:05.500235+00:00,43.5,18.7392,1124.35,0002,0039,EV-008,collected,21.8167,16.5667,5,1,3,2026,43.5
ff50ec36_EV-009,2026-03-28T21:49:44.351773+00:00,2026-03-29T12:37:57.297589+00:00,45.75,14.8036,888.22,0002,0039,EV-009,collected,21.8167,12.6167,5,1,3,2026,45.75
ff50ec36_EV-010,2026-03-28T21:49:44.351773+00:00,2026-03-29T08:43:04.962276+00:00,31.68,10.8891,653.34,0002,0039,EV-010,collected,21.8167,8.7167,5,1,3,2026,31.68
ff50ec36_EV-011,2026-03-28T21:49:44.351773+00:00,2026-03-29T14:11:15.370310+00:00,62.25,16.3586,981.52,0002,0039,EV-011,collected,21.8167,14.1833,5,1,3,2026,62.25
ff50ec36_EV-012,2026-03-28T21:49:44.351773+00:00,2026-03-29T14:25:13.218076+00:00,36.72,16.5914,995.48,0002,0039,EV-012,collected,21.8167,14.4167,5,1,3,2026,36.72
ff50ec36_EV-013,2026-03-28T21:49:44.351773+00:00,2026-03-29T16:07:22.792863+00:00,51.12,18.294,1097.64,0002,0039,EV-013,collected,21.8167,16.1167,5,1,3,2026,51.12
ff50ec36_EV-014,2026-03-28T21:49:44.351773+00:00,2026-03-29T06:35:24.332316+00:00,23.6,8.7611,525.67,0002,0039,EV-014,collected,21.8167,6.5833,5,1,3,2026,23.6
ff50ec36_EV-015,2026-03-28T21:49:44.351773+00:00,2026-03-29T03:55:21.509776+00:00,26.5,6.0937,365.62,0002,0039,EV-015,collected,21.8167,3.9167,5,1,3,2026,26.5
ff50ec36_EV-016,2026-03-28T21:49:44.351773+00:00,2026-03-29T15:38:20.691384+00:00,66.0,17.8101,1068.61,0002,0039,EV-016,collected,21.8167,15.6333,5,1,3,2026,66.0
ff50ec36_EV-017,2026-03-28T21:49:44.351773+00:00,2026-03-29T09:01:04.700565+00:00,33.06,11.189,671.34,0002,0039,EV-017,collected,21.8167,9.0167,5,1,3,2026,33.06
ff50ec36_EV-018,2026-03-28T21:49:44.351773+00:00,2026-03-29T10:57:36.064426+00:00,42.35,13.131,787.86,0002,0039,EV-018,collected,21.8167,10.95,5,1,3,2026,42.35
ff50ec36_EV-019,2026-03-28T21:49:44.351773+00:00,2026-03-29T15:02:45.030230+00:00,47.4,17.2169,1033.01,0002,0039,EV-019,collected,21.8167,15.0333,5,1,3,2026,47.4
ff50ec36_EV-020,2026-03-28T21:49:44.351773+00:00,2026-03-29T15:49:51.674410+00:00,81.7,18.002,1080.12,0002,0039,EV-020,collected,21.8167,15.8167,5,1,3,2026,81.7
ff50ec36_EV-021,2026-03-28T21:49:44.351773+00:00,2026-03-29T03:29:46.659180+00:00,24.0,5.6673,340.04,0002,0039,EV-021,collected,21.8167,3.4833,5,1,3,2026,24.0
ff50ec36_EV-022,2026-03-28T21:49:44.351773+00:00,2026-03-29T07:49:24.079737+00:00,35.4,9.9944,599.66,0002,0039,EV-022,collected,21.8167,7.8167,5,1,3,2026,35.4
ff50ec36_EV-023,2026-03-28T21:49:44.351773+00:00,2026-03-29T13:00:19.912253+00:00,56.8,15.1765,910.59,0002,0039,EV-023,collected,21.8167,13.0,5,1,3,2026,56.8
ff50ec36_EV-024,2026-03-28T21:49:44.351773+00:00,2026-03-29T14:49:44.345310+00:00,44.8,17.0,1020.0,0002,0039,EV-024,collected,21.8167,14.8167,5,1,3,2026,44.8
ff50ec36_EV-025,2026-03-28T21:49:44.351773+00:00,2026-03-29T08:48:22.901535+00:00,33.0,10.9774,658.64,0002,0039,EV-025,collected,21.8167,8.8,5,1,3,2026,33.0
ff50ec36_EV-026,2026-03-28T21:49:44.351773+00:00,2026-03-29T14:56:07.270855+00:00,60.06,17.1064,1026.38,0002,0039,EV-026,collected,21.8167,14.9333,5,1,3,2026,60.06
ff50ec36_EV-027,2026-03-28T21:49:44.351773+00:00,2026-03-29T10:37:16.683455+00:00,33.0,12.7923,767.54,0002,0039,EV-027,collected,21.8167,10.6167,5,1,3,2026,33.0
ff50ec36_EV-028,2026-03-28T21:49:44.351773+00:00,2026-03-29T15:02:09.165834+00:00,47.5,17.2069,1032.41,0002,0039,EV-028,collected,21.8167,15.0333,5,1,3,2026,47.5
ff50ec36_EV-029,2026-03-28T21:49:44.351773+00:00,2026-03-29T04:30:00.073791+00:00,14.5,6.671,400.26,0002,0039,EV-029,collected,21.8167,4.5,5,1,3,2026,14.5
ff50ec36_EV-030,2026-03-28T21:49:44.351773+00:00,2026-03-29T14:08:08.335757+00:00,60.83,16.3067,978.4,0002,0039,EV-030,collected,21.8167,14.1333,5,1,3,2026,60.83
ff50ec36_EV-031,2026-03-28T21:49:44.351773+00:00,2026-03-29T16:57:11.592431+00:00,56.21,19.1242,1147.45,0002,0039,EV-031,collected,21.8167,16.95,5,1,3,2026,56.21
ff50ec36_EV-032,2026-03-28T21:49:44.351773+00:00,2026-03-29T03:05:30.367693+00:00,18.0,5.2628,315.77,0002,0039,EV-032,collected,21.8167,3.0833,5,1,3,2026,18.0
ff50ec36_EV-033,2026-03-28T21:49:44.351773+00:00,2026-03-29T08:25:59.149148+00:00,31.5,10.6041,636.25,0002,0039,EV-033,collected,21.8167,8.4167,5,1,3,2026,31.5
ff50ec36_EV-034,2026-03-28T21:49:44.351773+00:00,2026-03-29T14:59:07.225242+00:00,61.5,17.1564,1029.38,0002,0039,EV-034,collected,21.8167,14.9833,5,1,3,2026,61.5
ff50ec36_EV-035,2026-03-28T21:49:44.351773+00:00,2026-03-29T15:34:49.798588+00:00,52.36,17.7515,1065.09,0002,0039,EV-035,collected,21.8167,15.5667,5,1,3,2026,52.36
ff50ec36_EV-036,2026-03-28T21:49:44.351773+00:00,2026-03-29T14:33:16.939761+00:00,42.35,16.7257,1003.54,0002,0039,EV-036,collected,21.8167,14.55,5,1,3,2026,42.35
ff50ec36_EV-037,2026-03-28T21:49:44.351773+00:00,2026-03-29T15:00:41.010483+00:00,40.02,17.1824,1030.94,0002,0039,EV-037,collected,21.8167,15.0,5,1,3,2026,40.02
ff50ec36_EV-038,2026-03-28T21:49:44.351773+00:00,2026-03-29T08:48:16.498251+00:00,34.2,10.9756,658.54,0002,0039,EV-038,collected,21.8167,8.8,5,1,3,2026,34.2
ff50ec36_EV-039,2026-03-28T21:49:44.351773+00:00,2026-03-29T12:50:10.938403+00:00,56.05,15.0074,900.44,0002,0039,EV-039,collected,21.8167,12.8333,5,1,3,2026,56.05
ff50ec36_EV-040,2026-03-28T21:49:44.351773+00:00,2026-03-29T13:51:12.747511+00:00,51.0,16.0246,961.47,0002,0039,EV-040,collected,21.8167,13.85,5,1,3,2026,51.0
ff50ec36_EV-041,2026-03-28T21:49:44.351773+00:00,2026-03-29T16:50:48.437134+00:00,36.72,19.0178,1141.07,0002,0039,EV-041,collected,21.8167,16.8333,5,1,3,2026,36.72
ff50ec36_EV-042,2026-03-28T21:49:44.351773+00:00,2026-03-29T15:49:42.854742+00:00,44.66,17.9996,1079.98,0002,0039,EV-042,collected,21.8167,15.8167,5,1,3,2026,44.66
ff50ec36_EV-043,2026-03-28T21:49:44.351773+00:00,2026-03-29T17:07:27.193180+00:00,61.75,19.2952,1157.71,0002,0039,EV-043,collected,21.8167,17.1167,5,1,3,2026,61.75
ff50ec36_EV-044,2026-03-28T21:49:44.351773+00:00,2026-03-29T04:39:18.690629+00:00,23.2,6.8262,409.57,0002,0039,EV-044,collected,21.8167,4.65,5,1,3,2026,23.2
ff50ec36_EV-045,2026-03-28T21:49:44.351773+00:00,2026-03-29T15:08:18.141024+00:00,43.12,17.3094,1038.56,0002,0039,EV-045,collected,21.8167,15.1333,5,1,3,2026,43.12
e7b99924_EV-001,2026-03-28T21:49:56.100176+00:00,2026-03-29T03:56:37.192136+00:00,20.13,6.1114,366.68,0002,0039,EV-001,collected,21.8167,3.9333,5,1,3,2026,20.13
e7b99924_EV-002,2026-03-28T21:49:56.100176+00:00,2026-03-29T02:42:32.334836+00:00,22.8,4.8767,292.6,0002,0039,EV-002,collected,21.8167,2.7,5,1,3,2026,22.8
e7b99924_EV-003,2026-03-28T21:49:56.100176+00:00,2026-03-29T05:31:00.941495+00:00,23.43,7.6847,461.08,0002,0039,EV-003,collected,21.8167,5.5167,5,1,3,2026,23.43
e7b99924_EV-004,2026-03-28T21:49:56.100176+00:00,2026-03-29T15:34:54.238778+00:00,39.0,17.7495,1064.97,0002,0039,EV-004,collected,21.8167,15.5667,5,1,3,2026,39.0
e7b99924_EV-005,2026-03-28T21:49:56.100176+00:00,2026-03-29T12:08:40.219320+00:00,42.0,14.3123,858.74,0002,0039,EV-005,collected,21.8167,12.1333,5,1,3,2026,42.0
e7b99924_EV-006,2026-03-28T21:49:56.100176+00:00,2026-03-29T11:40:20.950472+00:00,50.25,13.8402,830.41,0002,0039,EV-006,collected,21.8167,11.6667,5,1,3,2026,50.25
e7b99924_EV-007,2026-03-28T21:49:56.100176+00:00,2026-03-29T03:49:09.474870+00:00,29.26,5.987,359.22,0002,0039,EV-007,collected,21.8167,3.8167,5,1,3,2026,29.26
e7b99924_EV-008,2026-03-28T21:49:56.100176+00:00,2026-03-29T13:05:01.672546+00:00,43.5,15.2515,915.09,0002,0039,EV-008,collected,21.8167,13.0833,5,1,3,2026,43.5
e7b99924_EV-009,2026-03-28T21:49:56.100176+00:00,2026-03-29T13:31:32.836471+00:00,45.75,15.6935,941.61,0002,0039,EV-009,collected,21.8167,13.5167,5,1,3,2026,45.75
e7b99924_EV-010,2026-03-28T21:49:56.100176+00:00,2026-03-29T09:13:36.868605+00:00,31.68,11.3947,683.68,0002,0039,EV-010,collected,21.8167,9.2167,5,1,3,2026,31.68
e7b99924_EV-011,2026-03-28T21:49:56.100176+00:00,2026-03-29T15:44:45.402751+00:00,62.25,17.9137,1074.82,0002,0039,EV-011,collected,21.8167,15.7333,5,1,3,2026,62.25
e7b99924_EV-012,2026-03-28T21:49:56.100176+00:00,2026-03-29T17:38:28.657726+00:00,36.72,19.809,1188.54,0002,0039,EV-012,collected,21.8167,17.6333,5,1,3,2026,36.72
e7b99924_EV-013,2026-03-28T21:49:56.100176+00:00,2026-03-29T14:28:04.013928+00:00,51.12,16.6355,998.13,0002,0039,EV-013,collected,21.8167,14.4667,5,1,3,2026,51.12
e7b99924_EV-014,2026-03-28T21:49:56.100176+00:00,2026-03-29T02:24:22.495048+00:00,23.6,4.574,274.44,0002,0039,EV-014,collected,21.8167,2.4,5,1,3,2026,23.6
e7b99924_EV-015,2026-03-28T21:49:56.100176+00:00,2026-03-29T05:39:11.332955+00:00,26.5,7.8209,469.25,0002,0039,EV-015,collected,21.8167,5.65,5,1,3,2026,26.5
e7b99924_EV-016,2026-03-28T21:49:56.100176+00:00,2026-03-29T14:39:30.805072+00:00,66.0,16.8263,1009.58,0002,0039,EV-016,collected,21.8167,14.65,5,1,3,2026,66.0
e7b99924_EV-017,2026-03-28T21:49:56.100176+00:00,2026-03-29T08:42:34.297415+00:00,33.06,10.8773,652.64,0002,0039,EV-017,collected,21.8167,8.7,5,1,3,2026,33.06
e7b99924_EV-018,2026-03-28T21:49:56.100176+00:00,2026-03-29T13:29:34.088461+00:00,42.35,15.6606,939.63,0002,0039,EV-018,collected,21.8167,13.4833,5,1,3,2026,42.35
e7b99924_EV-019,2026-03-28T21:49:56.100176+00:00,2026-03-29T13:15:34.251222+00:00,47.4,15.4273,925.64,0002,0039,EV-019,collected,21.8167,13.25,5,1,3,2026,47.4
e7b99924_EV-020,2026-03-28T21:49:56.100176+00:00,2026-03-29T14:03:35.557788+00:00,81.7,16.2276,973.66,0002,0039,EV-020,collected,21.8167,14.05,5,1,3,2026,81.7
e7b99924_EV-021,2026-03-28T21:49:56.100176+00:00,2026-03-29T05:15:08.520107+00:00,24.0,7.4201,445.21,0002,0039,EV-021,collected,21.8167,5.25,5,1,3,2026,24.0
e7b99924_EV-022,2026-03-28T21:49:56.100176+00:00,2026-03-29T08:28:58.416707+00:00,35.4,10.6506,639.04,0002,0039,EV-022,collected,21.8167,8.4667,5,1,3,2026,35.4
e7b99924_EV-023,2026-03-28T21:49:56.100176+00:00,2026-03-29T15:03:49.665213+00:00,56.8,17.2315,1033.89,0002,0039,EV-023,collected,21.8167,15.05,5,1,3,2026,56.8
e7b99924_EV-024,2026-03-28T21:49:56.100176+00:00,2026-03-29T14:56:53.974244+00:00,44.8,17.1161,1026.96,0002,0039,EV-024,collected,21.8167,14.9333,5,1,3,2026,44.8
e7b99924_EV-025,2026-03-28T21:49:56.100176+00:00,2026-03-29T07:29:06.823945+00:00,33.0,9.653,579.18,0002,0039,EV-025,collected,21.8167,7.4833,5,1,3,2026,33.0
e7b99924_EV-026,2026-03-28T21:49:56.100176+00:00,2026-03-29T13:47:14.825692+00:00,60.06,15.9552,957.31,0002,0039,EV-026,collected,21.8167,13.7833,5,1,3,2026,60.06
e7b99924_EV-027,2026-03-28T21:49:56.100176+00:00,2026-03-29T07:05:02.888703+00:00,33.0,9.2519,555.11,0002,0039,EV-027,collected,21.8167,7.0833,5,1,3,2026,33.0
e7b99924_EV-028,2026-03-28T21:49:56.100176+00:00,2026-03-29T14:50:33.409304+00:00,47.5,17.0104,1020.62,0002,0039,EV-028,collected,21.8167,14.8333,5,1,3,2026,47.5
e7b99924_EV-029,2026-03-28T21:49:56.100176+00:00,2026-03-29T03:46:09.348797+00:00,14.5,5.937,356.22,0002,0039,EV-029,collected,21.8167,3.7667,5,1,3,2026,14.5
e7b99924_EV-030,2026-03-28T21:49:56.100176+00:00,2026-03-29T13:25:31.219235+00:00,60.83,15.5931,935.59,0002,0039,EV-030,collected,21.8167,13.4167,5,1,3,2026,60.83
e7b99924_EV-031,2026-03-28T21:49:56.100176+00:00,2026-03-29T13:18:59.128483+00:00,56.21,15.4842,929.05,0002,0039,EV-031,collected,21.8167,13.3,5,1,3,2026,56.21
e7b99924_EV-032,2026-03-28T21:49:56.100176+00:00,2026-03-29T06:40:21.943089+00:00,18.0,8.8405,530.43,0002,0039,EV-032,collected,21.8167,6.6667,5,1,3,2026,18.0
e7b99924_EV-033,2026-03-28T21:49:56.100176+00:00,2026-03-29T09:32:26.758999+00:00,31.5,11.7085,702.51,0002,0039,EV-033,collected,21.8167,9.5333,5,1,3,2026,31.5
e7b99924_EV-034,2026-03-28T21:49:56.100176+00:00,2026-03-29T14:59:27.988491+00:00,61.5,17.1589,1029.53,0002,0039,EV-034,collected,21.8167,14.9833,5,1,3,2026,61.5
e7b99924_EV-035,2026-03-28T21:49:56.100176+00:00,2026-03-29T12:44:17.390149+00:00,52.36,14.9059,894.35,0002,0039,EV-035,collected,21.8167,12.7333,5,1,3,2026,52.36
e7b99924_EV-036,2026-03-28T21:49:56.100176+00:00,2026-03-29T15:22:58.516870+00:00,42.35,17.5507,1053.04,0002,0039,EV-036,collected,21.8167,15.3667,5,1,3,2026,42.35
e7b99924_EV-037,2026-03-28T21:49:56.100176+00:00,2026-03-29T15:22:04.636565+00:00,40.02,17.5357,1052.14,0002,0039,EV-037,collected,21.8167,15.3667,5,1,3,2026,40.02
e7b99924_EV-038,2026-03-28T21:49:56.100176+00:00,2026-03-29T08:35:20.150401+00:00,34.2,10.7567,645.4,0002,0039,EV-038,collected,21.8167,8.5833,5,1,3,2026,34.2
e7b99924_EV-039,2026-03-28T21:49:56.100176+00:00,2026-03-29T14:01:07.000671+00:00,56.05,16.1864,971.18,0002,0039,EV-039,collected,21.8167,14.0167,5,1,3,2026,56.05
e7b99924_EV-040,2026-03-28T21:49:56.100176+00:00,2026-03-29T14:56:31.738146+00:00,51.0,17.1099,1026.59,0002,0039,EV-040,collected,21.8167,14.9333,5,1,3,2026,51.0
e7b99924_EV-041,2026-03-28T21:49:56.100176+00:00,2026-03-29T15:28:39.297219+00:00,36.72,17.6453,1058.72,0002,0039,EV-041,collected,21.8167,15.4667,5,1,3,2026,36.72
e7b99924_EV-042,2026-03-28T21:49:56.100176+00:00,2026-03-29T13:09:53.526775+00:00,44.66,15.3326,919.96,0002,0039,EV-042,collected,21.8167,13.15,5,1,3,2026,44.66
e7b99924_EV-043,2026-03-28T21:49:56.100176+00:00,2026-03-29T13:22:12.808901+00:00,61.75,15.538,932.28,0002,0039,EV-043,collected,21.8167,13.3667,5,1,3,2026,61.75
e7b99924_EV-044,2026-03-28T21:49:56.100176+00:00,2026-03-29T05:53:15.371279+00:00,23.2,8.0554,483.32,0002,0039,EV-044,collected,21.8167,5.8833,5,1,3,2026,23.2
e7b99924_EV-045,2026-03-28T21:49:56.100176+00:00,2026-03-29T15:27:29.491660+00:00,43.12,17.6259,1057.56,0002,0039,EV-045,collected,21.8167,15.45,5,1,3,2026,43.12
a4d55a57_EV-001,2026-03-28T21:50:08.053937+00:00,2026-03-29T03:13:28.983498+00:00,20.13,5.3891,323.35,0002,0039,EV-001,collected,21.8333,3.2167,5,1,3,2026,20.13
a4d55a57_EV-002,2026-03-28T21:50:08.053937+00:00,2026-03-29T07:02:38.082238+00:00,22.8,9.2083,552.5,0002,0039,EV-002,collected,21.8333,7.0333,5,1,3,2026,22.8
a4d55a57_EV-003,2026-03-28T21:50:08.053937+00:00,2026-03-29T04:49:48.994326+00:00,23.43,6.9947,419.68,0002,0039,EV-003,collected,21.8333,4.8167,5,1,3,2026,23.43
a4d55a57_EV-004,2026-03-28T21:50:08.053937+00:00,2026-03-29T11:43:20.019244+00:00,39.0,13.8867,833.2,0002,0039,EV-004,collected,21.8333,11.7167,5,1,3,2026,39.0
a4d55a57_EV-005,2026-03-28T21:50:08.053937+00:00,2026-03-29T16:04:45.139927+00:00,42.0,18.2436,1094.62,0002,0039,EV-005,collected,21.8333,16.0667,5,1,3,2026,42.0
a4d55a57_EV-006,2026-03-28T21:50:08.053937+00:00,2026-03-29T14:07:18.638586+00:00,50.25,16.2863,977.18,0002,0039,EV-006,collected,21.8333,14.1167,5,1,3,2026,50.25
a4d55a57_EV-007,2026-03-28T21:50:08.053937+00:00,2026-03-29T05:27:33.764523+00:00,29.26,7.6238,457.43,0002,0039,EV-007,collected,21.8333,5.45,5,1,3,2026,29.26
a4d55a57_EV-008,2026-03-28T21:50:08.053937+00:00,2026-03-29T15:35:12.008340+00:00,43.5,17.7511,1065.07,0002,0039,EV-008,collected,21.8333,15.5833,5,1,3,2026,43.5
a4d55a57_EV-009,2026-03-28T21:50:08.053937+00:00,2026-03-29T15:33:33.572586+00:00,45.75,17.7238,1063.43,0002,0039,EV-009,collected,21.8333,15.55,5,1,3,2026,45.75
a4d55a57_EV-010,2026-03-28T21:50:08.053937+00:00,2026-03-29T08:02:11.419751+00:00,31.68,10.2009,612.06,0002,0039,EV-010,collected,21.8333,8.0333,5,1,3,2026,31.68
a4d55a57_EV-011,2026-03-28T21:50:08.053937+00:00,2026-03-29T14:33:43.899685+00:00,62.25,16.7266,1003.6,0002,0039,EV-011,collected,21.8333,14.55,5,1,3,2026,62.25
a4d55a57_EV-012,2026-03-28T21:50:08.053937+00:00,2026-03-29T15:23:42.705096+00:00,36.72,17.5596,1053.58,0002,0039,EV-012,collected,21.8333,15.3833,5,1,3,2026,36.72
a4d55a57_EV-013,2026-03-28T21:50:08.053937+00:00,2026-03-29T16:17:43.432988+00:00,51.12,18.4598,1107.59,0002,0039,EV-013,collected,21.8333,16.2833,5,1,3,2026,51.12
a4d55a57_EV-014,2026-03-28T21:50:08.053937+00:00,2026-03-29T02:34:51.228677+00:00,23.6,4.7453,284.72,0002,0039,EV-014,collected,21.8333,2.5667,5,1,3,2026,23.6
a4d55a57_EV-015,2026-03-28T21:50:08.053937+00:00,2026-03-29T04:17:24.207459+00:00,26.5,6.4545,387.27,0002,0039,EV-015,collected,21.8333,4.2833,5,1,3,2026,26.5
a4d55a57_EV-016,2026-03-28T21:50:08.053937+00:00,2026-03-29T17:16:37.772248+00:00,66.0,19.4416,1166.5,0002,0039,EV-016,collected,21.8333,17.2667,5,1,3,2026,66.0
a4d55a57_EV-017,2026-03-28T21:50:08.053937+00:00,2026-03-29T08:10:12.465891+00:00,33.06,10.3346,620.07,0002,0039,EV-017,collected,21.8333,8.1667,5,1,3,2026,33.06
a4d55a57_EV-018,2026-03-28T21:50:08.053937+00:00,2026-03-29T12:44:00.676792+00:00,42.35,14.898,893.88,0002,0039,EV-018,collected,21.8333,12.7333,5,1,3,2026,42.35
a4d55a57_EV-019,2026-03-28T21:50:08.053937+00:00,2026-03-29T15:29:46.183178+00:00,47.4,17.6606,1059.64,0002,0039,EV-019,collected,21.8333,15.4833,5,1,3,2026,47.4
a4d55a57_EV-020,2026-03-28T21:50:08.053937+00:00,2026-03-29T13:13:42.662997+00:00,81.7,15.3929,923.58,0002,0039,EV-020,collected,21.8333,13.2167,5,1,3,2026,81.7
a4d55a57_EV-021,2026-03-28T21:50:08.053937+00:00,2026-03-29T00:40:46.605373+00:00,24.0,2.844,170.64,0002,0039,EV-021,collected,21.8333,0.6667,5,1,3,2026,24.0
a4d55a57_EV-022,2026-03-28T21:50:08.053937+00:00,2026-03-29T07:25:09.031867+00:00,35.4,9.5836,575.02,0002,0039,EV-022,collected,21.8333,7.4167,5,1,3,2026,35.4
a4d55a57_EV-023,2026-03-28T21:50:08.053937+00:00,2026-03-29T13:50:33.993255+00:00,56.8,16.0072,960.43,0002,0039,EV-023,collected,21.8333,13.8333,5,1,3,2026,56.8
a4d55a57_EV-024,2026-03-28T21:50:08.053937+00:00,2026-03-29T12:41:11.951415+00:00,44.8,14.8511,891.06,0002,0039,EV-024,collected,21.8333,12.6833,5,1,3,2026,44.8
a4d55a57_EV-025,2026-03-28T21:50:08.053937+00:00,2026-03-29T09:42:56.512385+00:00,33.0,11.8801,712.81,0002,0039,EV-025,collected,21.8333,9.7,5,1,3,2026,33.0
a4d55a57_EV-026,2026-03-28T21:50:08.053937+00:00,2026-03-29T14:24:54.882349+00:00,60.06,16.5797,994.78,0002,0039,EV-026,collected,21.8333,14.4,5,1,3,2026,60.06
a4d55a57_EV-027,2026-03-28T21:50:08.053937+00:00,2026-03-29T10:43:49.505482+00:00,33.0,12.8948,773.69,0002,0039,EV-027,collected,21.8333,10.7167,5,1,3,2026,33.0
a4d55a57_EV-028,2026-03-28T21:50:08.053937+00:00,2026-03-29T16:20:46.914300+00:00,47.5,18.5108,1110.65,0002,0039,EV-028,collected,21.8333,16.3333,5,1,3,2026,47.5
a4d55a57_EV-029,2026-03-28T21:50:08.053937+00:00,2026-03-29T05:08:02.592770+00:00,14.5,7.2985,437.91,0002,0039,EV-029,collected,21.8333,5.1333,5,1,3,2026,14.5
a4d55a57_EV-030,2026-03-28T21:50:08.053937+00:00,2026-03-29T16:49:18.254794+00:00,60.83,18.9862,1139.17,0002,0039,EV-030,collected,21.8333,16.8167,5,1,3,2026,60.83
a4d55a57_EV-031,2026-03-28T21:50:08.053937+00:00,2026-03-29T15:38:15.247393+00:00,56.21,17.802,1068.12,0002,0039,EV-031,collected,21.8333,15.6333,5,1,3,2026,56.21
a4d55a57_EV-032,2026-03-28T21:50:08.053937+00:00,2026-03-29T04:09:36.974081+00:00,18.0,6.3247,379.48,0002,0039,EV-032,collected,21.8333,4.15,5,1,3,2026,18.0
a4d55a57_EV-033,2026-03-28T21:50:08.053937+00:00,2026-03-29T08:55:31.417087+00:00,31.5,11.0898,665.39,0002,0039,EV-033,collected,21.8333,8.9167,5,1,3,2026,31.5
593130ef_EV-001,2026-03-28T21:51:02.916168+00:00,2026-03-29T03:59:24.892751+00:00,20.13,6.1394,368.37,0002,0039,EV-001,collected,21.85,3.9833,5,1,3,2026,20.13
593130ef_EV-002,2026-03-28T21:51:02.916168+00:00,2026-03-29T00:51:47.583742+00:00,22.8,3.0124,180.74,0002,0039,EV-002,collected,21.85,0.85,5,1,3,2026,22.8
593130ef_EV-003,2026-03-28T21:51:02.916168+00:00,2026-03-29T03:22:08.280664+00:00,23.43,5.5182,331.09,0002,0039,EV-003,collected,21.85,3.3667,5,1,3,2026,23.43
593130ef_EV-004,2026-03-28T21:51:02.916168+00:00,2026-03-29T14:42:28.787380+00:00,39.0,16.8572,1011.43,0002,0039,EV-004,collected,21.85,14.7,5,1,3,2026,39.0
593130ef_EV-005,2026-03-28T21:51:02.916168+00:00,2026-03-29T15:51:56.618293+00:00,42.0,18.0149,1080.9,0002,0039,EV-005,collected,21.85,15.85,5,1,3,2026,42.0
593130ef_EV-006,2026-03-28T21:51:02.916168+00:00,2026-03-29T13:39:03.439554+00:00,50.25,15.8001,948.01,0002,0039,EV-006,collected,21.85,13.65,5,1,3,2026,50.25
593130ef_EV-007,2026-03-28T21:51:02.916168+00:00,2026-03-29T04:17:57.412353+00:00,29.26,6.4485,386.91,0002,0039,EV-007,collected,21.85,4.2833,5,1,3,2026,29.26
593130ef_EV-008,2026-03-28T21:51:02.916168+00:00,2026-03-29T10:27:28.586131+00:00,43.5,12.6071,756.43,0002,0039,EV-008,collected,21.85,10.45,5,1,3,2026,43.5
593130ef_EV-009,2026-03-28T21:51:02.916168+00:00,2026-03-29T14:22:32.894427+00:00,45.75,16.525,991.5,0002,0039,EV-009,collected,21.85,14.3667,5,1,3,2026,45.75
593130ef_EV-010,2026-03-28T21:51:02.916168+00:00,2026-03-29T09:23:56.662457+00:00,31.68,11.5483,692.9,0002,0039,EV-010,collected,21.85,9.3833,5,1,3,2026,31.68
593130ef_EV-011,2026-03-28T21:51:02.916168+00:00,2026-03-29T15:38:01.450519+00:00,62.25,17.7829,1066.98,0002,0039,EV-011,collected,21.85,15.6333,5,1,3,2026,62.25
593130ef_EV-012,2026-03-28T21:51:02.916168+00:00,2026-03-29T14:13:56.325530+00:00,36.72,16.3815,982.89,0002,0039,EV-012,collected,21.85,14.2167,5,1,3,2026,36.72
593130ef_EV-013,2026-03-28T21:51:02.916168+00:00,2026-03-29T14:52:41.793090+00:00,51.12,17.0275,1021.65,0002,0039,EV-013,collected,21.85,14.8667,5,1,3,2026,51.12
593130ef_EV-014,2026-03-28T21:51:02.916168+00:00,2026-03-29T02:50:53.701006+00:00,23.6,4.9974,299.85,0002,0039,EV-014,collected,21.85,2.8333,5,1,3,2026,23.6
593130ef_EV-015,2026-03-28T21:51:02.916168+00:00,2026-03-29T06:27:23.721654+00:00,26.5,8.6058,516.35,0002,0039,EV-015,collected,21.85,6.45,5,1,3,2026,26.5
593130ef_EV-016,2026-03-28T21:51:02.916168+00:00,2026-03-29T14:15:34.196554+00:00,66.0,16.4087,984.52,0002,0039,EV-016,collected,21.85,14.25,5,1,3,2026,66.0
593130ef_EV-017,2026-03-28T21:51:02.916168+00:00,2026-03-29T05:42:31.493234+00:00,33.06,7.8579,471.48,0002,0039,EV-017,collected,21.85,5.7,5,1,3,2026,33.06
593130ef_EV-018,2026-03-28T21:51:02.916168+00:00,2026-03-29T13:32:21.916535+00:00,42.35,15.6886,941.32,0002,0039,EV-018,collected,21.85,13.5333,5,1,3,2026,42.35
593130ef_EV-019,2026-03-28T21:51:02.916168+00:00,2026-03-29T14:39:42.143295+00:00,47.4,16.8109,1008.65,0002,0039,EV-019,collected,21.85,14.65,5,1,3,2026,47.4
593130ef_EV-020,2026-03-28T21:51:02.916168+00:00,2026-03-29T13:57:59.479134+00:00,81.7,16.1157,966.94,0002,0039,EV-020,collected,21.85,13.95,5,1,3,2026,81.7
593130ef_EV-021,2026-03-28T21:51:02.916168+00:00,2026-03-29T03:31:43.083259+00:00,24.0,5.6778,340.67,0002,0039,EV-021,collected,21.85,3.5167,5,1,3,2026,24.0
593130ef_EV-022,2026-03-28T21:51:02.916168+00:00,2026-03-29T09:22:57.019874+00:00,35.4,11.5317,691.9,0002,0039,EV-022,collected,21.85,9.3667,5,1,3,2026,35.4
593130ef_EV-023,2026-03-28T21:51:02.916168+00:00,2026-03-29T15:48:13.434182+00:00,56.8,17.9529,1077.18,0002,0039,EV-023,collected,21.85,15.8,5,1,3,2026,56.8
593130ef_EV-024,2026-03-28T21:51:02.916168+00:00,2026-03-29T11:51:29.667619+00:00,44.8,14.0074,840.45,0002,0039,EV-024,collected,21.85,11.85,5,1,3,2026,44.8
593130ef_EV-025,2026-03-28T21:51:02.916168+00:00,2026-03-29T10:00:50.464422+00:00,33.0,12.1632,729.79,0002,0039,EV-025,collected,21.85,10.0,5,1,3,2026,33.0
593130ef_EV-026,2026-03-28T21:51:02.916168+00:00,2026-03-29T15:51:06.729534+00:00,60.06,18.0011,1080.06,0002,0039,EV-026,collected,21.85,15.85,5,1,3,2026,60.06
593130ef_EV-027,2026-03-28T21:51:02.916168+00:00,2026-03-29T07:36:00.576454+00:00,33.0,9.7494,584.96,0002,0039,EV-027,collected,21.85,7.6,5,1,3,2026,33.0
593130ef_EV-028,2026-03-28T21:51:02.916168+00:00,2026-03-29T14:46:17.015618+00:00,47.5,16.9206,1015.23,0002,0039,EV-028,collected,21.85,14.7667,5,1,3,2026,47.5
593130ef_EV-029,2026-03-28T21:51:02.916168+00:00,2026-03-29T07:42:25.264821+00:00,14.5,9.8562,591.37,0002,0039,EV-029,collected,21.85,7.7,5,1,3,2026,14.5
593130ef_EV-030,2026-03-28T21:51:02.916168+00:00,2026-03-29T14:57:18.205075+00:00,60.83,17.1042,1026.25,0002,0039,EV-030,collected,21.85,14.95,5,1,3,2026,60.83
593130ef_EV-031,2026-03-28T21:51:02.916168+00:00,2026-03-29T13:22:23.127352+00:00,56.21,15.5223,931.34,0002,0039,EV-031,collected,21.85,13.3667,5,1,3,2026,56.21
593130ef_EV-032,2026-03-28T21:51:02.916168+00:00,2026-03-29T04:47:47.880133+00:00,18.0,6.9458,416.75,0002,0039,EV-032,collected,21.85,4.7833,5,1,3,2026,18.0
593130ef_EV-033,2026-03-28T21:51:02.916168+00:00,2026-03-29T07:36:21.774553+00:00,31.5,9.7552,585.31,0002,0039,EV-033,collected,21.85,7.6,5,1,3,2026,31.5
593130ef_EV-034,2026-03-28T21:51:02.916168+00:00,2026-03-29T13:51:36.563757+00:00,61.5,16.0093,960.56,0002,0039,EV-034,collected,21.85,13.85,5,1,3,2026,61.5
593130ef_EV-035,2026-03-28T21:51:02.916168+00:00,2026-03-29T12:57:41.062681+00:00,52.36,15.1106,906.64,0002,0039,EV-035,collected,21.85,12.95,5,1,3,2026,52.36
593130ef_EV-036,2026-03-28T21:51:02.916168+00:00,2026-03-29T13:07:23.491030+00:00,42.35,15.2724,916.34,0002,0039,EV-036,collected,21.85,13.1167,5,1,3,2026,42.35
593130ef_EV-037,2026-03-28T21:51:02.916168+00:00,2026-03-29T14:21:24.288077+00:00,40.02,16.5059,990.36,0002,0039,EV-037,collected,21.85,14.35,5,1,3,2026,40.02
593130ef_EV-038,2026-03-28T21:51:02.916168+00:00,2026-03-29T09:55:54.935665+00:00,34.2,12.0811,724.87,0002,0039,EV-038,collected,21.85,9.9167,5,1,3,2026,34.2
593130ef_EV-039,2026-03-28T21:51:02.916168+00:00,2026-03-29T14:14:51.663771+00:00,56.05,16.3969,983.81,0002,0039,EV-039,collected,21.85,14.2333,5,1,3,2026,56.05
593130ef_EV-040,2026-03-28T21:51:02.916168+00:00,2026-03-29T17:30:11.667393+00:00,51.0,19.6524,1179.15,0002,0039,EV-040,collected,21.85,17.5,5,1,3,2026,51.0
593130ef_EV-041,2026-03-28T21:51:02.916168+00:00,2026-03-29T15:40:03.373965+00:00,36.72,17.8168,1069.01,0002,0039,EV-041,collected,21.85,15.6667,5,1,3,2026,36.72
593130ef_EV-042,2026-03-28T21:51:02.916168+00:00,2026-03-29T11:54:50.453431+00:00,44.66,14.0632,843.79,0002,0039,EV-042,collected,21.85,11.9,5,1,3,2026,44.66
593130ef_EV-043,2026-03-28T21:51:02.916168+00:00,2026-03-29T13:50:58.573220+00:00,61.75,15.9988,959.93,0002,0039,EV-043,collected,21.85,13.8333,5,1,3,2026,61.75
593130ef_EV-044,2026-03-28T21:51:02.916168+00:00,2026-03-29T03:26:02.280761+00:00,23.2,5.5832,334.99,0002,0039,EV-044,collected,21.85,3.4333,5,1,3,2026,23.2
593130ef_EV-045,2026-03-28T21:51:02.916168+00:00,2026-03-29T15:05:49.923891+00:00,43.12,17.2464,1034.78,0002,0039,EV-045,collected,21.85,15.0833,5,1,3,2026,43.12
593130ef_EV-046,2026-03-28T21:51:02.916168+00:00,2026-03-29T03:36:30.304934+00:00,24.4,5.7576,345.46,0002,0039,EV-046,collected,21.85,3.6,5,1,3,2026,24.4
593130ef_EV-047,2026-03-28T21:51:02.916168+00:00,2026-03-29T13:13:31.751808+00:00,64.0,15.3747,922.48,0002,0039,EV-047,collected,21.85,13.2167,5,1,3,2026,64.0
593130ef_EV-048,2026-03-28T21:51:02.916168+00:00,2026-03-29T15:24:15.531617+00:00,46.98,17.5535,1053.21,0002,0039,EV-048,collected,21.85,15.4,5,1,3,2026,46.98
593130ef_EV-049,2026-03-28T21:51:02.916168+00:00,2026-03-29T16:13:21.966748+00:00,43.12,18.372,1102.32,0002,0039,EV-049,collected,21.85,16.2167,5,1,3,2026,43.12
593130ef_EV-050,2026-03-28T21:51:02.916168+00:00,2026-03-29T08:10:35.544919+00:00,31.5,10.3257,619.54,0002,0039,EV-050,collected,21.85,8.1667,5,1,3,2026,31.5
9cf3b526_EV-001,2026-03-28T21:51:10.482714+00:00,2026-03-29T03:31:56.146183+00:00,20.13,5.6794,340.76,0002,0039,EV-001,collected,21.85,3.5167,5,1,3,2026,20.13
9cf3b526_EV-002,2026-03-28T21:51:10.482714+00:00,2026-03-29T05:12:52.504181+00:00,22.8,7.3617,441.7,0002,0039,EV-002,collected,21.85,5.2,5,1,3,2026,22.8
9cf3b526_EV-003,2026-03-28T21:51:10.482714+00:00,2026-03-29T02:00:52.337995+00:00,23.43,4.1616,249.7,0002,0039,EV-003,collected,21.85,2.0,5,1,3,2026,23.43
9cf3b526_EV-004,2026-03-28T21:51:10.482714+00:00,2026-03-29T14:56:53.737072+00:00,39.0,17.0953,1025.72,0002,0039,EV-004,collected,21.85,14.9333,5,1,3,2026,39.0
9cf3b526_EV-005,2026-03-28T21:51:10.482714+00:00,2026-03-29T15:37:42.445773+00:00,42.0,17.7755,1066.53,0002,0039,EV-005,collected,21.85,15.6167,5,1,3,2026,42.0
9cf3b526_EV-006,2026-03-28T21:51:10.482714+00:00,2026-03-29T14:06:41.930145+00:00,50.25,16.2587,975.52,0002,0039,EV-006,collected,21.85,14.1,5,1,3,2026,50.25
9cf3b526_EV-007,2026-03-28T21:51:10.482714+00:00,2026-03-29T03:26:35.190869+00:00,29.26,5.5902,335.41,0002,0039,EV-007,collected,21.85,3.4333,5,1,3,2026,29.26
9cf3b526_EV-008,2026-03-28T21:51:10.482714+00:00,2026-03-29T11:47:31.983372+00:00,43.5,13.9393,836.36,0002,0039,EV-008,collected,21.85,11.7833,5,1,3,2026,43.5
9cf3b526_EV-009,2026-03-28T21:51:10.482714+00:00,2026-03-29T15:56:04.353278+00:00,45.75,18.0816,1084.9,0002,0039,EV-009,collected,21.85,15.9333,5,1,3,2026,45.75
9cf3b526_EV-010,2026-03-28T21:51:10.482714+00:00,2026-03-29T10:03:01.278708+00:00,31.68,12.1974,731.85,0002,0039,EV-010,collected,21.85,10.05,5,1,3,2026,31.68
9cf3b526_EV-011,2026-03-28T21:51:10.482714+00:00,2026-03-29T15:15:38.684154+00:00,62.25,17.4078,1044.47,0002,0039,EV-011,collected,21.85,15.25,5,1,3,2026,62.25
9cf3b526_EV-012,2026-03-28T21:51:10.482714+00:00,2026-03-29T14:19:14.994876+00:00,36.72,16.4679,988.08,0002,0039,EV-012,collected,21.85,14.3167,5,1,3,2026,36.72
9cf3b526_EV-013,2026-03-28T21:51:10.482714+00:00,2026-03-29T14:57:15.455793+00:00,51.12,17.1014,1026.08,0002,0039,EV-013,collected,21.85,14.95,5,1,3,2026,51.12
9cf3b526_EV-014,2026-03-28T21:51:10.482714+00:00,2026-03-29T04:12:46.853792+00:00,23.6,6.3601,381.61,0002,0039,EV-014,collected,21.85,4.2,5,1,3,2026,23.6
9cf3b526_EV-015,2026-03-28T21:51:10.482714+00:00,2026-03-29T05:22:22.807006+00:00,26.5,7.5201,451.21,0002,0039,EV-015,collected,21.85,5.3667,5,1,3,2026,26.5
9cf3b526_EV-016,2026-03-28T21:51:10.482714+00:00,2026-03-29T14:53:31.388266+00:00,66.0,17.0391,1022.35,0002,0039,EV-016,collected,21.85,14.8833,5,1,3,2026,66.0
9cf3b526_EV-017,2026-03-28T21:51:10.482714+00:00,2026-03-29T07:29:48.159409+00:00,33.06,9.6438,578.63,0002,0039,EV-017,collected,21.85,7.4833,5,1,3,2026,33.06
9cf3b526_EV-018,2026-03-28T21:51:10.482714+00:00,2026-03-29T14:15:17.486333+00:00,42.35,16.4019,984.12,0002,0039,EV-018,collected,21.85,14.25,5,1,3,2026,42.35
9cf3b526_EV-019,2026-03-28T21:51:10.482714+00:00,2026-03-29T16:11:01.396691+00:00,47.4,18.3308,1099.85,0002,0039,EV-019,collected,21.85,16.1833,5,1,3,2026,47.4
9cf3b526_EV-020,2026-03-28T21:51:10.482714+00:00,2026-03-29T12:02:01.796963+00:00,81.7,14.1809,850.86,0002,0039,EV-020,collected,21.85,12.0333,5,1,3,2026,81.7
9cf3b526_EV-021,2026-03-28T21:51:10.482714+00:00,2026-03-29T02:47:43.809053+00:00,24.0,4.9426,296.56,0002,0039,EV-021,collected,21.85,2.7833,5,1,3,2026,24.0
9cf3b526_EV-022,2026-03-28T21:51:10.482714+00:00,2026-03-29T08:10:16.638049+00:00,35.4,10.3184,619.1,0002,0039,EV-022,collected,21.85,8.1667,5,1,3,2026,35.4
9cf3b526_EV-023,2026-03-28T21:51:10.482714+00:00,2026-03-29T17:00:33.683715+00:00,56.8,19.1564,1149.39,0002,0039,EV-023,collected,21.85,17.0,5,1,3,2026,56.8
9cf3b526_EV-024,2026-03-28T21:51:10.482714+00:00,2026-03-29T15:03:34.409269+00:00,44.8,17.2066,1032.4,0002,0039,EV-024,collected,21.85,15.05,5,1,3,2026,44.8
9cf3b526_EV-025,2026-03-28T21:51:10.482714+00:00,2026-03-29T09:25:32.569476+00:00,33.0,11.5728,694.37,0002,0039,EV-025,collected,21.85,9.4167,5,1,3,2026,33.0
9cf3b526_EV-026,2026-03-28T21:51:10.482714+00:00,2026-03-29T13:33:26.150287+00:00,60.06,15.7044,942.26,0002,0039,EV-026,collected,21.85,13.55,5,1,3,2026,60.06
9cf3b526_EV-027,2026-03-28T21:51:10.482714+00:00,2026-03-29T08:28:19.626180+00:00,33.0,10.6192,637.15,0002,0039,EV-027,collected,21.85,8.4667,5,1,3,2026,33.0
9cf3b526_EV-028,2026-03-28T21:51:10.482714+00:00,2026-03-29T14:17:03.471733+00:00,47.5,16.4314,985.88,0002,0039,EV-028,collected,21.85,14.2833,5,1,3,2026,47.5
9cf3b526_EV-029,2026-03-28T21:51:10.482714+00:00,2026-03-29T05:19:25.193440+00:00,14.5,7.4708,448.25,0002,0039,EV-029,collected,21.85,5.3167,5,1,3,2026,14.5
9cf3b526_EV-030,2026-03-28T21:51:10.482714+00:00,2026-03-29T14:30:22.262852+00:00,60.83,16.6533,999.2,0002,0039,EV-030,collected,21.85,14.5,5,1,3,2026,60.83
9cf3b526_EV-031,2026-03-28T21:51:10.482714+00:00,2026-03-29T16:31:02.363464+00:00,56.21,18.6644,1119.86,0002,0039,EV-031,collected,21.85,16.5167,5,1,3,2026,56.21
9cf3b526_EV-032,2026-03-28T21:51:10.482714+00:00,2026-03-29T04:27:41.569919+00:00,18.0,6.6086,396.52,0002,0039,EV-032,collected,21.85,4.45,5,1,3,2026,18.0
9cf3b526_EV-033,2026-03-28T21:51:10.482714+00:00,2026-03-29T07:30:23.986354+00:00,31.5,9.6538,579.23,0002,0039,EV-033,collected,21.85,7.5,5,1,3,2026,31.5
9cf3b526_EV-034,2026-03-28T21:51:10.482714+00:00,2026-03-29T14:29:48.728324+00:00,61.5,16.644,998.64,0002,0039,EV-034,collected,21.85,14.4833,5,1,3,2026,61.5
9cf3b526_EV-035,2026-03-28T21:51:10.482714+00:00,2026-03-29T15:00:58.268540+00:00,52.36,17.1633,1029.8,0002,0039,EV-035,collected,21.85,15.0,5,1,3,2026,52.36
9cf3b526_EV-036,2026-03-28T21:51:10.482714+00:00,2026-03-29T14:58:42.181487+00:00,42.35,17.1255,1027.53,0002,0039,EV-036,collected,21.85,14.9667,5,1,3,2026,42.35
9cf3b526_EV-037,2026-03-28T21:51:10.482714+00:00,2026-03-29T17:16:44.403894+00:00,40.02,19.4261,1165.57,0002,0039,EV-037,collected,21.85,17.2667,5,1,3,2026,40.02
9cf3b526_EV-038,2026-03-28T21:51:10.482714+00:00,2026-03-29T08:23:52.071670+00:00,34.2,10.5449,632.69,0002,0039,EV-038,collected,21.85,8.3833,5,1,3,2026,34.2
9cf3b526_EV-039,2026-03-28T21:51:10.482714+00:00,2026-03-29T14:37:43.297022+00:00,56.05,16.7758,1006.55,0002,0039,EV-039,collected,21.85,14.6167,5,1,3,2026,56.05
9cf3b526_EV-040,2026-03-28T21:51:10.482714+00:00,2026-03-29T13:40:13.127709+00:00,51.0,15.8174,949.04,0002,0039,EV-040,collected,21.85,13.6667,5,1,3,2026,51.0
9cf3b526_EV-041,2026-03-28T21:51:10.482714+00:00,2026-03-29T13:41:14.647358+00:00,36.72,15.8345,950.07,0002,0039,EV-041,collected,21.85,13.6833,5,1,3,2026,36.72
9cf3b526_EV-042,2026-03-28T21:51:10.482714+00:00,2026-03-29T14:37:09.482621+00:00,44.66,16.7664,1005.98,0002,0039,EV-042,collected,21.85,14.6167,5,1,3,2026,44.66
9cf3b526_EV-043,2026-03-28T21:51:10.482714+00:00,2026-03-29T13:36:18.818206+00:00,61.75,15.7523,945.14,0002,0039,EV-043,collected,21.85,13.6,5,1,3,2026,61.75
9cf3b526_EV-044,2026-03-28T21:51:10.482714+00:00,2026-03-29T04:53:05.428485+00:00,23.2,7.0319,421.92,0002,0039,EV-044,collected,21.85,4.8833,5,1,3,2026,23.2
9cf3b526_EV-045,2026-03-28T21:51:10.482714+00:00,2026-03-29T13:54:56.976885+00:00,43.12,16.0629,963.77,0002,0039,EV-045,collected,21.85,13.9,5,1,3,2026,43.12
9cf3b526_EV-046,2026-03-28T21:51:10.482714+00:00,2026-03-29T05:45:03.528781+00:00,24.4,7.8981,473.88,0002,0039,EV-046,collected,21.85,5.75,5,1,3,2026,24.4
9cf3b526_EV-047,2026-03-28T21:51:10.482714+00:00,2026-03-29T14:05:20.156802+00:00,64.0,16.236,974.16,0002,0039,EV-047,collected,21.85,14.0833,5,1,3,2026,64.0
9cf3b526_EV-048,2026-03-28T21:51:10.482714+00:00,2026-03-29T12:05:01.166327+00:00,46.98,14.2307,853.84,0002,0039,EV-048,collected,21.85,12.0833,5,1,3,2026,46.98
9cf3b526_EV-049,2026-03-28T21:51:10.482714+00:00,2026-03-29T12:59:00.951938+00:00,43.12,15.1307,907.84,0002,0039,EV-049,collected,21.85,12.9833,5,1,3,2026,43.12
9cf3b526_EV-050,2026-03-28T21:51:10.482714+00:00,2026-03-29T10:43:15.562086+00:00,31.5,12.8681,772.08,0002,0039,EV-050,collected,21.85,10.7167,5,1,3,2026,31.5
d7a82fd5_EV-001,2026-03-28T21:51:20.115405+00:00,2026-03-29T03:13:17.841802+00:00,20.13,5.366,321.96,0002,0039,EV-001,collected,21.85,3.2167,5,1,3,2026,20.13
d7a82fd5_EV-002,2026-03-28T21:51:20.115405+00:00,2026-03-29T03:17:25.253165+00:00,22.8,5.4348,326.09,0002,0039,EV-002,collected,21.85,3.2833,5,1,3,2026,22.8
d7a82fd5_EV-003,2026-03-28T21:51:20.115405+00:00,2026-03-29T05:34:42.475203+00:00,23.43,7.7229,463.37,0002,0039,EV-003,collected,21.85,5.5667,5,1,3,2026,23.43
d7a82fd5_EV-004,2026-03-28T21:51:20.115405+00:00,2026-03-29T15:15:42.854278+00:00,39.0,17.4063,1044.38,0002,0039,EV-004,collected,21.85,15.25,5,1,3,2026,39.0
d7a82fd5_EV-005,2026-03-28T21:51:20.115405+00:00,2026-03-29T15:43:27.149208+00:00,42.0,17.8686,1072.12,0002,0039,EV-005,collected,21.85,15.7167,5,1,3,2026,42.0
d7a82fd5_EV-006,2026-03-28T21:51:20.115405+00:00,2026-03-29T14:36:11.659930+00:00,50.25,16.7477,1004.86,0002,0039,EV-006,collected,21.85,14.6,5,1,3,2026,50.25
d7a82fd5_EV-007,2026-03-28T21:51:20.115405+00:00,2026-03-29T03:33:30.419153+00:00,29.26,5.7029,342.17,0002,0039,EV-007,collected,21.85,3.55,5,1,3,2026,29.26
d7a82fd5_EV-008,2026-03-28T21:51:20.115405+00:00,2026-03-29T13:28:46.706201+00:00,43.5,15.6241,937.44,0002,0039,EV-008,collected,21.85,13.4667,5,1,3,2026,43.5
d7a82fd5_EV-009,2026-03-28T21:51:20.115405+00:00,2026-03-29T17:41:56.610207+00:00,45.75,19.8435,1190.61,0002,0039,EV-009,collected,21.85,17.6833,5,1,3,2026,45.75
d7a82fd5_EV-010,2026-03-28T21:51:20.115405+00:00,2026-03-29T07:07:55.690357+00:00,31.68,9.2765,556.59,0002,0039,EV-010,collected,21.85,7.1167,5,1,3,2026,31.68
d7a82fd5_EV-011,2026-03-28T21:51:20.115405+00:00,2026-03-29T19:29:00.394971+00:00,62.25,21.6279,1297.67,0002,0039,EV-011,collected,21.85,19.4833,5,1,3,2026,62.25
d7a82fd5_EV-012,2026-03-28T21:51:20.115405+00:00,2026-03-29T15:45:01.385846+00:00,36.72,17.8948,1073.69,0002,0039,EV-012,collected,21.85,15.75,5,1,3,2026,36.72
d7a82fd5_EV-013,2026-03-28T21:51:20.115405+00:00,2026-03-29T15:55:39.545012+00:00,51.12,18.0721,1084.32,0002,0039,EV-013,collected,21.85,15.9167,5,1,3,2026,51.12
d7a82fd5_EV-014,2026-03-28T21:51:20.115405+00:00,2026-03-29T05:09:03.294672+00:00,23.6,7.2953,437.72,0002,0039,EV-014,collected,21.85,5.15,5,1,3,2026,23.6
d7a82fd5_EV-015,2026-03-28T21:51:20.115405+00:00,2026-03-29T04:50:06.151018+00:00,26.5,6.9795,418.77,0002,0039,EV-015,collected,21.85,4.8333,5,1,3,2026,26.5
d7a82fd5_EV-016,2026-03-28T21:51:20.115405+00:00,2026-03-29T14:58:15.284724+00:00,66.0,17.1153,1026.92,0002,0039,EV-016,collected,21.85,14.9667,5,1,3,2026,66.0
d7a82fd5_EV-017,2026-03-28T21:51:20.115405+00:00,2026-03-29T10:59:53.133287+00:00,33.06,13.1425,788.55,0002,0039,EV-017,collected,21.85,10.9833,5,1,3,2026,33.06
d7a82fd5_EV-018,2026-03-28T21:51:20.115405+00:00,2026-03-29T14:37:04.560402+00:00,42.35,16.7623,1005.74,0002,0039,EV-018,collected,21.85,14.6167,5,1,3,2026,42.35
d7a82fd5_EV-019,2026-03-28T21:51:20.115405+00:00,2026-03-29T15:40:27.995273+00:00,47.4,17.8189,1069.13,0002,0039,EV-019,collected,21.85,15.6667,5,1,3,2026,47.4
d7a82fd5_EV-020,2026-03-28T21:51:20.115405+00:00,2026-03-29T15:46:03.266922+00:00,81.7,17.912,1074.72,0002,0039,EV-020,collected,21.85,15.7667,5,1,3,2026,81.7
d7a82fd5_EV-021,2026-03-28T21:51:20.115405+00:00,2026-03-29T04:11:02.746027+00:00,24.0,6.3285,379.71,0002,0039,EV-021,collected,21.85,4.1833,5,1,3,2026,24.0
d7a82fd5_EV-022,2026-03-28T21:51:20.115405+00:00,2026-03-29T07:56:14.815658+00:00,35.4,10.0819,604.91,0002,0039,EV-022,collected,21.85,7.9333,5,1,3,2026,35.4
d7a82fd5_EV-023,2026-03-28T21:51:20.115405+00:00,2026-03-29T14:42:27.208736+00:00,56.8,16.852,1011.12,0002,0039,EV-023,collected,21.85,14.7,5,1,3,2026,56.8
d7a82fd5_EV-024,2026-03-28T21:51:20.115405+00:00,2026-03-29T12:28:21.205700+00:00,44.8,14.617,877.02,0002,0039,EV-024,collected,21.85,12.4667,5,1,3,2026,44.8
d7a82fd5_EV-025,2026-03-28T21:51:20.115405+00:00,2026-03-29T08:10:25.553990+00:00,33.0,10.3182,619.09,0002,0039,EV-025,collected,21.85,8.1667,5,1,3,2026,33.0
d7a82fd5_EV-026,2026-03-28T21:51:20.115405+00:00,2026-03-29T15:57:14.244895+00:00,60.06,18.0984,1085.9,0002,0039,EV-026,collected,21.85,15.95,5,1,3,2026,60.06
d7a82fd5_EV-027,2026-03-28T21:51:20.115405+00:00,2026-03-29T09:18:29.553926+00:00,33.0,11.4526,687.16,0002,0039,EV-027,collected,21.85,9.3,5,1,3,2026,33.0
d7a82fd5_EV-028,2026-03-28T21:51:20.115405+00:00,2026-03-29T14:30:12.185006+00:00,47.5,16.6478,998.87,0002,0039,EV-028,collected,21.85,14.5,5,1,3,2026,47.5
d7a82fd5_EV-029,2026-03-28T21:51:20.115405+00:00,2026-03-29T03:12:55.597034+00:00,14.5,5.3599,321.59,0002,0039,EV-029,collected,21.85,3.2,5,1,3,2026,14.5
d7a82fd5_EV-030,2026-03-28T21:51:20.115405+00:00,2026-03-29T14:43:08.819611+00:00,60.83,16.8635,1011.81,0002,0039,EV-030,collected,21.85,14.7167,5,1,3,2026,60.83
d7a82fd5_EV-031,2026-03-28T21:51:20.115405+00:00,2026-03-29T15:08:12.406796+00:00,56.21,17.2812,1036.87,0002,0039,EV-031,collected,21.85,15.1333,5,1,3,2026,56.21
d7a82fd5_EV-032,2026-03-28T21:51:20.115405+00:00,2026-03-29T01:23:55.479927+00:00,18.0,3.5432,212.59,0002,0039,EV-032,collected,21.85,1.3833,5,1,3,2026,18.0
d7a82fd5_EV-033,2026-03-28T21:51:20.115405+00:00,2026-03-29T09:48:41.090692+00:00,31.5,11.9558,717.35,0002,0039,EV-033,collected,21.85,9.8,5,1,3,2026,31.5
d7a82fd5_EV-034,2026-03-28T21:51:20.115405+00:00,2026-03-29T13:49:01.512358+00:00,61.5,15.9615,957.69,0002,0039,EV-034,collected,21.85,13.8167,5,1,3,2026,61.5
d7a82fd5_EV-035,2026-03-28T21:51:20.115405+00:00,2026-03-29T12:14:51.145824+00:00,52.36,14.392,863.52,0002,0039,EV-035,collected,21.85,12.2333,5,1,3,2026,52.36
d7a82fd5_EV-036,2026-03-28T21:51:20.115405+00:00,2026-03-29T12:12:48.637426+00:00,42.35,14.3579,861.48,0002,0039,EV-036,collected,21.85,12.2,5,1,3,2026,42.35
d7a82fd5_EV-037,2026-03-28T21:51:20.115405+00:00,2026-03-29T12:45:46.451494+00:00,40.02,14.9073,894.44,0002,0039,EV-037,collected,21.85,12.75,5,1,3,2026,40.02
d7a82fd5_EV-038,2026-03-28T21:51:20.115405+00:00,2026-03-29T05:59:41.478456+00:00,34.2,8.1393,488.36,0002,0039,EV-038,collected,21.85,5.9833,5,1,3,2026,34.2
61eaab6c_EV-001,2026-03-28T21:51:35.517507+00:00,2026-03-29T01:57:32.369038+00:00,20.13,4.0991,245.95,0002,0039,EV-001,collected,21.85,1.95,5,1,3,2026,20.13
61eaab6c_EV-002,2026-03-28T21:51:35.517507+00:00,2026-03-29T01:31:04.061681+00:00,22.8,3.6579,219.48,0002,0039,EV-002,collected,21.85,1.5167,5,1,3,2026,22.8
61eaab6c_EV-003,2026-03-28T21:51:35.517507+00:00,2026-03-29T04:05:43.767327+00:00,23.43,6.2356,374.14,0002,0039,EV-003,collected,21.85,4.0833,5,1,3,2026,23.43
61eaab6c_EV-004,2026-03-28T21:51:35.517507+00:00,2026-03-29T12:29:02.404410+00:00,39.0,14.6241,877.45,0002,0039,EV-004,collected,21.85,12.4833,5,1,3,2026,39.0
61eaab6c_EV-005,2026-03-28T21:51:35.517507+00:00,2026-03-29T14:57:20.201679+00:00,42.0,17.0957,1025.74,0002,0039,EV-005,collected,21.85,14.95,5,1,3,2026,42.0
61eaab6c_EV-006,2026-03-28T21:51:35.517507+00:00,2026-03-29T13:57:39.849698+00:00,50.25,16.1012,966.07,0002,0039,EV-006,collected,21.85,13.95,5,1,3,2026,50.25
61eaab6c_EV-007,2026-03-28T21:51:35.517507+00:00,2026-03-29T05:20:48.584474+00:00,29.26,7.487,449.22,0002,0039,EV-007,collected,21.85,5.3333,5,1,3,2026,29.26
61eaab6c_EV-008,2026-03-28T21:51:35.517507+00:00,2026-03-29T15:16:48.688895+00:00,43.5,17.4203,1045.22,0002,0039,EV-008,collected,21.85,15.2667,5,1,3,2026,43.5
61eaab6c_EV-009,2026-03-28T21:51:35.517507+00:00,2026-03-29T16:59:55.377554+00:00,45.75,19.1389,1148.33,0002,0039,EV-009,collected,21.85,16.9833,5,1,3,2026,45.75
61eaab6c_EV-010,2026-03-28T21:51:35.517507+00:00,2026-03-29T07:50:20.255550+00:00,31.68,9.9791,598.75,0002,0039,EV-010,collected,21.85,7.8333,5,1,3,2026,31.68
61eaab6c_EV-011,2026-03-28T21:51:35.517507+00:00,2026-03-29T11:28:33.672791+00:00,62.25,13.6162,816.97,0002,0039,EV-011,collected,21.85,11.4667,5,1,3,2026,62.25
61eaab6c_EV-012,2026-03-28T21:51:35.517507+00:00,2026-03-29T16:09:18.710553+00:00,36.72,18.2953,1097.72,0002,0039,EV-012,collected,21.85,16.15,5,1,3,2026,36.72
61eaab6c_EV-013,2026-03-28T21:51:35.517507+00:00,2026-03-29T14:43:41.090655+00:00,51.12,16.8682,1012.09,0002,0039,EV-013,collected,21.85,14.7167,5,1,3,2026,51.12
61eaab6c_EV-014,2026-03-28T21:51:35.517507+00:00,2026-03-29T02:39:48.526619+00:00,23.6,4.8036,288.22,0002,0039,EV-014,collected,21.85,2.65,5,1,3,2026,23.6
61eaab6c_EV-015,2026-03-28T21:51:35.517507+00:00,2026-03-29T04:07:34.955738+00:00,26.5,6.2665,375.99,0002,0039,EV-015,collected,21.85,4.1167,5,1,3,2026,26.5
61eaab6c_EV-016,2026-03-28T21:51:35.517507+00:00,2026-03-29T13:21:09.288384+00:00,66.0,15.4927,929.56,0002,0039,EV-016,collected,21.85,13.35,5,1,3,2026,66.0
61eaab6c_EV-017,2026-03-28T21:51:35.517507+00:00,2026-03-29T08:56:00.366890+00:00,33.06,11.0736,664.41,0002,0039,EV-017,collected,21.85,8.9333,5,1,3,2026,33.06
61eaab6c_EV-018,2026-03-28T21:51:35.517507+00:00,2026-03-29T16:47:15.995003+00:00,42.35,18.9279,1135.67,0002,0039,EV-018,collected,21.85,16.7833,5,1,3,2026,42.35
61eaab6c_EV-019,2026-03-28T21:51:35.517507+00:00,2026-03-29T12:33:03.762392+00:00,47.4,14.6912,881.47,0002,0039,EV-019,collected,21.85,12.55,5,1,3,2026,47.4
61eaab6c_EV-020,2026-03-28T21:51:35.517507+00:00,2026-03-29T15:00:30.981422+00:00,81.7,17.1487,1028.92,0002,0039,EV-020,collected,21.85,15.0,5,1,3,2026,81.7
61eaab6c_EV-021,2026-03-28T21:51:35.517507+00:00,2026-03-29T03:47:13.995715+00:00,24.0,5.9274,355.64,0002,0039,EV-021,collected,21.85,3.7833,5,1,3,2026,24.0
61eaab6c_EV-022,2026-03-28T21:51:35.517507+00:00,2026-03-29T10:02:38.338181+00:00,35.4,12.1841,731.05,0002,0039,EV-022,collected,21.85,10.0333,5,1,3,2026,35.4
61eaab6c_EV-023,2026-03-28T21:51:35.517507+00:00,2026-03-29T15:06:58.448899+00:00,56.8,17.2564,1035.38,0002,0039,EV-023,collected,21.85,15.1,5,1,3,2026,56.8
61eaab6c_EV-024,2026-03-28T21:51:35.517507+00:00,2026-03-29T13:04:10.798070+00:00,44.8,15.2098,912.59,0002,0039,EV-024,collected,21.85,13.0667,5,1,3,2026,44.8
61eaab6c_EV-025,2026-03-28T21:51:35.517507+00:00,2026-03-29T07:57:20.078235+00:00,33.0,10.0957,605.74,0002,0039,EV-025,collected,21.85,7.95,5,1,3,2026,33.0
61eaab6c_EV-026,2026-03-28T21:51:35.517507+00:00,2026-03-29T12:55:02.076988+00:00,60.06,15.0574,903.44,0002,0039,EV-026,collected,21.85,12.9167,5,1,3,2026,60.06
61eaab6c_EV-027,2026-03-28T21:51:35.517507+00:00,2026-03-29T07:49:44.295105+00:00,33.0,9.9691,598.15,0002,0039,EV-027,collected,21.85,7.8167,5,1,3,2026,33.0
61eaab6c_EV-028,2026-03-28T21:51:35.517507+00:00,2026-03-29T13:41:08.694710+00:00,47.5,15.8259,949.55,0002,0039,EV-028,collected,21.85,13.6833,5,1,3,2026,47.5
61eaab6c_EV-029,2026-03-28T21:51:35.517507+00:00,2026-03-29T03:45:10.289105+00:00,14.5,5.893,353.58,0002,0039,EV-029,collected,21.85,3.75,5,1,3,2026,14.5
61eaab6c_EV-030,2026-03-28T21:51:35.517507+00:00,2026-03-29T13:21:16.639262+00:00,60.83,15.4948,929.69,0002,0039,EV-030,collected,21.85,13.35,5,1,3,2026,60.83
61eaab6c_EV-031,2026-03-28T21:51:35.517507+00:00,2026-03-29T14:45:29.686407+00:00,56.21,16.8984,1013.9,0002,0039,EV-031,collected,21.85,14.75,5,1,3,2026,56.21
61eaab6c_EV-032,2026-03-28T21:51:35.517507+00:00,2026-03-28T22:43:00.352308+00:00,18.0,0.8569,51.41,0002,0039,EV-032,collected,21.85,22.7167,5,1,3,2026,18.0
61eaab6c_EV-033,2026-03-28T21:51:35.517507+00:00,2026-03-29T06:26:42.355666+00:00,31.5,8.5852,515.11,0002,0039,EV-033,collected,21.85,6.4333,5,1,3,2026,31.5
61eaab6c_EV-034,2026-03-28T21:51:35.517507+00:00,2026-03-29T14:19:15.777136+00:00,61.5,16.4612,987.67,0002,0039,EV-034,collected,21.85,14.3167,5,1,3,2026,61.5
61eaab6c_EV-035,2026-03-28T21:51:35.517507+00:00,2026-03-29T14:16:18.687426+00:00,52.36,16.412,984.72,0002,0039,EV-035,collected,21.85,14.2667,5,1,3,2026,52.36
61eaab6c_EV-036,2026-03-28T21:51:35.517507+00:00,2026-03-29T13:16:01.090413+00:00,42.35,15.4071,924.43,0002,0039,EV-036,collected,21.85,13.2667,5,1,3,2026,42.35
61eaab6c_EV-037,2026-03-28T21:51:35.517507+00:00,2026-03-29T13:34:12.474450+00:00,40.02,15.7103,942.62,0002,0039,EV-037,collected,21.85,13.5667,5,1,3,2026,40.02
61eaab6c_EV-038,2026-03-28T21:51:35.517507+00:00,2026-03-29T07:49:53.970729+00:00,34.2,9.9718,598.31,0002,0039,EV-038,collected,21.85,7.8167,5,1,3,2026,34.2
1581efde_EV-001,2026-03-28T21:51:50.284211+00:00,2026-03-29T07:23:47.306349+00:00,20.13,9.5325,571.95,0002,0039,EV-001,collected,21.85,7.3833,5,1,3,2026,20.13
1581efde_EV-002,2026-03-28T21:51:50.284211+00:00,2026-03-29T03:57:27.636701+00:00,22.8,6.0937,365.62,0002,0039,EV-002,collected,21.85,3.95,5,1,3,2026,22.8
1581efde_EV-003,2026-03-28T21:51:50.284211+00:00,2026-03-29T05:29:42.280819+00:00,23.43,7.6311,457.87,0002,0039,EV-003,collected,21.85,5.4833,5,1,3,2026,23.43
1581efde_EV-004,2026-03-28T21:51:50.284211+00:00,2026-03-29T14:35:18.692085+00:00,39.0,16.7246,1003.47,0002,0039,EV-004,collected,21.85,14.5833,5,1,3,2026,39.0
1581efde_EV-005,2026-03-28T21:51:50.284211+00:00,2026-03-29T12:32:50.719808+00:00,42.0,14.6835,881.01,0002,0039,EV-005,collected,21.85,12.5333,5,1,3,2026,42.0
1581efde_EV-006,2026-03-28T21:51:50.284211+00:00,2026-03-29T13:04:48.607310+00:00,50.25,15.2162,912.97,0002,0039,EV-006,collected,21.85,13.0667,5,1,3,2026,50.25
1581efde_EV-007,2026-03-28T21:51:50.284211+00:00,2026-03-29T06:38:17.096488+00:00,29.26,8.7741,526.45,0002,0039,EV-007,collected,21.85,6.6333,5,1,3,2026,29.26
1581efde_EV-008,2026-03-28T21:51:50.284211+00:00,2026-03-29T15:50:42.865613+00:00,43.5,17.9813,1078.88,0002,0039,EV-008,collected,21.85,15.8333,5,1,3,2026,43.5
1581efde_EV-009,2026-03-28T21:51:50.284211+00:00,2026-03-29T12:45:34.134069+00:00,45.75,14.8955,893.73,0002,0039,EV-009,collected,21.85,12.75,5,1,3,2026,45.75
1581efde_EV-010,2026-03-28T21:51:50.284211+00:00,2026-03-29T05:19:44.355519+00:00,31.68,7.465,447.9,0002,0039,EV-010,collected,21.85,5.3167,5,1,3,2026,31.68
1581efde_EV-011,2026-03-28T21:51:50.284211+00:00,2026-03-29T13:09:48.487999+00:00,62.25,15.2995,917.97,0002,0039,EV-011,collected,21.85,13.15,5,1,3,2026,62.25
1581efde_EV-012,2026-03-28T21:51:50.284211+00:00,2026-03-29T17:29:07.158726+00:00,36.72,19.6214,1177.28,0002,0039,EV-012,collected,21.85,17.4833,5,1,3,2026,36.72
1581efde_EV-013,2026-03-28T21:51:50.284211+00:00,2026-03-29T14:47:29.623525+00:00,51.12,16.9276,1015.66,0002,0039,EV-013,collected,21.85,14.7833,5,1,3,2026,51.12
1581efde_EV-014,2026-03-28T21:51:50.284211+00:00,2026-03-29T02:02:06.427405+00:00,23.6,4.1712,250.27,0002,0039,EV-014,collected,21.85,2.0333,5,1,3,2026,23.6
1581efde_EV-015,2026-03-28T21:51:50.284211+00:00,2026-03-29T03:18:47.838683+00:00,26.5,5.4493,326.96,0002,0039,EV-015,collected,21.85,3.3,5,1,3,2026,26.5
1581efde_EV-016,2026-03-28T21:51:50.284211+00:00,2026-03-29T13:16:27.116152+00:00,66.0,15.4102,924.61,0002,0039,EV-016,collected,21.85,13.2667,5,1,3,2026,66.0
1581efde_EV-017,2026-03-28T21:51:50.284211+00:00,2026-03-29T09:59:58.110742+00:00,33.06,12.1355,728.13,0002,0039,EV-017,collected,21.85,9.9833,5,1,3,2026,33.06
1581efde_EV-018,2026-03-28T21:51:50.284211+00:00,2026-03-29T16:44:09.044498+00:00,42.35,18.8719,1132.31,0002,0039,EV-018,collected,21.85,16.7333,5,1,3,2026,42.35
1581efde_EV-019,2026-03-28T21:51:50.284211+00:00,2026-03-29T17:16:04.239528+00:00,47.4,19.4039,1164.23,0002,0039,EV-019,collected,21.85,17.2667,5,1,3,2026,47.4
1581efde_EV-020,2026-03-28T21:51:50.284211+00:00,2026-03-29T15:47:21.184341+00:00,81.7,17.9253,1075.52,0002,0039,EV-020,collected,21.85,15.7833,5,1,3,2026,81.7
1581efde_EV-021,2026-03-28T21:51:50.284211+00:00,2026-03-29T02:22:58.434978+00:00,24.0,4.5189,271.14,0002,0039,EV-021,collected,21.85,2.3667,5,1,3,2026,24.0
1581efde_EV-022,2026-03-28T21:51:50.284211+00:00,2026-03-29T07:45:22.672440+00:00,35.4,9.8923,593.54,0002,0039,EV-022,collected,21.85,7.75,5,1,3,2026,35.4
1581efde_EV-023,2026-03-28T21:51:50.284211+00:00,2026-03-29T16:02:57.668046+00:00,56.8,18.1854,1091.12,0002,0039,EV-023,collected,21.85,16.0333,5,1,3,2026,56.8
1581efde_EV-024,2026-03-28T21:51:50.284211+00:00,2026-03-29T15:04:05.129482+00:00,44.8,17.2041,1032.25,0002,0039,EV-024,collected,21.85,15.0667,5,1,3,2026,44.8
1581efde_EV-025,2026-03-28T21:51:50.284211+00:00,2026-03-29T09:14:32.612377+00:00,33.0,11.3784,682.71,0002,0039,EV-025,collected,21.85,9.2333,5,1,3,2026,33.0
1581efde_EV-026,2026-03-28T21:51:50.284211+00:00,2026-03-29T13:25:43.950035+00:00,60.06,15.5649,933.89,0002,0039,EV-026,collected,21.85,13.4167,5,1,3,2026,60.06
1581efde_EV-027,2026-03-28T21:51:50.284211+00:00,2026-03-29T07:37:44.013876+00:00,33.0,9.7649,585.9,0002,0039,EV-027,collected,21.85,7.6167,5,1,3,2026,33.0
1581efde_EV-028,2026-03-28T21:51:50.284211+00:00,2026-03-29T15:31:38.106321+00:00,47.5,17.6633,1059.8,0002,0039,EV-028,collected,21.85,15.5167,5,1,3,2026,47.5
1581efde_EV-029,2026-03-28T21:51:50.284211+00:00,2026-03-29T02:45:28.529398+00:00,14.5,4.894,293.64,0002,0039,EV-029,collected,21.85,2.75,5,1,3,2026,14.5
1581efde_EV-030,2026-03-28T21:51:50.284211+00:00,2026-03-29T14:27:01.674966+00:00,60.83,16.5865,995.19,0002,0039,EV-030,collected,21.85,14.45,5,1,3,2026,60.83
1581efde_EV-031,2026-03-28T21:51:50.284211+00:00,2026-03-29T15:01:40.148997+00:00,56.21,17.1639,1029.83,0002,0039,EV-031,collected,21.85,15.0167,5,1,3,2026,56.21
1581efde_EV-032,2026-03-28T21:51:50.284211+00:00,2026-03-29T05:22:50.325623+00:00,18.0,7.5167,451.0,0002,0039,EV-032,collected,21.85,5.3667,5,1,3,2026,18.0
1581efde_EV-033,2026-03-28T21:51:50.284211+00:00,2026-03-29T07:39:59.965304+00:00,31.5,9.8027,588.16,0002,0039,EV-033,collected,21.85,7.65,5,1,3,2026,31.5
1581efde_EV-034,2026-03-28T21:51:50.284211+00:00,2026-03-29T16:23:07.613327+00:00,61.5,18.5215,1111.29,0002,0039,EV-034,collected,21.85,16.3833,5,1,3,2026,61.5
1581efde_EV-035,2026-03-28T21:51:50.284211+00:00,2026-03-29T15:14:23.348491+00:00,52.36,17.3759,1042.55,0002,0039,EV-035,collected,21.85,15.2333,5,1,3,2026,52.36
1581efde_EV-036,2026-03-28T21:51:50.284211+00:00,2026-03-29T14:21:15.640478+00:00,42.35,16.4904,989.42,0002,0039,EV-036,collected,21.85,14.35,5,1,3,2026,42.35
1581efde_EV-037,2026-03-28T21:51:50.284211+00:00,2026-03-29T14:38:03.965942+00:00,40.02,16.7705,1006.23,0002,0039,EV-037,collected,21.85,14.6333,5,1,3,2026,40.02
1581efde_EV-038,2026-03-28T21:51:50.284211+00:00,2026-03-29T09:10:07.353543+00:00,34.2,11.3047,678.28,0002,0039,EV-038,collected,21.85,9.1667,5,1,3,2026,34.2
46f44a34_EV-001,2026-03-28T21:52:14.336575+00:00,2026-03-29T04:21:04.832720+00:00,20.13,6.4807,388.84,0002,0039,EV-001,collected,21.8667,4.35,5,1,3,2026,20.13
46f44a34_EV-002,2026-03-28T21:52:14.336575+00:00,2026-03-29T03:42:43.890618+00:00,22.8,5.8415,350.49,0002,0039,EV-002,collected,21.8667,3.7,5,1,3,2026,22.8
46f44a34_EV-003,2026-03-28T21:52:14.336575+00:00,2026-03-29T03:21:06.051780+00:00,23.43,5.481,328.86,0002,0039,EV-003,collected,21.8667,3.35,5,1,3,2026,23.43
46f44a34_EV-004,2026-03-28T21:52:14.336575+00:00,2026-03-29T14:05:52.276429+00:00,39.0,16.2272,973.63,0002,0039,EV-004,collected,21.8667,14.0833,5,1,3,2026,39.0
46f44a34_EV-005,2026-03-28T21:52:14.336575+00:00,2026-03-29T13:21:59.219787+00:00,42.0,15.4958,929.75,0002,0039,EV-005,collected,21.8667,13.35,5,1,3,2026,42.0
46f44a34_EV-006,2026-03-28T21:52:14.336575+00:00,2026-03-29T15:24:29.489751+00:00,50.25,17.5375,1052.25,0002,0039,EV-006,collected,21.8667,15.4,5,1,3,2026,50.25
46f44a34_EV-007,2026-03-28T21:52:14.336575+00:00,2026-03-29T03:49:58.384374+00:00,29.26,5.9622,357.73,0002,0039,EV-007,collected,21.8667,3.8167,5,1,3,2026,29.26
46f44a34_EV-008,2026-03-28T21:52:14.336575+00:00,2026-03-29T16:48:59.441560+00:00,43.5,18.9459,1136.75,0002,0039,EV-008,collected,21.8667,16.8,5,1,3,2026,43.5
46f44a34_EV-009,2026-03-28T21:52:14.336575+00:00,2026-03-29T14:31:28.995222+00:00,45.75,16.6541,999.24,0002,0039,EV-009,collected,21.8667,14.5167,5,1,3,2026,45.75
46f44a34_EV-010,2026-03-28T21:52:14.336575+00:00,2026-03-29T09:49:11.201510+00:00,31.68,11.9491,716.95,0002,0039,EV-010,collected,21.8667,9.8167,5,1,3,2026,31.68
46f44a34_EV-011,2026-03-28T21:52:14.336575+00:00,2026-03-29T13:12:10.060362+00:00,62.25,15.3321,919.93,0002,0039,EV-011,collected,21.8667,13.2,5,1,3,2026,62.25
46f44a34_EV-012,2026-03-28T21:52:14.336575+00:00,2026-03-29T13:42:21.336174+00:00,36.72,15.8353,950.12,0002,0039,EV-012,collected,21.8667,13.7,5,1,3,2026,36.72
46f44a34_EV-013,2026-03-28T21:52:14.336575+00:00,2026-03-29T14:05:52.118061+00:00,51.12,16.2272,973.63,0002,0039,EV-013,collected,21.8667,14.0833,5,1,3,2026,51.12
46f44a34_EV-014,2026-03-28T21:52:14.336575+00:00,2026-03-29T05:29:40.868445+00:00,23.6,7.624,457.44,0002,0039,EV-014,collected,21.8667,5.4833,5,1,3,2026,23.6
46f44a34_EV-015,2026-03-28T21:52:14.336575+00:00,2026-03-29T02:34:23.877532+00:00,26.5,4.7027,282.16,0002,0039,EV-015,collected,21.8667,2.5667,5,1,3,2026,26.5
46f44a34_EV-016,2026-03-28T21:52:14.336575+00:00,2026-03-29T16:41:32.959997+00:00,66.0,18.8218,1129.31,0002,0039,EV-016,collected,21.8667,16.6833,5,1,3,2026,66.0
46f44a34_EV-017,2026-03-28T21:52:14.336575+00:00,2026-03-29T08:18:23.707802+00:00,33.06,10.4359,626.16,0002,0039,EV-017,collected,21.8667,8.3,5,1,3,2026,33.06
46f44a34_EV-018,2026-03-28T21:52:14.336575+00:00,2026-03-29T14:30:37.288272+00:00,42.35,16.6397,998.38,0002,0039,EV-018,collected,21.8667,14.5,5,1,3,2026,42.35
46f44a34_EV-019,2026-03-28T21:52:14.336575+00:00,2026-03-29T14:01:14.582055+00:00,47.4,16.1501,969.0,0002,0039,EV-019,collected,21.8667,14.0167,5,1,3,2026,47.4
46f44a34_EV-020,2026-03-28T21:52:14.336575+00:00,2026-03-29T13:15:39.405084+00:00,81.7,15.3903,923.42,0002,0039,EV-020,collected,21.8667,13.25,5,1,3,2026,81.7
46f44a34_EV-021,2026-03-28T21:52:14.336575+00:00,2026-03-29T02:52:43.459004+00:00,24.0,5.0081,300.49,0002,0039,EV-021,collected,21.8667,2.8667,5,1,3,2026,24.0
46f44a34_EV-022,2026-03-28T21:52:14.336575+00:00,2026-03-29T09:14:25.527184+00:00,35.4,11.3698,682.19,0002,0039,EV-022,collected,21.8667,9.2333,5,1,3,2026,35.4
46f44a34_EV-023,2026-03-28T21:52:14.336575+00:00,2026-03-29T14:00:22.155250+00:00,56.8,16.1355,968.13,0002,0039,EV-023,collected,21.8667,14.0,5,1,3,2026,56.8
46f44a34_EV-024,2026-03-28T21:52:14.336575+00:00,2026-03-29T15:25:46.129707+00:00,44.8,17.5588,1053.53,0002,0039,EV-024,collected,21.8667,15.4167,5,1,3,2026,44.8
46f44a34_EV-025,2026-03-28T21:52:14.336575+00:00,2026-03-29T08:24:31.165107+00:00,33.0,10.538,632.28,0002,0039,EV-025,collected,21.8667,8.4,5,1,3,2026,33.0
46f44a34_EV-026,2026-03-28T21:52:14.336575+00:00,2026-03-29T13:36:03.478810+00:00,60.06,15.7303,943.82,0002,0039,EV-026,collected,21.8667,13.6,5,1,3,2026,60.06
46f44a34_EV-027,2026-03-28T21:52:14.336575+00:00,2026-03-29T08:16:22.884511+00:00,33.0,10.4024,624.14,0002,0039,EV-027,collected,21.8667,8.2667,5,1,3,2026,33.0
46f44a34_EV-028,2026-03-28T21:52:14.336575+00:00,2026-03-29T13:22:17.005526+00:00,47.5,15.5007,930.04,0002,0039,EV-028,collected,21.8667,13.3667,5,1,3,2026,47.5
46f44a34_EV-029,2026-03-28T21:52:14.336575+00:00,2026-03-29T03:38:25.430848+00:00,14.5,5.7697,346.18,0002,0039,EV-029,collected,21.8667,3.6333,5,1,3,2026,14.5
46f44a34_EV-030,2026-03-28T21:52:14.336575+00:00,2026-03-29T17:45:46.387588+00:00,60.83,19.8922,1193.53,0002,0039,EV-030,collected,21.8667,17.75,5,1,3,2026,60.83
46f44a34_EV-031,2026-03-28T21:52:14.336575+00:00,2026-03-29T14:41:36.216064+00:00,56.21,16.8227,1009.36,0002,0039,EV-031,collected,21.8667,14.6833,5,1,3,2026,56.21
46f44a34_EV-032,2026-03-28T21:52:14.336575+00:00,2026-03-29T04:47:45.414276+00:00,18.0,6.9253,415.52,0002,0039,EV-032,collected,21.8667,4.7833,5,1,3,2026,18.0
46f44a34_EV-033,2026-03-28T21:52:14.336575+00:00,2026-03-29T08:50:17.691510+00:00,31.5,10.9676,658.06,0002,0039,EV-033,collected,21.8667,8.8333,5,1,3,2026,31.5
46f44a34_EV-034,2026-03-28T21:52:14.336575+00:00,2026-03-29T12:53:40.129707+00:00,61.5,15.0238,901.43,0002,0039,EV-034,collected,21.8667,12.8833,5,1,3,2026,61.5
46f44a34_EV-035,2026-03-28T21:52:14.336575+00:00,2026-03-29T16:40:35.812301+00:00,52.36,18.806,1128.36,0002,0039,EV-035,collected,21.8667,16.6667,5,1,3,2026,52.36
46f44a34_EV-036,2026-03-28T21:52:14.336575+00:00,2026-03-29T12:16:07.499065+00:00,42.35,14.3981,863.89,0002,0039,EV-036,collected,21.8667,12.2667,5,1,3,2026,42.35
46f44a34_EV-037,2026-03-28T21:52:14.336575+00:00,2026-03-29T15:26:36.543736+00:00,40.02,17.5728,1054.37,0002,0039,EV-037,collected,21.8667,15.4333,5,1,3,2026,40.02
46f44a34_EV-038,2026-03-28T21:52:14.336575+00:00,2026-03-29T04:02:34.455178+00:00,34.2,6.1723,370.34,0002,0039,EV-038,collected,21.8667,4.0333,5,1,3,2026,34.2
53de3f0e_EV-01,2026-03-28T09:00:00+00:00,2026-03-28T21:09:04.133010+00:00,45.0,12.1511,729.07,0002,0039,EV-01,collected,9.0,21.15,5,1,3,2026,45.0
53de3f0e_EV-02,2026-03-28T09:00:00+00:00,2026-03-28T20:01:28.189833+00:00,42.0,11.0245,661.47,0002,0039,EV-02,collected,9.0,20.0167,5,1,3,2026,42.0
53de3f0e_EV-03,2026-03-28T09:00:00+00:00,2026-03-28T20:56:42.803920+00:00,39.0,11.9452,716.71,0002,0039,EV-03,collected,9.0,20.9333,5,1,3,2026,39.0
53de3f0e_EV-04,2026-03-28T09:00:00+00:00,2026-03-28T19:34:51.118874+00:00,36.0,10.5809,634.85,0002,0039,EV-04,collected,9.0,19.5667,5,1,3,2026,36.0
53de3f0e_EV-05,2026-03-28T09:00:00+00:00,2026-03-28T20:40:59.432736+00:00,33.0,11.6832,700.99,0002,0039,EV-05,collected,9.0,20.6667,5,1,3,2026,33.0
53de3f0e_EV-06,2026-03-28T09:00:00+00:00,2026-03-28T17:15:04.784543+00:00,30.0,8.2513,495.08,0002,0039,EV-06,collected,9.0,17.25,5,1,3,2026,30.0
53de3f0e_EV-07,2026-03-28T09:00:00+00:00,2026-03-28T17:28:32.645549+00:00,27.0,8.4757,508.54,0002,0039,EV-07,collected,9.0,17.4667,5,1,3,2026,27.0
53de3f0e_EV-08,2026-03-28T09:00:00+00:00,2026-03-28T19:14:58.600979+00:00,24.0,10.2496,614.98,0002,0039,EV-08,collected,9.0,19.2333,5,1,3,2026,24.0
53de3f0e_EV-09,2026-03-28T09:00:00+00:00,2026-03-28T19:16:08.610681+00:00,21.0,10.2691,616.14,0002,0039,EV-09,collected,9.0,19.2667,5,1,3,2026,21.0
53de3f0e_EV-10,2026-03-28T09:00:00+00:00,2026-03-28T15:38:08.489307+00:00,18.0,6.6357,398.14,0002,0039,EV-10,collected,9.0,15.6333,5,1,3,2026,18.0
49553a49_EV-01,2026-03-28T09:00:00+00:00,2026-03-28T20:55:13.288573+00:00,45.0,11.9204,715.22,0002,0039,EV-01,collected,9.0,20.9167,5,1,3,2026,45.0
49553a49_EV-02,2026-03-28T09:00:00+00:00,2026-03-28T20:12:13.679893+00:00,42.0,11.2038,672.23,0002,0039,EV-02,collected,9.0,20.2,5,1,3,2026,42.0
49553a49_EV-03,2026-03-28T09:00:00+00:00,2026-03-28T20:15:38.482045+00:00,39.0,11.2607,675.64,0002,0039,EV-03,collected,9.0,20.25,5,1,3,2026,39.0
49553a49_EV-04,2026-03-28T09:00:00+00:00,2026-03-28T17:00:43.137547+00:00,36.0,8.012,480.72,0002,0039,EV-04,collected,9.0,17.0,5,1,3,2026,36.0
49553a49_EV-05,2026-03-28T09:00:00+00:00,2026-03-28T17:28:47.538597+00:00,33.0,8.4799,508.79,0002,0039,EV-05,collected,9.0,17.4667,5,1,3,2026,33.0
49553a49_EV-06,2026-03-28T09:00:00+00:00,2026-03-28T18:10:35.326855+00:00,30.0,9.1765,550.59,0002,0039,EV-06,collected,9.0,18.1667,5,1,3,2026,30.0
49553a49_EV-07,2026-03-28T09:00:00+00:00,2026-03-28T16:02:37.976512+00:00,27.0,7.0439,422.63,0002,0039,EV-07,collected,9.0,16.0333,5,1,3,2026,27.0
49553a49_EV-08,2026-03-28T09:00:00+00:00,2026-03-28T21:10:33.420480+00:00,24.0,12.176,730.56,0002,0039,EV-08,collected,9.0,21.1667,5,1,3,2026,24.0
49553a49_EV-09,2026-03-28T09:00:00+00:00,2026-03-28T18:00:45.264406+00:00,21.0,9.0126,540.75,0002,0039,EV-09,collected,9.0,18.0,5,1,3,2026,21.0
49553a49_EV-10,2026-03-28T09:00:00+00:00,2026-03-28T20:42:20.428471+00:00,18.0,11.7057,702.34,0002,0039,EV-10,collected,9.0,20.7,5,1,3,2026,18.0
ed3ba5bb_EV-01,2026-03-28T09:00:00+00:00,2026-03-28T18:20:34.378602+00:00,45.0,9.3429,560.57,0002,0039,EV-01,collected,9.0,18.3333,5,1,3,2026,45.0
ed3ba5bb_EV-02,2026-03-28T09:00:00+00:00,2026-03-28T20:18:28.584275+00:00,42.0,11.3079,678.48,0002,0039,EV-02,collected,9.0,20.3,5,1,3,2026,42.0
ed3ba5bb_EV-03,2026-03-28T09:00:00+00:00,2026-03-28T20:53:41.004485+00:00,39.0,11.8947,713.68,0002,0039,EV-03,collected,9.0,20.8833,5,1,3,2026,39.0
ed3ba5bb_EV-04,2026-03-28T09:00:00+00:00,2026-03-28T18:22:25.917645+00:00,36.0,9.3739,562.43,0002,0039,EV-04,collected,9.0,18.3667,5,1,3,2026,36.0
ed3ba5bb_EV-05,2026-03-28T09:00:00+00:00,2026-03-28T18:42:41.244702+00:00,33.0,9.7115,582.69,0002,0039,EV-05,collected,9.0,18.7,5,1,3,2026,33.0
ed3ba5bb_EV-06,2026-03-28T09:00:00+00:00,2026-03-28T17:03:07.141858+00:00,30.0,8.052,483.12,0002,0039,EV-06,collected,9.0,17.05,5,1,3,2026,30.0
ed3ba5bb_EV-07,2026-03-28T09:00:00+00:00,2026-03-28T15:49:19.205946+00:00,27.0,6.822,409.32,0002,0039,EV-07,collected,9.0,15.8167,5,1,3,2026,27.0
ed3ba5bb_EV-08,2026-03-28T09:00:00+00:00,2026-03-28T18:35:13.652502+00:00,24.0,9.5871,575.23,0002,0039,EV-08,collected,9.0,18.5833,5,1,3,2026,24.0
ed3ba5bb_EV-09,2026-03-28T09:00:00+00:00,2026-03-28T16:17:40.512010+00:00,21.0,7.2946,437.68,0002,0039,EV-09,collected,9.0,16.2833,5,1,3,2026,21.0
ed3ba5bb_EV-10,2026-03-28T09:00:00+00:00,2026-03-28T15:35:24.248682+00:00,18.0,6.5901,395.4,0002,0039,EV-10,collected,9.0,15.5833,5,1,3,2026,18.0
671555d4_EV-01,2026-03-28T09:00:00+00:00,2026-03-28T21:03:28.668106+00:00,45.0,12.058,723.48,0002,0039,EV-01,collected,9.0,21.05,5,1,3,2026,45.0
671555d4_EV-02,2026-03-28T09:00:00+00:00,2026-03-28T21:04:44.909808+00:00,42.0,12.0791,724.75,0002,0039,EV-02,collected,9.0,21.0667,5,1,3,2026,42.0
671555d4_EV-03,2026-03-28T09:00:00+00:00,2026-03-28T19:23:33.162148+00:00,39.0,10.3925,623.55,0002,0039,EV-03,collected,9.0,19.3833,5,1,3,2026,39.0
671555d4_EV-04,2026-03-28T09:00:00+00:00,2026-03-28T16:40:59.068988+00:00,36.0,7.6831,460.98,0002,0039,EV-04,collected,9.0,16.6667,5,1,3,2026,36.0
671555d4_EV-05,2026-03-28T09:00:00+00:00,2026-03-28T20:47:25.990010+00:00,33.0,11.7906,707.43,0002,0039,EV-05,collected,9.0,20.7833,5,1,3,2026,33.0
671555d4_EV-06,2026-03-28T09:00:00+00:00,2026-03-28T16:50:24.528719+00:00,30.0,7.8401,470.41,0002,0039,EV-06,collected,9.0,16.8333,5,1,3,2026,30.0
671555d4_EV-07,2026-03-28T09:00:00+00:00,2026-03-28T14:25:43.265616+00:00,27.0,5.4287,325.72,0002,0039,EV-07,collected,9.0,14.4167,5,1,3,2026,27.0
671555d4_EV-08,2026-03-28T09:00:00+00:00,2026-03-28T17:46:01.956903+00:00,24.0,8.7672,526.03,0002,0039,EV-08,collected,9.0,17.7667,5,1,3,2026,24.0
671555d4_EV-09,2026-03-28T09:00:00+00:00,2026-03-28T17:57:22.691491+00:00,21.0,8.9563,537.38,0002,0039,EV-09,collected,9.0,17.95,5,1,3,2026,21.0
671555d4_EV-10,2026-03-28T09:00:00+00:00,2026-03-28T17:47:52.926004+00:00,18.0,8.798,527.88,0002,0039,EV-10,collected,9.0,17.7833,5,1,3,2026,18.0
5eae53b3_EV-01,2026-03-28T09:00:00+00:00,2026-03-28T18:25:17.397886+00:00,45.0,9.4215,565.29,0002,0039,EV-01,collected,9.0,18.4167,5,1,3,2026,45.0
5eae53b3_EV-02,2026-03-28T09:00:00+00:00,2026-03-28T19:12:30.792705+00:00,42.0,10.2086,612.51,0002,0039,EV-02,collected,9.0,19.2,5,1,3,2026,42.0
5eae53b3_EV-03,2026-03-28T09:00:00+00:00,2026-03-29T00:22:34.272875+00:00,39.0,15.3762,922.57,0002,0039,EV-03,collected,9.0,0.3667,5,1,3,2026,39.0
5eae53b3_EV-04,2026-03-28T09:00:00+00:00,2026-03-28T19:13:33.387813+00:00,36.0,10.2259,613.56,0002,0039,EV-04,collected,9.0,19.2167,5,1,3,2026,36.0
5eae53b3_EV-05,2026-03-28T09:00:00+00:00,2026-03-28T19:23:00.205860+00:00,33.0,10.3834,623.0,0002,0039,EV-05,collected,9.0,19.3833,5,1,3,2026,33.0
5eae53b3_EV-06,2026-03-28T09:00:00+00:00,2026-03-28T18:12:37.350758+00:00,30.0,9.2104,552.62,0002,0039,EV-06,collected,9.0,18.2,5,1,3,2026,30.0
5eae53b3_EV-07,2026-03-28T09:00:00+00:00,2026-03-28T17:28:42.328958+00:00,27.0,8.4784,508.71,0002,0039,EV-07,collected,9.0,17.4667,5,1,3,2026,27.0
5eae53b3_EV-08,2026-03-28T09:00:00+00:00,2026-03-28T17:52:49.606845+00:00,24.0,8.8804,532.83,0002,0039,EV-08,collected,9.0,17.8667,5,1,3,2026,24.0
5eae53b3_EV-09,2026-03-28T09:00:00+00:00,2026-03-28T14:27:29.033778+00:00,21.0,5.4581,327.48,0002,0039,EV-09,collected,9.0,14.45,5,1,3,2026,21.0
5eae53b3_EV-10,2026-03-28T09:00:00+00:00,2026-03-28T15:53:07.127460+00:00,18.0,6.8853,413.12,0002,0039,EV-10,collected,9.0,15.8833,5,1,3,2026,18.0
d9759d3b_EV-01,2026-03-28T09:00:00+00:00,2026-03-28T21:15:24.589821+00:00,45.0,12.2568,735.41,0002,0039,EV-01,collected,9.0,21.25,5,1,3,2026,45.0
d9759d3b_EV-02,2026-03-28T09:00:00+00:00,2026-03-29T00:56:31.320076+00:00,42.0,15.942,956.52,0002,0039,EV-02,collected,9.0,0.9333,5,1,3,2026,42.0
d9759d3b_EV-03,2026-03-28T09:00:00+00:00,2026-03-28T18:21:17.309756+00:00,39.0,9.3548,561.29,0002,0039,EV-03,collected,9.0,18.35,5,1,3,2026,39.0
d9759d3b_EV-04,2026-03-28T09:00:00+00:00,2026-03-28T18:07:27.605996+00:00,36.0,9.1243,547.46,0002,0039,EV-04,collected,9.0,18.1167,5,1,3,2026,36.0
d9759d3b_EV-05,2026-03-28T09:00:00+00:00,2026-03-28T21:18:25.160049+00:00,33.0,12.307,738.42,0002,0039,EV-05,collected,9.0,21.3,5,1,3,2026,33.0
d9759d3b_EV-06,2026-03-28T09:00:00+00:00,2026-03-28T18:50:41.744744+00:00,30.0,9.8449,590.7,0002,0039,EV-06,collected,9.0,18.8333,5,1,3,2026,30.0
d9759d3b_EV-07,2026-03-28T09:00:00+00:00,2026-03-28T18:42:38.245845+00:00,27.0,9.7106,582.64,0002,0039,EV-07,collected,9.0,18.7,5,1,3,2026,27.0
d9759d3b_EV-08,2026-03-28T09:00:00+00:00,2026-03-28T14:54:35.885932+00:00,24.0,5.91,354.6,0002,0039,EV-08,collected,9.0,14.9,5,1,3,2026,24.0
d9759d3b_EV-09,2026-03-28T09:00:00+00:00,2026-03-28T16:52:23.947753+00:00,21.0,7.8733,472.4,0002,0039,EV-09,collected,9.0,16.8667,5,1,3,2026,21.0
d9759d3b_EV-10,2026-03-28T09:00:00+00:00,2026-03-28T16:20:50.979612+00:00,18.0,7.3475,440.85,0002,0039,EV-10,collected,9.0,16.3333,5,1,3,2026,18.0
2f77cbe9_EV-01,2026-03-28T09:00:00+00:00,2026-03-28T21:45:12.964064+00:00,45.0,12.7536,765.22,0002,0039,EV-01,collected,9.0,21.75,5,1,3,2026,45.0
2f77cbe9_EV-02,2026-03-28T09:00:00+00:00,2026-03-28T21:34:09.538577+00:00,42.0,12.5693,754.16,0002,0039,EV-02,collected,9.0,21.5667,5,1,3,2026,42.0
2f77cbe9_EV-03,2026-03-28T09:00:00+00:00,2026-03-28T23:35:35.973160+00:00,39.0,14.5933,875.6,0002,0039,EV-03,collected,9.0,23.5833,5,1,3,2026,39.0
2f77cbe9_EV-04,2026-03-28T09:00:00+00:00,2026-03-28T19:55:15.204071+00:00,36.0,10.9209,655.25,0002,0039,EV-04,collected,9.0,19.9167,5,1,3,2026,36.0
2f77cbe9_EV-05,2026-03-28T09:00:00+00:00,2026-03-28T21:08:42.837576+00:00,33.0,12.1452,728.71,0002,0039,EV-05,collected,9.0,21.1333,5,1,3,2026,33.0
2f77cbe9_EV-06,2026-03-28T09:00:00+00:00,2026-03-28T19:38:50.338871+00:00,30.0,10.6473,638.84,0002,0039,EV-06,collected,9.0,19.6333,5,1,3,2026,30.0
2f77cbe9_EV-07,2026-03-28T09:00:00+00:00,2026-03-28T19:07:15.023185+00:00,27.0,10.1208,607.25,0002,0039,EV-07,collected,9.0,19.1167,5,1,3,2026,27.0
2f77cbe9_EV-08,2026-03-28T09:00:00+00:00,2026-03-28T18:06:56.077686+00:00,24.0,9.1156,546.93,0002,0039,EV-08,collected,9.0,18.1,5,1,3,2026,24.0
2f77cbe9_EV-09,2026-03-28T09:00:00+00:00,2026-03-28T19:38:43.742605+00:00,21.0,10.6455,638.73,0002,0039,EV-09,collected,9.0,19.6333,5,1,3,2026,21.0
2f77cbe9_EV-10,2026-03-28T09:00:00+00:00,2026-03-28T17:02:18.246375+00:00,18.0,8.0384,482.3,0002,0039,EV-10,collected,9.0,17.0333,5,1,3,2026,18.0
3ee79d71_EV-01,2026-03-28T09:00:00+00:00,2026-03-28T20:40:44.992799+00:00,45.0,11.6792,700.75,0002,0039,EV-01,collected,9.0,20.6667,5,1,3,2026,45.0
3ee79d71_EV-02,2026-03-28T09:00:00+00:00,2026-03-28T18:18:50.685832+00:00,42.0,9.3141,558.84,0002,0039,EV-02,collected,9.0,18.3,5,1,3,2026,42.0
3ee79d71_EV-03,2026-03-28T09:00:00+00:00,2026-03-28T20:16:31.091180+00:00,39.0,11.2753,676.52,0002,0039,EV-03,collected,9.0,20.2667,5,1,3,2026,39.0
3ee79d71_EV-04,2026-03-28T09:00:00+00:00,2026-03-28T19:00:08.588553+00:00,36.0,10.0024,600.14,0002,0039,EV-04,collected,9.0,19.0,5,1,3,2026,36.0
3ee79d71_EV-05,2026-03-28T09:00:00+00:00,2026-03-28T21:29:39.649914+00:00,33.0,12.4943,749.66,0002,0039,EV-05,collected,9.0,21.4833,5,1,3,2026,33.0
3ee79d71_EV-06,2026-03-28T09:00:00+00:00,2026-03-28T19:10:40.198001+00:00,30.0,10.1778,610.67,0002,0039,EV-06,collected,9.0,19.1667,5,1,3,2026,30.0
3ee79d71_EV-07,2026-03-28T09:00:00+00:00,2026-03-28T17:10:31.121900+00:00,27.0,8.1753,490.52,0002,0039,EV-07,collected,9.0,17.1667,5,1,3,2026,27.0
3ee79d71_EV-08,2026-03-28T09:00:00+00:00,2026-03-28T19:56:52.338864+00:00,24.0,10.9479,656.87,0002,0039,EV-08,collected,9.0,19.9333,5,1,3,2026,24.0
3ee79d71_EV-09,2026-03-28T09:00:00+00:00,2026-03-28T17:35:21.501816+00:00,21.0,8.5893,515.36,0002,0039,EV-09,collected,9.0,17.5833,5,1,3,2026,21.0
3ee79d71_EV-10,2026-03-28T09:00:00+00:00,2026-03-28T15:17:43.705368+00:00,18.0,6.2955,377.73,0002,0039,EV-10,collected,9.0,15.2833,5,1,3,2026,18.0
fe562d96_EV-01,2026-03-28T09:00:00+00:00,2026-03-28T21:14:05.710983+00:00,45.0,12.2349,734.1,0002,0039,EV-01,collected,9.0,21.2333,5,1,3,2026,45.0
fe562d96_EV-02,2026-03-28T09:00:00+00:00,2026-03-28T20:21:38.319187+00:00,42.0,11.3606,681.64,0002,0039,EV-02,collected,9.0,20.35,5,1,3,2026,42.0
fe562d96_EV-03,2026-03-28T09:00:00+00:00,2026-03-28T19:31:16.471507+00:00,39.0,10.5212,631.27,0002,0039,EV-03,collected,9.0,19.5167,5,1,3,2026,39.0
fe562d96_EV-04,2026-03-28T09:00:00+00:00,2026-03-28T22:04:10.230845+00:00,36.0,13.0695,784.17,0002,0039,EV-04,collected,9.0,22.0667,5,1,3,2026,36.0
fe562d96_EV-05,2026-03-28T09:00:00+00:00,2026-03-28T19:44:37.085181+00:00,33.0,10.7436,644.62,0002,0039,EV-05,collected,9.0,19.7333,5,1,3,2026,33.0
fe562d96_EV-06,2026-03-28T09:00:00+00:00,2026-03-28T16:38:41.116746+00:00,30.0,7.6448,458.69,0002,0039,EV-06,collected,9.0,16.6333,5,1,3,2026,30.0
fe562d96_EV-07,2026-03-28T09:00:00+00:00,2026-03-28T14:56:46.692396+00:00,27.0,5.9463,356.78,0002,0039,EV-07,collected,9.0,14.9333,5,1,3,2026,27.0
fe562d96_EV-08,2026-03-28T09:00:00+00:00,2026-03-28T16:44:47.599678+00:00,24.0,7.7466,464.79,0002,0039,EV-08,collected,9.0,16.7333,5,1,3,2026,24.0
fe562d96_EV-09,2026-03-28T09:00:00+00:00,2026-03-28T14:56:58.388485+00:00,21.0,5.9496,356.97,0002,0039,EV-09,collected,9.0,14.9333,5,1,3,2026,21.0
fe562d96_EV-10,2026-03-28T09:00:00+00:00,2026-03-28T15:32:48.525892+00:00,18.0,6.5468,392.81,0002,0039,EV-10,collected,9.0,15.5333,5,1,3,2026,18.0
ad513201_EV-01,2026-03-28T09:00:00+00:00,2026-03-28T22:47:13.468444+00:00,45.0,13.7871,827.22,0002,0039,EV-01,collected,9.0,22.7833,5,1,3,2026,45.0
ad513201_EV-02,2026-03-28T09:00:00+00:00,2026-03-28T22:12:18.379761+00:00,42.0,13.2051,792.31,0002,0039,EV-02,collected,9.0,22.2,5,1,3,2026,42.0
ad513201_EV-03,2026-03-28T09:00:00+00:00,2026-03-28T19:43:55.204966+00:00,39.0,10.732,643.92,0002,0039,EV-03,collected,9.0,19.7167,5,1,3,2026,39.0
ad513201_EV-04,2026-03-28T09:00:00+00:00,2026-03-28T16:00:15.711867+00:00,36.0,7.0044,420.26,0002,0039,EV-04,collected,9.0,16.0,5,1,3,2026,36.0
ad513201_EV-05,2026-03-28T09:00:00+00:00,2026-03-28T21:05:01.574546+00:00,33.0,12.0838,725.03,0002,0039,EV-05,collected,9.0,21.0833,5,1,3,2026,33.0
ad513201_EV-06,2026-03-28T09:00:00+00:00,2026-03-28T20:25:15.197184+00:00,30.0,11.4209,685.25,0002,0039,EV-06,collected,9.0,20.4167,5,1,3,2026,30.0
ad513201_EV-07,2026-03-28T09:00:00+00:00,2026-03-28T17:38:44.898731+00:00,27.0,8.6458,518.75,0002,0039,EV-07,collected,9.0,17.6333,5,1,3,2026,27.0
ad513201_EV-08,2026-03-28T09:00:00+00:00,2026-03-28T18:13:05.190837+00:00,24.0,9.2181,553.09,0002,0039,EV-08,collected,9.0,18.2167,5,1,3,2026,24.0
ad513201_EV-09,2026-03-28T09:00:00+00:00,2026-03-28T17:43:57.117709+00:00,21.0,8.7325,523.95,0002,0039,EV-09,collected,9.0,17.7167,5,1,3,2026,21.0
ad513201_EV-10,2026-03-28T09:00:00+00:00,2026-03-28T18:28:16.715420+00:00,18.0,9.4713,568.28,0002,0039,EV-10,collected,9.0,18.4667,5,1,3,2026,18.0
e7f2342d_EV-01,2026-03-28T09:00:00+00:00,2026-03-28T22:11:23.230969+00:00,45.0,13.1898,791.39,0002,0039,EV-01,collected,9.0,22.1833,5,1,3,2026,45.0
e7f2342d_EV-02,2026-03-28T09:00:00+00:00,2026-03-28T20:29:03.757310+00:00,42.0,11.4844,689.06,0002,0039,EV-02,collected,9.0,20.4833,5,1,3,2026,42.0
e7f2342d_EV-03,2026-03-28T09:00:00+00:00,2026-03-28T20:23:29.158256+00:00,39.0,11.3914,683.49,0002,0039,EV-03,collected,9.0,20.3833,5,1,3,2026,39.0
e7f2342d_EV-04,2026-03-28T09:00:00+00:00,2026-03-28T18:19:13.237743+00:00,36.0,9.3203,559.22,0002,0039,EV-04,collected,9.0,18.3167,5,1,3,2026,36.0
e7f2342d_EV-05,2026-03-28T09:00:00+00:00,2026-03-28T17:12:05.544707+00:00,33.0,8.2015,492.09,0002,0039,EV-05,collected,9.0,17.2,5,1,3,2026,33.0
e7f2342d_EV-06,2026-03-28T09:00:00+00:00,2026-03-28T18:25:33.129494+00:00,30.0,9.4259,565.55,0002,0039,EV-06,collected,9.0,18.4167,5,1,3,2026,30.0
e7f2342d_EV-07,2026-03-28T09:00:00+00:00,2026-03-28T16:09:26.588814+00:00,27.0,7.1574,429.44,0002,0039,EV-07,collected,9.0,16.15,5,1,3,2026,27.0
e7f2342d_EV-08,2026-03-28T09:00:00+00:00,2026-03-28T17:28:57.849321+00:00,24.0,8.4827,508.96,0002,0039,EV-08,collected,9.0,17.4667,5,1,3,2026,24.0
e7f2342d_EV-09,2026-03-28T09:00:00+00:00,2026-03-28T20:48:16.815643+00:00,21.0,11.8047,708.28,0002,0039,EV-09,collected,9.0,20.8,5,1,3,2026,21.0
e7f2342d_EV-10,2026-03-28T09:00:00+00:00,2026-03-28T16:09:06.247311+00:00,18.0,7.1517,429.1,0002,0039,EV-10,collected,9.0,16.15,5,1,3,2026,18.0
e80817e6_EV-01,2026-03-28T09:00:00+00:00,2026-03-28T20:50:58.921989+00:00,45.0,11.8497,710.98,0002,0039,EV-01,collected,9.0,20.8333,5,1,3,2026,45.0
e80817e6_EV-02,2026-03-28T09:00:00+00:00,2026-03-28T23:04:09.076410+00:00,42.0,14.0692,844.15,0002,0039,EV-02,collected,9.0,23.0667,5,1,3,2026,42.0
e80817e6_EV-03,2026-03-28T09:00:00+00:00,2026-03-28T21:45:30.166532+00:00,39.0,12.7584,765.5,0002,0039,EV-03,collected,9.0,21.75,5,1,3,2026,39.0
e80817e6_EV-04,2026-03-28T09:00:00+00:00,2026-03-28T17:50:29.132537+00:00,36.0,8.8414,530.49,0002,0039,EV-04,collected,9.0,17.8333,5,1,3,2026,36.0
e80817e6_EV-05,2026-03-28T09:00:00+00:00,2026-03-28T20:18:31.889733+00:00,33.0,11.3089,678.53,0002,0039,EV-05,collected,9.0,20.3,5,1,3,2026,33.0
e80817e6_EV-06,2026-03-28T09:00:00+00:00,2026-03-28T17:25:51.305882+00:00,30.0,8.4309,505.86,0002,0039,EV-06,collected,9.0,17.4167,5,1,3,2026,30.0
e80817e6_EV-07,2026-03-28T09:00:00+00:00,2026-03-28T18:30:30.706902+00:00,27.0,9.5085,570.51,0002,0039,EV-07,collected,9.0,18.5,5,1,3,2026,27.0
e80817e6_EV-08,2026-03-28T09:00:00+00:00,2026-03-28T17:21:01.016759+00:00,24.0,8.3503,501.02,0002,0039,EV-08,collected,9.0,17.35,5,1,3,2026,24.0
e80817e6_EV-09,2026-03-28T09:00:00+00:00,2026-03-28T17:34:38.837464+00:00,21.0,8.5775,514.65,0002,0039,EV-09,collected,9.0,17.5667,5,1,3,2026,21.0
e80817e6_EV-10,2026-03-28T09:00:00+00:00,2026-03-28T14:13:02.205219+00:00,18.0,5.2173,313.04,0002,0039,EV-10,collected,9.0,14.2167,5,1,3,2026,18.0
c7f5a8fa_EV-01,2026-03-28T09:00:00+00:00,2026-03-28T19:13:46.936938+00:00,48.0,10.2297,613.78,0002,0039,EV-01,collected,9.0,19.2167,5,1,3,2026,48.0
c7f5a8fa_EV-02,2026-03-28T09:00:00+00:00,2026-03-28T20:54:10.074188+00:00,42.0,11.9028,714.17,0002,0039,EV-02,collected,9.0,20.9,5,1,3,2026,42.0
c7f5a8fa_EV-03,2026-03-28T09:00:00+00:00,2026-03-28T19:23:32.092611+00:00,36.0,10.3922,623.53,0002,0039,EV-03,collected,9.0,19.3833,5,1,3,2026,36.0
c7f5a8fa_EV-04,2026-03-28T09:00:00+00:00,2026-03-28T17:32:11.120940+00:00,30.0,8.5364,512.19,0002,0039,EV-04,collected,9.0,17.5333,5,1,3,2026,30.0
c7f5a8fa_EV-05,2026-03-28T09:00:00+00:00,2026-03-28T15:58:07.451234+00:00,24.0,6.9687,418.12,0002,0039,EV-05,collected,9.0,15.9667,5,1,3,2026,24.0
c7f5a8fa_EV-06,2026-03-28T09:00:00+00:00,2026-03-28T22:30:12.383689+00:00,48.0,13.5034,810.21,0002,0039,EV-06,collected,9.0,22.5,5,1,3,2026,48.0
c7f5a8fa_EV-07,2026-03-28T09:00:00+00:00,2026-03-28T22:29:10.356381+00:00,42.0,13.4862,809.17,0002,0039,EV-07,collected,9.0,22.4833,5,1,3,2026,42.0
c7f5a8fa_EV-08,2026-03-28T09:00:00+00:00,2026-03-28T19:51:46.676520+00:00,36.0,10.863,651.78,0002,0039,EV-08,collected,9.0,19.85,5,1,3,2026,36.0
c7f5a8fa_EV-09,2026-03-28T09:00:00+00:00,2026-03-28T18:32:03.934571+00:00,30.0,9.5344,572.07,0002,0039,EV-09,collected,9.0,18.5333,5,1,3,2026,30.0
c7f5a8fa_EV-10,2026-03-28T09:00:00+00:00,2026-03-28T18:14:43.492718+00:00,24.0,9.2454,554.72,0002,0039,EV-10,collected,9.0,18.2333,5,1,3,2026,24.0
c7f5a8fa_EV-11,2026-03-28T09:00:00+00:00,2026-03-28T23:28:42.858458+00:00,48.0,14.4786,868.71,0002,0039,EV-11,collected,9.0,23.4667,5,1,3,2026,48.0
c7f5a8fa_EV-12,2026-03-28T09:00:00+00:00,2026-03-28T19:28:27.798758+00:00,42.0,10.4744,628.46,0002,0039,EV-12,collected,9.0,19.4667,5,1,3,2026,42.0
c7f5a8fa_EV-13,2026-03-28T09:00:00+00:00,2026-03-28T21:38:51.722455+00:00,36.0,12.6477,758.86,0002,0039,EV-13,collected,9.0,21.6333,5,1,3,2026,36.0
c7f5a8fa_EV-14,2026-03-28T09:00:00+00:00,2026-03-28T18:31:46.489980+00:00,30.0,9.5296,571.77,0002,0039,EV-14,collected,9.0,18.5167,5,1,3,2026,30.0
c7f5a8fa_EV-15,2026-03-28T09:00:00+00:00,2026-03-28T17:14:59.144207+00:00,24.0,8.2498,494.99,0002,0039,EV-15,collected,9.0,17.2333,5,1,3,2026,24.0
c7f5a8fa_EV-16,2026-03-28T09:00:00+00:00,2026-03-28T21:49:38.588843+00:00,48.0,12.8274,769.64,0002,0039,EV-16,collected,9.0,21.8167,5,1,3,2026,48.0
c7f5a8fa_EV-17,2026-03-28T09:00:00+00:00,2026-03-29T00:02:02.293362+00:00,42.0,15.034,902.04,0002,0039,EV-17,collected,9.0,0.0333,5,1,3,2026,42.0
c7f5a8fa_EV-18,2026-03-28T09:00:00+00:00,2026-03-28T19:42:56.863476+00:00,36.0,10.7158,642.95,0002,0039,EV-18,collected,9.0,19.7,5,1,3,2026,36.0
c7f5a8fa_EV-19,2026-03-28T09:00:00+00:00,2026-03-28T17:42:28.048049+00:00,30.0,8.7078,522.47,0002,0039,EV-19,collected,9.0,17.7,5,1,3,2026,30.0
c7f5a8fa_EV-20,2026-03-28T09:00:00+00:00,2026-03-28T19:50:20.696564+00:00,24.0,10.8391,650.34,0002,0039,EV-20,collected,9.0,19.8333,5,1,3,2026,24.0
5382c6a4_EV-01,2026-03-28T09:00:00+00:00,2026-03-28T21:06:00.429012+00:00,48.0,12.1001,726.01,0002,0039,EV-01,collected,9.0,21.1,5,1,3,2026,48.0
5382c6a4_EV-02,2026-03-28T09:00:00+00:00,2026-03-28T19:46:26.143469+00:00,42.0,10.7739,646.44,0002,0039,EV-02,collected,9.0,19.7667,5,1,3,2026,42.0
5382c6a4_EV-03,2026-03-28T09:00:00+00:00,2026-03-28T18:37:53.238340+00:00,36.0,9.6315,577.89,0002,0039,EV-03,collected,9.0,18.6167,5,1,3,2026,36.0
5382c6a4_EV-04,2026-03-28T09:00:00+00:00,2026-03-28T16:47:38.163484+00:00,30.0,7.7939,467.64,0002,0039,EV-04,collected,9.0,16.7833,5,1,3,2026,30.0
5382c6a4_EV-05,2026-03-28T09:00:00+00:00,2026-03-28T17:03:20.873750+00:00,24.0,8.0558,483.35,0002,0039,EV-05,collected,9.0,17.05,5,1,3,2026,24.0
5382c6a4_EV-06,2026-03-28T09:00:00+00:00,2026-03-28T20:47:17.223067+00:00,48.0,11.7881,707.29,0002,0039,EV-06,collected,9.0,20.7833,5,1,3,2026,48.0
5382c6a4_EV-07,2026-03-28T09:00:00+00:00,2026-03-28T22:22:37.030946+00:00,42.0,13.377,802.62,0002,0039,EV-07,collected,9.0,22.3667,5,1,3,2026,42.0
5382c6a4_EV-08,2026-03-28T09:00:00+00:00,2026-03-28T19:38:44.893618+00:00,36.0,10.6458,638.75,0002,0039,EV-08,collected,9.0,19.6333,5,1,3,2026,36.0
5382c6a4_EV-09,2026-03-28T09:00:00+00:00,2026-03-28T15:50:33.566375+00:00,30.0,6.8427,410.56,0002,0039,EV-09,collected,9.0,15.8333,5,1,3,2026,30.0
5382c6a4_EV-10,2026-03-28T09:00:00+00:00,2026-03-28T19:35:39.803291+00:00,24.0,10.5944,635.66,0002,0039,EV-10,collected,9.0,19.5833,5,1,3,2026,24.0
5382c6a4_EV-11,2026-03-28T09:00:00+00:00,2026-03-28T20:10:43.706809+00:00,48.0,11.1788,670.73,0002,0039,EV-11,collected,9.0,20.1667,5,1,3,2026,48.0
5382c6a4_EV-12,2026-03-28T09:00:00+00:00,2026-03-28T20:37:24.472021+00:00,42.0,11.6235,697.41,0002,0039,EV-12,collected,9.0,20.6167,5,1,3,2026,42.0
5382c6a4_EV-13,2026-03-28T09:00:00+00:00,2026-03-28T20:19:22.565964+00:00,36.0,11.3229,679.38,0002,0039,EV-13,collected,9.0,20.3167,5,1,3,2026,36.0
5382c6a4_EV-14,2026-03-28T09:00:00+00:00,2026-03-28T17:28:53.650569+00:00,30.0,8.4816,508.89,0002,0039,EV-14,collected,9.0,17.4667,5,1,3,2026,30.0
5382c6a4_EV-15,2026-03-28T09:00:00+00:00,2026-03-28T16:26:44.807777+00:00,24.0,7.4458,446.75,0002,0039,EV-15,collected,9.0,16.4333,5,1,3,2026,24.0
5382c6a4_EV-16,2026-03-28T09:00:00+00:00,2026-03-28T23:48:34.990647+00:00,48.0,14.8097,888.58,0002,0039,EV-16,collected,9.0,23.8,5,1,3,2026,48.0
5382c6a4_EV-17,2026-03-28T09:00:00+00:00,2026-03-28T20:39:25.854140+00:00,42.0,11.6572,699.43,0002,0039,EV-17,collected,9.0,20.65,5,1,3,2026,42.0
5382c6a4_EV-18,2026-03-28T09:00:00+00:00,2026-03-28T18:31:11.327710+00:00,36.0,9.5198,571.19,0002,0039,EV-18,collected,9.0,18.5167,5,1,3,2026,36.0
5382c6a4_EV-19,2026-03-28T09:00:00+00:00,2026-03-28T17:22:36.713894+00:00,30.0,8.3769,502.61,0002,0039,EV-19,collected,9.0,17.3667,5,1,3,2026,30.0
5382c6a4_EV-20,2026-03-28T09:00:00+00:00,2026-03-28T14:15:20.305057+00:00,24.0,5.2556,315.34,0002,0039,EV-20,collected,9.0,14.25,5,1,3,2026,24.0
aa734fcc_EV-01,2026-03-28T09:00:00+00:00,2026-03-28T22:38:38.107570+00:00,48.0,13.6439,818.64,0002,0039,EV-01,collected,9.0,22.6333,5,1,3,2026,48.0
aa734fcc_EV-02,2026-03-28T09:00:00+00:00,2026-03-28T21:34:15.034323+00:00,42.0,12.5708,754.25,0002,0039,EV-02,collected,9.0,21.5667,5,1,3,2026,42.0
aa734fcc_EV-03,2026-03-28T09:00:00+00:00,2026-03-28T20:19:16.030465+00:00,36.0,11.3211,679.27,0002,0039,EV-03,collected,9.0,20.3167,5,1,3,2026,36.0
aa734fcc_EV-04,2026-03-28T09:00:00+00:00,2026-03-28T20:38:37.550488+00:00,30.0,11.6438,698.63,0002,0039,EV-04,collected,9.0,20.6333,5,1,3,2026,30.0
aa734fcc_EV-05,2026-03-28T09:00:00+00:00,2026-03-28T18:58:00.391231+00:00,24.0,9.9668,598.01,0002,0039,EV-05,collected,9.0,18.9667,5,1,3,2026,24.0
aa734fcc_EV-06,2026-03-28T09:00:00+00:00,2026-03-28T18:19:12.548838+00:00,48.0,9.3202,559.21,0002,0039,EV-06,collected,9.0,18.3167,5,1,3,2026,48.0
aa734fcc_EV-07,2026-03-28T09:00:00+00:00,2026-03-28T18:24:38.945750+00:00,42.0,9.4108,564.65,0002,0039,EV-07,collected,9.0,18.4,5,1,3,2026,42.0
aa734fcc_EV-08,2026-03-28T09:00:00+00:00,2026-03-28T19:55:07.433407+00:00,36.0,10.9187,655.12,0002,0039,EV-08,collected,9.0,19.9167,5,1,3,2026,36.0
aa734fcc_EV-09,2026-03-28T09:00:00+00:00,2026-03-28T17:05:41.849617+00:00,30.0,8.095,485.7,0002,0039,EV-09,collected,9.0,17.0833,5,1,3,2026,30.0
aa734fcc_EV-10,2026-03-28T09:00:00+00:00,2026-03-28T17:39:24.108583+00:00,24.0,8.6567,519.4,0002,0039,EV-10,collected,9.0,17.65,5,1,3,2026,24.0
aa734fcc_EV-11,2026-03-28T09:00:00+00:00,2026-03-28T21:55:51.278744+00:00,48.0,12.9309,775.85,0002,0039,EV-11,collected,9.0,21.9167,5,1,3,2026,48.0
aa734fcc_EV-12,2026-03-28T09:00:00+00:00,2026-03-28T22:12:43.528431+00:00,42.0,13.2121,792.73,0002,0039,EV-12,collected,9.0,22.2,5,1,3,2026,42.0
aa734fcc_EV-13,2026-03-28T09:00:00+00:00,2026-03-28T18:07:26.748974+00:00,36.0,9.1241,547.45,0002,0039,EV-13,collected,9.0,18.1167,5,1,3,2026,36.0
aa734fcc_EV-14,2026-03-28T09:00:00+00:00,2026-03-28T19:05:26.535259+00:00,30.0,10.0907,605.44,0002,0039,EV-14,collected,9.0,19.0833,5,1,3,2026,30.0
aa734fcc_EV-15,2026-03-28T09:00:00+00:00,2026-03-28T16:30:48.273917+00:00,24.0,7.5134,450.8,0002,0039,EV-15,collected,9.0,16.5,5,1,3,2026,24.0
aa734fcc_EV-16,2026-03-28T09:00:00+00:00,2026-03-28T20:50:43.752610+00:00,48.0,11.8455,710.73,0002,0039,EV-16,collected,9.0,20.8333,5,1,3,2026,48.0
aa734fcc_EV-17,2026-03-28T09:00:00+00:00,2026-03-28T19:47:09.707206+00:00,42.0,10.786,647.16,0002,0039,EV-17,collected,9.0,19.7833,5,1,3,2026,42.0
aa734fcc_EV-18,2026-03-28T09:00:00+00:00,2026-03-28T18:34:25.633263+00:00,36.0,9.5738,574.43,0002,0039,EV-18,collected,9.0,18.5667,5,1,3,2026,36.0
aa734fcc_EV-19,2026-03-28T09:00:00+00:00,2026-03-28T17:45:11.406787+00:00,30.0,8.7532,525.19,0002,0039,EV-19,collected,9.0,17.75,5,1,3,2026,30.0
aa734fcc_EV-20,2026-03-28T09:00:00+00:00,2026-03-28T19:06:38.707519+00:00,24.0,10.1108,606.65,0002,0039,EV-20,collected,9.0,19.1,5,1,3,2026,24.0
fc342a70_EV-01,2026-03-28T09:00:00+00:00,2026-03-28T23:15:15.452081+00:00,48.0,14.2543,855.26,0002,0039,EV-01,collected,9.0,23.25,5,1,3,2026,48.0
fc342a70_EV-02,2026-03-28T09:00:00+00:00,2026-03-28T19:26:02.092436+00:00,42.0,10.4339,626.03,0002,0039,EV-02,collected,9.0,19.4333,5,1,3,2026,42.0
fc342a70_EV-03,2026-03-28T09:00:00+00:00,2026-03-28T18:19:23.771801+00:00,36.0,9.3233,559.4,0002,0039,EV-03,collected,9.0,18.3167,5,1,3,2026,36.0
fc342a70_EV-04,2026-03-28T09:00:00+00:00,2026-03-28T18:47:21.359268+00:00,30.0,9.7893,587.36,0002,0039,EV-04,collected,9.0,18.7833,5,1,3,2026,30.0
fc342a70_EV-05,2026-03-28T09:00:00+00:00,2026-03-28T20:24:33.572424+00:00,24.0,11.4093,684.56,0002,0039,EV-05,collected,9.0,20.4,5,1,3,2026,24.0
fc342a70_EV-06,2026-03-28T09:00:00+00:00,2026-03-28T21:46:44.468401+00:00,48.0,12.779,766.74,0002,0039,EV-06,collected,9.0,21.7667,5,1,3,2026,48.0
fc342a70_EV-07,2026-03-28T09:00:00+00:00,2026-03-28T21:28:59.422685+00:00,42.0,12.4832,748.99,0002,0039,EV-07,collected,9.0,21.4667,5,1,3,2026,42.0
fc342a70_EV-08,2026-03-28T09:00:00+00:00,2026-03-28T19:52:04.697569+00:00,36.0,10.868,652.08,0002,0039,EV-08,collected,9.0,19.8667,5,1,3,2026,36.0
fc342a70_EV-09,2026-03-28T09:00:00+00:00,2026-03-28T16:11:35.408692+00:00,30.0,7.1932,431.59,0002,0039,EV-09,collected,9.0,16.1833,5,1,3,2026,30.0
fc342a70_EV-10,2026-03-28T09:00:00+00:00,2026-03-28T16:00:24.983347+00:00,24.0,7.0069,420.42,0002,0039,EV-10,collected,9.0,16.0,5,1,3,2026,24.0
3a9c1a01_EV-01,2026-03-28T09:00:00+00:00,2026-03-28T19:50:09.876823+00:00,48.0,10.8361,650.16,0002,0039,EV-01,collected,9.0,19.8333,5,1,3,2026,48.0
3a9c1a01_EV-02,2026-03-28T09:00:00+00:00,2026-03-28T20:43:13.038157+00:00,42.0,11.7203,703.22,0002,0039,EV-02,collected,9.0,20.7167,5,1,3,2026,42.0
3a9c1a01_EV-03,2026-03-28T09:00:00+00:00,2026-03-28T17:42:59.034608+00:00,36.0,8.7164,522.98,0002,0039,EV-03,collected,9.0,17.7,5,1,3,2026,36.0
3a9c1a01_EV-04,2026-03-28T09:00:00+00:00,2026-03-28T19:25:54.977301+00:00,30.0,10.4319,625.92,0002,0039,EV-04,collected,9.0,19.4167,5,1,3,2026,30.0
3a9c1a01_EV-05,2026-03-28T09:00:00+00:00,2026-03-28T17:21:24.179928+00:00,24.0,8.3567,501.4,0002,0039,EV-05,collected,9.0,17.35,5,1,3,2026,24.0
3a9c1a01_EV-06,2026-03-28T09:00:00+00:00,2026-03-28T19:52:12.379966+00:00,48.0,10.8701,652.21,0002,0039,EV-06,collected,9.0,19.8667,5,1,3,2026,48.0
3a9c1a01_EV-07,2026-03-28T09:00:00+00:00,2026-03-28T21:57:12.030385+00:00,42.0,12.9533,777.2,0002,0039,EV-07,collected,9.0,21.95,5,1,3,2026,42.0
3a9c1a01_EV-08,2026-03-28T09:00:00+00:00,2026-03-28T18:47:26.658837+00:00,36.0,9.7907,587.44,0002,0039,EV-08,collected,9.0,18.7833,5,1,3,2026,36.0
3a9c1a01_EV-09,2026-03-28T09:00:00+00:00,2026-03-28T16:32:16.146147+00:00,30.0,7.5378,452.27,0002,0039,EV-09,collected,9.0,16.5333,5,1,3,2026,30.0
3a9c1a01_EV-10,2026-03-28T09:00:00+00:00,2026-03-28T18:38:18.470144+00:00,24.0,9.6385,578.31,0002,0039,EV-10,collected,9.0,18.6333,5,1,3,2026,24.0
7259094d_EV-01,2026-03-28T09:00:00+00:00,2026-03-28T21:08:47.941916+00:00,48.0,12.1467,728.8,0002,0039,EV-01,collected,9.0,21.1333,5,1,3,2026,48.0
7259094d_EV-02,2026-03-28T09:00:00+00:00,2026-03-28T21:05:13.015185+00:00,42.0,12.0869,725.22,0002,0039,EV-02,collected,9.0,21.0833,5,1,3,2026,42.0
7259094d_EV-03,2026-03-28T09:00:00+00:00,2026-03-28T22:40:08.001294+00:00,36.0,13.6689,820.13,0002,0039,EV-03,collected,9.0,22.6667,5,1,3,2026,36.0
7259094d_EV-04,2026-03-28T09:00:00+00:00,2026-03-28T18:44:21.541298+00:00,30.0,9.7393,584.36,0002,0039,EV-04,collected,9.0,18.7333,5,1,3,2026,30.0
7259094d_EV-05,2026-03-28T09:00:00+00:00,2026-03-28T16:43:33.795710+00:00,24.0,7.7261,463.56,0002,0039,EV-05,collected,9.0,16.7167,5,1,3,2026,24.0
7259094d_EV-06,2026-03-28T09:00:00+00:00,2026-03-28T21:57:11.326533+00:00,48.0,12.9531,777.19,0002,0039,EV-06,collected,9.0,21.95,5,1,3,2026,48.0
7259094d_EV-07,2026-03-28T09:00:00+00:00,2026-03-28T19:16:50.850848+00:00,42.0,10.2808,616.85,0002,0039,EV-07,collected,9.0,19.2667,5,1,3,2026,42.0
7259094d_EV-08,2026-03-28T09:00:00+00:00,2026-03-28T17:43:03.823326+00:00,36.0,8.7177,523.06,0002,0039,EV-08,collected,9.0,17.7167,5,1,3,2026,36.0
7259094d_EV-09,2026-03-28T09:00:00+00:00,2026-03-28T18:07:40.925042+00:00,30.0,9.128,547.68,0002,0039,EV-09,collected,9.0,18.1167,5,1,3,2026,30.0
7259094d_EV-10,2026-03-28T09:00:00+00:00,2026-03-28T23:10:20.382667+00:00,24.0,14.1723,850.34,0002,0039,EV-10,collected,9.0,23.1667,5,1,3,2026,24.0
d4bb01fc_EV-01,2026-03-28T09:00:00+00:00,2026-03-28T22:29:07.254465+00:00,48.0,13.4853,809.12,0002,0039,EV-01,collected,9.0,22.4833,5,1,3,2026,48.0
d4bb01fc_EV-02,2026-03-28T09:00:00+00:00,2026-03-28T19:16:10.449007+00:00,42.0,10.2696,616.17,0002,0039,EV-02,collected,9.0,19.2667,5,1,3,2026,42.0
d4bb01fc_EV-03,2026-03-28T09:00:00+00:00,2026-03-28T19:43:00.405512+00:00,36.0,10.7168,643.01,0002,0039,EV-03,collected,9.0,19.7167,5,1,3,2026,36.0
d4bb01fc_EV-04,2026-03-28T09:00:00+00:00,2026-03-28T16:33:31.256939+00:00,30.0,7.5587,453.52,0002,0039,EV-04,collected,9.0,16.55,5,1,3,2026,30.0
d4bb01fc_EV-05,2026-03-28T09:00:00+00:00,2026-03-28T17:12:11.318545+00:00,24.0,8.2031,492.19,0002,0039,EV-05,collected,9.0,17.2,5,1,3,2026,24.0
d4bb01fc_EV-06,2026-03-28T09:00:00+00:00,2026-03-28T17:55:36.012063+00:00,48.0,8.9267,535.6,0002,0039,EV-06,collected,9.0,17.9167,5,1,3,2026,48.0
d4bb01fc_EV-07,2026-03-28T09:00:00+00:00,2026-03-28T17:52:09.609407+00:00,42.0,8.8693,532.16,0002,0039,EV-07,collected,9.0,17.8667,5,1,3,2026,42.0
d4bb01fc_EV-08,2026-03-28T09:00:00+00:00,2026-03-28T15:35:16.311995+00:00,36.0,6.5879,395.27,0002,0039,EV-08,collected,9.0,15.5833,5,1,3,2026,36.0
d4bb01fc_EV-09,2026-03-28T09:00:00+00:00,2026-03-28T18:33:23.197278+00:00,30.0,9.5564,573.39,0002,0039,EV-09,collected,9.0,18.55,5,1,3,2026,30.0
d4bb01fc_EV-10,2026-03-28T09:00:00+00:00,2026-03-28T17:27:06.380236+00:00,24.0,8.4518,507.11,0002,0039,EV-10,collected,9.0,17.45,5,1,3,2026,24.0
407a7dff_EV-01,2026-03-28T09:00:00+00:00,2026-03-28T18:44:31.647178+00:00,48.0,9.7421,584.53,0002,0039,EV-01,collected,9.0,18.7333,5,1,3,2026,48.0
407a7dff_EV-02,2026-03-28T09:00:00+00:00,2026-03-28T18:51:05.383545+00:00,42.0,9.8515,591.09,0002,0039,EV-02,collected,9.0,18.85,5,1,3,2026,42.0
407a7dff_EV-03,2026-03-28T09:00:00+00:00,2026-03-28T17:16:06.972393+00:00,36.0,8.2686,496.12,0002,0039,EV-03,collected,9.0,17.2667,5,1,3,2026,36.0
407a7dff_EV-04,2026-03-28T09:00:00+00:00,2026-03-28T16:10:43.389994+00:00,30.0,7.1787,430.72,0002,0039,EV-04,collected,9.0,16.1667,5,1,3,2026,30.0
407a7dff_EV-05,2026-03-28T09:00:00+00:00,2026-03-28T17:14:34.476825+00:00,24.0,8.2429,494.57,0002,0039,EV-05,collected,9.0,17.2333,5,1,3,2026,24.0
407a7dff_EV-06,2026-03-28T09:00:00+00:00,2026-03-28T22:06:17.911817+00:00,48.0,13.105,786.3,0002,0039,EV-06,collected,9.0,22.1,5,1,3,2026,48.0
407a7dff_EV-07,2026-03-28T09:00:00+00:00,2026-03-28T21:39:05.860622+00:00,42.0,12.6516,759.1,0002,0039,EV-07,collected,9.0,21.65,5,1,3,2026,42.0
407a7dff_EV-08,2026-03-28T09:00:00+00:00,2026-03-28T19:34:25.200661+00:00,36.0,10.5737,634.42,0002,0039,EV-08,collected,9.0,19.5667,5,1,3,2026,36.0
407a7dff_EV-09,2026-03-28T09:00:00+00:00,2026-03-28T17:08:51.428314+00:00,30.0,8.1476,488.86,0002,0039,EV-09,collected,9.0,17.1333,5,1,3,2026,30.0
407a7dff_EV-10,2026-03-28T09:00:00+00:00,2026-03-28T16:41:54.260254+00:00,24.0,7.6984,461.9,0002,0039,EV-10,collected,9.0,16.6833,5,1,3,2026,24.0
562ef414_EV-01,2026-03-28T09:00:00+00:00,2026-03-28T19:54:36.545841+00:00,48.0,10.9102,654.61,0002,0039,EV-01,collected,9.0,19.9,5,1,3,2026,48.0
562ef414_EV-02,2026-03-28T09:00:00+00:00,2026-03-28T22:38:48.191734+00:00,42.0,13.6467,818.8,0002,0039,EV-02,collected,9.0,22.6333,5,1,3,2026,42.0
562ef414_EV-03,2026-03-28T09:00:00+00:00,2026-03-28T19:14:08.411753+00:00,36.0,10.2357,614.14,0002,0039,EV-03,collected,9.0,19.2333,5,1,3,2026,36.0
562ef414_EV-04,2026-03-28T09:00:00+00:00,2026-03-28T17:17:09.255492+00:00,30.0,8.2859,497.15,0002,0039,EV-04,collected,9.0,17.2833,5,1,3,2026,30.0
562ef414_EV-05,2026-03-28T09:00:00+00:00,2026-03-28T18:39:15.892280+00:00,24.0,9.6544,579.26,0002,0039,EV-05,collected,9.0,18.65,5,1,3,2026,24.0
562ef414_EV-06,2026-03-28T09:00:00+00:00,2026-03-28T21:00:29.670720+00:00,48.0,12.0082,720.49,0002,0039,EV-06,collected,9.0,21.0,5,1,3,2026,48.0
562ef414_EV-07,2026-03-28T09:00:00+00:00,2026-03-28T19:19:14.050147+00:00,42.0,10.3206,619.23,0002,0039,EV-07,collected,9.0,19.3167,5,1,3,2026,42.0
562ef414_EV-08,2026-03-28T09:00:00+00:00,2026-03-28T19:37:42.717840+00:00,36.0,10.6285,637.71,0002,0039,EV-08,collected,9.0,19.6167,5,1,3,2026,36.0
562ef414_EV-09,2026-03-28T09:00:00+00:00,2026-03-28T17:33:28.254835+00:00,30.0,8.5578,513.47,0002,0039,EV-09,collected,9.0,17.55,5,1,3,2026,30.0
562ef414_EV-10,2026-03-28T09:00:00+00:00,2026-03-28T17:51:34.882721+00:00,24.0,8.8597,531.58,0002,0039,EV-10,collected,9.0,17.85,5,1,3,2026,24.0
f33565c3_EV-001,2026-03-28T22:06:32.033388+00:00,2026-03-29T02:47:18.724179+00:00,20.13,4.6796,280.78,0002,0039,EV-001,collected,22.1,2.7833,5,1,3,2026,20.13
f33565c3_EV-002,2026-03-28T22:06:32.033388+00:00,2026-03-29T00:38:25.536509+00:00,22.8,2.5315,151.89,0002,0039,EV-002,collected,22.1,0.6333,5,1,3,2026,22.8
f33565c3_EV-003,2026-03-28T22:06:32.033388+00:00,2026-03-29T04:41:05.868554+00:00,23.43,6.5761,394.56,0002,0039,EV-003,collected,22.1,4.6833,5,1,3,2026,23.43
f33565c3_EV-004,2026-03-28T22:06:32.033388+00:00,2026-03-29T13:57:47.289142+00:00,39.0,15.8542,951.25,0002,0039,EV-004,collected,22.1,13.95,5,1,3,2026,39.0
f33565c3_EV-005,2026-03-28T22:06:32.033388+00:00,2026-03-29T15:05:00.140991+00:00,42.0,16.9745,1018.47,0002,0039,EV-005,collected,22.1,15.0833,5,1,3,2026,42.0
f33565c3_EV-006,2026-03-28T22:06:32.033388+00:00,2026-03-29T15:26:48.054806+00:00,50.25,17.3378,1040.27,0002,0039,EV-006,collected,22.1,15.4333,5,1,3,2026,50.25
f33565c3_EV-007,2026-03-28T22:06:32.033388+00:00,2026-03-29T05:08:51.269806+00:00,29.26,7.0387,422.32,0002,0039,EV-007,collected,22.1,5.1333,5,1,3,2026,29.26
f33565c3_EV-008,2026-03-28T22:06:32.033388+00:00,2026-03-29T15:08:55.027486+00:00,43.5,17.0397,1022.38,0002,0039,EV-008,collected,22.1,15.1333,5,1,3,2026,43.5
f33565c3_EV-009,2026-03-28T22:06:32.033388+00:00,2026-03-29T16:12:34.688664+00:00,45.75,18.1007,1086.04,0002,0039,EV-009,collected,22.1,16.2,5,1,3,2026,45.75
f33565c3_EV-010,2026-03-28T22:06:32.033388+00:00,2026-03-29T09:57:59.350210+00:00,31.68,11.8576,711.46,0002,0039,EV-010,collected,22.1,9.95,5,1,3,2026,31.68
f33565c3_EV-011,2026-03-28T22:06:32.033388+00:00,2026-03-29T16:05:49.598958+00:00,62.25,17.9882,1079.29,0002,0039,EV-011,collected,22.1,16.0833,5,1,3,2026,62.25
f33565c3_EV-012,2026-03-28T22:06:32.033388+00:00,2026-03-29T13:08:17.931611+00:00,36.72,15.0294,901.76,0002,0039,EV-012,collected,22.1,13.1333,5,1,3,2026,36.72
f33565c3_EV-013,2026-03-28T22:06:32.033388+00:00,2026-03-29T15:20:46.125216+00:00,51.12,17.2372,1034.23,0002,0039,EV-013,collected,22.1,15.3333,5,1,3,2026,51.12
f33565c3_EV-014,2026-03-28T22:06:32.033388+00:00,2026-03-29T02:39:29.448781+00:00,23.6,4.5493,272.96,0002,0039,EV-014,collected,22.1,2.65,5,1,3,2026,23.6
f33565c3_EV-015,2026-03-28T22:06:32.033388+00:00,2026-03-29T03:14:14.803274+00:00,26.5,5.1285,307.71,0002,0039,EV-015,collected,22.1,3.2333,5,1,3,2026,26.5
f33565c3_EV-016,2026-03-28T22:06:32.033388+00:00,2026-03-29T16:00:50.619352+00:00,66.0,17.9052,1074.31,0002,0039,EV-016,collected,22.1,16.0,5,1,3,2026,66.0
f33565c3_EV-017,2026-03-28T22:06:32.033388+00:00,2026-03-29T07:27:54.378664+00:00,33.06,9.3562,561.37,0002,0039,EV-017,collected,22.1,7.45,5,1,3,2026,33.06
f33565c3_EV-018,2026-03-28T22:06:32.033388+00:00,2026-03-29T14:31:55.204266+00:00,42.35,16.4231,985.39,0002,0039,EV-018,collected,22.1,14.5167,5,1,3,2026,42.35
f33565c3_EV-019,2026-03-28T22:06:32.033388+00:00,2026-03-29T15:54:24.190988+00:00,47.4,17.7978,1067.87,0002,0039,EV-019,collected,22.1,15.9,5,1,3,2026,47.4
f33565c3_EV-020,2026-03-28T22:06:32.033388+00:00,2026-03-29T15:56:10.893169+00:00,81.7,17.8275,1069.65,0002,0039,EV-020,collected,22.1,15.9333,5,1,3,2026,81.7
f33565c3_EV-021,2026-03-28T22:06:32.033388+00:00,2026-03-29T03:16:46.610132+00:00,24.0,5.1707,310.24,0002,0039,EV-021,collected,22.1,3.2667,5,1,3,2026,24.0
f33565c3_EV-022,2026-03-28T22:06:32.033388+00:00,2026-03-29T08:44:04.207540+00:00,35.4,10.6256,637.54,0002,0039,EV-022,collected,22.1,8.7333,5,1,3,2026,35.4
f33565c3_EV-023,2026-03-28T22:06:32.033388+00:00,2026-03-29T14:00:24.461178+00:00,56.8,15.8979,953.87,0002,0039,EV-023,collected,22.1,14.0,5,1,3,2026,56.8
f33565c3_EV-024,2026-03-28T22:06:32.033388+00:00,2026-03-29T15:52:50.754147+00:00,44.8,17.7719,1066.31,0002,0039,EV-024,collected,22.1,15.8667,5,1,3,2026,44.8
f33565c3_EV-025,2026-03-28T22:06:32.033388+00:00,2026-03-29T11:33:01.674300+00:00,33.0,13.4416,806.49,0002,0039,EV-025,collected,22.1,11.55,5,1,3,2026,33.0
f33565c3_EV-026,2026-03-28T22:06:32.033388+00:00,2026-03-29T12:32:04.605321+00:00,60.06,14.4257,865.54,0002,0039,EV-026,collected,22.1,12.5333,5,1,3,2026,60.06
f33565c3_EV-027,2026-03-28T22:06:32.033388+00:00,2026-03-29T06:31:10.826766+00:00,33.0,8.4108,504.65,0002,0039,EV-027,collected,22.1,6.5167,5,1,3,2026,33.0
f33565c3_EV-028,2026-03-28T22:06:32.033388+00:00,2026-03-29T13:17:44.624227+00:00,47.5,15.1868,911.21,0002,0039,EV-028,collected,22.1,13.2833,5,1,3,2026,47.5
f33565c3_EV-029,2026-03-28T22:06:32.033388+00:00,2026-03-29T04:16:49.209068+00:00,14.5,6.1714,370.29,0002,0039,EV-029,collected,22.1,4.2667,5,1,3,2026,14.5
f33565c3_EV-030,2026-03-28T22:06:32.033388+00:00,2026-03-29T13:07:50.293064+00:00,60.83,15.0217,901.3,0002,0039,EV-030,collected,22.1,13.1167,5,1,3,2026,60.83
f33565c3_EV-031,2026-03-28T22:06:32.033388+00:00,2026-03-29T12:00:19.388629+00:00,56.21,13.8965,833.79,0002,0039,EV-031,collected,22.1,12.0,5,1,3,2026,56.21
f33565c3_EV-032,2026-03-28T22:06:32.033388+00:00,2026-03-29T01:46:54.421293+00:00,18.0,3.6729,220.37,0002,0039,EV-032,collected,22.1,1.7667,5,1,3,2026,18.0
f33565c3_EV-033,2026-03-28T22:06:32.033388+00:00,2026-03-29T08:55:40.122730+00:00,31.5,10.8189,649.13,0002,0039,EV-033,collected,22.1,8.9167,5,1,3,2026,31.5
f33565c3_EV-034,2026-03-28T22:06:32.033388+00:00,2026-03-29T15:30:36.901746+00:00,61.5,17.4014,1044.08,0002,0039,EV-034,collected,22.1,15.5,5,1,3,2026,61.5
f33565c3_EV-035,2026-03-28T22:06:32.033388+00:00,2026-03-29T13:30:39.734345+00:00,52.36,15.4021,924.13,0002,0039,EV-035,collected,22.1,13.5,5,1,3,2026,52.36
f33565c3_EV-036,2026-03-28T22:06:32.033388+00:00,2026-03-29T15:41:41.093758+00:00,42.35,17.5859,1055.15,0002,0039,EV-036,collected,22.1,15.6833,5,1,3,2026,42.35
f33565c3_EV-037,2026-03-28T22:06:32.033388+00:00,2026-03-29T14:08:44.073910+00:00,40.02,16.0367,962.2,0002,0039,EV-037,collected,22.1,14.1333,5,1,3,2026,40.02
f33565c3_EV-038,2026-03-28T22:06:32.033388+00:00,2026-03-29T09:05:23.603421+00:00,34.2,10.981,658.86,0002,0039,EV-038,collected,22.1,9.0833,5,1,3,2026,34.2
f33565c3_EV-039,2026-03-28T22:06:32.033388+00:00,2026-03-29T15:39:00.590738+00:00,56.05,17.5413,1052.48,0002,0039,EV-039,collected,22.1,15.65,5,1,3,2026,56.05
f33565c3_EV-040,2026-03-28T22:06:32.033388+00:00,2026-03-29T15:06:09.070087+00:00,51.0,16.9936,1019.62,0002,0039,EV-040,collected,22.1,15.1,5,1,3,2026,51.0
f33565c3_EV-041,2026-03-28T22:06:32.033388+00:00,2026-03-29T14:11:09.184240+00:00,36.72,16.077,964.62,0002,0039,EV-041,collected,22.1,14.1833,5,1,3,2026,36.72
f33565c3_EV-042,2026-03-28T22:06:32.033388+00:00,2026-03-29T17:19:35.432868+00:00,44.66,19.2176,1153.06,0002,0039,EV-042,collected,22.1,17.3167,5,1,3,2026,44.66
f33565c3_EV-043,2026-03-28T22:06:32.033388+00:00,2026-03-29T13:21:36.580213+00:00,61.75,15.2513,915.08,0002,0039,EV-043,collected,22.1,13.35,5,1,3,2026,61.75
f33565c3_EV-044,2026-03-28T22:06:32.033388+00:00,2026-03-29T02:33:26.711093+00:00,23.2,4.4485,266.91,0002,0039,EV-044,collected,22.1,2.55,5,1,3,2026,23.2
f33565c3_EV-045,2026-03-28T22:06:32.033388+00:00,2026-03-29T13:07:21.480524+00:00,43.12,15.0137,900.82,0002,0039,EV-045,collected,22.1,13.1167,5,1,3,2026,43.12
f33565c3_EV-046,2026-03-28T22:06:32.033388+00:00,2026-03-29T03:03:45.166766+00:00,24.4,4.9536,297.22,0002,0039,EV-046,collected,22.1,3.05,5,1,3,2026,24.4
f33565c3_EV-047,2026-03-28T22:06:32.033388+00:00,2026-03-29T18:44:16.879841+00:00,64.0,20.6291,1237.75,0002,0039,EV-047,collected,22.1,18.7333,5,1,3,2026,64.0
f33565c3_EV-048,2026-03-28T22:06:32.033388+00:00,2026-03-29T17:31:58.957003+00:00,46.98,19.4241,1165.45,0002,0039,EV-048,collected,22.1,17.5167,5,1,3,2026,46.98
f33565c3_EV-049,2026-03-28T22:06:32.033388+00:00,2026-03-29T16:09:58.807184+00:00,43.12,18.0574,1083.45,0002,0039,EV-049,collected,22.1,16.15,5,1,3,2026,43.12
dbdeb2d2_EV-001,2026-03-28T22:06:50.105028+00:00,2026-03-29T05:00:39.163712+00:00,20.13,6.897,413.82,0002,0039,EV-001,collected,22.1,5.0,5,1,3,2026,20.13
dbdeb2d2_EV-002,2026-03-28T22:06:50.105028+00:00,2026-03-29T07:41:36.995199+00:00,22.8,9.5797,574.78,0002,0039,EV-002,collected,22.1,7.6833,5,1,3,2026,22.8
dbdeb2d2_EV-003,2026-03-28T22:06:50.105028+00:00,2026-03-29T04:58:17.168158+00:00,23.43,6.8575,411.45,0002,0039,EV-003,collected,22.1,4.9667,5,1,3,2026,23.43
dbdeb2d2_EV-004,2026-03-28T22:06:50.105028+00:00,2026-03-29T20:51:22.028174+00:00,39.0,22.7422,1364.53,0002,0039,EV-004,collected,22.1,20.85,5,1,3,2026,39.0
dbdeb2d2_EV-005,2026-03-28T22:06:50.105028+00:00,2026-03-29T15:25:59.521230+00:00,42.0,17.3193,1039.16,0002,0039,EV-005,collected,22.1,15.4167,5,1,3,2026,42.0
dbdeb2d2_EV-006,2026-03-28T22:06:50.105028+00:00,2026-03-29T14:28:01.438237+00:00,50.25,16.3531,981.19,0002,0039,EV-006,collected,22.1,14.4667,5,1,3,2026,50.25
dbdeb2d2_EV-007,2026-03-28T22:06:50.105028+00:00,2026-03-29T04:20:14.693453+00:00,29.26,6.2235,373.41,0002,0039,EV-007,collected,22.1,4.3333,5,1,3,2026,29.26
dbdeb2d2_EV-008,2026-03-28T22:06:50.105028+00:00,2026-03-29T14:37:48.026098+00:00,43.5,16.5161,990.97,0002,0039,EV-008,collected,22.1,14.6167,5,1,3,2026,43.5
dbdeb2d2_EV-009,2026-03-28T22:06:50.105028+00:00,2026-03-29T15:31:17.966475+00:00,45.75,17.4077,1044.46,0002,0039,EV-009,collected,22.1,15.5167,5,1,3,2026,45.75
dbdeb2d2_EV-010,2026-03-28T22:06:50.105028+00:00,2026-03-29T08:36:27.833363+00:00,31.68,10.4938,629.63,0002,0039,EV-010,collected,22.1,8.6,5,1,3,2026,31.68
dbdeb2d2_EV-011,2026-03-28T22:06:50.105028+00:00,2026-03-29T15:43:41.566204+00:00,62.25,17.6143,1056.86,0002,0039,EV-011,collected,22.1,15.7167,5,1,3,2026,62.25
dbdeb2d2_EV-012,2026-03-28T22:06:50.105028+00:00,2026-03-29T15:49:54.249030+00:00,36.72,17.7178,1063.07,0002,0039,EV-012,collected,22.1,15.8167,5,1,3,2026,36.72
dbdeb2d2_EV-013,2026-03-28T22:06:50.105028+00:00,2026-03-29T16:57:57.019639+00:00,51.12,18.8519,1131.12,0002,0039,EV-013,collected,22.1,16.95,5,1,3,2026,51.12
dbdeb2d2_EV-014,2026-03-28T22:06:50.105028+00:00,2026-03-29T04:24:52.205398+00:00,23.6,6.3006,378.04,0002,0039,EV-014,collected,22.1,4.4,5,1,3,2026,23.6
dbdeb2d2_EV-015,2026-03-28T22:06:50.105028+00:00,2026-03-29T04:52:57.445347+00:00,26.5,6.7687,406.12,0002,0039,EV-015,collected,22.1,4.8667,5,1,3,2026,26.5
dbdeb2d2_EV-016,2026-03-28T22:06:50.105028+00:00,2026-03-29T16:02:13.369449+00:00,66.0,17.9231,1075.39,0002,0039,EV-016,collected,22.1,16.0333,5,1,3,2026,66.0
dbdeb2d2_EV-017,2026-03-28T22:06:50.105028+00:00,2026-03-29T08:14:19.353337+00:00,33.06,10.1248,607.49,0002,0039,EV-017,collected,22.1,8.2333,5,1,3,2026,33.06
dbdeb2d2_EV-018,2026-03-28T22:06:50.105028+00:00,2026-03-29T14:02:30.297426+00:00,42.35,15.9278,955.67,0002,0039,EV-018,collected,22.1,14.0333,5,1,3,2026,42.35
dbdeb2d2_EV-019,2026-03-28T22:06:50.105028+00:00,2026-03-29T16:27:40.826214+00:00,47.4,18.3474,1100.85,0002,0039,EV-019,collected,22.1,16.45,5,1,3,2026,47.4
dbdeb2d2_EV-020,2026-03-28T22:06:50.105028+00:00,2026-03-29T16:37:59.830871+00:00,81.7,18.5194,1111.16,0002,0039,EV-020,collected,22.1,16.6167,5,1,3,2026,81.7
dbdeb2d2_EV-021,2026-03-28T22:06:50.105028+00:00,2026-03-29T05:38:39.391172+00:00,24.0,7.5304,451.82,0002,0039,EV-021,collected,22.1,5.6333,5,1,3,2026,24.0
dbdeb2d2_EV-022,2026-03-28T22:06:50.105028+00:00,2026-03-29T08:38:17.393693+00:00,35.4,10.5242,631.45,0002,0039,EV-022,collected,22.1,8.6333,5,1,3,2026,35.4
dbdeb2d2_EV-023,2026-03-28T22:06:50.105028+00:00,2026-03-29T15:38:04.505546+00:00,56.8,17.5207,1051.24,0002,0039,EV-023,collected,22.1,15.6333,5,1,3,2026,56.8
dbdeb2d2_EV-024,2026-03-28T22:06:50.105028+00:00,2026-03-29T15:28:59.257207+00:00,44.8,17.3692,1042.15,0002,0039,EV-024,collected,22.1,15.4667,5,1,3,2026,44.8
dbdeb2d2_EV-025,2026-03-28T22:06:50.105028+00:00,2026-03-29T07:59:57.219547+00:00,33.0,9.8853,593.12,0002,0039,EV-025,collected,22.1,7.9833,5,1,3,2026,33.0
dbdeb2d2_EV-026,2026-03-28T22:06:50.105028+00:00,2026-03-29T15:54:50.631496+00:00,60.06,17.8001,1068.01,0002,0039,EV-026,collected,22.1,15.9,5,1,3,2026,60.06
dbdeb2d2_EV-027,2026-03-28T22:06:50.105028+00:00,2026-03-29T08:10:32.357755+00:00,33.0,10.0617,603.7,0002,0039,EV-027,collected,22.1,8.1667,5,1,3,2026,33.0
dbdeb2d2_EV-028,2026-03-28T22:06:50.105028+00:00,2026-03-29T15:38:24.137305+00:00,47.5,17.5261,1051.57,0002,0039,EV-028,collected,22.1,15.6333,5,1,3,2026,47.5
dbdeb2d2_EV-029,2026-03-28T22:06:50.105028+00:00,2026-03-29T04:21:25.820228+00:00,14.5,6.2433,374.6,0002,0039,EV-029,collected,22.1,4.35,5,1,3,2026,14.5
dbdeb2d2_EV-030,2026-03-28T22:06:50.105028+00:00,2026-03-29T12:29:44.569634+00:00,60.83,14.3818,862.91,0002,0039,EV-030,collected,22.1,12.4833,5,1,3,2026,60.83
dbdeb2d2_EV-031,2026-03-28T22:06:50.105028+00:00,2026-03-29T14:57:26.442369+00:00,56.21,16.8434,1010.61,0002,0039,EV-031,collected,22.1,14.95,5,1,3,2026,56.21
dbdeb2d2_EV-032,2026-03-28T22:06:50.105028+00:00,2026-03-29T05:26:37.183233+00:00,18.0,7.3297,439.78,0002,0039,EV-032,collected,22.1,5.4333,5,1,3,2026,18.0
dbdeb2d2_EV-033,2026-03-28T22:06:50.105028+00:00,2026-03-29T08:05:10.419685+00:00,31.5,9.9723,598.34,0002,0039,EV-033,collected,22.1,8.0833,5,1,3,2026,31.5
dbdeb2d2_EV-034,2026-03-28T22:06:50.105028+00:00,2026-03-29T17:43:18.744253+00:00,61.5,19.608,1176.48,0002,0039,EV-034,collected,22.1,17.7167,5,1,3,2026,61.5
dbdeb2d2_EV-035,2026-03-28T22:06:50.105028+00:00,2026-03-29T13:14:59.336886+00:00,52.36,15.1359,908.15,0002,0039,EV-035,collected,22.1,13.2333,5,1,3,2026,52.36
dbdeb2d2_EV-036,2026-03-28T22:06:50.105028+00:00,2026-03-29T17:06:09.656381+00:00,42.35,18.9888,1139.33,0002,0039,EV-036,collected,22.1,17.1,5,1,3,2026,42.35
dbdeb2d2_EV-037,2026-03-28T22:06:50.105028+00:00,2026-03-29T14:56:27.141896+00:00,40.02,16.827,1009.62,0002,0039,EV-037,collected,22.1,14.9333,5,1,3,2026,40.02
c948d87e_EV-001,2026-03-28T22:06:57.338207+00:00,2026-03-29T04:12:09.588560+00:00,20.13,6.0867,365.2,0002,0039,EV-001,collected,22.1,4.2,5,1,3,2026,20.13
c948d87e_EV-002,2026-03-28T22:06:57.338207+00:00,2026-03-29T04:16:59.275127+00:00,22.8,6.1672,370.03,0002,0039,EV-002,collected,22.1,4.2667,5,1,3,2026,22.8
c948d87e_EV-003,2026-03-28T22:06:57.338207+00:00,2026-03-29T05:09:45.846996+00:00,23.43,7.0468,422.81,0002,0039,EV-003,collected,22.1,5.15,5,1,3,2026,23.43
c948d87e_EV-004,2026-03-28T22:06:57.338207+00:00,2026-03-29T15:05:52.685357+00:00,39.0,16.982,1018.92,0002,0039,EV-004,collected,22.1,15.0833,5,1,3,2026,39.0
c948d87e_EV-005,2026-03-28T22:06:57.338207+00:00,2026-03-29T12:56:28.769048+00:00,42.0,14.8254,889.52,0002,0039,EV-005,collected,22.1,12.9333,5,1,3,2026,42.0
c948d87e_EV-006,2026-03-28T22:06:57.338207+00:00,2026-03-29T15:15:08.392185+00:00,50.25,17.1364,1028.18,0002,0039,EV-006,collected,22.1,15.25,5,1,3,2026,50.25
c948d87e_EV-007,2026-03-28T22:06:57.338207+00:00,2026-03-29T03:21:25.488807+00:00,29.26,5.2412,314.47,0002,0039,EV-007,collected,22.1,3.35,5,1,3,2026,29.26
c948d87e_EV-008,2026-03-28T22:06:57.338207+00:00,2026-03-29T17:48:59.382274+00:00,43.5,19.7006,1182.03,0002,0039,EV-008,collected,22.1,17.8,5,1,3,2026,43.5
c948d87e_EV-009,2026-03-28T22:06:57.338207+00:00,2026-03-29T15:53:30.505746+00:00,45.75,17.7759,1066.55,0002,0039,EV-009,collected,22.1,15.8833,5,1,3,2026,45.75
c948d87e_EV-010,2026-03-28T22:06:57.338207+00:00,2026-03-29T10:13:10.913648+00:00,31.68,12.1038,726.23,0002,0039,EV-010,collected,22.1,10.2167,5,1,3,2026,31.68
c948d87e_EV-011,2026-03-28T22:06:57.338207+00:00,2026-03-29T18:35:32.893778+00:00,62.25,20.4765,1228.59,0002,0039,EV-011,collected,22.1,18.5833,5,1,3,2026,62.25
c948d87e_EV-012,2026-03-28T22:06:57.338207+00:00,2026-03-29T15:27:12.932408+00:00,36.72,17.3377,1040.26,0002,0039,EV-012,collected,22.1,15.45,5,1,3,2026,36.72
c948d87e_EV-013,2026-03-28T22:06:57.338207+00:00,2026-03-29T14:10:28.557650+00:00,51.12,16.0587,963.52,0002,0039,EV-013,collected,22.1,14.1667,5,1,3,2026,51.12
c948d87e_EV-014,2026-03-28T22:06:57.338207+00:00,2026-03-29T04:59:05.000335+00:00,23.6,6.8688,412.13,0002,0039,EV-014,collected,22.1,4.9833,5,1,3,2026,23.6
c948d87e_EV-015,2026-03-28T22:06:57.338207+00:00,2026-03-29T02:29:39.646179+00:00,26.5,4.3784,262.71,0002,0039,EV-015,collected,22.1,2.4833,5,1,3,2026,26.5
c948d87e_EV-016,2026-03-28T22:06:57.338207+00:00,2026-03-29T15:03:08.045656+00:00,66.0,16.9363,1016.18,0002,0039,EV-016,collected,22.1,15.05,5,1,3,2026,66.0
c948d87e_EV-017,2026-03-28T22:06:57.338207+00:00,2026-03-29T07:39:16.621314+00:00,33.06,9.5387,572.32,0002,0039,EV-017,collected,22.1,7.65,5,1,3,2026,33.06
c948d87e_EV-018,2026-03-28T22:06:57.338207+00:00,2026-03-29T14:58:32.744836+00:00,42.35,16.8598,1011.59,0002,0039,EV-018,collected,22.1,14.9667,5,1,3,2026,42.35
c948d87e_EV-019,2026-03-28T22:06:57.338207+00:00,2026-03-29T15:58:41.557013+00:00,47.4,17.8623,1071.74,0002,0039,EV-019,collected,22.1,15.9667,5,1,3,2026,47.4
c948d87e_EV-020,2026-03-28T22:06:57.338207+00:00,2026-03-29T16:21:55.657098+00:00,81.7,18.2495,1094.97,0002,0039,EV-020,collected,22.1,16.35,5,1,3,2026,81.7
c948d87e_EV-021,2026-03-28T22:06:57.338207+00:00,2026-03-29T03:30:47.693000+00:00,24.0,5.3973,323.84,0002,0039,EV-021,collected,22.1,3.5,5,1,3,2026,24.0
c948d87e_EV-022,2026-03-28T22:06:57.338207+00:00,2026-03-29T09:00:58.113096+00:00,35.4,10.9002,654.01,0002,0039,EV-022,collected,22.1,9.0,5,1,3,2026,35.4
c948d87e_EV-023,2026-03-28T22:06:57.338207+00:00,2026-03-29T16:07:48.454430+00:00,56.8,18.0142,1080.85,0002,0039,EV-023,collected,22.1,16.1167,5,1,3,2026,56.8
c948d87e_EV-024,2026-03-28T22:06:57.338207+00:00,2026-03-29T15:39:41.483944+00:00,44.8,17.5456,1052.74,0002,0039,EV-024,collected,22.1,15.65,5,1,3,2026,44.8
c948d87e_EV-025,2026-03-28T22:06:57.338207+00:00,2026-03-29T10:07:15.011893+00:00,33.0,12.0049,720.29,0002,0039,EV-025,collected,22.1,10.1167,5,1,3,2026,33.0
c948d87e_EV-026,2026-03-28T22:06:57.338207+00:00,2026-03-29T15:02:13.471223+00:00,60.06,16.9211,1015.27,0002,0039,EV-026,collected,22.1,15.0333,5,1,3,2026,60.06
c948d87e_EV-027,2026-03-28T22:06:57.338207+00:00,2026-03-29T09:49:36.333801+00:00,33.0,11.7108,702.65,0002,0039,EV-027,collected,22.1,9.8167,5,1,3,2026,33.0
c948d87e_EV-028,2026-03-28T22:06:57.338207+00:00,2026-03-29T15:59:28.144108+00:00,47.5,17.8752,1072.51,0002,0039,EV-028,collected,22.1,15.9833,5,1,3,2026,47.5
c948d87e_EV-029,2026-03-28T22:06:57.338207+00:00,2026-03-29T07:00:28.571055+00:00,14.5,8.892,533.52,0002,0039,EV-029,collected,22.1,7.0,5,1,3,2026,14.5
c948d87e_EV-030,2026-03-28T22:06:57.338207+00:00,2026-03-29T14:13:55.545824+00:00,60.83,16.1162,966.97,0002,0039,EV-030,collected,22.1,14.2167,5,1,3,2026,60.83
c948d87e_EV-031,2026-03-28T22:06:57.338207+00:00,2026-03-29T15:53:53.354072+00:00,56.21,17.7822,1066.93,0002,0039,EV-031,collected,22.1,15.8833,5,1,3,2026,56.21
c948d87e_EV-032,2026-03-28T22:06:57.338207+00:00,2026-03-29T03:23:10.967587+00:00,18.0,5.2705,316.23,0002,0039,EV-032,collected,22.1,3.3833,5,1,3,2026,18.0
c948d87e_EV-033,2026-03-28T22:06:57.338207+00:00,2026-03-29T10:46:29.053499+00:00,31.5,12.6588,759.53,0002,0039,EV-033,collected,22.1,10.7667,5,1,3,2026,31.5
c948d87e_EV-034,2026-03-28T22:06:57.338207+00:00,2026-03-29T17:05:27.991878+00:00,61.5,18.9752,1138.51,0002,0039,EV-034,collected,22.1,17.0833,5,1,3,2026,61.5
c948d87e_EV-035,2026-03-28T22:06:57.338207+00:00,2026-03-29T13:53:41.150319+00:00,52.36,15.7788,946.73,0002,0039,EV-035,collected,22.1,13.8833,5,1,3,2026,52.36
c948d87e_EV-036,2026-03-28T22:06:57.338207+00:00,2026-03-29T13:40:56.015386+00:00,42.35,15.5663,933.98,0002,0039,EV-036,collected,22.1,13.6667,5,1,3,2026,42.35
c948d87e_EV-037,2026-03-28T22:06:57.338207+00:00,2026-03-29T15:42:13.471654+00:00,40.02,17.5878,1055.27,0002,0039,EV-037,collected,22.1,15.7,5,1,3,2026,40.02
dabf48e5_EV-001,2026-03-28T22:07:13.521610+00:00,2026-03-29T02:58:03.087571+00:00,20.13,4.8471,290.83,0002,0039,EV-001,collected,22.1167,2.9667,5,1,3,2026,20.13
dabf48e5_EV-002,2026-03-28T22:07:13.521610+00:00,2026-03-29T04:08:55.711950+00:00,22.8,6.0284,361.7,0002,0039,EV-002,collected,22.1167,4.1333,5,1,3,2026,22.8
dabf48e5_EV-003,2026-03-28T22:07:13.521610+00:00,2026-03-29T02:36:21.050289+00:00,23.43,4.4854,269.13,0002,0039,EV-003,collected,22.1167,2.6,5,1,3,2026,23.43
dabf48e5_EV-004,2026-03-28T22:07:13.521610+00:00,2026-03-29T13:37:24.138580+00:00,39.0,15.5029,930.18,0002,0039,EV-004,collected,22.1167,13.6167,5,1,3,2026,39.0
dabf48e5_EV-005,2026-03-28T22:07:13.521610+00:00,2026-03-29T15:03:55.182597+00:00,42.0,16.9449,1016.69,0002,0039,EV-005,collected,22.1167,15.05,5,1,3,2026,42.0
dabf48e5_EV-006,2026-03-28T22:07:13.521610+00:00,2026-03-29T16:29:25.728818+00:00,50.25,18.3701,1102.2,0002,0039,EV-006,collected,22.1167,16.4833,5,1,3,2026,50.25
dabf48e5_EV-007,2026-03-28T22:07:13.521610+00:00,2026-03-29T02:37:34.904451+00:00,29.26,4.5059,270.36,0002,0039,EV-007,collected,22.1167,2.6167,5,1,3,2026,29.26
dabf48e5_EV-008,2026-03-28T22:07:13.521610+00:00,2026-03-29T15:00:28.542852+00:00,43.5,16.8875,1013.25,0002,0039,EV-008,collected,22.1167,15.0,5,1,3,2026,43.5
dabf48e5_EV-009,2026-03-28T22:07:13.521610+00:00,2026-03-29T15:34:16.314841+00:00,45.75,17.4508,1047.05,0002,0039,EV-009,collected,22.1167,15.5667,5,1,3,2026,45.75
dabf48e5_EV-010,2026-03-28T22:07:13.521610+00:00,2026-03-29T09:42:50.026834+00:00,31.68,11.5935,695.61,0002,0039,EV-010,collected,22.1167,9.7,5,1,3,2026,31.68
dabf48e5_EV-011,2026-03-28T22:07:13.521610+00:00,2026-03-29T14:38:55.424939+00:00,62.25,16.5283,991.7,0002,0039,EV-011,collected,22.1167,14.6333,5,1,3,2026,62.25
dabf48e5_EV-012,2026-03-28T22:07:13.521610+00:00,2026-03-29T16:00:46.628825+00:00,36.72,17.8925,1073.55,0002,0039,EV-012,collected,22.1167,16.0,5,1,3,2026,36.72
dabf48e5_EV-013,2026-03-28T22:07:13.521610+00:00,2026-03-29T15:42:21.331487+00:00,51.12,17.5855,1055.13,0002,0039,EV-013,collected,22.1167,15.7,5,1,3,2026,51.12
dabf48e5_EV-014,2026-03-28T22:07:13.521610+00:00,2026-03-29T04:19:21.777291+00:00,23.6,6.2023,372.14,0002,0039,EV-014,collected,22.1167,4.3167,5,1,3,2026,23.6
dabf48e5_EV-015,2026-03-28T22:07:13.521610+00:00,2026-03-29T05:09:28.542738+00:00,26.5,7.0375,422.25,0002,0039,EV-015,collected,22.1167,5.15,5,1,3,2026,26.5
dabf48e5_EV-016,2026-03-28T22:07:13.521610+00:00,2026-03-29T14:33:14.412789+00:00,66.0,16.4336,986.01,0002,0039,EV-016,collected,22.1167,14.55,5,1,3,2026,66.0
dabf48e5_EV-017,2026-03-28T22:07:13.521610+00:00,2026-03-29T08:44:05.649027+00:00,33.06,10.6145,636.87,0002,0039,EV-017,collected,22.1167,8.7333,5,1,3,2026,33.06
dabf48e5_EV-018,2026-03-28T22:07:13.521610+00:00,2026-03-29T14:44:15.801993+00:00,42.35,16.6173,997.04,0002,0039,EV-018,collected,22.1167,14.7333,5,1,3,2026,42.35
dabf48e5_EV-019,2026-03-28T22:07:13.521610+00:00,2026-03-29T16:43:31.083487+00:00,47.4,18.6049,1116.29,0002,0039,EV-019,collected,22.1167,16.7167,5,1,3,2026,47.4
dabf48e5_EV-020,2026-03-28T22:07:13.521610+00:00,2026-03-29T17:48:33.146319+00:00,81.7,19.6888,1181.33,0002,0039,EV-020,collected,22.1167,17.8,5,1,3,2026,81.7
dabf48e5_EV-021,2026-03-28T22:07:13.521610+00:00,2026-03-29T03:31:38.622763+00:00,24.0,5.407,324.42,0002,0039,EV-021,collected,22.1167,3.5167,5,1,3,2026,24.0
dabf48e5_EV-022,2026-03-28T22:07:13.521610+00:00,2026-03-29T09:49:57.550770+00:00,35.4,11.7122,702.73,0002,0039,EV-022,collected,22.1167,9.8167,5,1,3,2026,35.4
dabf48e5_EV-023,2026-03-28T22:07:13.521610+00:00,2026-03-29T17:19:15.529028+00:00,56.8,19.2006,1152.03,0002,0039,EV-023,collected,22.1167,17.3167,5,1,3,2026,56.8
dabf48e5_EV-024,2026-03-28T22:07:13.521610+00:00,2026-03-29T13:38:08.129214+00:00,44.8,15.5152,930.91,0002,0039,EV-024,collected,22.1167,13.6333,5,1,3,2026,44.8
dabf48e5_EV-025,2026-03-28T22:07:13.521610+00:00,2026-03-29T09:53:36.288856+00:00,33.0,11.773,706.38,0002,0039,EV-025,collected,22.1167,9.8833,5,1,3,2026,33.0
dabf48e5_EV-026,2026-03-28T22:07:13.521610+00:00,2026-03-29T14:43:55.913627+00:00,60.06,16.6118,996.71,0002,0039,EV-026,collected,22.1167,14.7167,5,1,3,2026,60.06
dabf48e5_EV-027,2026-03-28T22:07:13.521610+00:00,2026-03-29T09:16:09.405764+00:00,33.0,11.1489,668.93,0002,0039,EV-027,collected,22.1167,9.2667,5,1,3,2026,33.0
dabf48e5_EV-028,2026-03-28T22:07:13.521610+00:00,2026-03-29T16:18:24.006778+00:00,47.5,18.1862,1091.17,0002,0039,EV-028,collected,22.1167,16.3,5,1,3,2026,47.5
dabf48e5_EV-029,2026-03-28T22:07:13.521610+00:00,2026-03-29T04:17:45.384323+00:00,14.5,6.1755,370.53,0002,0039,EV-029,collected,22.1167,4.2833,5,1,3,2026,14.5
dabf48e5_EV-030,2026-03-28T22:07:13.521610+00:00,2026-03-29T18:53:56.825035+00:00,60.83,20.7787,1246.72,0002,0039,EV-030,collected,22.1167,18.8833,5,1,3,2026,60.83
dabf48e5_EV-031,2026-03-28T22:07:13.521610+00:00,2026-03-29T15:56:51.400038+00:00,56.21,17.8272,1069.63,0002,0039,EV-031,collected,22.1167,15.9333,5,1,3,2026,56.21
dabf48e5_EV-032,2026-03-28T22:07:13.521610+00:00,2026-03-29T04:46:26.876500+00:00,18.0,6.6537,399.22,0002,0039,EV-032,collected,22.1167,4.7667,5,1,3,2026,18.0
dabf48e5_EV-033,2026-03-28T22:07:13.521610+00:00,2026-03-29T07:46:26.809637+00:00,31.5,9.6537,579.22,0002,0039,EV-033,collected,22.1167,7.7667,5,1,3,2026,31.5
dabf48e5_EV-034,2026-03-28T22:07:13.521610+00:00,2026-03-29T17:05:25.926783+00:00,61.5,18.9701,1138.21,0002,0039,EV-034,collected,22.1167,17.0833,5,1,3,2026,61.5
dabf48e5_EV-035,2026-03-28T22:07:13.521610+00:00,2026-03-29T17:40:37.572123+00:00,52.36,19.5567,1173.4,0002,0039,EV-035,collected,22.1167,17.6667,5,1,3,2026,52.36
dabf48e5_EV-036,2026-03-28T22:07:13.521610+00:00,2026-03-29T15:54:51.782156+00:00,42.35,17.794,1067.64,0002,0039,EV-036,collected,22.1167,15.9,5,1,3,2026,42.35
dabf48e5_EV-037,2026-03-28T22:07:13.521610+00:00,2026-03-29T16:14:30.489863+00:00,40.02,18.1214,1087.28,0002,0039,EV-037,collected,22.1167,16.2333,5,1,3,2026,40.02
dabf48e5_EV-038,2026-03-28T22:07:13.521610+00:00,2026-03-29T10:31:32.253388+00:00,34.2,12.4052,744.31,0002,0039,EV-038,collected,22.1167,10.5167,5,1,3,2026,34.2
dabf48e5_EV-039,2026-03-28T22:07:13.521610+00:00,2026-03-29T14:41:03.406065+00:00,56.05,16.5639,993.83,0002,0039,EV-039,collected,22.1167,14.6833,5,1,3,2026,56.05
dabf48e5_EV-040,2026-03-28T22:07:13.521610+00:00,2026-03-29T14:31:08.785092+00:00,51.0,16.3987,983.92,0002,0039,EV-040,collected,22.1167,14.5167,5,1,3,2026,51.0
dabf48e5_EV-041,2026-03-28T22:07:13.521610+00:00,2026-03-29T15:27:42.466948+00:00,36.72,17.3414,1040.48,0002,0039,EV-041,collected,22.1167,15.45,5,1,3,2026,36.72
dabf48e5_EV-042,2026-03-28T22:07:13.521610+00:00,2026-03-29T15:06:01.597816+00:00,44.66,16.98,1018.8,0002,0039,EV-042,collected,22.1167,15.1,5,1,3,2026,44.66
dabf48e5_EV-043,2026-03-28T22:07:13.521610+00:00,2026-03-29T13:27:48.826570+00:00,61.75,15.3431,920.59,0002,0039,EV-043,collected,22.1167,13.45,5,1,3,2026,61.75
dabf48e5_EV-044,2026-03-28T22:07:13.521610+00:00,2026-03-29T04:52:43.423756+00:00,23.2,6.7583,405.5,0002,0039,EV-044,collected,22.1167,4.8667,5,1,3,2026,23.2
dabf48e5_EV-045,2026-03-28T22:07:13.521610+00:00,2026-03-29T14:46:37.279852+00:00,43.12,16.6566,999.4,0002,0039,EV-045,collected,22.1167,14.7667,5,1,3,2026,43.12
dabf48e5_EV-046,2026-03-28T22:07:13.521610+00:00,2026-03-29T03:05:05.247000+00:00,24.4,4.9644,297.86,0002,0039,EV-046,collected,22.1167,3.0833,5,1,3,2026,24.4
dabf48e5_EV-047,2026-03-28T22:07:13.521610+00:00,2026-03-29T14:08:47.171107+00:00,64.0,16.026,961.56,0002,0039,EV-047,collected,22.1167,14.1333,5,1,3,2026,64.0
dabf48e5_EV-048,2026-03-28T22:07:13.521610+00:00,2026-03-29T12:31:30.252563+00:00,46.98,14.4046,864.28,0002,0039,EV-048,collected,22.1167,12.5167,5,1,3,2026,46.98
dabf48e5_EV-049,2026-03-28T22:07:13.521610+00:00,2026-03-29T13:20:50.985780+00:00,43.12,15.2271,913.62,0002,0039,EV-049,collected,22.1167,13.3333,5,1,3,2026,43.12
dabf48e5_EV-050,2026-03-28T22:07:13.521610+00:00,2026-03-29T08:51:39.196931+00:00,31.5,10.7405,644.43,0002,0039,EV-050,collected,22.1167,8.85,5,1,3,2026,31.5
2785cd13_EV-001,2026-03-28T22:07:26.205922+00:00,2026-03-29T03:08:08.041156+00:00,20.13,5.0116,300.7,0002,0039,EV-001,collected,22.1167,3.1333,5,1,3,2026,20.13
2785cd13_EV-002,2026-03-28T22:07:26.205922+00:00,2026-03-29T05:06:00.030545+00:00,22.8,6.9761,418.56,0002,0039,EV-002,collected,22.1167,5.1,5,1,3,2026,22.8
2785cd13_EV-003,2026-03-28T22:07:26.205922+00:00,2026-03-29T03:56:00.934835+00:00,23.43,5.8096,348.58,0002,0039,EV-003,collected,22.1167,3.9333,5,1,3,2026,23.43
2785cd13_EV-004,2026-03-28T22:07:26.205922+00:00,2026-03-29T15:56:57.044002+00:00,39.0,17.8252,1069.51,0002,0039,EV-004,collected,22.1167,15.9333,5,1,3,2026,39.0
2785cd13_EV-005,2026-03-28T22:07:26.205922+00:00,2026-03-29T16:50:38.962823+00:00,42.0,18.7202,1123.21,0002,0039,EV-005,collected,22.1167,16.8333,5,1,3,2026,42.0
2785cd13_EV-006,2026-03-28T22:07:26.205922+00:00,2026-03-29T15:39:28.997286+00:00,50.25,17.5341,1052.05,0002,0039,EV-006,collected,22.1167,15.65,5,1,3,2026,50.25
2785cd13_EV-007,2026-03-28T22:07:26.205922+00:00,2026-03-29T03:40:10.238626+00:00,29.26,5.5456,332.73,0002,0039,EV-007,collected,22.1167,3.6667,5,1,3,2026,29.26
2785cd13_EV-008,2026-03-28T22:07:26.205922+00:00,2026-03-29T15:09:35.464022+00:00,43.5,17.0359,1022.15,0002,0039,EV-008,collected,22.1167,15.15,5,1,3,2026,43.5
2785cd13_EV-009,2026-03-28T22:07:26.205922+00:00,2026-03-29T14:51:58.217698+00:00,45.75,16.7422,1004.53,0002,0039,EV-009,collected,22.1167,14.85,5,1,3,2026,45.75
2785cd13_EV-010,2026-03-28T22:07:26.205922+00:00,2026-03-29T08:50:57.478775+00:00,31.68,10.7254,643.52,0002,0039,EV-010,collected,22.1167,8.8333,5,1,3,2026,31.68
2785cd13_EV-011,2026-03-28T22:07:26.205922+00:00,2026-03-29T18:31:21.092204+00:00,62.25,20.3986,1223.91,0002,0039,EV-011,collected,22.1167,18.5167,5,1,3,2026,62.25
2785cd13_EV-012,2026-03-28T22:07:26.205922+00:00,2026-03-29T13:15:09.603792+00:00,36.72,15.1287,907.72,0002,0039,EV-012,collected,22.1167,13.25,5,1,3,2026,36.72
2785cd13_EV-013,2026-03-28T22:07:26.205922+00:00,2026-03-29T18:11:33.968759+00:00,51.12,20.0688,1204.13,0002,0039,EV-013,collected,22.1167,18.1833,5,1,3,2026,51.12
2785cd13_EV-014,2026-03-28T22:07:26.205922+00:00,2026-03-29T03:14:34.805014+00:00,23.6,5.1191,307.14,0002,0039,EV-014,collected,22.1167,3.2333,5,1,3,2026,23.6
2785cd13_EV-015,2026-03-28T22:07:26.205922+00:00,2026-03-29T06:46:14.539175+00:00,26.5,8.6468,518.81,0002,0039,EV-015,collected,22.1167,6.7667,5,1,3,2026,26.5
2785cd13_EV-016,2026-03-28T22:07:26.205922+00:00,2026-03-29T18:17:38.143278+00:00,66.0,20.17,1210.2,0002,0039,EV-016,collected,22.1167,18.2833,5,1,3,2026,66.0
2785cd13_EV-017,2026-03-28T22:07:26.205922+00:00,2026-03-29T08:44:48.513946+00:00,33.06,10.6229,637.37,0002,0039,EV-017,collected,22.1167,8.7333,5,1,3,2026,33.06
2785cd13_EV-018,2026-03-28T22:07:26.205922+00:00,2026-03-29T14:38:35.535704+00:00,42.35,16.5193,991.16,0002,0039,EV-018,collected,22.1167,14.6333,5,1,3,2026,42.35
2785cd13_EV-019,2026-03-28T22:07:26.205922+00:00,2026-03-29T14:17:30.735901+00:00,47.4,16.1679,970.08,0002,0039,EV-019,collected,22.1167,14.2833,5,1,3,2026,47.4
2785cd13_EV-020,2026-03-28T22:07:26.205922+00:00,2026-03-29T14:56:31.606650+00:00,81.7,16.8182,1009.09,0002,0039,EV-020,collected,22.1167,14.9333,5,1,3,2026,81.7
2785cd13_EV-021,2026-03-28T22:07:26.205922+00:00,2026-03-29T04:53:04.873096+00:00,24.0,6.7607,405.64,0002,0039,EV-021,collected,22.1167,4.8833,5,1,3,2026,24.0
2785cd13_EV-022,2026-03-28T22:07:26.205922+00:00,2026-03-29T10:01:18.737130+00:00,35.4,11.8979,713.88,0002,0039,EV-022,collected,22.1167,10.0167,5,1,3,2026,35.4
2785cd13_EV-023,2026-03-28T22:07:26.205922+00:00,2026-03-29T16:49:31.410313+00:00,56.8,18.7014,1122.09,0002,0039,EV-023,collected,22.1167,16.8167,5,1,3,2026,56.8
2785cd13_EV-024,2026-03-28T22:07:26.205922+00:00,2026-03-29T15:18:40.060991+00:00,44.8,17.1872,1031.23,0002,0039,EV-024,collected,22.1167,15.3,5,1,3,2026,44.8
2785cd13_EV-025,2026-03-28T22:07:26.205922+00:00,2026-03-29T07:01:15.221703+00:00,33.0,8.8969,533.82,0002,0039,EV-025,collected,22.1167,7.0167,5,1,3,2026,33.0
2785cd13_EV-026,2026-03-28T22:07:26.205922+00:00,2026-03-29T16:41:30.822588+00:00,60.06,18.5679,1114.08,0002,0039,EV-026,collected,22.1167,16.6833,5,1,3,2026,60.06
2785cd13_EV-027,2026-03-28T22:07:26.205922+00:00,2026-03-29T09:22:56.004782+00:00,33.0,11.2583,675.5,0002,0039,EV-027,collected,22.1167,9.3667,5,1,3,2026,33.0
2785cd13_EV-028,2026-03-28T22:07:26.205922+00:00,2026-03-29T14:58:34.471544+00:00,47.5,16.8523,1011.14,0002,0039,EV-028,collected,22.1167,14.9667,5,1,3,2026,47.5
2785cd13_EV-029,2026-03-28T22:07:26.205922+00:00,2026-03-29T02:43:53.461187+00:00,14.5,4.6076,276.45,0002,0039,EV-029,collected,22.1167,2.7167,5,1,3,2026,14.5
2785cd13_EV-030,2026-03-28T22:07:26.205922+00:00,2026-03-29T16:17:25.695110+00:00,60.83,18.1665,1089.99,0002,0039,EV-030,collected,22.1167,16.2833,5,1,3,2026,60.83
2785cd13_EV-031,2026-03-28T22:07:26.205922+00:00,2026-03-29T14:46:31.447673+00:00,56.21,16.6515,999.09,0002,0039,EV-031,collected,22.1167,14.7667,5,1,3,2026,56.21
2785cd13_EV-032,2026-03-28T22:07:26.205922+00:00,2026-03-29T03:52:37.611605+00:00,18.0,5.7532,345.19,0002,0039,EV-032,collected,22.1167,3.8667,5,1,3,2026,18.0
2785cd13_EV-033,2026-03-28T22:07:26.205922+00:00,2026-03-29T08:26:36.252456+00:00,31.5,10.3195,619.17,0002,0039,EV-033,collected,22.1167,8.4333,5,1,3,2026,31.5
2785cd13_EV-034,2026-03-28T22:07:26.205922+00:00,2026-03-29T15:16:45.758995+00:00,61.5,17.1554,1029.33,0002,0039,EV-034,collected,22.1167,15.2667,5,1,3,2026,61.5
2785cd13_EV-035,2026-03-28T22:07:26.205922+00:00,2026-03-29T13:34:22.138486+00:00,52.36,15.4489,926.93,0002,0039,EV-035,collected,22.1167,13.5667,5,1,3,2026,52.36
2785cd13_EV-036,2026-03-28T22:07:26.205922+00:00,2026-03-29T14:37:54.229741+00:00,42.35,16.5078,990.47,0002,0039,EV-036,collected,22.1167,14.6167,5,1,3,2026,42.35
2785cd13_EV-037,2026-03-28T22:07:26.205922+00:00,2026-03-29T13:49:33.402516+00:00,40.02,15.702,942.12,0002,0039,EV-037,collected,22.1167,13.8167,5,1,3,2026,40.02
2785cd13_EV-038,2026-03-28T22:07:26.205922+00:00,2026-03-29T09:09:36.030294+00:00,34.2,11.0361,662.16,0002,0039,EV-038,collected,22.1167,9.15,5,1,3,2026,34.2
2785cd13_EV-039,2026-03-28T22:07:26.205922+00:00,2026-03-29T16:05:39.645146+00:00,56.05,17.9704,1078.22,0002,0039,EV-039,collected,22.1167,16.0833,5,1,3,2026,56.05
2785cd13_EV-040,2026-03-28T22:07:26.205922+00:00,2026-03-29T17:53:49.716526+00:00,51.0,19.7732,1186.39,0002,0039,EV-040,collected,22.1167,17.8833,5,1,3,2026,51.0
2785cd13_EV-041,2026-03-28T22:07:26.205922+00:00,2026-03-29T12:18:49.641126+00:00,36.72,14.1898,851.39,0002,0039,EV-041,collected,22.1167,12.3,5,1,3,2026,36.72
2785cd13_EV-042,2026-03-28T22:07:26.205922+00:00,2026-03-29T14:28:05.908063+00:00,44.66,16.3444,980.66,0002,0039,EV-042,collected,22.1167,14.4667,5,1,3,2026,44.66
2785cd13_EV-043,2026-03-28T22:07:26.205922+00:00,2026-03-29T12:46:33.812271+00:00,61.75,14.6521,879.13,0002,0039,EV-043,collected,22.1167,12.7667,5,1,3,2026,61.75
2785cd13_EV-044,2026-03-28T22:07:26.205922+00:00,2026-03-29T02:41:17.449439+00:00,23.2,4.5642,273.85,0002,0039,EV-044,collected,22.1167,2.6833,5,1,3,2026,23.2
2785cd13_EV-045,2026-03-28T22:07:26.205922+00:00,2026-03-29T14:38:44.035729+00:00,43.12,16.5216,991.3,0002,0039,EV-045,collected,22.1167,14.6333,5,1,3,2026,43.12
2785cd13_EV-046,2026-03-28T22:07:26.205922+00:00,2026-03-29T00:53:14.320536+00:00,24.4,2.7634,165.8,0002,0039,EV-046,collected,22.1167,0.8833,5,1,3,2026,24.4
2785cd13_EV-047,2026-03-28T22:07:26.205922+00:00,2026-03-29T16:33:48.666873+00:00,64.0,18.4396,1106.37,0002,0039,EV-047,collected,22.1167,16.55,5,1,3,2026,64.0
2785cd13_EV-048,2026-03-28T22:07:26.205922+00:00,2026-03-29T15:27:08.502973+00:00,46.98,17.3284,1039.7,0002,0039,EV-048,collected,22.1167,15.45,5,1,3,2026,46.98
2785cd13_EV-049,2026-03-28T22:07:26.205922+00:00,2026-03-29T14:54:49.174199+00:00,43.12,16.7897,1007.38,0002,0039,EV-049,collected,22.1167,14.9,5,1,3,2026,43.12
2785cd13_EV-050,2026-03-28T22:07:26.205922+00:00,2026-03-29T08:16:26.722474+00:00,31.5,10.1501,609.01,0002,0039,EV-050,collected,22.1167,8.2667,5,1,3,2026,31.5
07802dda_EV-01,2026-03-28T09:00:00+00:00,2026-03-28T19:31:24.113139+00:00,45.0,10.5234,631.4,0002,0039,EV-01,collected,9.0,19.5167,5,1,3,2026,45.0
07802dda_EV-02,2026-03-28T09:00:00+00:00,2026-03-28T22:39:48.709893+00:00,42.0,13.6635,819.81,0002,0039,EV-02,collected,9.0,22.65,5,1,3,2026,42.0
07802dda_EV-03,2026-03-28T09:00:00+00:00,2026-03-29T00:03:55.354727+00:00,39.0,15.0654,903.92,0002,0039,EV-03,collected,9.0,0.05,5,1,3,2026,39.0
07802dda_EV-04,2026-03-28T09:00:00+00:00,2026-03-28T19:43:55.696985+00:00,36.0,10.7321,643.93,0002,0039,EV-04,collected,9.0,19.7167,5,1,3,2026,36.0
07802dda_EV-05,2026-03-28T09:00:00+00:00,2026-03-28T18:38:55.867541+00:00,33.0,9.6489,578.93,0002,0039,EV-05,collected,9.0,18.6333,5,1,3,2026,33.0
07802dda_EV-06,2026-03-28T09:00:00+00:00,2026-03-28T23:12:54.497761+00:00,30.0,14.2151,852.91,0002,0039,EV-06,collected,9.0,23.2,5,1,3,2026,30.0
07802dda_EV-07,2026-03-28T09:00:00+00:00,2026-03-28T18:30:37.788184+00:00,27.0,9.5105,570.63,0002,0039,EV-07,collected,9.0,18.5,5,1,3,2026,27.0
07802dda_EV-08,2026-03-28T09:00:00+00:00,2026-03-28T13:21:03.383826+00:00,24.0,4.3509,261.06,0002,0039,EV-08,collected,9.0,13.35,5,1,3,2026,24.0
07802dda_EV-09,2026-03-28T09:00:00+00:00,2026-03-28T18:38:03.103210+00:00,21.0,9.6342,578.05,0002,0039,EV-09,collected,9.0,18.6333,5,1,3,2026,21.0
07802dda_EV-10,2026-03-28T09:00:00+00:00,2026-03-28T13:52:37.080362+00:00,18.0,4.877,292.62,0002,0039,EV-10,collected,9.0,13.8667,5,1,3,2026,18.0
133bfb27_EV-01,2026-03-28T09:00:00+00:00,2026-03-28T17:54:08.352278+00:00,45.0,8.9023,534.14,0002,0039,EV-01,collected,9.0,17.9,5,1,3,2026,45.0
133bfb27_EV-02,2026-03-28T09:00:00+00:00,2026-03-28T23:55:29.326497+00:00,42.0,14.9248,895.49,0002,0039,EV-02,collected,9.0,23.9167,5,1,3,2026,42.0
133bfb27_EV-03,2026-03-28T09:00:00+00:00,2026-03-28T22:02:23.393306+00:00,39.0,13.0398,782.39,0002,0039,EV-03,collected,9.0,22.0333,5,1,3,2026,39.0
133bfb27_EV-04,2026-03-28T09:00:00+00:00,2026-03-28T22:28:18.938798+00:00,36.0,13.4719,808.32,0002,0039,EV-04,collected,9.0,22.4667,5,1,3,2026,36.0
133bfb27_EV-05,2026-03-28T09:00:00+00:00,2026-03-28T17:50:20.516906+00:00,33.0,8.839,530.34,0002,0039,EV-05,collected,9.0,17.8333,5,1,3,2026,33.0
133bfb27_EV-06,2026-03-28T09:00:00+00:00,2026-03-28T17:21:28.416258+00:00,30.0,8.3579,501.47,0002,0039,EV-06,collected,9.0,17.35,5,1,3,2026,30.0
133bfb27_EV-07,2026-03-28T09:00:00+00:00,2026-03-29T01:43:29.322048+00:00,27.0,16.7248,1003.49,0002,0039,EV-07,collected,9.0,1.7167,5,1,3,2026,27.0
133bfb27_EV-08,2026-03-28T09:00:00+00:00,2026-03-28T15:38:07.450738+00:00,24.0,6.6354,398.12,0002,0039,EV-08,collected,9.0,15.6333,5,1,3,2026,24.0
133bfb27_EV-09,2026-03-28T09:00:00+00:00,2026-03-28T15:36:34.674392+00:00,21.0,6.6096,396.58,0002,0039,EV-09,collected,9.0,15.6,5,1,3,2026,21.0
133bfb27_EV-10,2026-03-28T09:00:00+00:00,2026-03-28T17:36:21.794123+00:00,18.0,8.6061,516.36,0002,0039,EV-10,collected,9.0,17.6,5,1,3,2026,18.0
c9c951c5_EV-01,2026-03-28T09:00:00+00:00,2026-03-28T21:50:52.553939+00:00,45.0,12.8479,770.88,0002,0039,EV-01,collected,9.0,21.8333,5,1,3,2026,45.0
c9c951c5_EV-02,2026-03-28T09:00:00+00:00,2026-03-28T21:19:29.056816+00:00,42.0,12.3247,739.48,0002,0039,EV-02,collected,9.0,21.3167,5,1,3,2026,42.0
c9c951c5_EV-03,2026-03-28T09:00:00+00:00,2026-03-28T18:30:50.785307+00:00,39.0,9.5141,570.85,0002,0039,EV-03,collected,9.0,18.5,5,1,3,2026,39.0
c9c951c5_EV-04,2026-03-28T09:00:00+00:00,2026-03-28T14:36:05.371278+00:00,36.0,5.6015,336.09,0002,0039,EV-04,collected,9.0,14.6,5,1,3,2026,36.0
c9c951c5_EV-05,2026-03-28T09:00:00+00:00,2026-03-28T20:17:57.245065+00:00,33.0,11.2992,677.95,0002,0039,EV-05,collected,9.0,20.2833,5,1,3,2026,33.0
c9c951c5_EV-06,2026-03-28T09:00:00+00:00,2026-03-28T14:06:56.630988+00:00,30.0,5.1157,306.94,0002,0039,EV-06,collected,9.0,14.1,5,1,3,2026,30.0
c9c951c5_EV-07,2026-03-28T09:00:00+00:00,2026-03-28T16:00:28.944402+00:00,27.0,7.008,420.48,0002,0039,EV-07,collected,9.0,16.0,5,1,3,2026,27.0
c9c951c5_EV-08,2026-03-28T09:00:00+00:00,2026-03-28T16:47:31.388671+00:00,24.0,7.7921,467.52,0002,0039,EV-08,collected,9.0,16.7833,5,1,3,2026,24.0
c9c951c5_EV-09,2026-03-28T09:00:00+00:00,2026-03-28T15:56:44.572919+00:00,21.0,6.9457,416.74,0002,0039,EV-09,collected,9.0,15.9333,5,1,3,2026,21.0
c9c951c5_EV-10,2026-03-28T09:00:00+00:00,2026-03-28T19:02:20.482077+00:00,18.0,10.039,602.34,0002,0039,EV-10,collected,9.0,19.0333,5,1,3,2026,18.0
0604e069_EV-01,2026-03-28T09:00:00+00:00,2026-03-28T17:24:20.926663+00:00,45.0,8.4058,504.35,0002,0039,EV-01,collected,9.0,17.4,5,1,3,2026,45.0
0604e069_EV-02,2026-03-28T09:00:00+00:00,2026-03-28T17:39:06.146781+00:00,42.0,8.6517,519.1,0002,0039,EV-02,collected,9.0,17.65,5,1,3,2026,42.0
0604e069_EV-03,2026-03-28T09:00:00+00:00,2026-03-28T22:30:16.767570+00:00,39.0,13.5047,810.28,0002,0039,EV-03,collected,9.0,22.5,5,1,3,2026,39.0
0604e069_EV-04,2026-03-28T09:00:00+00:00,2026-03-28T18:02:03.149301+00:00,36.0,9.0342,542.05,0002,0039,EV-04,collected,9.0,18.0333,5,1,3,2026,36.0
0604e069_EV-05,2026-03-28T09:00:00+00:00,2026-03-28T14:48:52.388250+00:00,33.0,5.8146,348.87,0002,0039,EV-05,collected,9.0,14.8,5,1,3,2026,33.0
0604e069_EV-06,2026-03-28T09:00:00+00:00,2026-03-28T18:40:01.985009+00:00,30.0,9.6672,580.03,0002,0039,EV-06,collected,9.0,18.6667,5,1,3,2026,30.0
0604e069_EV-07,2026-03-28T09:00:00+00:00,2026-03-28T21:12:41.763003+00:00,27.0,12.2116,732.7,0002,0039,EV-07,collected,9.0,21.2,5,1,3,2026,27.0
0604e069_EV-08,2026-03-28T09:00:00+00:00,2026-03-28T20:12:23.152170+00:00,24.0,11.2064,672.39,0002,0039,EV-08,collected,9.0,20.2,5,1,3,2026,24.0
0604e069_EV-09,2026-03-28T09:00:00+00:00,2026-03-28T15:56:37.935908+00:00,21.0,6.9439,416.63,0002,0039,EV-09,collected,9.0,15.9333,5,1,3,2026,21.0
0604e069_EV-10,2026-03-28T09:00:00+00:00,2026-03-28T18:27:52.742874+00:00,18.0,9.4647,567.88,0002,0039,EV-10,collected,9.0,18.45,5,1,3,2026,18.0
51b46924_EV-01,2026-03-28T09:00:00+00:00,2026-03-28T18:15:34.371838+00:00,45.0,9.2595,555.57,0002,0039,EV-01,collected,9.0,18.25,5,1,3,2026,45.0
51b46924_EV-02,2026-03-28T09:00:00+00:00,2026-03-28T22:31:29.448891+00:00,42.0,13.5248,811.49,0002,0039,EV-02,collected,9.0,22.5167,5,1,3,2026,42.0
51b46924_EV-03,2026-03-28T09:00:00+00:00,2026-03-28T20:22:49.816246+00:00,39.0,11.3805,682.83,0002,0039,EV-03,collected,9.0,20.3667,5,1,3,2026,39.0
51b46924_EV-04,2026-03-28T09:00:00+00:00,2026-03-28T22:27:36.251665+00:00,36.0,13.4601,807.6,0002,0039,EV-04,collected,9.0,22.45,5,1,3,2026,36.0
51b46924_EV-05,2026-03-28T09:00:00+00:00,2026-03-28T17:45:32.625118+00:00,33.0,8.7591,525.54,0002,0039,EV-05,collected,9.0,17.75,5,1,3,2026,33.0
51b46924_EV-06,2026-03-28T09:00:00+00:00,2026-03-28T18:14:28.253495+00:00,30.0,9.2412,554.47,0002,0039,EV-06,collected,9.0,18.2333,5,1,3,2026,30.0
51b46924_EV-07,2026-03-28T09:00:00+00:00,2026-03-28T18:39:51.929449+00:00,27.0,9.6644,579.87,0002,0039,EV-07,collected,9.0,18.65,5,1,3,2026,27.0
51b46924_EV-08,2026-03-28T09:00:00+00:00,2026-03-28T13:19:52.142619+00:00,24.0,4.3312,259.87,0002,0039,EV-08,collected,9.0,13.3167,5,1,3,2026,24.0
51b46924_EV-09,2026-03-28T09:00:00+00:00,2026-03-28T18:03:39.607342+00:00,21.0,9.061,543.66,0002,0039,EV-09,collected,9.0,18.05,5,1,3,2026,21.0
51b46924_EV-10,2026-03-28T09:00:00+00:00,2026-03-28T20:12:00.343260+00:00,18.0,11.2001,672.01,0002,0039,EV-10,collected,9.0,20.2,5,1,3,2026,18.0
56fbfdd8_EV-01,2026-03-28T09:00:00+00:00,2026-03-29T01:06:26.640053+00:00,45.0,16.1074,966.44,0002,0039,EV-01,collected,9.0,1.1,5,1,3,2026,45.0
56fbfdd8_EV-02,2026-03-28T09:00:00+00:00,2026-03-28T20:37:15.015638+00:00,42.0,11.6208,697.25,0002,0039,EV-02,collected,9.0,20.6167,5,1,3,2026,42.0
56fbfdd8_EV-03,2026-03-28T09:00:00+00:00,2026-03-28T21:32:07.203645+00:00,39.0,12.5353,752.12,0002,0039,EV-03,collected,9.0,21.5333,5,1,3,2026,39.0
56fbfdd8_EV-04,2026-03-28T09:00:00+00:00,2026-03-28T18:25:54.711413+00:00,36.0,9.4319,565.91,0002,0039,EV-04,collected,9.0,18.4167,5,1,3,2026,36.0
56fbfdd8_EV-05,2026-03-28T09:00:00+00:00,2026-03-28T16:30:51.788657+00:00,33.0,7.5144,450.86,0002,0039,EV-05,collected,9.0,16.5,5,1,3,2026,33.0
56fbfdd8_EV-06,2026-03-28T09:00:00+00:00,2026-03-28T19:40:11.287083+00:00,30.0,10.6698,640.19,0002,0039,EV-06,collected,9.0,19.6667,5,1,3,2026,30.0
56fbfdd8_EV-07,2026-03-28T09:00:00+00:00,2026-03-28T18:09:17.377480+00:00,27.0,9.1548,549.29,0002,0039,EV-07,collected,9.0,18.15,5,1,3,2026,27.0
56fbfdd8_EV-08,2026-03-28T09:00:00+00:00,2026-03-28T21:13:37.561208+00:00,24.0,12.2271,733.63,0002,0039,EV-08,collected,9.0,21.2167,5,1,3,2026,24.0
56fbfdd8_EV-09,2026-03-28T09:00:00+00:00,2026-03-28T22:53:18.683865+00:00,21.0,13.8885,833.31,0002,0039,EV-09,collected,9.0,22.8833,5,1,3,2026,21.0
56fbfdd8_EV-10,2026-03-28T09:00:00+00:00,2026-03-28T16:17:29.709312+00:00,18.0,7.2916,437.5,0002,0039,EV-10,collected,9.0,16.2833,5,1,3,2026,18.0
658f0e83_EV-01,2026-03-28T09:00:00+00:00,2026-03-28T22:44:34.042483+00:00,48.0,13.7428,824.57,0002,0039,EV-01,collected,9.0,22.7333,5,1,3,2026,48.0
658f0e83_EV-02,2026-03-28T09:00:00+00:00,2026-03-28T18:45:41.358394+00:00,42.0,9.7615,585.69,0002,0039,EV-02,collected,9.0,18.75,5,1,3,2026,42.0
658f0e83_EV-03,2026-03-28T09:00:00+00:00,2026-03-28T18:32:48.312162+00:00,36.0,9.5468,572.81,0002,0039,EV-03,collected,9.0,18.5333,5,1,3,2026,36.0
658f0e83_EV-04,2026-03-28T09:00:00+00:00,2026-03-28T19:39:58.733283+00:00,30.0,10.6663,639.98,0002,0039,EV-04,collected,9.0,19.65,5,1,3,2026,30.0
658f0e83_EV-05,2026-03-28T09:00:00+00:00,2026-03-28T22:15:02.087988+00:00,24.0,13.2506,795.03,0002,0039,EV-05,collected,9.0,22.25,5,1,3,2026,24.0
658f0e83_EV-06,2026-03-28T09:00:00+00:00,2026-03-29T00:11:57.883483+00:00,48.0,15.1994,911.96,0002,0039,EV-06,collected,9.0,0.1833,5,1,3,2026,48.0
658f0e83_EV-07,2026-03-28T09:00:00+00:00,2026-03-28T20:25:26.356162+00:00,42.0,11.424,685.44,0002,0039,EV-07,collected,9.0,20.4167,5,1,3,2026,42.0
658f0e83_EV-08,2026-03-28T09:00:00+00:00,2026-03-28T19:14:41.542480+00:00,36.0,10.2449,614.69,0002,0039,EV-08,collected,9.0,19.2333,5,1,3,2026,36.0
658f0e83_EV-09,2026-03-28T09:00:00+00:00,2026-03-28T18:41:28.813190+00:00,30.0,9.6913,581.48,0002,0039,EV-09,collected,9.0,18.6833,5,1,3,2026,30.0
658f0e83_EV-10,2026-03-28T09:00:00+00:00,2026-03-28T16:36:17.914010+00:00,24.0,7.605,456.3,0002,0039,EV-10,collected,9.0,16.6,5,1,3,2026,24.0
658f0e83_EV-11,2026-03-28T09:00:00+00:00,2026-03-28T17:15:47.268644+00:00,48.0,8.2631,495.79,0002,0039,EV-11,collected,9.0,17.25,5,1,3,2026,48.0
658f0e83_EV-12,2026-03-28T09:00:00+00:00,2026-03-28T20:36:57.544018+00:00,42.0,11.616,696.96,0002,0039,EV-12,collected,9.0,20.6,5,1,3,2026,42.0
658f0e83_EV-13,2026-03-28T09:00:00+00:00,2026-03-28T23:15:43.355330+00:00,36.0,14.262,855.72,0002,0039,EV-13,collected,9.0,23.25,5,1,3,2026,36.0
658f0e83_EV-14,2026-03-28T09:00:00+00:00,2026-03-28T18:39:59.558044+00:00,30.0,9.6665,579.99,0002,0039,EV-14,collected,9.0,18.65,5,1,3,2026,30.0
658f0e83_EV-15,2026-03-28T09:00:00+00:00,2026-03-28T20:26:10.536792+00:00,24.0,11.4363,686.18,0002,0039,EV-15,collected,9.0,20.4333,5,1,3,2026,24.0
658f0e83_EV-16,2026-03-28T09:00:00+00:00,2026-03-28T22:33:19.782317+00:00,48.0,13.5555,813.33,0002,0039,EV-16,collected,9.0,22.55,5,1,3,2026,48.0
658f0e83_EV-17,2026-03-28T09:00:00+00:00,2026-03-28T21:10:14.971533+00:00,42.0,12.1708,730.25,0002,0039,EV-17,collected,9.0,21.1667,5,1,3,2026,42.0
658f0e83_EV-18,2026-03-28T09:00:00+00:00,2026-03-28T20:37:51.281699+00:00,36.0,11.6309,697.85,0002,0039,EV-18,collected,9.0,20.6167,5,1,3,2026,36.0
658f0e83_EV-19,2026-03-28T09:00:00+00:00,2026-03-28T20:02:34.252422+00:00,30.0,11.0428,662.57,0002,0039,EV-19,collected,9.0,20.0333,5,1,3,2026,30.0
658f0e83_EV-20,2026-03-28T09:00:00+00:00,2026-03-28T20:36:16.622476+00:00,24.0,11.6046,696.28,0002,0039,EV-20,collected,9.0,20.6,5,1,3,2026,24.0
fed08a1e_EV-01,2026-03-28T09:00:00+00:00,2026-03-28T18:29:22.453190+00:00,48.0,9.4896,569.37,0002,0039,EV-01,collected,9.0,18.4833,5,1,3,2026,48.0
fed08a1e_EV-02,2026-03-28T09:00:00+00:00,2026-03-29T00:30:49.625877+00:00,42.0,15.5138,930.83,0002,0039,EV-02,collected,9.0,0.5,5,1,3,2026,42.0
fed08a1e_EV-03,2026-03-28T09:00:00+00:00,2026-03-28T21:51:33.367897+00:00,36.0,12.8593,771.56,0002,0039,EV-03,collected,9.0,21.85,5,1,3,2026,36.0
fed08a1e_EV-04,2026-03-28T09:00:00+00:00,2026-03-28T15:44:11.551035+00:00,30.0,6.7365,404.19,0002,0039,EV-04,collected,9.0,15.7333,5,1,3,2026,30.0
fed08a1e_EV-05,2026-03-28T09:00:00+00:00,2026-03-28T17:29:19.945003+00:00,24.0,8.4889,509.33,0002,0039,EV-05,collected,9.0,17.4833,5,1,3,2026,24.0
fed08a1e_EV-06,2026-03-28T09:00:00+00:00,2026-03-28T21:47:10.618565+00:00,48.0,12.7863,767.18,0002,0039,EV-06,collected,9.0,21.7833,5,1,3,2026,48.0
fed08a1e_EV-07,2026-03-28T09:00:00+00:00,2026-03-28T22:01:33.833439+00:00,42.0,13.0261,781.56,0002,0039,EV-07,collected,9.0,22.0167,5,1,3,2026,42.0
fed08a1e_EV-08,2026-03-28T09:00:00+00:00,2026-03-28T19:01:25.027864+00:00,36.0,10.0236,601.42,0002,0039,EV-08,collected,9.0,19.0167,5,1,3,2026,36.0
fed08a1e_EV-09,2026-03-28T09:00:00+00:00,2026-03-28T18:40:38.329475+00:00,30.0,9.6773,580.64,0002,0039,EV-09,collected,9.0,18.6667,5,1,3,2026,30.0
fed08a1e_EV-10,2026-03-28T09:00:00+00:00,2026-03-28T14:13:45.305553+00:00,24.0,5.2293,313.76,0002,0039,EV-10,collected,9.0,14.2167,5,1,3,2026,24.0
fed08a1e_EV-11,2026-03-28T09:00:00+00:00,2026-03-28T20:08:09.159497+00:00,48.0,11.1359,668.15,0002,0039,EV-11,collected,9.0,20.1333,5,1,3,2026,48.0
fed08a1e_EV-12,2026-03-28T09:00:00+00:00,2026-03-28T13:24:44.894758+00:00,42.0,4.4125,264.75,0002,0039,EV-12,collected,9.0,13.4,5,1,3,2026,42.0
fed08a1e_EV-13,2026-03-28T09:00:00+00:00,2026-03-28T18:55:55.619233+00:00,36.0,9.9321,595.93,0002,0039,EV-13,collected,9.0,18.9167,5,1,3,2026,36.0
fed08a1e_EV-14,2026-03-28T09:00:00+00:00,2026-03-28T17:04:27.017537+00:00,30.0,8.0742,484.45,0002,0039,EV-14,collected,9.0,17.0667,5,1,3,2026,30.0
fed08a1e_EV-15,2026-03-28T09:00:00+00:00,2026-03-28T19:17:56.117311+00:00,24.0,10.2989,617.94,0002,0039,EV-15,collected,9.0,19.2833,5,1,3,2026,24.0
fed08a1e_EV-16,2026-03-28T09:00:00+00:00,2026-03-29T01:12:03.287237+00:00,48.0,16.2009,972.05,0002,0039,EV-16,collected,9.0,1.2,5,1,3,2026,48.0
fed08a1e_EV-17,2026-03-28T09:00:00+00:00,2026-03-28T23:13:55.303672+00:00,42.0,14.232,853.92,0002,0039,EV-17,collected,9.0,23.2167,5,1,3,2026,42.0
fed08a1e_EV-18,2026-03-28T09:00:00+00:00,2026-03-28T19:06:25.839241+00:00,36.0,10.1072,606.43,0002,0039,EV-18,collected,9.0,19.1,5,1,3,2026,36.0
fed08a1e_EV-19,2026-03-28T09:00:00+00:00,2026-03-28T21:10:18.980240+00:00,30.0,12.1719,730.32,0002,0039,EV-19,collected,9.0,21.1667,5,1,3,2026,30.0
fed08a1e_EV-20,2026-03-28T09:00:00+00:00,2026-03-28T18:08:13.908288+00:00,24.0,9.1372,548.23,0002,0039,EV-20,collected,9.0,18.1333,5,1,3,2026,24.0
cd4126a0_EV-01,2026-03-28T09:00:00+00:00,2026-03-28T20:18:55.095815+00:00,48.0,11.3153,678.92,0002,0039,EV-01,collected,9.0,20.3,5,1,3,2026,48.0
cd4126a0_EV-02,2026-03-28T09:00:00+00:00,2026-03-28T22:21:26.316700+00:00,42.0,13.3573,801.44,0002,0039,EV-02,collected,9.0,22.35,5,1,3,2026,42.0
cd4126a0_EV-03,2026-03-28T09:00:00+00:00,2026-03-28T15:10:21.297139+00:00,36.0,6.1726,370.35,0002,0039,EV-03,collected,9.0,15.1667,5,1,3,2026,36.0
cd4126a0_EV-04,2026-03-28T09:00:00+00:00,2026-03-28T17:41:19.944669+00:00,30.0,8.6889,521.33,0002,0039,EV-04,collected,9.0,17.6833,5,1,3,2026,30.0
cd4126a0_EV-05,2026-03-28T09:00:00+00:00,2026-03-28T14:17:11.753126+00:00,24.0,5.2866,317.2,0002,0039,EV-05,collected,9.0,14.2833,5,1,3,2026,24.0
cd4126a0_EV-06,2026-03-28T09:00:00+00:00,2026-03-28T20:57:16.910360+00:00,48.0,11.9547,717.28,0002,0039,EV-06,collected,9.0,20.95,5,1,3,2026,48.0
cd4126a0_EV-07,2026-03-28T09:00:00+00:00,2026-03-28T20:01:37.928280+00:00,42.0,11.0272,661.63,0002,0039,EV-07,collected,9.0,20.0167,5,1,3,2026,42.0
cd4126a0_EV-08,2026-03-28T09:00:00+00:00,2026-03-28T19:01:39.854407+00:00,36.0,10.0277,601.66,0002,0039,EV-08,collected,9.0,19.0167,5,1,3,2026,36.0
cd4126a0_EV-09,2026-03-28T09:00:00+00:00,2026-03-28T19:32:09.246212+00:00,30.0,10.5359,632.15,0002,0039,EV-09,collected,9.0,19.5333,5,1,3,2026,30.0
cd4126a0_EV-10,2026-03-28T09:00:00+00:00,2026-03-28T15:07:42.089289+00:00,24.0,6.1284,367.7,0002,0039,EV-10,collected,9.0,15.1167,5,1,3,2026,24.0
cd4126a0_EV-11,2026-03-28T09:00:00+00:00,2026-03-28T21:28:38.845817+00:00,48.0,12.4775,748.65,0002,0039,EV-11,collected,9.0,21.4667,5,1,3,2026,48.0
cd4126a0_EV-12,2026-03-28T09:00:00+00:00,2026-03-28T18:36:01.841855+00:00,42.0,9.6005,576.03,0002,0039,EV-12,collected,9.0,18.6,5,1,3,2026,42.0
cd4126a0_EV-13,2026-03-28T09:00:00+00:00,2026-03-28T15:34:42.967306+00:00,36.0,6.5786,394.72,0002,0039,EV-13,collected,9.0,15.5667,5,1,3,2026,36.0
cd4126a0_EV-14,2026-03-28T09:00:00+00:00,2026-03-28T15:19:18.148635+00:00,30.0,6.3217,379.3,0002,0039,EV-14,collected,9.0,15.3167,5,1,3,2026,30.0
cd4126a0_EV-15,2026-03-28T09:00:00+00:00,2026-03-28T16:07:58.360188+00:00,24.0,7.1329,427.97,0002,0039,EV-15,collected,9.0,16.1167,5,1,3,2026,24.0
cd4126a0_EV-16,2026-03-28T09:00:00+00:00,2026-03-28T20:36:27.501569+00:00,48.0,11.6076,696.46,0002,0039,EV-16,collected,9.0,20.6,5,1,3,2026,48.0
cd4126a0_EV-17,2026-03-28T09:00:00+00:00,2026-03-28T18:04:58.708891+00:00,42.0,9.083,544.98,0002,0039,EV-17,collected,9.0,18.0667,5,1,3,2026,42.0
cd4126a0_EV-18,2026-03-28T09:00:00+00:00,2026-03-28T14:39:32.752279+00:00,36.0,5.6591,339.55,0002,0039,EV-18,collected,9.0,14.65,5,1,3,2026,36.0
cd4126a0_EV-19,2026-03-28T09:00:00+00:00,2026-03-28T21:52:04.318348+00:00,30.0,12.8679,772.07,0002,0039,EV-19,collected,9.0,21.8667,5,1,3,2026,30.0
cd4126a0_EV-20,2026-03-28T09:00:00+00:00,2026-03-28T13:34:22.270663+00:00,24.0,4.5729,274.37,0002,0039,EV-20,collected,9.0,13.5667,5,1,3,2026,24.0
07a5ef0d_EV-01,2026-03-28T09:00:00+00:00,2026-03-28T20:40:23.339253+00:00,48.0,11.6731,700.39,0002,0039,EV-01,collected,9.0,20.6667,5,1,3,2026,48.0
07a5ef0d_EV-02,2026-03-28T09:00:00+00:00,2026-03-28T21:31:33.181924+00:00,42.0,12.5259,751.55,0002,0039,EV-02,collected,9.0,21.5167,5,1,3,2026,42.0
07a5ef0d_EV-03,2026-03-28T09:00:00+00:00,2026-03-28T19:46:53.871168+00:00,36.0,10.7816,646.9,0002,0039,EV-03,collected,9.0,19.7667,5,1,3,2026,36.0
07a5ef0d_EV-04,2026-03-28T09:00:00+00:00,2026-03-28T21:10:00.149751+00:00,30.0,12.1667,730.0,0002,0039,EV-04,collected,9.0,21.1667,5,1,3,2026,30.0
07a5ef0d_EV-05,2026-03-28T09:00:00+00:00,2026-03-28T22:08:56.242414+00:00,24.0,13.149,788.94,0002,0039,EV-05,collected,9.0,22.1333,5,1,3,2026,24.0
07a5ef0d_EV-06,2026-03-28T09:00:00+00:00,2026-03-28T23:35:30.404044+00:00,48.0,14.5918,875.51,0002,0039,EV-06,collected,9.0,23.5833,5,1,3,2026,48.0
07a5ef0d_EV-07,2026-03-28T09:00:00+00:00,2026-03-28T17:03:45.024346+00:00,42.0,8.0625,483.75,0002,0039,EV-07,collected,9.0,17.05,5,1,3,2026,42.0
07a5ef0d_EV-08,2026-03-28T09:00:00+00:00,2026-03-28T17:07:36.098481+00:00,36.0,8.1267,487.6,0002,0039,EV-08,collected,9.0,17.1167,5,1,3,2026,36.0
07a5ef0d_EV-09,2026-03-28T09:00:00+00:00,2026-03-28T21:09:13.910475+00:00,30.0,12.1539,729.23,0002,0039,EV-09,collected,9.0,21.15,5,1,3,2026,30.0
07a5ef0d_EV-10,2026-03-28T09:00:00+00:00,2026-03-28T11:31:00.606155+00:00,24.0,2.5168,151.01,0002,0039,EV-10,collected,9.0,11.5167,5,1,3,2026,24.0
6961cccc_EV-01,2026-03-28T09:00:00+00:00,2026-03-28T19:40:41.926608+00:00,48.0,10.6783,640.7,0002,0039,EV-01,collected,9.0,19.6667,5,1,3,2026,48.0
6961cccc_EV-02,2026-03-28T09:00:00+00:00,2026-03-28T21:27:59.696027+00:00,42.0,12.4666,747.99,0002,0039,EV-02,collected,9.0,21.45,5,1,3,2026,42.0
6961cccc_EV-03,2026-03-28T09:00:00+00:00,2026-03-28T17:14:11.283733+00:00,36.0,8.2365,494.19,0002,0039,EV-03,collected,9.0,17.2333,5,1,3,2026,36.0
6961cccc_EV-04,2026-03-28T09:00:00+00:00,2026-03-28T18:34:22.470749+00:00,30.0,9.5729,574.37,0002,0039,EV-04,collected,9.0,18.5667,5,1,3,2026,30.0
6961cccc_EV-05,2026-03-28T09:00:00+00:00,2026-03-28T13:26:58.594611+00:00,24.0,4.4496,266.98,0002,0039,EV-05,collected,9.0,13.4333,5,1,3,2026,24.0
6961cccc_EV-06,2026-03-28T09:00:00+00:00,2026-03-28T18:59:13.059993+00:00,48.0,9.987,599.22,0002,0039,EV-06,collected,9.0,18.9833,5,1,3,2026,48.0
6961cccc_EV-07,2026-03-28T09:00:00+00:00,2026-03-28T18:54:41.425322+00:00,42.0,9.9115,594.69,0002,0039,EV-07,collected,9.0,18.9,5,1,3,2026,42.0
6961cccc_EV-08,2026-03-28T09:00:00+00:00,2026-03-28T18:34:34.341324+00:00,36.0,9.5762,574.57,0002,0039,EV-08,collected,9.0,18.5667,5,1,3,2026,36.0
6961cccc_EV-09,2026-03-28T09:00:00+00:00,2026-03-28T16:04:29.338908+00:00,30.0,7.0748,424.49,0002,0039,EV-09,collected,9.0,16.0667,5,1,3,2026,30.0
6961cccc_EV-10,2026-03-28T09:00:00+00:00,2026-03-28T20:26:27.932459+00:00,24.0,11.4411,686.47,0002,0039,EV-10,collected,9.0,20.4333,5,1,3,2026,24.0
c48598a7_EV-01,2026-03-28T09:00:00+00:00,2026-03-28T23:00:48.875147+00:00,48.0,14.0136,840.81,0002,0039,EV-01,collected,9.0,23.0,5,1,3,2026,48.0
c48598a7_EV-02,2026-03-28T09:00:00+00:00,2026-03-28T21:51:44.258111+00:00,42.0,12.8623,771.74,0002,0039,EV-02,collected,9.0,21.85,5,1,3,2026,42.0
c48598a7_EV-03,2026-03-28T09:00:00+00:00,2026-03-28T17:41:57.208696+00:00,36.0,8.6992,521.95,0002,0039,EV-03,collected,9.0,17.6833,5,1,3,2026,36.0
c48598a7_EV-04,2026-03-28T09:00:00+00:00,2026-03-28T16:39:00.441388+00:00,30.0,7.6501,459.01,0002,0039,EV-04,collected,9.0,16.65,5,1,3,2026,30.0
c48598a7_EV-05,2026-03-28T09:00:00+00:00,2026-03-28T20:41:52.029561+00:00,24.0,11.6978,701.87,0002,0039,EV-05,collected,9.0,20.6833,5,1,3,2026,24.0
c48598a7_EV-06,2026-03-28T09:00:00+00:00,2026-03-28T21:09:31.204932+00:00,48.0,12.1587,729.52,0002,0039,EV-06,collected,9.0,21.15,5,1,3,2026,48.0
c48598a7_EV-07,2026-03-28T09:00:00+00:00,2026-03-28T17:45:00.028456+00:00,42.0,8.75,525.0,0002,0039,EV-07,collected,9.0,17.75,5,1,3,2026,42.0
c48598a7_EV-08,2026-03-28T09:00:00+00:00,2026-03-28T21:27:32.663949+00:00,36.0,12.4591,747.54,0002,0039,EV-08,collected,9.0,21.45,5,1,3,2026,36.0
c48598a7_EV-09,2026-03-28T09:00:00+00:00,2026-03-28T17:17:38.002817+00:00,30.0,8.2939,497.63,0002,0039,EV-09,collected,9.0,17.2833,5,1,3,2026,30.0
c48598a7_EV-10,2026-03-28T09:00:00+00:00,2026-03-28T17:20:52.839442+00:00,24.0,8.348,500.88,0002,0039,EV-10,collected,9.0,17.3333,5,1,3,2026,24.0
5c415fcd_EV-01,2026-03-28T09:00:00+00:00,2026-03-28T18:17:09.290829+00:00,48.0,9.2859,557.15,0002,0039,EV-01,collected,9.0,18.2833,5,1,3,2026,48.0
5c415fcd_EV-02,2026-03-28T09:00:00+00:00,2026-03-28T16:38:12.249184+00:00,42.0,7.6367,458.2,0002,0039,EV-02,collected,9.0,16.6333,5,1,3,2026,42.0
5c415fcd_EV-03,2026-03-28T09:00:00+00:00,2026-03-28T20:34:26.148607+00:00,36.0,11.5739,694.44,0002,0039,EV-03,collected,9.0,20.5667,5,1,3,2026,36.0
5c415fcd_EV-04,2026-03-28T09:00:00+00:00,2026-03-28T18:57:13.452855+00:00,30.0,9.9537,597.22,0002,0039,EV-04,collected,9.0,18.95,5,1,3,2026,30.0
5c415fcd_EV-05,2026-03-28T09:00:00+00:00,2026-03-28T13:25:25.422426+00:00,24.0,4.4237,265.42,0002,0039,EV-05,collected,9.0,13.4167,5,1,3,2026,24.0
5c415fcd_EV-06,2026-03-28T09:00:00+00:00,2026-03-28T22:26:11.113293+00:00,48.0,13.4364,806.19,0002,0039,EV-06,collected,9.0,22.4333,5,1,3,2026,48.0
5c415fcd_EV-07,2026-03-28T09:00:00+00:00,2026-03-28T23:16:11.063139+00:00,42.0,14.2697,856.18,0002,0039,EV-07,collected,9.0,23.2667,5,1,3,2026,42.0
5c415fcd_EV-08,2026-03-28T09:00:00+00:00,2026-03-28T22:52:34.364674+00:00,36.0,13.8762,832.57,0002,0039,EV-08,collected,9.0,22.8667,5,1,3,2026,36.0
5c415fcd_EV-09,2026-03-28T09:00:00+00:00,2026-03-28T22:22:22.379425+00:00,30.0,13.3729,802.37,0002,0039,EV-09,collected,9.0,22.3667,5,1,3,2026,30.0
5c415fcd_EV-10,2026-03-28T09:00:00+00:00,2026-03-28T15:07:12.424861+00:00,24.0,6.1201,367.21,0002,0039,EV-10,collected,9.0,15.1167,5,1,3,2026,24.0
9b0ca139_EV-01,2026-03-28T09:00:00+00:00,2026-03-28T20:30:25.398328+00:00,48.0,11.5071,690.42,0002,0039,EV-01,collected,9.0,20.5,5,1,3,2026,48.0
9b0ca139_EV-02,2026-03-28T09:00:00+00:00,2026-03-28T23:06:30.243980+00:00,42.0,14.1084,846.5,0002,0039,EV-02,collected,9.0,23.1,5,1,3,2026,42.0
9b0ca139_EV-03,2026-03-28T09:00:00+00:00,2026-03-28T18:13:47.063111+00:00,36.0,9.2297,553.78,0002,0039,EV-03,collected,9.0,18.2167,5,1,3,2026,36.0
9b0ca139_EV-04,2026-03-28T09:00:00+00:00,2026-03-28T18:55:41.874680+00:00,30.0,9.9283,595.7,0002,0039,EV-04,collected,9.0,18.9167,5,1,3,2026,30.0
9b0ca139_EV-05,2026-03-28T09:00:00+00:00,2026-03-28T18:24:24.777474+00:00,24.0,9.4069,564.41,0002,0039,EV-05,collected,9.0,18.4,5,1,3,2026,24.0
9b0ca139_EV-06,2026-03-28T09:00:00+00:00,2026-03-28T20:01:06.558096+00:00,48.0,11.0185,661.11,0002,0039,EV-06,collected,9.0,20.0167,5,1,3,2026,48.0
9b0ca139_EV-07,2026-03-28T09:00:00+00:00,2026-03-28T21:38:18.844253+00:00,42.0,12.6386,758.31,0002,0039,EV-07,collected,9.0,21.6333,5,1,3,2026,42.0
9b0ca139_EV-08,2026-03-28T09:00:00+00:00,2026-03-28T20:10:48.168194+00:00,36.0,11.18,670.8,0002,0039,EV-08,collected,9.0,20.1667,5,1,3,2026,36.0
9b0ca139_EV-09,2026-03-28T09:00:00+00:00,2026-03-28T16:18:31.427845+00:00,30.0,7.3087,438.52,0002,0039,EV-09,collected,9.0,16.3,5,1,3,2026,30.0
9b0ca139_EV-10,2026-03-28T09:00:00+00:00,2026-03-28T19:27:38.577277+00:00,24.0,10.4607,627.64,0002,0039,EV-10,collected,9.0,19.45,5,1,3,2026,24.0
b0f5ebd0_EV-01,2026-03-28T09:00:00+00:00,2026-03-28T20:50:11.833372+00:00,48.0,11.8366,710.2,0002,0039,EV-01,collected,9.0,20.8333,5,1,3,2026,48.0
b0f5ebd0_EV-02,2026-03-28T09:00:00+00:00,2026-03-28T22:52:01.430217+00:00,42.0,13.8671,832.02,0002,0039,EV-02,collected,9.0,22.8667,5,1,3,2026,42.0
b0f5ebd0_EV-03,2026-03-28T09:00:00+00:00,2026-03-28T19:27:26.111450+00:00,36.0,10.4573,627.44,0002,0039,EV-03,collected,9.0,19.45,5,1,3,2026,36.0
b0f5ebd0_EV-04,2026-03-28T09:00:00+00:00,2026-03-28T18:27:59.625967+00:00,30.0,9.4666,567.99,0002,0039,EV-04,collected,9.0,18.45,5,1,3,2026,30.0
b0f5ebd0_EV-05,2026-03-28T09:00:00+00:00,2026-03-28T16:29:08.477432+00:00,24.0,7.4857,449.14,0002,0039,EV-05,collected,9.0,16.4833,5,1,3,2026,24.0
b0f5ebd0_EV-06,2026-03-28T09:00:00+00:00,2026-03-28T23:57:53.471478+00:00,48.0,14.9649,897.89,0002,0039,EV-06,collected,9.0,23.95,5,1,3,2026,48.0
b0f5ebd0_EV-07,2026-03-28T09:00:00+00:00,2026-03-28T15:13:41.811952+00:00,42.0,6.2283,373.7,0002,0039,EV-07,collected,9.0,15.2167,5,1,3,2026,42.0
b0f5ebd0_EV-08,2026-03-28T09:00:00+00:00,2026-03-28T19:48:51.816499+00:00,36.0,10.8144,648.86,0002,0039,EV-08,collected,9.0,19.8,5,1,3,2026,36.0
b0f5ebd0_EV-09,2026-03-28T09:00:00+00:00,2026-03-28T19:47:37.147484+00:00,30.0,10.7937,647.62,0002,0039,EV-09,collected,9.0,19.7833,5,1,3,2026,30.0
b0f5ebd0_EV-10,2026-03-28T09:00:00+00:00,2026-03-28T18:57:00.858180+00:00,24.0,9.9502,597.01,0002,0039,EV-10,collected,9.0,18.95,5,1,3,2026,24.0
f50a4fc6_EV-01,2026-03-28T08:00:00+00:00,2026-03-28T20:05:47.022585+00:00,45.0,12.0964,725.78,0002,0039,EV-01,collected,8.0,20.0833,5,1,3,2026,45.0
f50a4fc6_EV-02,2026-03-28T08:30:00+00:00,2026-03-28T17:59:16.888113+00:00,24.0,9.488,569.28,0002,0039,EV-02,collected,8.5,17.9833,5,1,3,2026,24.0
f50a4fc6_EV-03,2026-03-28T08:45:00+00:00,2026-03-29T00:10:42.392902+00:00,60.0,15.4284,925.71,0002,0039,EV-03,collected,8.75,0.1667,5,1,3,2026,60.0
f50a4fc6_EV-04,2026-03-28T09:00:00+00:00,2026-03-28T21:05:45.632938+00:00,27.0,12.096,725.76,0002,0039,EV-04,collected,9.0,21.0833,5,1,3,2026,27.0
f50a4fc6_EV-05,2026-03-28T09:15:00+00:00,2026-03-28T11:40:50.649478+00:00,30.0,2.4307,145.84,0002,0039,EV-05,collected,9.25,11.6667,5,1,3,2026,30.0
f50a4fc6_EV-06,2026-03-28T10:00:00+00:00,2026-03-28T18:19:59.734792+00:00,33.0,8.3333,500.0,0002,0039,EV-06,collected,10.0,18.3167,5,1,3,2026,33.0
f50a4fc6_EV-07,2026-03-28T10:30:00+00:00,2026-03-28T20:08:55.376801+00:00,32.0,9.6487,578.92,0002,0039,EV-07,collected,10.5,20.1333,5,1,3,2026,32.0
f50a4fc6_EV-08,2026-03-28T11:00:00+00:00,2026-03-28T21:14:11.202979+00:00,37.5,10.2364,614.19,0002,0039,EV-08,collected,11.0,21.2333,5,1,3,2026,37.5
f50a4fc6_EV-09,2026-03-28T11:45:00+00:00,2026-03-28T23:16:23.171081+00:00,33.0,11.5231,691.39,0002,0039,EV-09,collected,11.75,23.2667,5,1,3,2026,33.0
f50a4fc6_EV-10,2026-03-28T12:00:00+00:00,2026-03-29T00:55:50.818641+00:00,35.0,12.9308,775.85,0002,0039,EV-10,collected,12.0,0.9167,5,1,3,2026,35.0
d4e92fd5_EV-01,2026-03-28T08:00:00+00:00,2026-03-28T23:45:41.781140+00:00,45.0,15.7616,945.7,0002,0039,EV-01,collected,8.0,23.75,5,1,3,2026,45.0
d4e92fd5_EV-02,2026-03-28T08:30:00+00:00,2026-03-28T19:49:20.482913+00:00,24.0,11.3224,679.34,0002,0039,EV-02,collected,8.5,19.8167,5,1,3,2026,24.0
d4e92fd5_EV-03,2026-03-28T08:45:00+00:00,2026-03-28T19:17:07.572549+00:00,60.0,10.5354,632.13,0002,0039,EV-03,collected,8.75,19.2833,5,1,3,2026,60.0
d4e92fd5_EV-04,2026-03-28T09:00:00+00:00,2026-03-28T16:06:42.011317+00:00,27.0,7.1117,426.7,0002,0039,EV-04,collected,9.0,16.1,5,1,3,2026,27.0
d4e92fd5_EV-05,2026-03-28T09:15:00+00:00,2026-03-28T17:00:30.393286+00:00,30.0,7.7584,465.51,0002,0039,EV-05,collected,9.25,17.0,5,1,3,2026,30.0
d4e92fd5_EV-06,2026-03-28T10:00:00+00:00,2026-03-28T20:09:52.492682+00:00,33.0,10.1646,609.87,0002,0039,EV-06,collected,10.0,20.15,5,1,3,2026,33.0
d4e92fd5_EV-07,2026-03-28T10:30:00+00:00,2026-03-28T19:39:53.819479+00:00,32.0,9.1649,549.9,0002,0039,EV-07,collected,10.5,19.65,5,1,3,2026,32.0
d4e92fd5_EV-08,2026-03-28T11:00:00+00:00,2026-03-29T00:10:32.735534+00:00,37.5,13.1758,790.55,0002,0039,EV-08,collected,11.0,0.1667,5,1,3,2026,37.5
d4e92fd5_EV-09,2026-03-28T11:45:00+00:00,2026-03-29T00:18:40.221160+00:00,33.0,12.5612,753.67,0002,0039,EV-09,collected,11.75,0.3,5,1,3,2026,33.0
d4e92fd5_EV-10,2026-03-28T12:00:00+00:00,2026-03-28T20:36:45.494871+00:00,35.0,8.6126,516.76,0002,0039,EV-10,collected,12.0,20.6,5,1,3,2026,35.0
78123159_EV-01,2026-03-28T08:00:00+00:00,2026-03-28T17:29:55.468174+00:00,45.0,9.4987,569.92,0002,0039,EV-01,collected,8.0,17.4833,5,1,3,2026,45.0
78123159_EV-02,2026-03-28T08:30:00+00:00,2026-03-28T14:50:35.673404+00:00,24.0,6.3432,380.59,0002,0039,EV-02,collected,8.5,14.8333,5,1,3,2026,24.0
78123159_EV-03,2026-03-28T08:45:00+00:00,2026-03-28T20:58:35.504779+00:00,60.0,12.2265,733.59,0002,0039,EV-03,collected,8.75,20.9667,5,1,3,2026,60.0
78123159_EV-04,2026-03-28T09:00:00+00:00,2026-03-28T20:46:44.223913+00:00,27.0,11.779,706.74,0002,0039,EV-04,collected,9.0,20.7667,5,1,3,2026,27.0
78123159_EV-05,2026-03-28T09:15:00+00:00,2026-03-28T18:42:44.100898+00:00,30.0,9.4623,567.74,0002,0039,EV-05,collected,9.25,18.7,5,1,3,2026,30.0
78123159_EV-06,2026-03-28T10:00:00+00:00,2026-03-28T21:00:33.303413+00:00,33.0,11.0093,660.56,0002,0039,EV-06,collected,10.0,21.0,5,1,3,2026,33.0
78123159_EV-07,2026-03-28T10:30:00+00:00,2026-03-28T20:32:17.424014+00:00,32.0,10.0382,602.29,0002,0039,EV-07,collected,10.5,20.5333,5,1,3,2026,32.0
78123159_EV-08,2026-03-28T11:00:00+00:00,2026-03-28T23:34:06.823641+00:00,37.5,12.5686,754.11,0002,0039,EV-08,collected,11.0,23.5667,5,1,3,2026,37.5
78123159_EV-09,2026-03-28T11:45:00+00:00,2026-03-28T22:34:56.043913+00:00,33.0,10.8322,649.93,0002,0039,EV-09,collected,11.75,22.5667,5,1,3,2026,33.0
78123159_EV-10,2026-03-28T12:00:00+00:00,2026-03-28T20:50:57.814709+00:00,35.0,8.8494,530.96,0002,0039,EV-10,collected,12.0,20.8333,5,1,3,2026,35.0
27493a7c_EV-01,2026-03-28T08:00:00+00:00,2026-03-28T20:55:19.129539+00:00,45.0,12.922,775.32,0002,0039,EV-01,collected,8.0,20.9167,5,1,3,2026,45.0
27493a7c_EV-02,2026-03-28T08:30:00+00:00,2026-03-28T19:55:24.095968+00:00,24.0,11.4234,685.4,0002,0039,EV-02,collected,8.5,19.9167,5,1,3,2026,24.0
27493a7c_EV-03,2026-03-28T08:45:00+00:00,2026-03-28T23:59:41.041326+00:00,60.0,15.2447,914.68,0002,0039,EV-03,collected,8.75,23.9833,5,1,3,2026,60.0
27493a7c_EV-04,2026-03-28T09:00:00+00:00,2026-03-28T21:34:47.306084+00:00,27.0,12.5798,754.79,0002,0039,EV-04,collected,9.0,21.5667,5,1,3,2026,27.0
27493a7c_EV-05,2026-03-28T09:15:00+00:00,2026-03-28T16:09:41.200190+00:00,30.0,6.9114,414.69,0002,0039,EV-05,collected,9.25,16.15,5,1,3,2026,30.0
27493a7c_EV-06,2026-03-28T10:00:00+00:00,2026-03-28T19:49:41.352771+00:00,33.0,9.8282,589.69,0002,0039,EV-06,collected,10.0,19.8167,5,1,3,2026,33.0
27493a7c_EV-07,2026-03-28T10:30:00+00:00,2026-03-28T19:12:22.420943+00:00,32.0,8.7062,522.37,0002,0039,EV-07,collected,10.5,19.2,5,1,3,2026,32.0
27493a7c_EV-08,2026-03-28T11:00:00+00:00,2026-03-28T22:43:34.558283+00:00,37.5,11.7263,703.58,0002,0039,EV-08,collected,11.0,22.7167,5,1,3,2026,37.5
27493a7c_EV-09,2026-03-28T11:45:00+00:00,2026-03-28T21:02:44.299884+00:00,33.0,9.2956,557.74,0002,0039,EV-09,collected,11.75,21.0333,5,1,3,2026,33.0
27493a7c_EV-10,2026-03-28T12:00:00+00:00,2026-03-28T18:51:28.029442+00:00,35.0,6.8578,411.47,0002,0039,EV-10,collected,12.0,18.85,5,1,3,2026,35.0
b131523f_EV-01,2026-03-28T08:00:00+00:00,2026-03-28T21:21:12.243174+00:00,45.0,13.3534,801.2,0002,0039,EV-01,collected,8.0,21.35,5,1,3,2026,45.0
b131523f_EV-02,2026-03-28T08:30:00+00:00,2026-03-28T22:37:35.501883+00:00,24.0,14.1265,847.59,0002,0039,EV-02,collected,8.5,22.6167,5,1,3,2026,24.0
b131523f_EV-03,2026-03-28T08:45:00+00:00,2026-03-28T22:06:55.560169+00:00,60.0,13.3654,801.93,0002,0039,EV-03,collected,8.75,22.1,5,1,3,2026,60.0
b131523f_EV-04,2026-03-28T09:00:00+00:00,2026-03-28T15:02:11.682440+00:00,27.0,6.0366,362.19,0002,0039,EV-04,collected,9.0,15.0333,5,1,3,2026,27.0
b131523f_EV-05,2026-03-28T09:15:00+00:00,2026-03-28T17:24:05.849871+00:00,30.0,8.1516,489.1,0002,0039,EV-05,collected,9.25,17.4,5,1,3,2026,30.0
b131523f_EV-06,2026-03-28T10:00:00+00:00,2026-03-28T19:49:39.180965+00:00,33.0,9.8276,589.65,0002,0039,EV-06,collected,10.0,19.8167,5,1,3,2026,33.0
b131523f_EV-07,2026-03-28T10:30:00+00:00,2026-03-28T20:06:09.283032+00:00,32.0,9.6026,576.15,0002,0039,EV-07,collected,10.5,20.1,5,1,3,2026,32.0
b131523f_EV-08,2026-03-28T11:00:00+00:00,2026-03-29T02:23:01.488107+00:00,37.5,15.3837,923.02,0002,0039,EV-08,collected,11.0,2.3833,5,1,3,2026,37.5
b131523f_EV-09,2026-03-28T11:45:00+00:00,2026-03-28T21:13:44.541301+00:00,33.0,9.479,568.74,0002,0039,EV-09,collected,11.75,21.2167,5,1,3,2026,33.0
b131523f_EV-10,2026-03-28T12:00:00+00:00,2026-03-28T21:38:25.377010+00:00,35.0,9.6404,578.42,0002,0039,EV-10,collected,12.0,21.6333,5,1,3,2026,35.0
aefdc4a8_EV-01,2026-03-28T08:00:00+00:00,2026-03-28T19:04:20.839593+00:00,45.0,11.0725,664.35,0002,0039,EV-01,collected,8.0,19.0667,5,1,3,2026,45.0
aefdc4a8_EV-02,2026-03-28T08:30:00+00:00,2026-03-28T18:41:48.536639+00:00,24.0,10.1968,611.81,0002,0039,EV-02,collected,8.5,18.6833,5,1,3,2026,24.0
aefdc4a8_EV-03,2026-03-28T08:45:00+00:00,2026-03-28T19:28:35.103776+00:00,60.0,10.7264,643.59,0002,0039,EV-03,collected,8.75,19.4667,5,1,3,2026,60.0
aefdc4a8_EV-04,2026-03-28T09:00:00+00:00,2026-03-28T18:29:06.137898+00:00,27.0,9.485,569.1,0002,0039,EV-04,collected,9.0,18.4833,5,1,3,2026,27.0
aefdc4a8_EV-05,2026-03-28T09:15:00+00:00,2026-03-28T21:11:29.206343+00:00,30.0,11.9414,716.49,0002,0039,EV-05,collected,9.25,21.1833,5,1,3,2026,30.0
aefdc4a8_EV-06,2026-03-28T10:00:00+00:00,2026-03-28T19:13:43.747183+00:00,33.0,9.2288,553.73,0002,0039,EV-06,collected,10.0,19.2167,5,1,3,2026,33.0
aefdc4a8_EV-07,2026-03-28T10:30:00+00:00,2026-03-28T20:28:26.250337+00:00,32.0,9.974,598.44,0002,0039,EV-07,collected,10.5,20.4667,5,1,3,2026,32.0
aefdc4a8_EV-08,2026-03-28T11:00:00+00:00,2026-03-28T23:50:41.297729+00:00,37.5,12.8448,770.69,0002,0039,EV-08,collected,11.0,23.8333,5,1,3,2026,37.5
aefdc4a8_EV-09,2026-03-28T11:45:00+00:00,2026-03-28T21:49:16.591143+00:00,33.0,10.0713,604.28,0002,0039,EV-09,collected,11.75,21.8167,5,1,3,2026,33.0
aefdc4a8_EV-10,2026-03-28T12:00:00+00:00,2026-03-28T22:11:35.356566+00:00,35.0,10.1932,611.59,0002,0039,EV-10,collected,12.0,22.1833,5,1,3,2026,35.0
605d1919_EV-001,2026-03-28T22:22:07.940965+00:00,2026-03-29T02:36:24.347515+00:00,20.13,4.2379,254.27,0002,0039,EV-001,collected,22.3667,2.6,5,1,3,2026,20.13
605d1919_EV-002,2026-03-28T22:22:07.940965+00:00,2026-03-29T05:08:49.949395+00:00,22.8,6.7783,406.7,0002,0039,EV-002,collected,22.3667,5.1333,5,1,3,2026,22.8
605d1919_EV-003,2026-03-28T22:22:07.940965+00:00,2026-03-29T03:42:42.539044+00:00,23.43,5.3429,320.58,0002,0039,EV-003,collected,22.3667,3.7,5,1,3,2026,23.43
605d1919_EV-004,2026-03-28T22:22:07.940965+00:00,2026-03-29T15:51:35.413027+00:00,39.0,17.491,1049.46,0002,0039,EV-004,collected,22.3667,15.85,5,1,3,2026,39.0
605d1919_EV-005,2026-03-28T22:22:07.940965+00:00,2026-03-29T15:02:31.032092+00:00,42.0,16.6731,1000.38,0002,0039,EV-005,collected,22.3667,15.0333,5,1,3,2026,42.0
605d1919_EV-006,2026-03-28T22:22:07.940965+00:00,2026-03-29T15:43:03.280410+00:00,50.25,17.3487,1040.92,0002,0039,EV-006,collected,22.3667,15.7167,5,1,3,2026,50.25
605d1919_EV-007,2026-03-28T22:22:07.940965+00:00,2026-03-29T04:08:40.358743+00:00,29.26,5.7757,346.54,0002,0039,EV-007,collected,22.3667,4.1333,5,1,3,2026,29.26
605d1919_EV-008,2026-03-28T22:22:07.940965+00:00,2026-03-29T14:52:58.872568+00:00,43.5,16.5141,990.85,0002,0039,EV-008,collected,22.3667,14.8667,5,1,3,2026,43.5
605d1919_EV-009,2026-03-28T22:22:07.940965+00:00,2026-03-29T14:20:19.849670+00:00,45.75,15.97,958.2,0002,0039,EV-009,collected,22.3667,14.3333,5,1,3,2026,45.75
605d1919_EV-010,2026-03-28T22:22:07.940965+00:00,2026-03-29T09:20:17.970709+00:00,31.68,10.9695,658.17,0002,0039,EV-010,collected,22.3667,9.3333,5,1,3,2026,31.68
b895ec8a_EV-001,2026-03-28T22:22:19.765675+00:00,2026-03-29T04:32:21.977626+00:00,20.13,6.1673,370.04,0002,0039,EV-001,collected,22.3667,4.5333,5,1,3,2026,20.13
b895ec8a_EV-002,2026-03-28T22:22:19.765675+00:00,2026-03-29T04:27:53.942534+00:00,22.8,6.0928,365.57,0002,0039,EV-002,collected,22.3667,4.45,5,1,3,2026,22.8
b895ec8a_EV-003,2026-03-28T22:22:19.765675+00:00,2026-03-29T02:14:40.198020+00:00,23.43,3.8723,232.34,0002,0039,EV-003,collected,22.3667,2.2333,5,1,3,2026,23.43
b895ec8a_EV-004,2026-03-28T22:22:19.765675+00:00,2026-03-29T15:46:42.227417+00:00,39.0,17.4062,1044.37,0002,0039,EV-004,collected,22.3667,15.7667,5,1,3,2026,39.0
b895ec8a_EV-005,2026-03-28T22:22:19.765675+00:00,2026-03-29T12:38:21.044624+00:00,42.0,14.267,856.02,0002,0039,EV-005,collected,22.3667,12.6333,5,1,3,2026,42.0
b895ec8a_EV-006,2026-03-28T22:22:19.765675+00:00,2026-03-29T17:10:20.793220+00:00,50.25,18.8003,1128.02,0002,0039,EV-006,collected,22.3667,17.1667,5,1,3,2026,50.25
b895ec8a_EV-007,2026-03-28T22:22:19.765675+00:00,2026-03-29T05:27:55.808045+00:00,29.26,7.0933,425.6,0002,0039,EV-007,collected,22.3667,5.45,5,1,3,2026,29.26
b895ec8a_EV-008,2026-03-28T22:22:19.765675+00:00,2026-03-29T14:11:16.427844+00:00,43.5,15.8157,948.94,0002,0039,EV-008,collected,22.3667,14.1833,5,1,3,2026,43.5
b895ec8a_EV-009,2026-03-28T22:22:19.765675+00:00,2026-03-29T15:17:55.457363+00:00,45.75,16.9266,1015.59,0002,0039,EV-009,collected,22.3667,15.2833,5,1,3,2026,45.75
b895ec8a_EV-010,2026-03-28T22:22:19.765675+00:00,2026-03-29T10:09:52.418307+00:00,31.68,11.7924,707.54,0002,0039,EV-010,collected,22.3667,10.15,5,1,3,2026,31.68
b895ec8a_EV-011,2026-03-28T22:22:19.765675+00:00,2026-03-29T14:25:34.501832+00:00,62.25,16.0541,963.25,0002,0039,EV-011,collected,22.3667,14.4167,5,1,3,2026,62.25
b895ec8a_EV-012,2026-03-28T22:22:19.765675+00:00,2026-03-29T15:21:00.591671+00:00,36.72,16.978,1018.68,0002,0039,EV-012,collected,22.3667,15.35,5,1,3,2026,36.72
b895ec8a_EV-013,2026-03-28T22:22:19.765675+00:00,2026-03-29T13:05:42.257867+00:00,51.12,14.7229,883.37,0002,0039,EV-013,collected,22.3667,13.0833,5,1,3,2026,51.12
b895ec8a_EV-014,2026-03-28T22:22:19.765675+00:00,2026-03-29T05:46:36.089262+00:00,23.6,7.4045,444.27,0002,0039,EV-014,collected,22.3667,5.7667,5,1,3,2026,23.6
b895ec8a_EV-015,2026-03-28T22:22:19.765675+00:00,2026-03-29T05:28:49.465115+00:00,26.5,7.1082,426.49,0002,0039,EV-015,collected,22.3667,5.4667,5,1,3,2026,26.5
b895ec8a_EV-016,2026-03-28T22:22:19.765675+00:00,2026-03-29T14:36:35.885500+00:00,66.0,16.2378,974.27,0002,0039,EV-016,collected,22.3667,14.6,5,1,3,2026,66.0
b895ec8a_EV-017,2026-03-28T22:22:19.765675+00:00,2026-03-29T10:13:48.139957+00:00,33.06,11.8579,711.47,0002,0039,EV-017,collected,22.3667,10.2167,5,1,3,2026,33.06
b895ec8a_EV-018,2026-03-28T22:22:19.765675+00:00,2026-03-29T16:22:24.921526+00:00,42.35,18.0014,1080.09,0002,0039,EV-018,collected,22.3667,16.3667,5,1,3,2026,42.35
b895ec8a_EV-019,2026-03-28T22:22:19.765675+00:00,2026-03-29T13:53:45.026806+00:00,47.4,15.5237,931.42,0002,0039,EV-019,collected,22.3667,13.8833,5,1,3,2026,47.4
b895ec8a_EV-020,2026-03-28T22:22:19.765675+00:00,2026-03-29T15:49:35.079785+00:00,81.7,17.4543,1047.26,0002,0039,EV-020,collected,22.3667,15.8167,5,1,3,2026,81.7
b895ec8a_EV-021,2026-03-28T22:22:19.765675+00:00,2026-03-29T06:14:47.310283+00:00,24.0,7.8743,472.46,0002,0039,EV-021,collected,22.3667,6.2333,5,1,3,2026,24.0
b895ec8a_EV-022,2026-03-28T22:22:19.765675+00:00,2026-03-29T07:19:13.984018+00:00,35.4,8.9484,536.9,0002,0039,EV-022,collected,22.3667,7.3167,5,1,3,2026,35.4
b895ec8a_EV-023,2026-03-28T22:22:19.765675+00:00,2026-03-29T13:08:13.688907+00:00,56.8,14.765,885.9,0002,0039,EV-023,collected,22.3667,13.1333,5,1,3,2026,56.8
b895ec8a_EV-024,2026-03-28T22:22:19.765675+00:00,2026-03-29T15:54:11.223276+00:00,44.8,17.531,1051.86,0002,0039,EV-024,collected,22.3667,15.9,5,1,3,2026,44.8
b895ec8a_EV-025,2026-03-28T22:22:19.765675+00:00,2026-03-29T08:03:50.089147+00:00,33.0,9.6918,581.51,0002,0039,EV-025,collected,22.3667,8.05,5,1,3,2026,33.0
b895ec8a_EV-026,2026-03-28T22:22:19.765675+00:00,2026-03-29T16:02:08.172185+00:00,60.06,17.6634,1059.81,0002,0039,EV-026,collected,22.3667,16.0333,5,1,3,2026,60.06
b895ec8a_EV-027,2026-03-28T22:22:19.765675+00:00,2026-03-29T10:17:42.035030+00:00,33.0,11.9229,715.37,0002,0039,EV-027,collected,22.3667,10.2833,5,1,3,2026,33.0
b895ec8a_EV-028,2026-03-28T22:22:19.765675+00:00,2026-03-29T15:07:41.405287+00:00,47.5,16.756,1005.36,0002,0039,EV-028,collected,22.3667,15.1167,5,1,3,2026,47.5
b895ec8a_EV-029,2026-03-28T22:22:19.765675+00:00,2026-03-29T06:11:27.954534+00:00,14.5,7.8189,469.14,0002,0039,EV-029,collected,22.3667,6.1833,5,1,3,2026,14.5
b895ec8a_EV-030,2026-03-28T22:22:19.765675+00:00,2026-03-29T14:08:53.053927+00:00,60.83,15.7759,946.55,0002,0039,EV-030,collected,22.3667,14.1333,5,1,3,2026,60.83
b895ec8a_EV-031,2026-03-28T22:22:19.765675+00:00,2026-03-29T15:58:40.751629+00:00,56.21,17.6058,1056.35,0002,0039,EV-031,collected,22.3667,15.9667,5,1,3,2026,56.21
b895ec8a_EV-032,2026-03-28T22:22:19.765675+00:00,2026-03-29T04:00:48.146927+00:00,18.0,5.6412,338.47,0002,0039,EV-032,collected,22.3667,4.0,5,1,3,2026,18.0
b895ec8a_EV-033,2026-03-28T22:22:19.765675+00:00,2026-03-29T08:30:34.777065+00:00,31.5,10.1375,608.25,0002,0039,EV-033,collected,22.3667,8.5,5,1,3,2026,31.5
b895ec8a_EV-034,2026-03-28T22:22:19.765675+00:00,2026-03-29T14:04:33.707517+00:00,61.5,15.7039,942.23,0002,0039,EV-034,collected,22.3667,14.0667,5,1,3,2026,61.5
b895ec8a_EV-035,2026-03-28T22:22:19.765675+00:00,2026-03-29T15:20:39.622484+00:00,52.36,16.9722,1018.33,0002,0039,EV-035,collected,22.3667,15.3333,5,1,3,2026,52.36
b895ec8a_EV-036,2026-03-28T22:22:19.765675+00:00,2026-03-29T13:23:18.281215+00:00,42.35,15.0163,900.98,0002,0039,EV-036,collected,22.3667,13.3833,5,1,3,2026,42.35
b895ec8a_EV-037,2026-03-28T22:22:19.765675+00:00,2026-03-29T15:02:29.913160+00:00,40.02,16.6695,1000.17,0002,0039,EV-037,collected,22.3667,15.0333,5,1,3,2026,40.02
b895ec8a_EV-038,2026-03-28T22:22:19.765675+00:00,2026-03-29T11:02:50.207152+00:00,34.2,12.6751,760.51,0002,0039,EV-038,collected,22.3667,11.0333,5,1,3,2026,34.2
b895ec8a_EV-039,2026-03-28T22:22:19.765675+00:00,2026-03-29T14:22:17.288841+00:00,56.05,15.9993,959.96,0002,0039,EV-039,collected,22.3667,14.3667,5,1,3,2026,56.05
b895ec8a_EV-040,2026-03-28T22:22:19.765675+00:00,2026-03-29T14:37:11.945256+00:00,51.0,16.2478,974.87,0002,0039,EV-040,collected,22.3667,14.6167,5,1,3,2026,51.0
b895ec8a_EV-041,2026-03-28T22:22:19.765675+00:00,2026-03-29T15:31:29.112838+00:00,36.72,17.1526,1029.16,0002,0039,EV-041,collected,22.3667,15.5167,5,1,3,2026,36.72
b895ec8a_EV-042,2026-03-28T22:22:19.765675+00:00,2026-03-29T13:04:52.248965+00:00,44.66,14.709,882.54,0002,0039,EV-042,collected,22.3667,13.0667,5,1,3,2026,44.66
b895ec8a_EV-043,2026-03-28T22:22:19.765675+00:00,2026-03-29T14:27:01.153810+00:00,61.75,16.0782,964.69,0002,0039,EV-043,collected,22.3667,14.45,5,1,3,2026,61.75
b895ec8a_EV-044,2026-03-28T22:22:19.765675+00:00,2026-03-29T04:37:08.690042+00:00,23.2,6.2469,374.82,0002,0039,EV-044,collected,22.3667,4.6167,5,1,3,2026,23.2
b895ec8a_EV-045,2026-03-28T22:22:19.765675+00:00,2026-03-29T13:37:36.861718+00:00,43.12,15.2547,915.28,0002,0039,EV-045,collected,22.3667,13.6167,5,1,3,2026,43.12
b895ec8a_EV-046,2026-03-28T22:22:19.765675+00:00,2026-03-29T07:08:12.432133+00:00,24.4,8.7646,525.88,0002,0039,EV-046,collected,22.3667,7.1333,5,1,3,2026,24.4
3b08c817_EV-001,2026-03-28T22:22:40.233435+00:00,2026-03-29T04:23:03.030128+00:00,20.13,6.0063,360.38,0002,0039,EV-001,collected,22.3667,4.3833,5,1,3,2026,20.13
3b08c817_EV-002,2026-03-28T22:22:40.233435+00:00,2026-03-29T05:03:13.631147+00:00,22.8,6.6759,400.56,0002,0039,EV-002,collected,22.3667,5.05,5,1,3,2026,22.8
3b08c817_EV-003,2026-03-28T22:22:40.233435+00:00,2026-03-29T04:23:38.941687+00:00,23.43,6.0163,360.98,0002,0039,EV-003,collected,22.3667,4.3833,5,1,3,2026,23.43
3b08c817_EV-004,2026-03-28T22:22:40.233435+00:00,2026-03-29T15:17:32.011097+00:00,39.0,16.9144,1014.86,0002,0039,EV-004,collected,22.3667,15.2833,5,1,3,2026,39.0
3b08c817_EV-005,2026-03-28T22:22:40.233435+00:00,2026-03-29T17:03:37.122908+00:00,42.0,18.6825,1120.95,0002,0039,EV-005,collected,22.3667,17.05,5,1,3,2026,42.0
3b08c817_EV-006,2026-03-28T22:22:40.233435+00:00,2026-03-29T18:48:44.623662+00:00,50.25,20.4346,1226.07,0002,0039,EV-006,collected,22.3667,18.8,5,1,3,2026,50.25
3b08c817_EV-007,2026-03-28T22:22:40.233435+00:00,2026-03-29T06:24:02.380796+00:00,29.26,8.0228,481.37,0002,0039,EV-007,collected,22.3667,6.4,5,1,3,2026,29.26
3b08c817_EV-008,2026-03-28T22:22:40.233435+00:00,2026-03-29T16:58:09.654535+00:00,43.5,18.5915,1115.49,0002,0039,EV-008,collected,22.3667,16.9667,5,1,3,2026,43.5
3b08c817_EV-009,2026-03-28T22:22:40.233435+00:00,2026-03-29T15:05:13.984988+00:00,45.75,16.7094,1002.56,0002,0039,EV-009,collected,22.3667,15.0833,5,1,3,2026,45.75
3b08c817_EV-010,2026-03-28T22:22:40.233435+00:00,2026-03-29T07:37:26.309491+00:00,31.68,9.2461,554.77,0002,0039,EV-010,collected,22.3667,7.6167,5,1,3,2026,31.68
3b08c817_EV-011,2026-03-28T22:22:40.233435+00:00,2026-03-29T13:12:20.416586+00:00,62.25,14.8278,889.67,0002,0039,EV-011,collected,22.3667,13.2,5,1,3,2026,62.25
3b08c817_EV-012,2026-03-28T22:22:40.233435+00:00,2026-03-29T15:29:55.619984+00:00,36.72,17.1209,1027.26,0002,0039,EV-012,collected,22.3667,15.4833,5,1,3,2026,36.72
3b08c817_EV-013,2026-03-28T22:22:40.233435+00:00,2026-03-29T13:00:09.211021+00:00,51.12,14.6247,877.48,0002,0039,EV-013,collected,22.3667,13.0,5,1,3,2026,51.12
3b08c817_EV-014,2026-03-28T22:22:40.233435+00:00,2026-03-29T03:55:59.759830+00:00,23.6,5.5554,333.33,0002,0039,EV-014,collected,22.3667,3.9167,5,1,3,2026,23.6
3b08c817_EV-015,2026-03-28T22:22:40.233435+00:00,2026-03-29T07:01:33.471160+00:00,26.5,8.6481,518.89,0002,0039,EV-015,collected,22.3667,7.0167,5,1,3,2026,26.5
3b08c817_EV-016,2026-03-28T22:22:40.233435+00:00,2026-03-29T14:04:29.941462+00:00,66.0,15.6971,941.83,0002,0039,EV-016,collected,22.3667,14.0667,5,1,3,2026,66.0
3b08c817_EV-017,2026-03-28T22:22:40.233435+00:00,2026-03-29T07:27:31.420216+00:00,33.06,9.0809,544.85,0002,0039,EV-017,collected,22.3667,7.45,5,1,3,2026,33.06
3b08c817_EV-018,2026-03-28T22:22:40.233435+00:00,2026-03-29T14:28:46.113430+00:00,42.35,16.1016,966.1,0002,0039,EV-018,collected,22.3667,14.4667,5,1,3,2026,42.35
3b08c817_EV-019,2026-03-28T22:22:40.233435+00:00,2026-03-29T15:07:04.050471+00:00,47.4,16.7399,1004.4,0002,0039,EV-019,collected,22.3667,15.1167,5,1,3,2026,47.4
3b08c817_EV-020,2026-03-28T22:22:40.233435+00:00,2026-03-29T11:31:10.032892+00:00,81.7,13.1416,788.5,0002,0039,EV-020,collected,22.3667,11.5167,5,1,3,2026,81.7
3b08c817_EV-021,2026-03-28T22:22:40.233435+00:00,2026-03-29T04:02:22.114917+00:00,24.0,5.6616,339.7,0002,0039,EV-021,collected,22.3667,4.0333,5,1,3,2026,24.0
3b08c817_EV-022,2026-03-28T22:22:40.233435+00:00,2026-03-29T11:20:00.550197+00:00,35.4,12.9556,777.34,0002,0039,EV-022,collected,22.3667,11.3333,5,1,3,2026,35.4
3b08c817_EV-023,2026-03-28T22:22:40.233435+00:00,2026-03-29T12:55:11.142536+00:00,56.8,14.5419,872.52,0002,0039,EV-023,collected,22.3667,12.9167,5,1,3,2026,56.8
3b08c817_EV-024,2026-03-28T22:22:40.233435+00:00,2026-03-29T13:25:16.043820+00:00,44.8,15.0433,902.6,0002,0039,EV-024,collected,22.3667,13.4167,5,1,3,2026,44.8
3b08c817_EV-025,2026-03-28T22:22:40.233435+00:00,2026-03-29T08:32:38.782641+00:00,33.0,10.1663,609.98,0002,0039,EV-025,collected,22.3667,8.5333,5,1,3,2026,33.0
3b08c817_EV-026,2026-03-28T22:22:40.233435+00:00,2026-03-29T12:44:01.959565+00:00,60.06,14.356,861.36,0002,0039,EV-026,collected,22.3667,12.7333,5,1,3,2026,60.06
3b08c817_EV-027,2026-03-28T22:22:40.233435+00:00,2026-03-29T07:19:31.607136+00:00,33.0,8.9476,536.86,0002,0039,EV-027,collected,22.3667,7.3167,5,1,3,2026,33.0
3b08c817_EV-028,2026-03-28T22:22:40.233435+00:00,2026-03-29T15:14:55.553001+00:00,47.5,16.8709,1012.26,0002,0039,EV-028,collected,22.3667,15.2333,5,1,3,2026,47.5
3b08c817_EV-029,2026-03-28T22:22:40.233435+00:00,2026-03-29T04:32:57.945445+00:00,14.5,6.1716,370.3,0002,0039,EV-029,collected,22.3667,4.5333,5,1,3,2026,14.5
3b08c817_EV-030,2026-03-28T22:22:40.233435+00:00,2026-03-29T15:01:30.583382+00:00,60.83,16.6473,998.84,0002,0039,EV-030,collected,22.3667,15.0167,5,1,3,2026,60.83
3b08c817_EV-031,2026-03-28T22:22:40.233435+00:00,2026-03-29T17:12:43.256438+00:00,56.21,18.8342,1130.05,0002,0039,EV-031,collected,22.3667,17.2,5,1,3,2026,56.21
3b08c817_EV-032,2026-03-28T22:22:40.233435+00:00,2026-03-29T03:10:58.890985+00:00,18.0,4.8052,288.31,0002,0039,EV-032,collected,22.3667,3.1667,5,1,3,2026,18.0
3b08c817_EV-033,2026-03-28T22:22:40.233435+00:00,2026-03-29T08:12:21.130704+00:00,31.5,9.828,589.68,0002,0039,EV-033,collected,22.3667,8.2,5,1,3,2026,31.5
3b08c817_EV-034,2026-03-28T22:22:40.233435+00:00,2026-03-29T12:11:42.318552+00:00,61.5,13.8172,829.03,0002,0039,EV-034,collected,22.3667,12.1833,5,1,3,2026,61.5
3b08c817_EV-035,2026-03-28T22:22:40.233435+00:00,2026-03-29T15:06:33.345178+00:00,52.36,16.7314,1003.89,0002,0039,EV-035,collected,22.3667,15.1,5,1,3,2026,52.36
3b08c817_EV-036,2026-03-28T22:22:40.233435+00:00,2026-03-29T17:18:43.162717+00:00,42.35,18.9341,1136.05,0002,0039,EV-036,collected,22.3667,17.3,5,1,3,2026,42.35
3b08c817_EV-037,2026-03-28T22:22:40.233435+00:00,2026-03-29T15:51:57.230124+00:00,40.02,17.4881,1049.28,0002,0039,EV-037,collected,22.3667,15.85,5,1,3,2026,40.02
3b08c817_EV-038,2026-03-28T22:22:40.233435+00:00,2026-03-29T10:45:23.506054+00:00,34.2,12.3787,742.72,0002,0039,EV-038,collected,22.3667,10.75,5,1,3,2026,34.2
3b08c817_EV-039,2026-03-28T22:22:40.233435+00:00,2026-03-29T17:16:30.219665+00:00,56.05,18.8972,1133.83,0002,0039,EV-039,collected,22.3667,17.2667,5,1,3,2026,56.05
3b08c817_EV-040,2026-03-28T22:22:40.233435+00:00,2026-03-29T15:52:45.408576+00:00,51.0,17.5014,1050.09,0002,0039,EV-040,collected,22.3667,15.8667,5,1,3,2026,51.0
3b08c817_EV-041,2026-03-28T22:22:40.233435+00:00,2026-03-29T16:20:22.170066+00:00,36.72,17.9616,1077.7,0002,0039,EV-041,collected,22.3667,16.3333,5,1,3,2026,36.72
3b08c817_EV-042,2026-03-28T22:22:40.233435+00:00,2026-03-29T15:11:43.629770+00:00,44.66,16.8176,1009.06,0002,0039,EV-042,collected,22.3667,15.1833,5,1,3,2026,44.66
3b08c817_EV-043,2026-03-28T22:22:40.233435+00:00,2026-03-29T17:25:26.655504+00:00,61.75,19.0462,1142.77,0002,0039,EV-043,collected,22.3667,17.4167,5,1,3,2026,61.75
3b08c817_EV-044,2026-03-28T22:22:40.233435+00:00,2026-03-29T03:37:04.690251+00:00,23.2,5.2401,314.41,0002,0039,EV-044,collected,22.3667,3.6167,5,1,3,2026,23.2
3b08c817_EV-045,2026-03-28T22:22:40.233435+00:00,2026-03-29T14:37:33.002213+00:00,43.12,16.248,974.88,0002,0039,EV-045,collected,22.3667,14.6167,5,1,3,2026,43.12
3b08c817_EV-046,2026-03-28T22:22:40.233435+00:00,2026-03-29T04:28:44.186920+00:00,24.4,6.1011,366.07,0002,0039,EV-046,collected,22.3667,4.4667,5,1,3,2026,24.4
50587822_EV-001,2026-03-28T22:22:56.847143+00:00,2026-03-29T04:34:30.725109+00:00,20.13,6.1927,371.56,0002,0039,EV-001,collected,22.3667,4.5667,5,1,3,2026,20.13
50587822_EV-002,2026-03-28T22:22:56.847143+00:00,2026-03-29T04:17:05.232852+00:00,22.8,5.9023,354.14,0002,0039,EV-002,collected,22.3667,4.2833,5,1,3,2026,22.8
50587822_EV-003,2026-03-28T22:22:56.847143+00:00,2026-03-29T05:07:58.105701+00:00,23.43,6.7503,405.02,0002,0039,EV-003,collected,22.3667,5.1167,5,1,3,2026,23.43
50587822_EV-004,2026-03-28T22:22:56.847143+00:00,2026-03-29T14:09:37.881683+00:00,39.0,15.7781,946.68,0002,0039,EV-004,collected,22.3667,14.15,5,1,3,2026,39.0
50587822_EV-005,2026-03-28T22:22:56.847143+00:00,2026-03-29T13:44:43.350593+00:00,42.0,15.3629,921.78,0002,0039,EV-005,collected,22.3667,13.7333,5,1,3,2026,42.0
50587822_EV-006,2026-03-28T22:22:56.847143+00:00,2026-03-29T13:29:33.190546+00:00,50.25,15.1101,906.61,0002,0039,EV-006,collected,22.3667,13.4833,5,1,3,2026,50.25
50587822_EV-007,2026-03-28T22:22:56.847143+00:00,2026-03-29T04:40:23.417784+00:00,29.26,6.2907,377.44,0002,0039,EV-007,collected,22.3667,4.6667,5,1,3,2026,29.26
50587822_EV-008,2026-03-28T22:22:56.847143+00:00,2026-03-29T14:27:02.328580+00:00,43.5,16.0682,964.09,0002,0039,EV-008,collected,22.3667,14.45,5,1,3,2026,43.5
50587822_EV-009,2026-03-28T22:22:56.847143+00:00,2026-03-29T13:43:38.875263+00:00,45.75,15.345,920.7,0002,0039,EV-009,collected,22.3667,13.7167,5,1,3,2026,45.75
50587822_EV-010,2026-03-28T22:22:56.847143+00:00,2026-03-29T09:15:07.276463+00:00,31.68,10.8696,652.17,0002,0039,EV-010,collected,22.3667,9.25,5,1,3,2026,31.68
50587822_EV-011,2026-03-28T22:22:56.847143+00:00,2026-03-29T16:26:11.276735+00:00,62.25,18.054,1083.24,0002,0039,EV-011,collected,22.3667,16.4333,5,1,3,2026,62.25
50587822_EV-012,2026-03-28T22:22:56.847143+00:00,2026-03-29T14:38:34.884664+00:00,36.72,16.2606,975.63,0002,0039,EV-012,collected,22.3667,14.6333,5,1,3,2026,36.72
50587822_EV-013,2026-03-28T22:22:56.847143+00:00,2026-03-29T15:53:28.951857+00:00,51.12,17.5089,1050.54,0002,0039,EV-013,collected,22.3667,15.8833,5,1,3,2026,51.12
50587822_EV-014,2026-03-28T22:22:56.847143+00:00,2026-03-29T04:34:15.476417+00:00,23.6,6.1885,371.31,0002,0039,EV-014,collected,22.3667,4.5667,5,1,3,2026,23.6
50587822_EV-015,2026-03-28T22:22:56.847143+00:00,2026-03-29T03:21:37.208708+00:00,26.5,4.9779,298.67,0002,0039,EV-015,collected,22.3667,3.35,5,1,3,2026,26.5
50587822_EV-016,2026-03-28T22:22:56.847143+00:00,2026-03-29T11:54:10.912399+00:00,66.0,13.5206,811.23,0002,0039,EV-016,collected,22.3667,11.9,5,1,3,2026,66.0
50587822_EV-017,2026-03-28T22:22:56.847143+00:00,2026-03-29T07:59:54.990442+00:00,33.06,9.6162,576.97,0002,0039,EV-017,collected,22.3667,7.9833,5,1,3,2026,33.06
50587822_EV-018,2026-03-28T22:22:56.847143+00:00,2026-03-29T16:17:41.448203+00:00,42.35,17.9124,1074.74,0002,0039,EV-018,collected,22.3667,16.2833,5,1,3,2026,42.35
50587822_EV-019,2026-03-28T22:22:56.847143+00:00,2026-03-29T15:33:23.510397+00:00,47.4,17.1741,1030.44,0002,0039,EV-019,collected,22.3667,15.55,5,1,3,2026,47.4
50587822_EV-020,2026-03-28T22:22:56.847143+00:00,2026-03-29T13:15:59.765482+00:00,81.7,14.8841,893.05,0002,0039,EV-020,collected,22.3667,13.25,5,1,3,2026,81.7
50587822_EV-021,2026-03-28T22:22:56.847143+00:00,2026-03-29T03:30:50.871386+00:00,24.0,5.1317,307.9,0002,0039,EV-021,collected,22.3667,3.5,5,1,3,2026,24.0
50587822_EV-022,2026-03-28T22:22:56.847143+00:00,2026-03-29T05:55:07.827794+00:00,35.4,7.5364,452.18,0002,0039,EV-022,collected,22.3667,5.9167,5,1,3,2026,35.4
50587822_EV-023,2026-03-28T22:22:56.847143+00:00,2026-03-29T14:21:50.542136+00:00,56.8,15.9816,958.89,0002,0039,EV-023,collected,22.3667,14.35,5,1,3,2026,56.8
50587822_EV-024,2026-03-28T22:22:56.847143+00:00,2026-03-29T16:08:42.761053+00:00,44.8,17.7628,1065.77,0002,0039,EV-024,collected,22.3667,16.1333,5,1,3,2026,44.8
50587822_EV-025,2026-03-28T22:22:56.847143+00:00,2026-03-29T10:02:27.323268+00:00,33.0,11.6585,699.51,0002,0039,EV-025,collected,22.3667,10.0333,5,1,3,2026,33.0
50587822_EV-026,2026-03-28T22:22:56.847143+00:00,2026-03-29T16:44:15.663545+00:00,60.06,18.3552,1101.31,0002,0039,EV-026,collected,22.3667,16.7333,5,1,3,2026,60.06
50587822_EV-027,2026-03-28T22:22:56.847143+00:00,2026-03-29T09:02:36.463871+00:00,33.0,10.661,639.66,0002,0039,EV-027,collected,22.3667,9.0333,5,1,3,2026,33.0
50587822_EV-028,2026-03-28T22:22:56.847143+00:00,2026-03-29T15:43:17.106743+00:00,47.5,17.339,1040.34,0002,0039,EV-028,collected,22.3667,15.7167,5,1,3,2026,47.5
50587822_EV-029,2026-03-28T22:22:56.847143+00:00,2026-03-29T02:53:56.635435+00:00,14.5,4.5166,271.0,0002,0039,EV-029,collected,22.3667,2.8833,5,1,3,2026,14.5
50587822_EV-030,2026-03-28T22:22:56.847143+00:00,2026-03-29T13:59:10.241118+00:00,60.83,15.6037,936.22,0002,0039,EV-030,collected,22.3667,13.9833,5,1,3,2026,60.83
50587822_EV-031,2026-03-28T22:22:56.847143+00:00,2026-03-29T13:40:02.934498+00:00,56.21,15.285,917.1,0002,0039,EV-031,collected,22.3667,13.6667,5,1,3,2026,56.21
50587822_EV-032,2026-03-28T22:22:56.847143+00:00,2026-03-29T04:11:33.166349+00:00,18.0,5.8101,348.61,0002,0039,EV-032,collected,22.3667,4.1833,5,1,3,2026,18.0
50587822_EV-033,2026-03-28T22:22:56.847143+00:00,2026-03-29T06:01:40.852630+00:00,31.5,7.6456,458.73,0002,0039,EV-033,collected,22.3667,6.0167,5,1,3,2026,31.5
50587822_EV-034,2026-03-28T22:22:56.847143+00:00,2026-03-29T14:23:39.386977+00:00,61.5,16.0118,960.71,0002,0039,EV-034,collected,22.3667,14.3833,5,1,3,2026,61.5
50587822_EV-035,2026-03-28T22:22:56.847143+00:00,2026-03-29T15:04:19.352456+00:00,52.36,16.6896,1001.38,0002,0039,EV-035,collected,22.3667,15.0667,5,1,3,2026,52.36
50587822_EV-036,2026-03-28T22:22:56.847143+00:00,2026-03-29T13:49:05.053392+00:00,42.35,15.4356,926.14,0002,0039,EV-036,collected,22.3667,13.8167,5,1,3,2026,42.35
50587822_EV-037,2026-03-28T22:22:56.847143+00:00,2026-03-29T14:41:03.972346+00:00,40.02,16.302,978.12,0002,0039,EV-037,collected,22.3667,14.6833,5,1,3,2026,40.02
50587822_EV-038,2026-03-28T22:22:56.847143+00:00,2026-03-29T09:30:11.894274+00:00,34.2,11.1208,667.25,0002,0039,EV-038,collected,22.3667,9.5,5,1,3,2026,34.2
50587822_EV-039,2026-03-28T22:22:56.847143+00:00,2026-03-29T15:04:00.980163+00:00,56.05,16.6845,1001.07,0002,0039,EV-039,collected,22.3667,15.0667,5,1,3,2026,56.05
50587822_EV-040,2026-03-28T22:22:56.847143+00:00,2026-03-29T13:59:59.882826+00:00,51.0,15.6175,937.05,0002,0039,EV-040,collected,22.3667,13.9833,5,1,3,2026,51.0
50587822_EV-041,2026-03-28T22:22:56.847143+00:00,2026-03-29T14:00:33.004378+00:00,36.72,15.6267,937.6,0002,0039,EV-041,collected,22.3667,14.0,5,1,3,2026,36.72
50587822_EV-042,2026-03-28T22:22:56.847143+00:00,2026-03-29T18:33:40.105539+00:00,44.66,20.1787,1210.72,0002,0039,EV-042,collected,22.3667,18.55,5,1,3,2026,44.66
50587822_EV-043,2026-03-28T22:22:56.847143+00:00,2026-03-29T15:16:39.384965+00:00,61.75,16.8951,1013.71,0002,0039,EV-043,collected,22.3667,15.2667,5,1,3,2026,61.75
50587822_EV-044,2026-03-28T22:22:56.847143+00:00,2026-03-29T05:12:34.104385+00:00,23.2,6.827,409.62,0002,0039,EV-044,collected,22.3667,5.2,5,1,3,2026,23.2
50587822_EV-045,2026-03-28T22:22:56.847143+00:00,2026-03-29T14:33:44.467098+00:00,43.12,16.1799,970.79,0002,0039,EV-045,collected,22.3667,14.55,5,1,3,2026,43.12
50587822_EV-046,2026-03-28T22:22:56.847143+00:00,2026-03-29T04:01:01.119520+00:00,24.4,5.6345,338.07,0002,0039,EV-046,collected,22.3667,4.0167,5,1,3,2026,24.4
6e81a073_EV-01,2026-03-28T08:00:00+00:00,2026-03-28T08:30:00+00:00,45.0,0.5,30,0002,0039,EV-01,collected,8.0,8.5,5,1,3,2026,45.0
6e81a073_EV-02,2026-03-28T08:30:00+00:00,2026-03-28T09:00:00+00:00,24.0,0.5,30,0002,0039,EV-02,collected,8.5,9.0,5,1,3,2026,24.0
6e81a073_EV-03,2026-03-28T08:45:00+00:00,2026-03-29T03:24:21.301973+00:00,60.0,18.6559,1119.36,0002,0039,EV-03,collected,8.75,3.4,5,1,3,2026,60.0
6e81a073_EV-04,2026-03-28T09:00:00+00:00,2026-03-28T11:29:06.396717+00:00,27.0,2.4851,149.11,0002,0039,EV-04,collected,9.0,11.4833,5,1,3,2026,27.0
6e81a073_EV-05,2026-03-28T09:15:00+00:00,2026-03-28T09:47:23.967713+00:00,30.0,0.54,32.4,0002,0039,EV-05,collected,9.25,9.7833,5,1,3,2026,30.0
6e81a073_EV-06,2026-03-28T10:00:00+00:00,2026-03-28T11:22:15.462844+00:00,33.0,1.371,82.26,0002,0039,EV-06,collected,10.0,11.3667,5,1,3,2026,33.0
6e81a073_EV-07,2026-03-28T10:30:00+00:00,2026-03-28T15:27:14.730017+00:00,32.0,4.9541,297.25,0002,0039,EV-07,collected,10.5,15.45,5,1,3,2026,32.0
6e81a073_EV-08,2026-03-28T11:00:00+00:00,2026-03-28T15:25:20.667574+00:00,37.5,4.4224,265.34,0002,0039,EV-08,collected,11.0,15.4167,5,1,3,2026,37.5
6e81a073_EV-09,2026-03-28T11:45:00+00:00,2026-03-28T16:52:29.678411+00:00,33.0,5.1249,307.49,0002,0039,EV-09,collected,11.75,16.8667,5,1,3,2026,33.0
6e81a073_EV-10,2026-03-28T12:00:00+00:00,2026-03-28T12:30:00+00:00,35.0,0.5,30,0002,0039,EV-10,collected,12.0,12.5,5,1,3,2026,35.0
d6ca4eae_EV-01,2026-03-28T08:00:00+00:00,2026-03-28T12:04:10.562250+00:00,45.0,4.0696,244.18,0002,0039,EV-01,collected,8.0,12.0667,5,1,3,2026,45.0
d6ca4eae_EV-02,2026-03-28T08:30:00+00:00,2026-03-28T16:35:59.561929+00:00,24.0,8.0999,485.99,0002,0039,EV-02,collected,8.5,16.5833,5,1,3,2026,24.0
d6ca4eae_EV-03,2026-03-28T08:45:00+00:00,2026-03-28T16:11:44.114253+00:00,60.0,7.4456,446.74,0002,0039,EV-03,collected,8.75,16.1833,5,1,3,2026,60.0
d6ca4eae_EV-04,2026-03-28T09:00:00+00:00,2026-03-28T19:01:31.701147+00:00,27.0,10.0255,601.53,0002,0039,EV-04,collected,9.0,19.0167,5,1,3,2026,27.0
d6ca4eae_EV-05,2026-03-28T09:15:00+00:00,2026-03-28T10:18:27.922360+00:00,30.0,1.0578,63.47,0002,0039,EV-05,collected,9.25,10.3,5,1,3,2026,30.0
d6ca4eae_EV-06,2026-03-28T10:00:00+00:00,2026-03-28T10:30:00+00:00,33.0,0.5,30,0002,0039,EV-06,collected,10.0,10.5,5,1,3,2026,33.0
d6ca4eae_EV-07,2026-03-28T10:30:00+00:00,2026-03-28T16:35:19.982270+00:00,32.0,6.0889,365.33,0002,0039,EV-07,collected,10.5,16.5833,5,1,3,2026,32.0
d6ca4eae_EV-08,2026-03-28T11:00:00+00:00,2026-03-28T18:00:48.983036+00:00,37.5,7.0136,420.82,0002,0039,EV-08,collected,11.0,18.0,5,1,3,2026,37.5
d6ca4eae_EV-09,2026-03-28T11:45:00+00:00,2026-03-28T19:46:17.833467+00:00,33.0,8.0216,481.3,0002,0039,EV-09,collected,11.75,19.7667,5,1,3,2026,33.0
d6ca4eae_EV-10,2026-03-28T12:00:00+00:00,2026-03-28T22:54:58.513715+00:00,35.0,10.9163,654.98,0002,0039,EV-10,collected,12.0,22.9,5,1,3,2026,35.0
820e398c_EV-01,2026-03-28T08:00:00+00:00,2026-03-28T15:28:30.942176+00:00,45.0,7.4753,448.52,0002,0039,EV-01,collected,8.0,15.4667,5,1,3,2026,45.0
820e398c_EV-02,2026-03-28T08:30:00+00:00,2026-03-29T07:50:04.238543+00:00,24.0,23.3345,1400.07,0002,0039,EV-02,collected,8.5,7.8333,5,1,3,2026,24.0
820e398c_EV-03,2026-03-28T08:45:00+00:00,2026-03-29T02:52:40.506320+00:00,60.0,18.1279,1087.68,0002,0039,EV-03,collected,8.75,2.8667,5,1,3,2026,60.0
820e398c_EV-04,2026-03-28T09:00:00+00:00,2026-03-29T07:10:05.189702+00:00,27.0,22.1681,1330.09,0002,0039,EV-04,collected,9.0,7.1667,5,1,3,2026,27.0
820e398c_EV-05,2026-03-28T09:15:00+00:00,2026-03-28T14:59:15.687095+00:00,30.0,5.7377,344.26,0002,0039,EV-05,collected,9.25,14.9833,5,1,3,2026,30.0
820e398c_EV-06,2026-03-28T10:00:00+00:00,2026-03-28T15:15:52.912432+00:00,33.0,5.2647,315.88,0002,0039,EV-06,collected,10.0,15.25,5,1,3,2026,33.0
820e398c_EV-07,2026-03-28T10:30:00+00:00,2026-03-28T17:41:58.766118+00:00,32.0,7.1997,431.98,0002,0039,EV-07,collected,10.5,17.6833,5,1,3,2026,32.0
820e398c_EV-08,2026-03-28T11:00:00+00:00,2026-03-28T20:54:43.817499+00:00,37.5,9.9122,594.73,0002,0039,EV-08,collected,11.0,20.9,5,1,3,2026,37.5
820e398c_EV-09,2026-03-28T11:45:00+00:00,2026-03-28T18:44:54.958441+00:00,33.0,6.9986,419.92,0002,0039,EV-09,collected,11.75,18.7333,5,1,3,2026,33.0
820e398c_EV-10,2026-03-28T12:00:00+00:00,2026-03-28T12:30:00+00:00,35.0,0.5,30,0002,0039,EV-10,collected,12.0,12.5,5,1,3,2026,35.0
2477e16d_EV-01,2026-03-28T08:00:00+00:00,2026-03-28T21:14:22.592575+00:00,45.0,13.2396,794.38,0002,0039,EV-01,collected,8.0,21.2333,5,1,3,2026,45.0
2477e16d_EV-02,2026-03-28T08:30:00+00:00,2026-03-28T11:48:49.776368+00:00,24.0,3.3138,198.83,0002,0039,EV-02,collected,8.5,11.8,5,1,3,2026,24.0
2477e16d_EV-03,2026-03-28T08:45:00+00:00,2026-03-28T10:24:28.818588+00:00,60.0,1.658,99.48,0002,0039,EV-03,collected,8.75,10.4,5,1,3,2026,60.0
2477e16d_EV-04,2026-03-28T09:00:00+00:00,2026-03-29T00:08:31.234907+00:00,27.0,15.142,908.52,0002,0039,EV-04,collected,9.0,0.1333,5,1,3,2026,27.0
2477e16d_EV-05,2026-03-28T09:15:00+00:00,2026-03-29T00:50:28.098174+00:00,30.0,15.5911,935.47,0002,0039,EV-05,collected,9.25,0.8333,5,1,3,2026,30.0
2477e16d_EV-06,2026-03-28T10:00:00+00:00,2026-03-28T17:17:00.558183+00:00,33.0,7.2835,437.01,0002,0039,EV-06,collected,10.0,17.2833,5,1,3,2026,33.0
2477e16d_EV-07,2026-03-28T10:30:00+00:00,2026-03-28T14:19:57.189556+00:00,32.0,3.8326,229.95,0002,0039,EV-07,collected,10.5,14.3167,5,1,3,2026,32.0
2477e16d_EV-08,2026-03-28T11:00:00+00:00,2026-03-28T15:11:35.497108+00:00,37.5,4.1932,251.59,0002,0039,EV-08,collected,11.0,15.1833,5,1,3,2026,37.5
2477e16d_EV-09,2026-03-28T11:45:00+00:00,2026-03-28T23:26:57.969032+00:00,33.0,11.6994,701.97,0002,0039,EV-09,collected,11.75,23.4333,5,1,3,2026,33.0
2477e16d_EV-10,2026-03-28T12:00:00+00:00,2026-03-28T12:30:00+00:00,35.0,0.5,30,0002,0039,EV-10,collected,12.0,12.5,5,1,3,2026,35.0
1ac3e331_EV-01,2026-03-28T08:00:00+00:00,2026-03-28T21:01:28.658551+00:00,45.0,13.0246,781.48,0002,0039,EV-01,collected,8.0,21.0167,5,1,3,2026,45.0
1ac3e331_EV-02,2026-03-28T08:30:00+00:00,2026-03-28T20:52:36.928907+00:00,24.0,12.3769,742.62,0002,0039,EV-02,collected,8.5,20.8667,5,1,3,2026,24.0
1ac3e331_EV-03,2026-03-28T08:45:00+00:00,2026-03-28T17:37:41.206894+00:00,60.0,8.8781,532.69,0002,0039,EV-03,collected,8.75,17.6167,5,1,3,2026,60.0
1ac3e331_EV-04,2026-03-28T09:00:00+00:00,2026-03-28T13:24:29.827915+00:00,27.0,4.4083,264.5,0002,0039,EV-04,collected,9.0,13.4,5,1,3,2026,27.0
1ac3e331_EV-05,2026-03-28T09:15:00+00:00,2026-03-28T09:45:00+00:00,30.0,0.5,30,0002,0039,EV-05,collected,9.25,9.75,5,1,3,2026,30.0
1ac3e331_EV-06,2026-03-28T10:00:00+00:00,2026-03-28T14:49:21.429377+00:00,33.0,4.8226,289.36,0002,0039,EV-06,collected,10.0,14.8167,5,1,3,2026,33.0
1ac3e331_EV-07,2026-03-28T10:30:00+00:00,2026-03-28T11:00:00+00:00,32.0,0.5,30,0002,0039,EV-07,collected,10.5,11.0,5,1,3,2026,32.0
1ac3e331_EV-08,2026-03-28T11:00:00+00:00,2026-03-28T17:52:11.386911+00:00,37.5,6.8698,412.19,0002,0039,EV-08,collected,11.0,17.8667,5,1,3,2026,37.5
1ac3e331_EV-09,2026-03-28T11:45:00+00:00,2026-03-28T16:51:23.284846+00:00,33.0,5.1065,306.39,0002,0039,EV-09,collected,11.75,16.85,5,1,3,2026,33.0
1ac3e331_EV-10,2026-03-28T12:00:00+00:00,2026-03-28T21:43:50.286983+00:00,35.0,9.7306,583.84,0002,0039,EV-10,collected,12.0,21.7167,5,1,3,2026,35.0
7550ae1f_EV-01,2026-03-28T08:00:00+00:00,2026-03-28T08:59:34.038510+00:00,45.0,0.9928,59.57,0002,0039,EV-01,collected,8.0,8.9833,5,1,3,2026,45.0
7550ae1f_EV-02,2026-03-28T08:30:00+00:00,2026-03-28T17:44:34.646556+00:00,24.0,9.243,554.58,0002,0039,EV-02,collected,8.5,17.7333,5,1,3,2026,24.0
7550ae1f_EV-03,2026-03-28T08:45:00+00:00,2026-03-28T09:15:00+00:00,60.0,0.5,30,0002,0039,EV-03,collected,8.75,9.25,5,1,3,2026,60.0
7550ae1f_EV-04,2026-03-28T09:00:00+00:00,2026-03-28T11:58:45.090934+00:00,27.0,2.9792,178.75,0002,0039,EV-04,collected,9.0,11.9667,5,1,3,2026,27.0
7550ae1f_EV-05,2026-03-28T09:15:00+00:00,2026-03-28T10:54:30.270326+00:00,30.0,1.6584,99.5,0002,0039,EV-05,collected,9.25,10.9,5,1,3,2026,30.0
7550ae1f_EV-06,2026-03-28T10:00:00+00:00,2026-03-28T13:33:11.063847+00:00,33.0,3.5531,213.18,0002,0039,EV-06,collected,10.0,13.55,5,1,3,2026,33.0
7550ae1f_EV-07,2026-03-28T10:30:00+00:00,2026-03-28T13:27:33.998410+00:00,32.0,2.9594,177.57,0002,0039,EV-07,collected,10.5,13.45,5,1,3,2026,32.0
7550ae1f_EV-08,2026-03-28T11:00:00+00:00,2026-03-28T11:30:00+00:00,37.5,0.5,30,0002,0039,EV-08,collected,11.0,11.5,5,1,3,2026,37.5
7550ae1f_EV-09,2026-03-28T11:45:00+00:00,2026-03-28T14:29:31.988619+00:00,33.0,2.7422,164.53,0002,0039,EV-09,collected,11.75,14.4833,5,1,3,2026,33.0
7550ae1f_EV-10,2026-03-28T12:00:00+00:00,2026-03-28T18:44:12.284390+00:00,35.0,6.7367,404.2,0002,0039,EV-10,collected,12.0,18.7333,5,1,3,2026,35.0
8eb396d5_EV-01,2026-03-28T08:00:00+00:00,2026-03-28T08:30:00+00:00,45.0,0.5,30,0002,0039,EV-01,collected,8.0,8.5,5,1,3,2026,45.0
8eb396d5_EV-02,2026-03-28T08:30:00+00:00,2026-03-28T09:00:00+00:00,24.0,0.5,30,0002,0039,EV-02,collected,8.5,9.0,5,1,3,2026,24.0
8eb396d5_EV-03,2026-03-28T08:45:00+00:00,2026-03-28T18:24:23.438625+00:00,60.0,9.6565,579.39,0002,0039,EV-03,collected,8.75,18.4,5,1,3,2026,60.0
8eb396d5_EV-04,2026-03-28T09:00:00+00:00,2026-03-28T18:10:44.408661+00:00,27.0,9.179,550.74,0002,0039,EV-04,collected,9.0,18.1667,5,1,3,2026,27.0
8eb396d5_EV-05,2026-03-28T09:15:00+00:00,2026-03-28T13:07:19.409820+00:00,30.0,3.8721,232.32,0002,0039,EV-05,collected,9.25,13.1167,5,1,3,2026,30.0
8eb396d5_EV-06,2026-03-28T10:00:00+00:00,2026-03-28T13:27:21.335387+00:00,33.0,3.4559,207.36,0002,0039,EV-06,collected,10.0,13.45,5,1,3,2026,33.0
8eb396d5_EV-07,2026-03-28T10:30:00+00:00,2026-03-28T14:33:35.459014+00:00,32.0,4.0598,243.59,0002,0039,EV-07,collected,10.5,14.55,5,1,3,2026,32.0
8eb396d5_EV-08,2026-03-28T11:00:00+00:00,2026-03-28T20:26:09.541066+00:00,37.5,9.436,566.16,0002,0039,EV-08,collected,11.0,20.4333,5,1,3,2026,37.5
8eb396d5_EV-09,2026-03-28T11:45:00+00:00,2026-03-28T16:32:01.096802+00:00,33.0,4.7836,287.02,0002,0039,EV-09,collected,11.75,16.5333,5,1,3,2026,33.0
8eb396d5_EV-10,2026-03-28T12:00:00+00:00,2026-03-28T19:34:12.745836+00:00,35.0,7.5702,454.21,0002,0039,EV-10,collected,12.0,19.5667,5,1,3,2026,35.0
17a194b6_EV-01,2026-03-28T08:00:00+00:00,2026-03-28T09:32:10.925356+00:00,45.0,1.5364,92.18,0002,0039,EV-01,collected,8.0,9.5333,5,1,3,2026,45.0
17a194b6_EV-02,2026-03-28T08:30:00+00:00,2026-03-28T21:22:58.983276+00:00,24.0,12.8831,772.98,0002,0039,EV-02,collected,8.5,21.3667,5,1,3,2026,24.0
17a194b6_EV-03,2026-03-28T08:45:00+00:00,2026-03-29T02:34:22.039640+00:00,60.0,17.8228,1069.37,0002,0039,EV-03,collected,8.75,2.5667,5,1,3,2026,60.0
17a194b6_EV-04,2026-03-28T09:00:00+00:00,2026-03-28T12:53:44.608487+00:00,27.0,3.8957,233.74,0002,0039,EV-04,collected,9.0,12.8833,5,1,3,2026,27.0
17a194b6_EV-05,2026-03-28T09:15:00+00:00,2026-03-29T00:24:26.979214+00:00,30.0,15.1575,909.45,0002,0039,EV-05,collected,9.25,0.4,5,1,3,2026,30.0
17a194b6_EV-06,2026-03-28T10:00:00+00:00,2026-03-28T12:46:54.281677+00:00,33.0,2.7817,166.9,0002,0039,EV-06,collected,10.0,12.7667,5,1,3,2026,33.0
17a194b6_EV-07,2026-03-28T10:30:00+00:00,2026-03-28T11:20:01.278223+00:00,32.0,0.8337,50.02,0002,0039,EV-07,collected,10.5,11.3333,5,1,3,2026,32.0
17a194b6_EV-08,2026-03-28T11:00:00+00:00,2026-03-28T18:47:45.452959+00:00,37.5,7.796,467.76,0002,0039,EV-08,collected,11.0,18.7833,5,1,3,2026,37.5
17a194b6_EV-09,2026-03-28T11:45:00+00:00,2026-03-28T21:23:41.933332+00:00,33.0,9.645,578.7,0002,0039,EV-09,collected,11.75,21.3833,5,1,3,2026,33.0
17a194b6_EV-10,2026-03-28T12:00:00+00:00,2026-03-28T18:11:13.591064+00:00,35.0,6.1871,371.23,0002,0039,EV-10,collected,12.0,18.1833,5,1,3,2026,35.0
0695962d_EV-01,2026-03-28T08:00:00+00:00,2026-03-29T03:37:39.826150+00:00,45.0,19.6277,1177.66,0002,0039,EV-01,collected,8.0,3.6167,5,1,3,2026,45.0
0695962d_EV-02,2026-03-28T08:30:00+00:00,2026-03-28T12:08:36.260712+00:00,24.0,3.6434,218.6,0002,0039,EV-02,collected,8.5,12.1333,5,1,3,2026,24.0
0695962d_EV-03,2026-03-28T08:45:00+00:00,2026-03-28T14:14:53.301815+00:00,60.0,5.4981,329.89,0002,0039,EV-03,collected,8.75,14.2333,5,1,3,2026,60.0
0695962d_EV-04,2026-03-28T09:00:00+00:00,2026-03-28T15:45:20.228503+00:00,27.0,6.7556,405.34,0002,0039,EV-04,collected,9.0,15.75,5,1,3,2026,27.0
0695962d_EV-05,2026-03-28T09:15:00+00:00,2026-03-28T09:45:00+00:00,30.0,0.5,30,0002,0039,EV-05,collected,9.25,9.75,5,1,3,2026,30.0
0695962d_EV-06,2026-03-28T10:00:00+00:00,2026-03-28T15:12:32.201076+00:00,33.0,5.2089,312.54,0002,0039,EV-06,collected,10.0,15.2,5,1,3,2026,33.0
0695962d_EV-07,2026-03-28T10:30:00+00:00,2026-03-28T13:46:35.382272+00:00,32.0,3.2765,196.59,0002,0039,EV-07,collected,10.5,13.7667,5,1,3,2026,32.0
0695962d_EV-08,2026-03-28T11:00:00+00:00,2026-03-28T11:30:00+00:00,37.5,0.5,30,0002,0039,EV-08,collected,11.0,11.5,5,1,3,2026,37.5
0695962d_EV-09,2026-03-28T11:45:00+00:00,2026-03-28T21:19:56.885803+00:00,33.0,9.5825,574.95,0002,0039,EV-09,collected,11.75,21.3167,5,1,3,2026,33.0
0695962d_EV-10,2026-03-28T12:00:00+00:00,2026-03-28T14:42:11.407752+00:00,35.0,2.7032,162.19,0002,0039,EV-10,collected,12.0,14.7,5,1,3,2026,35.0
025c2b1d_EV-01,2026-03-28T08:00:00+00:00,2026-03-28T10:23:36.406137+00:00,45.0,2.3934,143.61,0002,0039,EV-01,collected,8.0,10.3833,5,1,3,2026,45.0
025c2b1d_EV-02,2026-03-28T08:30:00+00:00,2026-03-28T19:25:49.145328+00:00,24.0,10.9303,655.82,0002,0039,EV-02,collected,8.5,19.4167,5,1,3,2026,24.0
025c2b1d_EV-03,2026-03-28T08:45:00+00:00,2026-03-28T12:33:46.848753+00:00,60.0,3.813,228.78,0002,0039,EV-03,collected,8.75,12.55,5,1,3,2026,60.0
025c2b1d_EV-04,2026-03-28T09:00:00+00:00,2026-03-28T10:34:49.787203+00:00,27.0,1.5805,94.83,0002,0039,EV-04,collected,9.0,10.5667,5,1,3,2026,27.0
025c2b1d_EV-05,2026-03-28T09:15:00+00:00,2026-03-28T19:29:18.955921+00:00,30.0,10.2386,614.32,0002,0039,EV-05,collected,9.25,19.4833,5,1,3,2026,30.0
025c2b1d_EV-06,2026-03-28T10:00:00+00:00,2026-03-28T15:12:30.603658+00:00,33.0,5.2085,312.51,0002,0039,EV-06,collected,10.0,15.2,5,1,3,2026,33.0
025c2b1d_EV-07,2026-03-28T10:30:00+00:00,2026-03-28T15:37:16.210121+00:00,32.0,5.1212,307.27,0002,0039,EV-07,collected,10.5,15.6167,5,1,3,2026,32.0
025c2b1d_EV-08,2026-03-28T11:00:00+00:00,2026-03-28T15:18:01.612567+00:00,37.5,4.3004,258.03,0002,0039,EV-08,collected,11.0,15.3,5,1,3,2026,37.5
025c2b1d_EV-09,2026-03-28T11:45:00+00:00,2026-03-28T22:06:26.722102+00:00,33.0,10.3574,621.45,0002,0039,EV-09,collected,11.75,22.1,5,1,3,2026,33.0
025c2b1d_EV-10,2026-03-28T12:00:00+00:00,2026-03-28T12:30:00+00:00,35.0,0.5,30,0002,0039,EV-10,collected,12.0,12.5,5,1,3,2026,35.0
65b93554_EV-01,2026-03-28T08:00:00+00:00,2026-03-28T12:04:47.285921+00:00,45.0,4.0798,244.79,0002,0039,EV-01,collected,8.0,12.0667,5,1,3,2026,45.0
65b93554_EV-02,2026-03-28T08:30:00+00:00,2026-03-28T12:06:18.057969+00:00,24.0,3.605,216.3,0002,0039,EV-02,collected,8.5,12.1,5,1,3,2026,24.0
65b93554_EV-03,2026-03-28T08:45:00+00:00,2026-03-28T13:35:32.733949+00:00,60.0,4.8424,290.55,0002,0039,EV-03,collected,8.75,13.5833,5,1,3,2026,60.0
65b93554_EV-04,2026-03-28T09:00:00+00:00,2026-03-29T00:57:32.656909+00:00,27.0,15.9591,957.54,0002,0039,EV-04,collected,9.0,0.95,5,1,3,2026,27.0
65b93554_EV-05,2026-03-28T09:15:00+00:00,2026-03-28T11:32:50.968233+00:00,30.0,2.2975,137.85,0002,0039,EV-05,collected,9.25,11.5333,5,1,3,2026,30.0
65b93554_EV-06,2026-03-28T10:00:00+00:00,2026-03-28T17:58:25.632424+00:00,33.0,7.9738,478.43,0002,0039,EV-06,collected,10.0,17.9667,5,1,3,2026,33.0
65b93554_EV-07,2026-03-28T10:30:00+00:00,2026-03-28T11:00:00+00:00,32.0,0.5,30,0002,0039,EV-07,collected,10.5,11.0,5,1,3,2026,32.0
65b93554_EV-08,2026-03-28T11:00:00+00:00,2026-03-28T17:50:09.150080+00:00,37.5,6.8359,410.15,0002,0039,EV-08,collected,11.0,17.8333,5,1,3,2026,37.5
65b93554_EV-09,2026-03-28T11:45:00+00:00,2026-03-28T14:12:59.738741+00:00,33.0,2.4666,148.0,0002,0039,EV-09,collected,11.75,14.2,5,1,3,2026,33.0
65b93554_EV-10,2026-03-28T12:00:00+00:00,2026-03-28T12:54:35.735131+00:00,35.0,0.9099,54.6,0002,0039,EV-10,collected,12.0,12.9,5,1,3,2026,35.0
ce6cdbe3_EV-01,2026-03-28T08:00:00+00:00,2026-03-28T15:51:49.888883+00:00,45.0,7.8639,471.83,0002,0039,EV-01,collected,8.0,15.85,5,1,3,2026,45.0
ce6cdbe3_EV-02,2026-03-28T08:30:00+00:00,2026-03-28T17:23:12.445232+00:00,24.0,8.8868,533.21,0002,0039,EV-02,collected,8.5,17.3833,5,1,3,2026,24.0
ce6cdbe3_EV-03,2026-03-28T08:45:00+00:00,2026-03-28T09:15:00+00:00,60.0,0.5,30,0002,0039,EV-03,collected,8.75,9.25,5,1,3,2026,60.0
ce6cdbe3_EV-04,2026-03-28T09:00:00+00:00,2026-03-28T17:16:19.564483+00:00,27.0,8.2721,496.33,0002,0039,EV-04,collected,9.0,17.2667,5,1,3,2026,27.0
ce6cdbe3_EV-05,2026-03-28T09:15:00+00:00,2026-03-28T21:01:01.950598+00:00,30.0,11.7672,706.03,0002,0039,EV-05,collected,9.25,21.0167,5,1,3,2026,30.0
ce6cdbe3_EV-06,2026-03-28T10:00:00+00:00,2026-03-28T15:41:38.148124+00:00,33.0,5.6939,341.64,0002,0039,EV-06,collected,10.0,15.6833,5,1,3,2026,33.0
ce6cdbe3_EV-07,2026-03-28T10:30:00+00:00,2026-03-28T14:25:58.957077+00:00,32.0,3.933,235.98,0002,0039,EV-07,collected,10.5,14.4167,5,1,3,2026,32.0
ce6cdbe3_EV-08,2026-03-28T11:00:00+00:00,2026-03-28T15:02:01.424464+00:00,37.5,4.0337,242.02,0002,0039,EV-08,collected,11.0,15.0333,5,1,3,2026,37.5
ce6cdbe3_EV-09,2026-03-28T11:45:00+00:00,2026-03-28T17:47:15.585447+00:00,33.0,6.0377,362.26,0002,0039,EV-09,collected,11.75,17.7833,5,1,3,2026,33.0
ce6cdbe3_EV-10,2026-03-28T12:00:00+00:00,2026-03-28T16:11:40.503446+00:00,35.0,4.1946,251.68,0002,0039,EV-10,collected,12.0,16.1833,5,1,3,2026,35.0
f4e3ead6_EV-01,2026-03-28T08:00:00+00:00,2026-03-28T13:00:40.083703+00:00,45.0,5.0111,300.67,0002,0039,EV-01,collected,8.0,13.0,5,1,3,2026,45.0
f4e3ead6_EV-02,2026-03-28T08:30:00+00:00,2026-03-28T09:21:37.937551+00:00,24.0,0.8605,51.63,0002,0039,EV-02,collected,8.5,9.35,5,1,3,2026,24.0
f4e3ead6_EV-03,2026-03-28T08:45:00+00:00,2026-03-28T09:15:00+00:00,60.0,0.5,30,0002,0039,EV-03,collected,8.75,9.25,5,1,3,2026,60.0
f4e3ead6_EV-04,2026-03-28T09:00:00+00:00,2026-03-28T09:30:00+00:00,27.0,0.5,30,0002,0039,EV-04,collected,9.0,9.5,5,1,3,2026,27.0
f4e3ead6_EV-05,2026-03-28T09:15:00+00:00,2026-03-28T09:45:00+00:00,30.0,0.5,30,0002,0039,EV-05,collected,9.25,9.75,5,1,3,2026,30.0
f4e3ead6_EV-06,2026-03-28T10:00:00+00:00,2026-03-28T12:37:30.686729+00:00,33.0,2.6252,157.51,0002,0039,EV-06,collected,10.0,12.6167,5,1,3,2026,33.0
f4e3ead6_EV-07,2026-03-28T10:30:00+00:00,2026-03-28T16:03:03.296762+00:00,32.0,5.5509,333.05,0002,0039,EV-07,collected,10.5,16.05,5,1,3,2026,32.0
f4e3ead6_EV-08,2026-03-28T11:00:00+00:00,2026-03-28T23:00:40.707131+00:00,37.5,12.0113,720.68,0002,0039,EV-08,collected,11.0,23.0,5,1,3,2026,37.5
f4e3ead6_EV-09,2026-03-28T11:45:00+00:00,2026-03-28T19:45:10.896736+00:00,33.0,8.003,480.18,0002,0039,EV-09,collected,11.75,19.75,5,1,3,2026,33.0
f4e3ead6_EV-10,2026-03-28T12:00:00+00:00,2026-03-28T12:30:00+00:00,35.0,0.5,30,0002,0039,EV-10,collected,12.0,12.5,5,1,3,2026,35.0
bb803cd3_EV-01,2026-03-28T08:00:00+00:00,2026-03-28T11:14:52.945638+00:00,45.0,3.248,194.88,0002,0039,EV-01,collected,8.0,11.2333,5,1,3,2026,45.0
bb803cd3_EV-02,2026-03-28T08:30:00+00:00,2026-03-28T09:47:40.129171+00:00,24.0,1.2945,77.67,0002,0039,EV-02,collected,8.5,9.7833,5,1,3,2026,24.0
bb803cd3_EV-03,2026-03-28T08:45:00+00:00,2026-03-28T09:15:00+00:00,60.0,0.5,30,0002,0039,EV-03,collected,8.75,9.25,5,1,3,2026,60.0
bb803cd3_EV-04,2026-03-28T09:00:00+00:00,2026-03-28T18:20:58.522343+00:00,27.0,9.3496,560.98,0002,0039,EV-04,collected,9.0,18.3333,5,1,3,2026,27.0
bb803cd3_EV-05,2026-03-28T09:15:00+00:00,2026-03-28T18:35:00.015476+00:00,30.0,9.3333,560.0,0002,0039,EV-05,collected,9.25,18.5833,5,1,3,2026,30.0
bb803cd3_EV-06,2026-03-28T10:00:00+00:00,2026-03-28T17:20:35.773028+00:00,33.0,7.3433,440.6,0002,0039,EV-06,collected,10.0,17.3333,5,1,3,2026,33.0
bb803cd3_EV-07,2026-03-28T10:30:00+00:00,2026-03-28T13:57:49.320122+00:00,32.0,3.4637,207.82,0002,0039,EV-07,collected,10.5,13.95,5,1,3,2026,32.0
bb803cd3_EV-08,2026-03-28T11:00:00+00:00,2026-03-28T21:17:25.390437+00:00,37.5,10.2904,617.42,0002,0039,EV-08,collected,11.0,21.2833,5,1,3,2026,37.5
bb803cd3_EV-09,2026-03-28T11:45:00+00:00,2026-03-28T18:57:52.605128+00:00,33.0,7.2146,432.88,0002,0039,EV-09,collected,11.75,18.95,5,1,3,2026,33.0
bb803cd3_EV-10,2026-03-28T12:00:00+00:00,2026-03-28T12:30:00+00:00,35.0,0.5,30,0002,0039,EV-10,collected,12.0,12.5,5,1,3,2026,35.0
52613cb0_EV-01,2026-03-28T08:00:00+00:00,2026-03-28T08:30:00+00:00,45.0,0.5,30,0002,0039,EV-01,collected,8.0,8.5,5,1,3,2026,45.0
52613cb0_EV-02,2026-03-28T08:30:00+00:00,2026-03-28T09:00:00+00:00,24.0,0.5,30,0002,0039,EV-02,collected,8.5,9.0,5,1,3,2026,24.0
52613cb0_EV-03,2026-03-28T08:45:00+00:00,2026-03-28T09:15:00+00:00,60.0,0.5,30,0002,0039,EV-03,collected,8.75,9.25,5,1,3,2026,60.0
52613cb0_EV-04,2026-03-28T09:00:00+00:00,2026-03-28T19:41:48.336080+00:00,27.0,10.6968,641.81,0002,0039,EV-04,collected,9.0,19.6833,5,1,3,2026,27.0
52613cb0_EV-05,2026-03-28T09:15:00+00:00,2026-03-28T21:17:27.313656+00:00,30.0,12.0409,722.46,0002,0039,EV-05,collected,9.25,21.2833,5,1,3,2026,30.0
52613cb0_EV-06,2026-03-28T10:00:00+00:00,2026-03-28T16:29:39.369480+00:00,33.0,6.4943,389.66,0002,0039,EV-06,collected,10.0,16.4833,5,1,3,2026,33.0
52613cb0_EV-07,2026-03-28T10:30:00+00:00,2026-03-28T15:17:05.421632+00:00,32.0,4.7848,287.09,0002,0039,EV-07,collected,10.5,15.2833,5,1,3,2026,32.0
52613cb0_EV-08,2026-03-28T11:00:00+00:00,2026-03-28T14:18:57.326421+00:00,37.5,3.3159,198.96,0002,0039,EV-08,collected,11.0,14.3,5,1,3,2026,37.5
52613cb0_EV-09,2026-03-28T11:45:00+00:00,2026-03-28T20:30:42.951982+00:00,33.0,8.7619,525.72,0002,0039,EV-09,collected,11.75,20.5,5,1,3,2026,33.0
52613cb0_EV-10,2026-03-28T12:00:00+00:00,2026-03-28T13:49:30.735108+00:00,35.0,1.8252,109.51,0002,0039,EV-10,collected,12.0,13.8167,5,1,3,2026,35.0
eb113ffd_EV-01,2026-03-28T08:00:00+00:00,2026-03-28T19:51:47.716368+00:00,45.0,11.8633,711.8,0002,0039,EV-01,collected,8.0,19.85,5,1,3,2026,45.0
eb113ffd_EV-02,2026-03-28T08:30:00+00:00,2026-03-28T18:02:51.855863+00:00,24.0,9.5477,572.86,0002,0039,EV-02,collected,8.5,18.0333,5,1,3,2026,24.0
eb113ffd_EV-03,2026-03-28T08:45:00+00:00,2026-03-28T21:36:30.102776+00:00,60.0,12.8584,771.5,0002,0039,EV-03,collected,8.75,21.6,5,1,3,2026,60.0
eb113ffd_EV-04,2026-03-28T09:00:00+00:00,2026-03-28T09:30:00+00:00,27.0,0.5,30,0002,0039,EV-04,collected,9.0,9.5,5,1,3,2026,27.0
eb113ffd_EV-05,2026-03-28T09:15:00+00:00,2026-03-28T13:17:29.201636+00:00,30.0,4.0414,242.49,0002,0039,EV-05,collected,9.25,13.2833,5,1,3,2026,30.0
eb113ffd_EV-06,2026-03-28T10:00:00+00:00,2026-03-28T10:30:00+00:00,33.0,0.5,30,0002,0039,EV-06,collected,10.0,10.5,5,1,3,2026,33.0
eb113ffd_EV-07,2026-03-28T10:30:00+00:00,2026-03-28T15:36:38.594131+00:00,32.0,5.1107,306.64,0002,0039,EV-07,collected,10.5,15.6,5,1,3,2026,32.0
eb113ffd_EV-08,2026-03-28T11:00:00+00:00,2026-03-28T19:05:09.270985+00:00,37.5,8.0859,485.15,0002,0039,EV-08,collected,11.0,19.0833,5,1,3,2026,37.5
eb113ffd_EV-09,2026-03-28T11:45:00+00:00,2026-03-28T17:16:07.673870+00:00,33.0,5.5188,331.13,0002,0039,EV-09,collected,11.75,17.2667,5,1,3,2026,33.0
eb113ffd_EV-10,2026-03-28T12:00:00+00:00,2026-03-28T15:04:59.979277+00:00,35.0,3.0833,185.0,0002,0039,EV-10,collected,12.0,15.0667,5,1,3,2026,35.0
bb376faf_EV-01,2026-03-28T08:00:00+00:00,2026-03-28T08:30:00+00:00,45.0,0.5,30,0002,0039,EV-01,collected,8.0,8.5,5,1,3,2026,45.0
bb376faf_EV-02,2026-03-28T08:30:00+00:00,2026-03-28T12:31:48.074842+00:00,24.0,4.03,241.8,0002,0039,EV-02,collected,8.5,12.5167,5,1,3,2026,24.0
bb376faf_EV-03,2026-03-28T08:45:00+00:00,2026-03-28T09:15:00+00:00,60.0,0.5,30,0002,0039,EV-03,collected,8.75,9.25,5,1,3,2026,60.0
bb376faf_EV-04,2026-03-28T09:00:00+00:00,2026-03-28T14:38:24.300213+00:00,27.0,5.6401,338.41,0002,0039,EV-04,collected,9.0,14.6333,5,1,3,2026,27.0
bb376faf_EV-05,2026-03-28T09:15:00+00:00,2026-03-29T01:51:06.861611+00:00,30.0,16.6019,996.11,0002,0039,EV-05,collected,9.25,1.85,5,1,3,2026,30.0
bb376faf_EV-06,2026-03-28T10:00:00+00:00,2026-03-28T14:43:01.013492+00:00,33.0,4.7169,283.02,0002,0039,EV-06,collected,10.0,14.7167,5,1,3,2026,33.0
bb376faf_EV-07,2026-03-28T10:30:00+00:00,2026-03-28T14:20:44.403232+00:00,32.0,3.8457,230.74,0002,0039,EV-07,collected,10.5,14.3333,5,1,3,2026,32.0
bb376faf_EV-08,2026-03-28T11:00:00+00:00,2026-03-28T11:30:00+00:00,37.5,0.5,30,0002,0039,EV-08,collected,11.0,11.5,5,1,3,2026,37.5
bb376faf_EV-09,2026-03-28T11:45:00+00:00,2026-03-29T00:23:09.756603+00:00,33.0,12.636,758.16,0002,0039,EV-09,collected,11.75,0.3833,5,1,3,2026,33.0
bb376faf_EV-10,2026-03-28T12:00:00+00:00,2026-03-28T12:30:00+00:00,35.0,0.5,30,0002,0039,EV-10,collected,12.0,12.5,5,1,3,2026,35.0
c09984d5_EV-01,2026-03-28T08:00:00+00:00,2026-03-28T15:40:56.992987+00:00,45.0,7.6825,460.95,0002,0039,EV-01,collected,8.0,15.6667,5,1,3,2026,45.0
c09984d5_EV-02,2026-03-28T08:30:00+00:00,2026-03-28T11:45:25.801663+00:00,24.0,3.2572,195.43,0002,0039,EV-02,collected,8.5,11.75,5,1,3,2026,24.0
c09984d5_EV-03,2026-03-28T08:45:00+00:00,2026-03-28T13:20:35.093787+00:00,60.0,4.5931,275.58,0002,0039,EV-03,collected,8.75,13.3333,5,1,3,2026,60.0
c09984d5_EV-04,2026-03-28T09:00:00+00:00,2026-03-28T20:23:27.535710+00:00,27.0,11.391,683.46,0002,0039,EV-04,collected,9.0,20.3833,5,1,3,2026,27.0
c09984d5_EV-05,2026-03-28T09:15:00+00:00,2026-03-28T13:20:51.878673+00:00,30.0,4.0977,245.86,0002,0039,EV-05,collected,9.25,13.3333,5,1,3,2026,30.0
c09984d5_EV-06,2026-03-28T10:00:00+00:00,2026-03-28T11:01:47.080987+00:00,33.0,1.0297,61.78,0002,0039,EV-06,collected,10.0,11.0167,5,1,3,2026,33.0
c09984d5_EV-07,2026-03-28T10:30:00+00:00,2026-03-28T11:59:21.452583+00:00,32.0,1.4893,89.36,0002,0039,EV-07,collected,10.5,11.9833,5,1,3,2026,32.0
c09984d5_EV-08,2026-03-28T11:00:00+00:00,2026-03-28T18:10:51.049642+00:00,37.5,7.1808,430.85,0002,0039,EV-08,collected,11.0,18.1667,5,1,3,2026,37.5
c09984d5_EV-09,2026-03-28T11:45:00+00:00,2026-03-28T17:15:27.301049+00:00,33.0,5.5076,330.46,0002,0039,EV-09,collected,11.75,17.25,5,1,3,2026,33.0
c09984d5_EV-10,2026-03-28T12:00:00+00:00,2026-03-28T12:30:00+00:00,35.0,0.5,30,0002,0039,EV-10,collected,12.0,12.5,5,1,3,2026,35.0
dd72abb8_EV-001,2026-03-28T22:33:38.528596+00:00,2026-03-28T23:03:38.528596+00:00,20.13,0.5,30,0002,0039,EV-001,collected,22.55,23.05,5,1,3,2026,20.13
dd72abb8_EV-002,2026-03-28T22:33:38.528596+00:00,2026-03-29T03:32:55.337043+00:00,22.8,4.988,299.28,0002,0039,EV-002,collected,22.55,3.5333,5,1,3,2026,22.8
dd72abb8_EV-003,2026-03-28T22:33:38.528596+00:00,2026-03-29T01:51:54.273966+00:00,23.43,3.3044,198.26,0002,0039,EV-003,collected,22.55,1.85,5,1,3,2026,23.43
dd72abb8_EV-004,2026-03-28T22:33:38.528596+00:00,2026-03-29T01:52:43.664186+00:00,39.0,3.3181,199.09,0002,0039,EV-004,collected,22.55,1.8667,5,1,3,2026,39.0
dd72abb8_EV-005,2026-03-28T22:33:38.528596+00:00,2026-03-28T23:03:38.528596+00:00,42.0,0.5,30,0002,0039,EV-005,collected,22.55,23.05,5,1,3,2026,42.0
dd72abb8_EV-006,2026-03-28T22:33:38.528596+00:00,2026-03-28T23:03:38.528596+00:00,50.25,0.5,30,0002,0039,EV-006,collected,22.55,23.05,5,1,3,2026,50.25
dd72abb8_EV-007,2026-03-28T22:33:38.528596+00:00,2026-03-29T01:21:06.661286+00:00,29.26,2.7911,167.47,0002,0039,EV-007,collected,22.55,1.35,5,1,3,2026,29.26
dd72abb8_EV-008,2026-03-28T22:33:38.528596+00:00,2026-03-28T23:03:38.528596+00:00,43.5,0.5,30,0002,0039,EV-008,collected,22.55,23.05,5,1,3,2026,43.5
dd72abb8_EV-009,2026-03-28T22:33:38.528596+00:00,2026-03-29T06:16:13.765221+00:00,45.75,7.7098,462.59,0002,0039,EV-009,collected,22.55,6.2667,5,1,3,2026,45.75
dd72abb8_EV-010,2026-03-28T22:33:38.528596+00:00,2026-03-29T06:03:44.202760+00:00,31.68,7.5016,450.09,0002,0039,EV-010,collected,22.55,6.05,5,1,3,2026,31.68
68c1d433_EV-001,2026-03-28T22:34:02.863776+00:00,2026-03-29T02:58:05.246853+00:00,20.13,4.4007,264.04,0002,0039,EV-001,collected,22.5667,2.9667,5,1,3,2026,20.13
68c1d433_EV-002,2026-03-28T22:34:02.863776+00:00,2026-03-29T03:29:34.454284+00:00,22.8,4.9254,295.53,0002,0039,EV-002,collected,22.5667,3.4833,5,1,3,2026,22.8
68c1d433_EV-003,2026-03-28T22:34:02.863776+00:00,2026-03-29T09:05:42.675396+00:00,23.43,10.5277,631.66,0002,0039,EV-003,collected,22.5667,9.0833,5,1,3,2026,23.43
68c1d433_EV-004,2026-03-28T22:34:02.863776+00:00,2026-03-29T00:25:36.779209+00:00,39.0,1.8594,111.57,0002,0039,EV-004,collected,22.5667,0.4167,5,1,3,2026,39.0
68c1d433_EV-005,2026-03-28T22:34:02.863776+00:00,2026-03-28T23:04:02.863776+00:00,42.0,0.5,30,0002,0039,EV-005,collected,22.5667,23.0667,5,1,3,2026,42.0
68c1d433_EV-006,2026-03-28T22:34:02.863776+00:00,2026-03-29T00:29:11.286160+00:00,50.25,1.919,115.14,0002,0039,EV-006,collected,22.5667,0.4833,5,1,3,2026,50.25
68c1d433_EV-007,2026-03-28T22:34:02.863776+00:00,2026-03-28T23:31:44.407584+00:00,29.26,0.9615,57.69,0002,0039,EV-007,collected,22.5667,23.5167,5,1,3,2026,29.26
68c1d433_EV-008,2026-03-28T22:34:02.863776+00:00,2026-03-29T04:44:27.751872+00:00,43.5,6.1736,370.41,0002,0039,EV-008,collected,22.5667,4.7333,5,1,3,2026,43.5
68c1d433_EV-009,2026-03-28T22:34:02.863776+00:00,2026-03-28T23:04:02.863776+00:00,45.75,0.5,30,0002,0039,EV-009,collected,22.5667,23.0667,5,1,3,2026,45.75
68c1d433_EV-010,2026-03-28T22:34:02.863776+00:00,2026-03-28T23:04:02.863776+00:00,31.68,0.5,30,0002,0039,EV-010,collected,22.5667,23.0667,5,1,3,2026,31.68
282a7242_EV-001,2026-03-28T22:34:13.313427+00:00,2026-03-29T06:26:53.444854+00:00,20.13,7.8778,472.67,0002,0039,EV-001,collected,22.5667,6.4333,5,1,3,2026,20.13
282a7242_EV-002,2026-03-28T22:34:13.313427+00:00,2026-03-29T02:20:24.003113+00:00,22.8,3.7696,226.18,0002,0039,EV-002,collected,22.5667,2.3333,5,1,3,2026,22.8
282a7242_EV-003,2026-03-28T22:34:13.313427+00:00,2026-03-29T00:21:07.796495+00:00,23.43,1.7818,106.91,0002,0039,EV-003,collected,22.5667,0.35,5,1,3,2026,23.43
282a7242_EV-004,2026-03-28T22:34:13.313427+00:00,2026-03-29T01:36:32.003780+00:00,39.0,3.0385,182.31,0002,0039,EV-004,collected,22.5667,1.6,5,1,3,2026,39.0
282a7242_EV-005,2026-03-28T22:34:13.313427+00:00,2026-03-28T23:04:13.313427+00:00,42.0,0.5,30,0002,0039,EV-005,collected,22.5667,23.0667,5,1,3,2026,42.0
282a7242_EV-006,2026-03-28T22:34:13.313427+00:00,2026-03-28T23:04:13.313427+00:00,50.25,0.5,30,0002,0039,EV-006,collected,22.5667,23.0667,5,1,3,2026,50.25
282a7242_EV-007,2026-03-28T22:34:13.313427+00:00,2026-03-28T23:04:13.313427+00:00,29.26,0.5,30,0002,0039,EV-007,collected,22.5667,23.0667,5,1,3,2026,29.26
282a7242_EV-008,2026-03-28T22:34:13.313427+00:00,2026-03-29T00:45:26.729549+00:00,43.5,2.1871,131.22,0002,0039,EV-008,collected,22.5667,0.75,5,1,3,2026,43.5
282a7242_EV-009,2026-03-28T22:34:13.313427+00:00,2026-03-29T00:42:39.992681+00:00,45.75,2.1407,128.44,0002,0039,EV-009,collected,22.5667,0.7,5,1,3,2026,45.75
282a7242_EV-010,2026-03-28T22:34:13.313427+00:00,2026-03-28T23:04:13.313427+00:00,31.68,0.5,30,0002,0039,EV-010,collected,22.5667,23.0667,5,1,3,2026,31.68
282a7242_EV-011,2026-03-28T22:34:13.313427+00:00,2026-03-29T01:13:51.285015+00:00,62.25,2.6605,159.63,0002,0039,EV-011,collected,22.5667,1.2167,5,1,3,2026,62.25
282a7242_EV-012,2026-03-28T22:34:13.313427+00:00,2026-03-28T23:04:13.313427+00:00,36.72,0.5,30,0002,0039,EV-012,collected,22.5667,23.0667,5,1,3,2026,36.72
282a7242_EV-013,2026-03-28T22:34:13.313427+00:00,2026-03-29T01:58:05.300276+00:00,51.12,3.3978,203.87,0002,0039,EV-013,collected,22.5667,1.9667,5,1,3,2026,51.12
282a7242_EV-014,2026-03-28T22:34:13.313427+00:00,2026-03-28T23:04:13.313427+00:00,23.6,0.5,30,0002,0039,EV-014,collected,22.5667,23.0667,5,1,3,2026,23.6
282a7242_EV-015,2026-03-28T22:34:13.313427+00:00,2026-03-29T00:54:40.537263+00:00,26.5,2.3409,140.45,0002,0039,EV-015,collected,22.5667,0.9,5,1,3,2026,26.5
282a7242_EV-016,2026-03-28T22:34:13.313427+00:00,2026-03-28T23:23:23.995819+00:00,66.0,0.8196,49.18,0002,0039,EV-016,collected,22.5667,23.3833,5,1,3,2026,66.0
282a7242_EV-017,2026-03-28T22:34:13.313427+00:00,2026-03-29T08:26:05.574538+00:00,33.06,9.8645,591.87,0002,0039,EV-017,collected,22.5667,8.4333,5,1,3,2026,33.06
282a7242_EV-018,2026-03-28T22:34:13.313427+00:00,2026-03-28T23:04:13.313427+00:00,42.35,0.5,30,0002,0039,EV-018,collected,22.5667,23.0667,5,1,3,2026,42.35
282a7242_EV-019,2026-03-28T22:34:13.313427+00:00,2026-03-29T00:13:24.459049+00:00,47.4,1.6531,99.19,0002,0039,EV-019,collected,22.5667,0.2167,5,1,3,2026,47.4
282a7242_EV-020,2026-03-28T22:34:13.313427+00:00,2026-03-28T23:04:13.313427+00:00,81.7,0.5,30,0002,0039,EV-020,collected,22.5667,23.0667,5,1,3,2026,81.7
282a7242_EV-021,2026-03-28T22:34:13.313427+00:00,2026-03-29T00:25:10.210245+00:00,24.0,1.8491,110.95,0002,0039,EV-021,collected,22.5667,0.4167,5,1,3,2026,24.0
282a7242_EV-022,2026-03-28T22:34:13.313427+00:00,2026-03-29T05:11:16.627882+00:00,35.4,6.6176,397.06,0002,0039,EV-022,collected,22.5667,5.1833,5,1,3,2026,35.4
282a7242_EV-023,2026-03-28T22:34:13.313427+00:00,2026-03-28T23:51:47.727206+00:00,56.8,1.2929,77.57,0002,0039,EV-023,collected,22.5667,23.85,5,1,3,2026,56.8
282a7242_EV-024,2026-03-28T22:34:13.313427+00:00,2026-03-29T00:19:11.864711+00:00,44.8,1.7496,104.98,0002,0039,EV-024,collected,22.5667,0.3167,5,1,3,2026,44.8
282a7242_EV-025,2026-03-28T22:34:13.313427+00:00,2026-03-29T02:50:21.019583+00:00,33.0,4.2688,256.13,0002,0039,EV-025,collected,22.5667,2.8333,5,1,3,2026,33.0
282a7242_EV-026,2026-03-28T22:34:13.313427+00:00,2026-03-29T02:26:23.419557+00:00,60.06,3.8695,232.17,0002,0039,EV-026,collected,22.5667,2.4333,5,1,3,2026,60.06
282a7242_EV-027,2026-03-28T22:34:13.313427+00:00,2026-03-29T04:58:36.273356+00:00,33.0,6.4064,384.38,0002,0039,EV-027,collected,22.5667,4.9667,5,1,3,2026,33.0
282a7242_EV-028,2026-03-28T22:34:13.313427+00:00,2026-03-29T03:47:42.915071+00:00,47.5,5.2249,313.49,0002,0039,EV-028,collected,22.5667,3.7833,5,1,3,2026,47.5
282a7242_EV-029,2026-03-28T22:34:13.313427+00:00,2026-03-28T23:04:13.313427+00:00,14.5,0.5,30,0002,0039,EV-029,collected,22.5667,23.0667,5,1,3,2026,14.5
282a7242_EV-030,2026-03-28T22:34:13.313427+00:00,2026-03-29T05:49:39.696247+00:00,60.83,7.2573,435.44,0002,0039,EV-030,collected,22.5667,5.8167,5,1,3,2026,60.83
282a7242_EV-031,2026-03-28T22:34:13.313427+00:00,2026-03-28T23:04:13.313427+00:00,56.21,0.5,30,0002,0039,EV-031,collected,22.5667,23.0667,5,1,3,2026,56.21
282a7242_EV-032,2026-03-28T22:34:13.313427+00:00,2026-03-29T01:29:51.937489+00:00,18.0,2.9274,175.64,0002,0039,EV-032,collected,22.5667,1.4833,5,1,3,2026,18.0
282a7242_EV-033,2026-03-28T22:34:13.313427+00:00,2026-03-28T23:16:18.680326+00:00,31.5,0.7015,42.09,0002,0039,EV-033,collected,22.5667,23.2667,5,1,3,2026,31.5
282a7242_EV-034,2026-03-28T22:34:13.313427+00:00,2026-03-28T23:04:13.313427+00:00,61.5,0.5,30,0002,0039,EV-034,collected,22.5667,23.0667,5,1,3,2026,61.5
282a7242_EV-035,2026-03-28T22:34:13.313427+00:00,2026-03-28T23:04:13.313427+00:00,52.36,0.5,30,0002,0039,EV-035,collected,22.5667,23.0667,5,1,3,2026,52.36
282a7242_EV-036,2026-03-28T22:34:13.313427+00:00,2026-03-29T00:15:42.371252+00:00,42.35,1.6914,101.48,0002,0039,EV-036,collected,22.5667,0.25,5,1,3,2026,42.35
282a7242_EV-037,2026-03-28T22:34:13.313427+00:00,2026-03-29T06:29:05.433964+00:00,40.02,7.9145,474.87,0002,0039,EV-037,collected,22.5667,6.4833,5,1,3,2026,40.02
282a7242_EV-038,2026-03-28T22:34:13.313427+00:00,2026-03-28T23:04:13.313427+00:00,34.2,0.5,30,0002,0039,EV-038,collected,22.5667,23.0667,5,1,3,2026,34.2
282a7242_EV-039,2026-03-28T22:34:13.313427+00:00,2026-03-28T23:49:09.666004+00:00,56.05,1.249,74.94,0002,0039,EV-039,collected,22.5667,23.8167,5,1,3,2026,56.05
282a7242_EV-040,2026-03-28T22:34:13.313427+00:00,2026-03-29T01:08:26.050130+00:00,51.0,2.5702,154.21,0002,0039,EV-040,collected,22.5667,1.1333,5,1,3,2026,51.0
282a7242_EV-041,2026-03-28T22:34:13.313427+00:00,2026-03-28T23:31:44.045136+00:00,36.72,0.9585,57.51,0002,0039,EV-041,collected,22.5667,23.5167,5,1,3,2026,36.72
282a7242_EV-042,2026-03-28T22:34:13.313427+00:00,2026-03-28T23:04:13.313427+00:00,44.66,0.5,30,0002,0039,EV-042,collected,22.5667,23.0667,5,1,3,2026,44.66
282a7242_EV-043,2026-03-28T22:34:13.313427+00:00,2026-03-28T23:04:13.313427+00:00,61.75,0.5,30,0002,0039,EV-043,collected,22.5667,23.0667,5,1,3,2026,61.75
282a7242_EV-044,2026-03-28T22:34:13.313427+00:00,2026-03-29T00:27:57.118642+00:00,23.2,1.8955,113.73,0002,0039,EV-044,collected,22.5667,0.45,5,1,3,2026,23.2
282a7242_EV-045,2026-03-28T22:34:13.313427+00:00,2026-03-29T02:04:49.752684+00:00,43.12,3.5101,210.61,0002,0039,EV-045,collected,22.5667,2.0667,5,1,3,2026,43.12
282a7242_EV-046,2026-03-28T22:34:13.313427+00:00,2026-03-29T03:10:17.594382+00:00,24.4,4.6012,276.07,0002,0039,EV-046,collected,22.5667,3.1667,5,1,3,2026,24.4
282a7242_EV-047,2026-03-28T22:34:13.313427+00:00,2026-03-29T01:26:26.601894+00:00,64.0,2.8704,172.22,0002,0039,EV-047,collected,22.5667,1.4333,5,1,3,2026,64.0
282a7242_EV-048,2026-03-28T22:34:13.313427+00:00,2026-03-29T00:40:41.279492+00:00,46.98,2.1078,126.47,0002,0039,EV-048,collected,22.5667,0.6667,5,1,3,2026,46.98
282a7242_EV-049,2026-03-28T22:34:13.313427+00:00,2026-03-29T05:53:10.512462+00:00,43.12,7.3159,438.95,0002,0039,EV-049,collected,22.5667,5.8833,5,1,3,2026,43.12
d1ead7f4_EV-001,2026-03-28T22:37:24.531964+00:00,2026-03-29T05:17:08.092203+00:00,20.13,6.6621,399.73,0002,0039,EV-001,collected,22.6167,5.2833,5,1,3,2026,20.13
d1ead7f4_EV-002,2026-03-28T22:37:24.531964+00:00,2026-03-29T08:25:38.796403+00:00,22.8,9.804,588.24,0002,0039,EV-002,collected,22.6167,8.4167,5,1,3,2026,22.8
d1ead7f4_EV-003,2026-03-28T22:37:24.531964+00:00,2026-03-29T01:31:21.465182+00:00,23.43,2.8991,173.95,0002,0039,EV-003,collected,22.6167,1.5167,5,1,3,2026,23.43
d1ead7f4_EV-004,2026-03-28T22:37:24.531964+00:00,2026-03-29T04:12:45.596843+00:00,39.0,5.5892,335.35,0002,0039,EV-004,collected,22.6167,4.2,5,1,3,2026,39.0
d1ead7f4_EV-005,2026-03-28T22:37:24.531964+00:00,2026-03-29T04:00:00.036179+00:00,42.0,5.3765,322.59,0002,0039,EV-005,collected,22.6167,4.0,5,1,3,2026,42.0
d1ead7f4_EV-006,2026-03-28T22:37:24.531964+00:00,2026-03-28T23:07:24.531964+00:00,50.25,0.5,30,0002,0039,EV-006,collected,22.6167,23.1167,5,1,3,2026,50.25
d1ead7f4_EV-007,2026-03-28T22:37:24.531964+00:00,2026-03-28T23:07:24.531964+00:00,29.26,0.5,30,0002,0039,EV-007,collected,22.6167,23.1167,5,1,3,2026,29.26
d1ead7f4_EV-008,2026-03-28T22:37:24.531964+00:00,2026-03-29T01:58:32.420126+00:00,43.5,3.3522,201.13,0002,0039,EV-008,collected,22.6167,1.9667,5,1,3,2026,43.5
d1ead7f4_EV-009,2026-03-28T22:37:24.531964+00:00,2026-03-28T23:07:24.531964+00:00,45.75,0.5,30,0002,0039,EV-009,collected,22.6167,23.1167,5,1,3,2026,45.75
d1ead7f4_EV-010,2026-03-28T22:37:24.531964+00:00,2026-03-29T00:40:41.903378+00:00,31.68,2.0548,123.29,0002,0039,EV-010,collected,22.6167,0.6667,5,1,3,2026,31.68
d1ead7f4_EV-011,2026-03-28T22:37:24.531964+00:00,2026-03-29T03:41:14.820973+00:00,62.25,5.064,303.84,0002,0039,EV-011,collected,22.6167,3.6833,5,1,3,2026,62.25
d1ead7f4_EV-012,2026-03-28T22:37:24.531964+00:00,2026-03-28T23:07:24.531964+00:00,36.72,0.5,30,0002,0039,EV-012,collected,22.6167,23.1167,5,1,3,2026,36.72
d1ead7f4_EV-013,2026-03-28T22:37:24.531964+00:00,2026-03-29T02:37:26.583805+00:00,51.12,4.0006,240.03,0002,0039,EV-013,collected,22.6167,2.6167,5,1,3,2026,51.12
d1ead7f4_EV-014,2026-03-28T22:37:24.531964+00:00,2026-03-28T23:07:24.531964+00:00,23.6,0.5,30,0002,0039,EV-014,collected,22.6167,23.1167,5,1,3,2026,23.6
d1ead7f4_EV-015,2026-03-28T22:37:24.531964+00:00,2026-03-28T23:07:24.531964+00:00,26.5,0.5,30,0002,0039,EV-015,collected,22.6167,23.1167,5,1,3,2026,26.5
d1ead7f4_EV-016,2026-03-28T22:37:24.531964+00:00,2026-03-28T23:59:27.759074+00:00,66.0,1.3676,82.05,0002,0039,EV-016,collected,22.6167,23.9833,5,1,3,2026,66.0
d1ead7f4_EV-017,2026-03-28T22:37:24.531964+00:00,2026-03-29T03:18:08.892091+00:00,33.06,4.679,280.74,0002,0039,EV-017,collected,22.6167,3.3,5,1,3,2026,33.06
d1ead7f4_EV-018,2026-03-28T22:37:24.531964+00:00,2026-03-28T23:07:24.531964+00:00,42.35,0.5,30,0002,0039,EV-018,collected,22.6167,23.1167,5,1,3,2026,42.35
d1ead7f4_EV-019,2026-03-28T22:37:24.531964+00:00,2026-03-28T23:07:24.531964+00:00,47.4,0.5,30,0002,0039,EV-019,collected,22.6167,23.1167,5,1,3,2026,47.4
d1ead7f4_EV-020,2026-03-28T22:37:24.531964+00:00,2026-03-28T23:07:24.531964+00:00,81.7,0.5,30,0002,0039,EV-020,collected,22.6167,23.1167,5,1,3,2026,81.7
d1ead7f4_EV-021,2026-03-28T22:37:24.531964+00:00,2026-03-28T23:07:24.531964+00:00,24.0,0.5,30,0002,0039,EV-021,collected,22.6167,23.1167,5,1,3,2026,24.0
d1ead7f4_EV-022,2026-03-28T22:37:24.531964+00:00,2026-03-29T03:41:09.729714+00:00,35.4,5.0626,303.75,0002,0039,EV-022,collected,22.6167,3.6833,5,1,3,2026,35.4
d1ead7f4_EV-023,2026-03-28T22:37:24.531964+00:00,2026-03-29T01:50:46.904932+00:00,56.8,3.2229,193.37,0002,0039,EV-023,collected,22.6167,1.8333,5,1,3,2026,56.8
d1ead7f4_EV-024,2026-03-28T22:37:24.531964+00:00,2026-03-29T00:16:09.881804+00:00,44.8,1.6459,98.76,0002,0039,EV-024,collected,22.6167,0.2667,5,1,3,2026,44.8
d1ead7f4_EV-025,2026-03-28T22:37:24.531964+00:00,2026-03-29T02:50:52.351653+00:00,33.0,4.2244,253.46,0002,0039,EV-025,collected,22.6167,2.8333,5,1,3,2026,33.0
d1ead7f4_EV-026,2026-03-28T22:37:24.531964+00:00,2026-03-28T23:07:24.531964+00:00,60.06,0.5,30,0002,0039,EV-026,collected,22.6167,23.1167,5,1,3,2026,60.06
d1ead7f4_EV-027,2026-03-28T22:37:24.531964+00:00,2026-03-28T23:07:24.531964+00:00,33.0,0.5,30,0002,0039,EV-027,collected,22.6167,23.1167,5,1,3,2026,33.0
d1ead7f4_EV-028,2026-03-28T22:37:24.531964+00:00,2026-03-29T04:24:38.962427+00:00,47.5,5.7873,347.24,0002,0039,EV-028,collected,22.6167,4.4,5,1,3,2026,47.5
d1ead7f4_EV-029,2026-03-28T22:37:24.531964+00:00,2026-03-29T08:27:10.254414+00:00,14.5,9.8294,589.76,0002,0039,EV-029,collected,22.6167,8.45,5,1,3,2026,14.5
d1ead7f4_EV-030,2026-03-28T22:37:24.531964+00:00,2026-03-29T00:50:20.513808+00:00,60.83,2.2156,132.93,0002,0039,EV-030,collected,22.6167,0.8333,5,1,3,2026,60.83
d1ead7f4_EV-031,2026-03-28T22:37:24.531964+00:00,2026-03-29T02:43:22.821477+00:00,56.21,4.0995,245.97,0002,0039,EV-031,collected,22.6167,2.7167,5,1,3,2026,56.21
d1ead7f4_EV-032,2026-03-28T22:37:24.531964+00:00,2026-03-29T04:37:57.115182+00:00,18.0,6.0091,360.54,0002,0039,EV-032,collected,22.6167,4.6167,5,1,3,2026,18.0
d1ead7f4_EV-033,2026-03-28T22:37:24.531964+00:00,2026-03-28T23:07:24.531964+00:00,31.5,0.5,30,0002,0039,EV-033,collected,22.6167,23.1167,5,1,3,2026,31.5
d1ead7f4_EV-034,2026-03-28T22:37:24.531964+00:00,2026-03-29T08:59:04.219445+00:00,61.5,10.361,621.66,0002,0039,EV-034,collected,22.6167,8.9833,5,1,3,2026,61.5
d1ead7f4_EV-035,2026-03-28T22:37:24.531964+00:00,2026-03-29T06:24:22.292526+00:00,52.36,7.7827,466.96,0002,0039,EV-035,collected,22.6167,6.4,5,1,3,2026,52.36
d1ead7f4_EV-036,2026-03-28T22:37:24.531964+00:00,2026-03-29T03:37:50.373450+00:00,42.35,5.0072,300.43,0002,0039,EV-036,collected,22.6167,3.6167,5,1,3,2026,42.35
d1ead7f4_EV-037,2026-03-28T22:37:24.531964+00:00,2026-03-29T01:02:26.500845+00:00,40.02,2.4172,145.03,0002,0039,EV-037,collected,22.6167,1.0333,5,1,3,2026,40.02
d1ead7f4_EV-038,2026-03-28T22:37:24.531964+00:00,2026-03-29T05:00:24.509040+00:00,34.2,6.3833,383.0,0002,0039,EV-038,collected,22.6167,5.0,5,1,3,2026,34.2
d1ead7f4_EV-039,2026-03-28T22:37:24.531964+00:00,2026-03-29T04:39:18.446010+00:00,56.05,6.0316,361.9,0002,0039,EV-039,collected,22.6167,4.65,5,1,3,2026,56.05
d1ead7f4_EV-040,2026-03-28T22:37:24.531964+00:00,2026-03-29T05:38:06.159242+00:00,51.0,7.0116,420.69,0002,0039,EV-040,collected,22.6167,5.6333,5,1,3,2026,51.0
d1ead7f4_EV-041,2026-03-28T22:37:24.531964+00:00,2026-03-29T00:32:11.877788+00:00,36.72,1.9132,114.79,0002,0039,EV-041,collected,22.6167,0.5333,5,1,3,2026,36.72
d1ead7f4_EV-042,2026-03-28T22:37:24.531964+00:00,2026-03-29T00:41:21.471265+00:00,44.66,2.0658,123.95,0002,0039,EV-042,collected,22.6167,0.6833,5,1,3,2026,44.66
d1ead7f4_EV-043,2026-03-28T22:37:24.531964+00:00,2026-03-28T23:07:24.531964+00:00,61.75,0.5,30,0002,0039,EV-043,collected,22.6167,23.1167,5,1,3,2026,61.75
d1ead7f4_EV-044,2026-03-28T22:37:24.531964+00:00,2026-03-29T00:46:39.928709+00:00,23.2,2.1543,129.26,0002,0039,EV-044,collected,22.6167,0.7667,5,1,3,2026,23.2
d1ead7f4_EV-045,2026-03-28T22:37:24.531964+00:00,2026-03-29T05:52:52.149814+00:00,43.12,7.2577,435.46,0002,0039,EV-045,collected,22.6167,5.8667,5,1,3,2026,43.12
d1ead7f4_EV-046,2026-03-28T22:37:24.531964+00:00,2026-03-29T02:43:35.181024+00:00,24.4,4.103,246.18,0002,0039,EV-046,collected,22.6167,2.7167,5,1,3,2026,24.4
d1ead7f4_EV-047,2026-03-28T22:37:24.531964+00:00,2026-03-29T01:35:09.786066+00:00,64.0,2.9626,177.75,0002,0039,EV-047,collected,22.6167,1.5833,5,1,3,2026,64.0
d1ead7f4_EV-048,2026-03-28T22:37:24.531964+00:00,2026-03-29T08:21:12.673753+00:00,46.98,9.73,583.8,0002,0039,EV-048,collected,22.6167,8.35,5,1,3,2026,46.98
d1ead7f4_EV-049,2026-03-28T22:37:24.531964+00:00,2026-03-28T23:07:24.531964+00:00,43.12,0.5,30,0002,0039,EV-049,collected,22.6167,23.1167,5,1,3,2026,43.12
d0c32d63_EV-01,2026-03-28T08:00:00+00:00,2026-03-28T14:37:43.603734+00:00,45.0,6.6288,397.73,0002,0039,EV-01,collected,8.0,14.6167,5,1,3,2026,45.0
d0c32d63_EV-02,2026-03-28T08:30:00+00:00,2026-03-28T10:39:19.415136+00:00,24.0,2.1554,129.32,0002,0039,EV-02,collected,8.5,10.65,5,1,3,2026,24.0
d0c32d63_EV-03,2026-03-28T08:45:00+00:00,2026-03-28T11:37:25.657484+00:00,60.0,2.8738,172.43,0002,0039,EV-03,collected,8.75,11.6167,5,1,3,2026,60.0
d0c32d63_EV-04,2026-03-28T09:00:00+00:00,2026-03-28T09:30:00+00:00,27.0,0.5,30,0002,0039,EV-04,collected,9.0,9.5,5,1,3,2026,27.0
d0c32d63_EV-05,2026-03-28T09:15:00+00:00,2026-03-28T17:21:04.409415+00:00,30.0,8.1012,486.07,0002,0039,EV-05,collected,9.25,17.35,5,1,3,2026,30.0
d0c32d63_EV-06,2026-03-28T10:00:00+00:00,2026-03-28T13:08:48.937222+00:00,33.0,3.1469,188.82,0002,0039,EV-06,collected,10.0,13.1333,5,1,3,2026,33.0
d0c32d63_EV-07,2026-03-28T10:30:00+00:00,2026-03-28T12:40:22.997015+00:00,32.0,2.1731,130.38,0002,0039,EV-07,collected,10.5,12.6667,5,1,3,2026,32.0
d0c32d63_EV-08,2026-03-28T11:00:00+00:00,2026-03-28T22:01:50.343882+00:00,37.5,11.0307,661.84,0002,0039,EV-08,collected,11.0,22.0167,5,1,3,2026,37.5
d0c32d63_EV-09,2026-03-28T11:45:00+00:00,2026-03-28T20:45:02.442988+00:00,33.0,9.0007,540.04,0002,0039,EV-09,collected,11.75,20.75,5,1,3,2026,33.0
d0c32d63_EV-10,2026-03-28T12:00:00+00:00,2026-03-28T14:42:28.595435+00:00,35.0,2.7079,162.48,0002,0039,EV-10,collected,12.0,14.7,5,1,3,2026,35.0
f5b2a2c8_EV-01,2026-03-28T08:00:00+00:00,2026-03-28T08:30:00+00:00,45.0,0.5,30,0002,0039,EV-01,collected,8.0,8.5,5,1,3,2026,45.0
f5b2a2c8_EV-02,2026-03-28T08:30:00+00:00,2026-03-28T16:12:38.203460+00:00,24.0,7.7106,462.64,0002,0039,EV-02,collected,8.5,16.2,5,1,3,2026,24.0
f5b2a2c8_EV-03,2026-03-28T08:45:00+00:00,2026-03-28T20:10:26.547449+00:00,60.0,11.424,685.44,0002,0039,EV-03,collected,8.75,20.1667,5,1,3,2026,60.0
f5b2a2c8_EV-04,2026-03-28T09:00:00+00:00,2026-03-28T22:51:58.242251+00:00,27.0,13.8662,831.97,0002,0039,EV-04,collected,9.0,22.85,5,1,3,2026,27.0
f5b2a2c8_EV-05,2026-03-28T09:15:00+00:00,2026-03-29T02:20:39.322893+00:00,30.0,17.0943,1025.66,0002,0039,EV-05,collected,9.25,2.3333,5,1,3,2026,30.0
f5b2a2c8_EV-06,2026-03-28T10:00:00+00:00,2026-03-28T14:33:31.775947+00:00,33.0,4.5588,273.53,0002,0039,EV-06,collected,10.0,14.55,5,1,3,2026,33.0
f5b2a2c8_EV-07,2026-03-28T10:30:00+00:00,2026-03-28T12:39:58.522806+00:00,32.0,2.1663,129.98,0002,0039,EV-07,collected,10.5,12.65,5,1,3,2026,32.0
f5b2a2c8_EV-08,2026-03-28T11:00:00+00:00,2026-03-28T19:36:53.301929+00:00,37.5,8.6148,516.89,0002,0039,EV-08,collected,11.0,19.6,5,1,3,2026,37.5
f5b2a2c8_EV-09,2026-03-28T11:45:00+00:00,2026-03-28T19:38:42.595963+00:00,33.0,7.8952,473.71,0002,0039,EV-09,collected,11.75,19.6333,5,1,3,2026,33.0
f5b2a2c8_EV-10,2026-03-28T12:00:00+00:00,2026-03-29T01:49:04.758496+00:00,35.0,13.818,829.08,0002,0039,EV-10,collected,12.0,1.8167,5,1,3,2026,35.0
6d72275d_EV-01,2026-03-28T08:00:00+00:00,2026-03-28T18:26:18.648820+00:00,45.0,10.4385,626.31,0002,0039,EV-01,collected,8.0,18.4333,5,1,3,2026,45.0
6d72275d_EV-02,2026-03-28T08:30:00+00:00,2026-03-28T18:20:15.055828+00:00,24.0,9.8375,590.25,0002,0039,EV-02,collected,8.5,18.3333,5,1,3,2026,24.0
6d72275d_EV-03,2026-03-28T08:45:00+00:00,2026-03-28T16:21:07.222391+00:00,60.0,7.602,456.12,0002,0039,EV-03,collected,8.75,16.35,5,1,3,2026,60.0
6d72275d_EV-04,2026-03-28T09:00:00+00:00,2026-03-28T16:27:42.820974+00:00,27.0,7.4619,447.71,0002,0039,EV-04,collected,9.0,16.45,5,1,3,2026,27.0
6d72275d_EV-05,2026-03-28T09:15:00+00:00,2026-03-28T17:41:12.875423+00:00,30.0,8.4369,506.21,0002,0039,EV-05,collected,9.25,17.6833,5,1,3,2026,30.0
6d72275d_EV-06,2026-03-28T10:00:00+00:00,2026-03-28T13:58:30.400379+00:00,33.0,3.9751,238.51,0002,0039,EV-06,collected,10.0,13.9667,5,1,3,2026,33.0
6d72275d_EV-07,2026-03-28T10:30:00+00:00,2026-03-28T13:09:58.247716+00:00,32.0,2.6662,159.97,0002,0039,EV-07,collected,10.5,13.15,5,1,3,2026,32.0
6d72275d_EV-08,2026-03-28T11:00:00+00:00,2026-03-28T14:20:57.341132+00:00,37.5,3.3493,200.96,0002,0039,EV-08,collected,11.0,14.3333,5,1,3,2026,37.5
6d72275d_EV-09,2026-03-28T11:45:00+00:00,2026-03-29T01:32:46.792471+00:00,33.0,13.7963,827.78,0002,0039,EV-09,collected,11.75,1.5333,5,1,3,2026,33.0
6d72275d_EV-10,2026-03-28T12:00:00+00:00,2026-03-28T12:30:00+00:00,35.0,0.5,30,0002,0039,EV-10,collected,12.0,12.5,5,1,3,2026,35.0
a67aedaa_EV-01,2026-03-28T08:00:00+00:00,2026-03-28T10:14:55.659978+00:00,45.0,2.2488,134.93,0002,0039,EV-01,collected,8.0,10.2333,5,1,3,2026,45.0
a67aedaa_EV-02,2026-03-28T08:30:00+00:00,2026-03-28T16:07:01.296858+00:00,24.0,7.617,457.02,0002,0039,EV-02,collected,8.5,16.1167,5,1,3,2026,24.0
a67aedaa_EV-03,2026-03-28T08:45:00+00:00,2026-03-28T23:44:15.223466+00:00,60.0,14.9876,899.25,0002,0039,EV-03,collected,8.75,23.7333,5,1,3,2026,60.0
a67aedaa_EV-04,2026-03-28T09:00:00+00:00,2026-03-29T00:20:23.109136+00:00,27.0,15.3398,920.39,0002,0039,EV-04,collected,9.0,0.3333,5,1,3,2026,27.0
a67aedaa_EV-05,2026-03-28T09:15:00+00:00,2026-03-28T09:45:00+00:00,30.0,0.5,30,0002,0039,EV-05,collected,9.25,9.75,5,1,3,2026,30.0
a67aedaa_EV-06,2026-03-28T10:00:00+00:00,2026-03-28T17:19:10.509760+00:00,33.0,7.3196,439.18,0002,0039,EV-06,collected,10.0,17.3167,5,1,3,2026,33.0
a67aedaa_EV-07,2026-03-28T10:30:00+00:00,2026-03-28T11:06:39.650979+00:00,32.0,0.611,36.66,0002,0039,EV-07,collected,10.5,11.1,5,1,3,2026,32.0
a67aedaa_EV-08,2026-03-28T11:00:00+00:00,2026-03-28T11:45:35.721962+00:00,37.5,0.7599,45.6,0002,0039,EV-08,collected,11.0,11.75,5,1,3,2026,37.5
a67aedaa_EV-09,2026-03-28T11:45:00+00:00,2026-03-28T21:19:47.806762+00:00,33.0,9.5799,574.8,0002,0039,EV-09,collected,11.75,21.3167,5,1,3,2026,33.0
a67aedaa_EV-10,2026-03-28T12:00:00+00:00,2026-03-28T20:35:07.400583+00:00,35.0,8.5854,515.12,0002,0039,EV-10,collected,12.0,20.5833,5,1,3,2026,35.0
dcb2dbfe_EV-01,2026-03-28T08:00:00+00:00,2026-03-28T08:30:00+00:00,45.0,0.5,30,0002,0039,EV-01,collected,8.0,8.5,5,1,3,2026,45.0
dcb2dbfe_EV-02,2026-03-28T08:30:00+00:00,2026-03-29T04:11:46.277409+00:00,24.0,19.6962,1181.77,0002,0039,EV-02,collected,8.5,4.1833,5,1,3,2026,24.0
dcb2dbfe_EV-03,2026-03-28T08:45:00+00:00,2026-03-28T14:57:10.947877+00:00,60.0,6.203,372.18,0002,0039,EV-03,collected,8.75,14.95,5,1,3,2026,60.0
dcb2dbfe_EV-04,2026-03-28T09:00:00+00:00,2026-03-28T17:10:18.570123+00:00,27.0,8.1718,490.31,0002,0039,EV-04,collected,9.0,17.1667,5,1,3,2026,27.0
dcb2dbfe_EV-05,2026-03-28T09:15:00+00:00,2026-03-29T00:56:34.689288+00:00,30.0,15.693,941.58,0002,0039,EV-05,collected,9.25,0.9333,5,1,3,2026,30.0
dcb2dbfe_EV-06,2026-03-28T10:00:00+00:00,2026-03-28T13:06:57.650993+00:00,33.0,3.116,186.96,0002,0039,EV-06,collected,10.0,13.1,5,1,3,2026,33.0
dcb2dbfe_EV-07,2026-03-28T10:30:00+00:00,2026-03-28T13:34:31.526853+00:00,32.0,3.0754,184.53,0002,0039,EV-07,collected,10.5,13.5667,5,1,3,2026,32.0
dcb2dbfe_EV-08,2026-03-28T11:00:00+00:00,2026-03-28T14:59:22.659381+00:00,37.5,3.9896,239.38,0002,0039,EV-08,collected,11.0,14.9833,5,1,3,2026,37.5
dcb2dbfe_EV-09,2026-03-28T11:45:00+00:00,2026-03-28T13:47:22.426431+00:00,33.0,2.0396,122.37,0002,0039,EV-09,collected,11.75,13.7833,5,1,3,2026,33.0
dcb2dbfe_EV-10,2026-03-28T12:00:00+00:00,2026-03-28T19:52:04.769710+00:00,35.0,7.868,472.08,0002,0039,EV-10,collected,12.0,19.8667,5,1,3,2026,35.0
76c34796_EV-01,2026-03-28T08:00:00+00:00,2026-03-28T11:36:05.304961+00:00,45.0,3.6015,216.09,0002,0039,EV-01,collected,8.0,11.6,5,1,3,2026,45.0
76c34796_EV-02,2026-03-28T08:30:00+00:00,2026-03-28T10:33:55.439139+00:00,24.0,2.0654,123.92,0002,0039,EV-02,collected,8.5,10.55,5,1,3,2026,24.0
76c34796_EV-03,2026-03-28T08:45:00+00:00,2026-03-28T09:15:00+00:00,60.0,0.5,30,0002,0039,EV-03,collected,8.75,9.25,5,1,3,2026,60.0
76c34796_EV-04,2026-03-28T09:00:00+00:00,2026-03-28T20:23:02.423560+00:00,27.0,11.384,683.04,0002,0039,EV-04,collected,9.0,20.3833,5,1,3,2026,27.0
76c34796_EV-05,2026-03-28T09:15:00+00:00,2026-03-28T22:01:11.606776+00:00,30.0,12.7699,766.19,0002,0039,EV-05,collected,9.25,22.0167,5,1,3,2026,30.0
76c34796_EV-06,2026-03-28T10:00:00+00:00,2026-03-28T10:52:28.183189+00:00,33.0,0.8745,52.47,0002,0039,EV-06,collected,10.0,10.8667,5,1,3,2026,33.0
76c34796_EV-07,2026-03-28T10:30:00+00:00,2026-03-28T17:00:09.582899+00:00,32.0,6.5027,390.16,0002,0039,EV-07,collected,10.5,17.0,5,1,3,2026,32.0
76c34796_EV-08,2026-03-28T11:00:00+00:00,2026-03-28T15:23:24.935323+00:00,37.5,4.3903,263.42,0002,0039,EV-08,collected,11.0,15.3833,5,1,3,2026,37.5
76c34796_EV-09,2026-03-28T11:45:00+00:00,2026-03-28T21:51:17.441310+00:00,33.0,10.1048,606.29,0002,0039,EV-09,collected,11.75,21.85,5,1,3,2026,33.0
76c34796_EV-10,2026-03-28T12:00:00+00:00,2026-03-28T18:43:26.155165+00:00,35.0,6.7239,403.44,0002,0039,EV-10,collected,12.0,18.7167,5,1,3,2026,35.0
85f59bdd_EV-001,2026-03-28T08:13:36.544445+00:00,2026-03-28T10:16:08.173022+00:00,20.13,2.0421,122.53,0002,0039,EV-001,collected,8.2167,10.2667,5,1,3,2026,20.13
85f59bdd_EV-002,2026-03-28T08:28:22.397425+00:00,2026-03-28T12:28:57.237648+00:00,22.8,4.0097,240.58,0002,0039,EV-002,collected,8.4667,12.4667,5,1,3,2026,22.8
85f59bdd_EV-003,2026-03-28T08:34:06.442707+00:00,2026-03-28T17:30:36.171777+00:00,23.43,8.9416,536.5,0002,0039,EV-003,collected,8.5667,17.5,5,1,3,2026,23.43
85f59bdd_EV-004,2026-03-28T08:51:22.274970+00:00,2026-03-28T09:21:22.274970+00:00,39.0,0.5,30,0002,0039,EV-004,collected,8.85,9.35,5,1,3,2026,39.0
85f59bdd_EV-005,2026-03-28T08:54:34.041113+00:00,2026-03-28T16:39:15.075065+00:00,42.0,7.7447,464.68,0002,0039,EV-005,collected,8.9,16.65,5,1,3,2026,42.0
85f59bdd_EV-006,2026-03-28T09:38:45.325433+00:00,2026-03-28T13:57:22.206816+00:00,50.25,4.3102,258.61,0002,0039,EV-006,collected,9.6333,13.95,5,1,3,2026,50.25
85f59bdd_EV-007,2026-03-28T10:19:50.821887+00:00,2026-03-28T15:14:00.195581+00:00,29.26,4.9026,294.16,0002,0039,EV-007,collected,10.3167,15.2333,5,1,3,2026,29.26
85f59bdd_EV-008,2026-03-28T10:22:20.672741+00:00,2026-03-28T13:55:31.658594+00:00,43.5,3.5531,213.18,0002,0039,EV-008,collected,10.3667,13.9167,5,1,3,2026,43.5
85f59bdd_EV-009,2026-03-28T10:30:15.383820+00:00,2026-03-28T17:58:18.365510+00:00,45.75,7.4675,448.05,0002,0039,EV-009,collected,10.5,17.9667,5,1,3,2026,45.75
85f59bdd_EV-010,2026-03-28T10:39:56.399333+00:00,2026-03-28T16:15:25.715270+00:00,31.68,5.5915,335.49,0002,0039,EV-010,collected,10.65,16.25,5,1,3,2026,31.68
d20674d7_EV-001,2026-03-28T08:02:15.742799+00:00,2026-03-28T12:53:40.515079+00:00,20.13,4.8569,291.41,0002,0039,EV-001,collected,8.0333,12.8833,5,1,3,2026,20.13
d20674d7_EV-002,2026-03-28T08:04:26.609501+00:00,2026-03-28T08:34:26.609501+00:00,22.8,0.5,30,0002,0039,EV-002,collected,8.0667,8.5667,5,1,3,2026,22.8
d20674d7_EV-003,2026-03-28T08:10:40.309102+00:00,2026-03-28T12:26:32.684880+00:00,23.43,4.2645,255.87,0002,0039,EV-003,collected,8.1667,12.4333,5,1,3,2026,23.43
d20674d7_EV-004,2026-03-28T08:12:21.760899+00:00,2026-03-28T15:55:16.289665+00:00,39.0,7.7151,462.91,0002,0039,EV-004,collected,8.2,15.9167,5,1,3,2026,39.0
d20674d7_EV-005,2026-03-28T08:13:36.544445+00:00,2026-03-28T15:53:04.981182+00:00,42.0,7.6579,459.47,0002,0039,EV-005,collected,8.2167,15.8833,5,1,3,2026,42.0
d20674d7_EV-006,2026-03-28T08:20:41.225828+00:00,2026-03-28T08:50:41.225828+00:00,50.25,0.5,30,0002,0039,EV-006,collected,8.3333,8.8333,5,1,3,2026,50.25
d20674d7_EV-007,2026-03-28T08:22:31.017293+00:00,2026-03-28T20:45:29.692763+00:00,29.26,12.383,742.98,0002,0039,EV-007,collected,8.3667,20.75,5,1,3,2026,29.26
d20674d7_EV-008,2026-03-28T08:28:22.397425+00:00,2026-03-28T10:57:15.678094+00:00,43.5,2.4815,148.89,0002,0039,EV-008,collected,8.4667,10.95,5,1,3,2026,43.5
d20674d7_EV-009,2026-03-28T08:32:47.691435+00:00,2026-03-28T16:38:37.310300+00:00,45.75,8.0971,485.83,0002,0039,EV-009,collected,8.5333,16.6333,5,1,3,2026,45.75
d20674d7_EV-010,2026-03-28T08:33:10.117795+00:00,2026-03-28T11:47:34.715557+00:00,31.68,3.2402,194.41,0002,0039,EV-010,collected,8.55,11.7833,5,1,3,2026,31.68
d20674d7_EV-011,2026-03-28T08:33:43.388156+00:00,2026-03-28T20:59:05.497881+00:00,62.25,12.4228,745.37,0002,0039,EV-011,collected,8.55,20.9833,5,1,3,2026,62.25
d20674d7_EV-012,2026-03-28T08:34:06.442707+00:00,2026-03-28T14:31:51.117386+00:00,36.72,5.9624,357.74,0002,0039,EV-012,collected,8.5667,14.5167,5,1,3,2026,36.72
d20674d7_EV-013,2026-03-28T08:37:46.663941+00:00,2026-03-28T09:07:46.663941+00:00,51.12,0.5,30,0002,0039,EV-013,collected,8.6167,9.1167,5,1,3,2026,51.12
d20674d7_EV-014,2026-03-28T08:50:44.490957+00:00,2026-03-28T16:29:18.356712+00:00,23.6,7.6427,458.56,0002,0039,EV-014,collected,8.8333,16.4833,5,1,3,2026,23.6
d20674d7_EV-015,2026-03-28T08:51:22.274970+00:00,2026-03-28T09:21:22.274970+00:00,26.5,0.5,30,0002,0039,EV-015,collected,8.85,9.35,5,1,3,2026,26.5
d20674d7_EV-016,2026-03-28T08:53:06.850947+00:00,2026-03-28T13:45:26.469859+00:00,66.0,4.8721,292.33,0002,0039,EV-016,collected,8.8833,13.75,5,1,3,2026,66.0
d20674d7_EV-017,2026-03-28T08:54:34.041113+00:00,2026-03-28T17:47:12.452854+00:00,33.06,8.8773,532.64,0002,0039,EV-017,collected,8.9,17.7833,5,1,3,2026,33.06
d20674d7_EV-018,2026-03-28T09:08:53.971705+00:00,2026-03-28T10:38:55.040859+00:00,42.35,1.5003,90.02,0002,0039,EV-018,collected,9.1333,10.6333,5,1,3,2026,42.35
d20674d7_EV-019,2026-03-28T09:12:23.181190+00:00,2026-03-28T22:21:10.730242+00:00,47.4,13.1465,788.79,0002,0039,EV-019,collected,9.2,22.35,5,1,3,2026,47.4
d20674d7_EV-020,2026-03-28T09:13:38.220599+00:00,2026-03-28T14:56:46.572056+00:00,81.7,5.719,343.14,0002,0039,EV-020,collected,9.2167,14.9333,5,1,3,2026,81.7
d20674d7_EV-021,2026-03-28T09:25:13.834941+00:00,2026-03-28T14:17:21.911481+00:00,24.0,4.8689,292.13,0002,0039,EV-021,collected,9.4167,14.2833,5,1,3,2026,24.0
d20674d7_EV-022,2026-03-28T09:27:29.941420+00:00,2026-03-28T09:57:29.941420+00:00,35.4,0.5,30,0002,0039,EV-022,collected,9.45,9.95,5,1,3,2026,35.4
d20674d7_EV-023,2026-03-28T09:34:14.324182+00:00,2026-03-28T20:28:17.426586+00:00,56.8,10.9009,654.05,0002,0039,EV-023,collected,9.5667,20.4667,5,1,3,2026,56.8
d20674d7_EV-024,2026-03-28T09:38:45.325433+00:00,2026-03-28T19:03:01.081479+00:00,44.8,9.4044,564.26,0002,0039,EV-024,collected,9.6333,19.05,5,1,3,2026,44.8
d20674d7_EV-025,2026-03-28T09:41:10.648741+00:00,2026-03-28T15:09:28.845633+00:00,33.0,5.4717,328.3,0002,0039,EV-025,collected,9.6833,15.15,5,1,3,2026,33.0
d20674d7_EV-026,2026-03-28T09:41:58.635703+00:00,2026-03-28T17:34:47.244287+00:00,60.06,7.8802,472.81,0002,0039,EV-026,collected,9.6833,17.5667,5,1,3,2026,60.06
d20674d7_EV-027,2026-03-28T09:45:09.570118+00:00,2026-03-28T16:47:40.678184+00:00,33.0,7.042,422.52,0002,0039,EV-027,collected,9.75,16.7833,5,1,3,2026,33.0
d20674d7_EV-028,2026-03-28T09:45:10.546735+00:00,2026-03-28T17:32:02.930393+00:00,47.5,7.7812,466.87,0002,0039,EV-028,collected,9.75,17.5333,5,1,3,2026,47.5
d20674d7_EV-029,2026-03-28T09:52:12.453049+00:00,2026-03-28T12:39:58.868891+00:00,14.5,2.7962,167.77,0002,0039,EV-029,collected,9.8667,12.65,5,1,3,2026,14.5
d20674d7_EV-030,2026-03-28T09:58:45.990461+00:00,2026-03-28T10:28:45.990461+00:00,60.83,0.5,30,0002,0039,EV-030,collected,9.9667,10.4667,5,1,3,2026,60.83
d20674d7_EV-031,2026-03-28T10:06:24.492911+00:00,2026-03-28T14:16:45.437762+00:00,56.21,4.1725,250.35,0002,0039,EV-031,collected,10.1,14.2667,5,1,3,2026,56.21
d20674d7_EV-032,2026-03-28T10:10:34.974322+00:00,2026-03-28T16:24:15.672459+00:00,18.0,6.228,373.68,0002,0039,EV-032,collected,10.1667,16.4,5,1,3,2026,18.0
d20674d7_EV-033,2026-03-28T10:11:47.215792+00:00,2026-03-28T13:45:36.776735+00:00,31.5,3.5638,213.83,0002,0039,EV-033,collected,10.1833,13.75,5,1,3,2026,31.5
d20674d7_EV-034,2026-03-28T10:19:50.821887+00:00,2026-03-28T13:17:52.240178+00:00,61.5,2.9671,178.02,0002,0039,EV-034,collected,10.3167,13.2833,5,1,3,2026,61.5
d20674d7_EV-035,2026-03-28T10:22:20.672741+00:00,2026-03-28T13:17:39.082957+00:00,52.36,2.9218,175.31,0002,0039,EV-035,collected,10.3667,13.2833,5,1,3,2026,52.36
d20674d7_EV-036,2026-03-28T10:24:48.191667+00:00,2026-03-28T11:57:01.874365+00:00,42.35,1.5371,92.23,0002,0039,EV-036,collected,10.4,11.95,5,1,3,2026,42.35
d20674d7_EV-037,2026-03-28T10:30:15.383820+00:00,2026-03-28T11:59:25.808038+00:00,40.02,1.4862,89.17,0002,0039,EV-037,collected,10.5,11.9833,5,1,3,2026,40.02
d20674d7_EV-038,2026-03-28T10:32:04.917131+00:00,2026-03-28T15:35:42.090107+00:00,34.2,5.0603,303.62,0002,0039,EV-038,collected,10.5333,15.5833,5,1,3,2026,34.2
d20674d7_EV-039,2026-03-28T10:35:06.520017+00:00,2026-03-28T11:05:06.520017+00:00,56.05,0.5,30,0002,0039,EV-039,collected,10.5833,11.0833,5,1,3,2026,56.05
d20674d7_EV-040,2026-03-28T10:36:28.523271+00:00,2026-03-28T11:48:01.617583+00:00,51.0,1.1925,71.55,0002,0039,EV-040,collected,10.6,11.8,5,1,3,2026,51.0
d20674d7_EV-041,2026-03-28T10:37:48.987639+00:00,2026-03-28T13:14:19.467831+00:00,36.72,2.6085,156.51,0002,0039,EV-041,collected,10.6167,13.2333,5,1,3,2026,36.72
d20674d7_EV-042,2026-03-28T10:39:56.399333+00:00,2026-03-28T14:49:52.232255+00:00,44.66,4.1655,249.93,0002,0039,EV-042,collected,10.65,14.8167,5,1,3,2026,44.66
d20674d7_EV-043,2026-03-28T10:41:21.611521+00:00,2026-03-28T13:57:35.843350+00:00,61.75,3.2706,196.24,0002,0039,EV-043,collected,10.6833,13.95,5,1,3,2026,61.75
d20674d7_EV-044,2026-03-28T10:45:04.652472+00:00,2026-03-28T11:20:59.131304+00:00,23.2,0.5985,35.91,0002,0039,EV-044,collected,10.75,11.3333,5,1,3,2026,23.2
d20674d7_EV-045,2026-03-28T10:47:47.576833+00:00,2026-03-28T17:16:17.919394+00:00,43.12,6.4751,388.51,0002,0039,EV-045,collected,10.7833,17.2667,5,1,3,2026,43.12
d20674d7_EV-046,2026-03-28T10:54:36.431548+00:00,2026-03-28T17:29:42.919862+00:00,24.4,6.5851,395.11,0002,0039,EV-046,collected,10.9,17.4833,5,1,3,2026,24.4
d20674d7_EV-047,2026-03-28T10:56:49.586656+00:00,2026-03-28T13:30:57.614136+00:00,64.0,2.5689,154.13,0002,0039,EV-047,collected,10.9333,13.5,5,1,3,2026,64.0
d20674d7_EV-048,2026-03-28T10:57:26.226109+00:00,2026-03-28T13:03:21.581706+00:00,46.98,2.0987,125.92,0002,0039,EV-048,collected,10.95,13.05,5,1,3,2026,46.98
d20674d7_EV-049,2026-03-28T10:57:43.169647+00:00,2026-03-28T14:26:57.260055+00:00,43.12,3.4872,209.23,0002,0039,EV-049,collected,10.95,14.4333,5,1,3,2026,43.12
10a537e7_EV-001,2026-03-28T08:00:00+00:00,2026-03-28T08:37:29.236002+00:00,20.13,0.6248,37.49,0002,0039,EV-001,collected,8.0,8.6167,5,1,3,2026,20.13
10a537e7_EV-002,2026-03-28T08:03:45+00:00,2026-03-28T22:47:53.424475+00:00,22.8,14.7357,884.14,0002,0039,EV-002,collected,8.05,22.7833,5,1,3,2026,22.8
10a537e7_EV-003,2026-03-28T08:07:30+00:00,2026-03-28T19:02:20.017089+00:00,23.43,10.9139,654.83,0002,0039,EV-003,collected,8.1167,19.0333,5,1,3,2026,23.43
10a537e7_EV-004,2026-03-28T08:11:15+00:00,2026-03-28T13:19:24.881965+00:00,39.0,5.1361,308.16,0002,0039,EV-004,collected,8.1833,13.3167,5,1,3,2026,39.0
10a537e7_EV-005,2026-03-28T08:15:00+00:00,2026-03-28T09:33:43.056398+00:00,42.0,1.312,78.72,0002,0039,EV-005,collected,8.25,9.55,5,1,3,2026,42.0
10a537e7_EV-006,2026-03-28T08:18:45+00:00,2026-03-28T18:25:53.174665+00:00,50.25,10.1189,607.14,0002,0039,EV-006,collected,8.3,18.4167,5,1,3,2026,50.25
10a537e7_EV-007,2026-03-28T08:22:30+00:00,2026-03-28T09:57:26.944244+00:00,29.26,1.5825,94.95,0002,0039,EV-007,collected,8.3667,9.95,5,1,3,2026,29.26
10a537e7_EV-008,2026-03-28T08:26:15+00:00,2026-03-28T10:35:53.856018+00:00,43.5,2.1608,129.65,0002,0039,EV-008,collected,8.4333,10.5833,5,1,3,2026,43.5
10a537e7_EV-009,2026-03-28T08:30:00+00:00,2026-03-28T09:00:00+00:00,45.75,0.5,30,0002,0039,EV-009,collected,8.5,9.0,5,1,3,2026,45.75
10a537e7_EV-010,2026-03-28T08:33:45+00:00,2026-03-28T09:45:22.400330+00:00,31.68,1.1937,71.62,0002,0039,EV-010,collected,8.55,9.75,5,1,3,2026,31.68
10a537e7_EV-011,2026-03-28T08:37:30+00:00,2026-03-28T11:27:46.286202+00:00,62.25,2.8379,170.27,0002,0039,EV-011,collected,8.6167,11.45,5,1,3,2026,62.25
10a537e7_EV-012,2026-03-28T08:41:15+00:00,2026-03-28T09:11:15+00:00,36.72,0.5,30,0002,0039,EV-012,collected,8.6833,9.1833,5,1,3,2026,36.72
10a537e7_EV-013,2026-03-28T08:45:00+00:00,2026-03-28T13:43:37.704681+00:00,51.12,4.9771,298.63,0002,0039,EV-013,collected,8.75,13.7167,5,1,3,2026,51.12
10a537e7_EV-014,2026-03-28T08:48:45+00:00,2026-03-28T13:03:35.069956+00:00,23.6,4.2472,254.83,0002,0039,EV-014,collected,8.8,13.05,5,1,3,2026,23.6
10a537e7_EV-015,2026-03-28T08:52:30+00:00,2026-03-28T18:29:36.026886+00:00,26.5,9.6183,577.1,0002,0039,EV-015,collected,8.8667,18.4833,5,1,3,2026,26.5
10a537e7_EV-016,2026-03-28T08:56:15+00:00,2026-03-28T09:26:15+00:00,66.0,0.5,30,0002,0039,EV-016,collected,8.9333,9.4333,5,1,3,2026,66.0
10a537e7_EV-017,2026-03-28T09:00:00+00:00,2026-03-28T17:06:13.589757+00:00,33.06,8.1038,486.23,0002,0039,EV-017,collected,9.0,17.1,5,1,3,2026,33.06
10a537e7_EV-018,2026-03-28T09:03:45+00:00,2026-03-29T01:06:56.760928+00:00,42.35,16.0533,963.2,0002,0039,EV-018,collected,9.05,1.1,5,1,3,2026,42.35
10a537e7_EV-019,2026-03-28T09:07:30+00:00,2026-03-28T14:46:12.946404+00:00,47.4,5.6453,338.72,0002,0039,EV-019,collected,9.1167,14.7667,5,1,3,2026,47.4
10a537e7_EV-020,2026-03-28T09:11:15+00:00,2026-03-28T20:31:15.191278+00:00,81.7,11.3334,680.0,0002,0039,EV-020,collected,9.1833,20.5167,5,1,3,2026,81.7
10a537e7_EV-021,2026-03-28T09:15:00+00:00,2026-03-28T17:56:14.938808+00:00,24.0,8.6875,521.25,0002,0039,EV-021,collected,9.25,17.9333,5,1,3,2026,24.0
10a537e7_EV-022,2026-03-28T09:18:45+00:00,2026-03-28T23:30:19.524756+00:00,35.4,14.1929,851.58,0002,0039,EV-022,collected,9.3,23.5,5,1,3,2026,35.4
10a537e7_EV-023,2026-03-28T09:22:30+00:00,2026-03-28T11:09:48.458964+00:00,56.8,1.7885,107.31,0002,0039,EV-023,collected,9.3667,11.15,5,1,3,2026,56.8
10a537e7_EV-024,2026-03-28T09:26:15+00:00,2026-03-28T17:21:12.962902+00:00,44.8,7.9161,474.97,0002,0039,EV-024,collected,9.4333,17.35,5,1,3,2026,44.8
10a537e7_EV-025,2026-03-28T09:30:00+00:00,2026-03-28T22:35:46.296493+00:00,33.0,13.0962,785.77,0002,0039,EV-025,collected,9.5,22.5833,5,1,3,2026,33.0
10a537e7_EV-026,2026-03-28T09:33:45+00:00,2026-03-28T15:22:21.668295+00:00,60.06,5.8102,348.61,0002,0039,EV-026,collected,9.55,15.3667,5,1,3,2026,60.06
10a537e7_EV-027,2026-03-28T09:37:30+00:00,2026-03-28T13:26:40.530313+00:00,33.0,3.8196,229.18,0002,0039,EV-027,collected,9.6167,13.4333,5,1,3,2026,33.0
10a537e7_EV-028,2026-03-28T09:41:15+00:00,2026-03-28T12:25:57.485873+00:00,47.5,2.7451,164.71,0002,0039,EV-028,collected,9.6833,12.4167,5,1,3,2026,47.5
10a537e7_EV-029,2026-03-28T09:45:00+00:00,2026-03-28T10:44:19.463463+00:00,14.5,0.9887,59.32,0002,0039,EV-029,collected,9.75,10.7333,5,1,3,2026,14.5
10a537e7_EV-030,2026-03-28T09:48:45+00:00,2026-03-29T00:35:16.773220+00:00,60.83,14.7755,886.53,0002,0039,EV-030,collected,9.8,0.5833,5,1,3,2026,60.83
10a537e7_EV-031,2026-03-28T09:52:30+00:00,2026-03-28T23:00:28.911570+00:00,56.21,13.133,787.98,0002,0039,EV-031,collected,9.8667,23.0,5,1,3,2026,56.21
10a537e7_EV-032,2026-03-28T09:56:15+00:00,2026-03-28T12:32:51.984954+00:00,18.0,2.6103,156.62,0002,0039,EV-032,collected,9.9333,12.5333,5,1,3,2026,18.0
10a537e7_EV-033,2026-03-28T10:00:00+00:00,2026-03-28T15:30:05.717237+00:00,31.5,5.5016,330.1,0002,0039,EV-033,collected,10.0,15.5,5,1,3,2026,31.5
10a537e7_EV-034,2026-03-28T10:03:45+00:00,2026-03-28T12:16:10.550156+00:00,61.5,2.2071,132.43,0002,0039,EV-034,collected,10.05,12.2667,5,1,3,2026,61.5
10a537e7_EV-035,2026-03-28T10:07:30+00:00,2026-03-28T13:48:11.287801+00:00,52.36,3.6781,220.69,0002,0039,EV-035,collected,10.1167,13.8,5,1,3,2026,52.36
10a537e7_EV-036,2026-03-28T10:11:15+00:00,2026-03-28T14:00:05.749319+00:00,42.35,3.8141,228.85,0002,0039,EV-036,collected,10.1833,14.0,5,1,3,2026,42.35
10a537e7_EV-037,2026-03-28T10:15:00+00:00,2026-03-28T15:37:03.023786+00:00,40.02,5.3675,322.05,0002,0039,EV-037,collected,10.25,15.6167,5,1,3,2026,40.02
10a537e7_EV-038,2026-03-28T10:18:45+00:00,2026-03-28T17:14:12.945479+00:00,34.2,6.9244,415.47,0002,0039,EV-038,collected,10.3,17.2333,5,1,3,2026,34.2
10a537e7_EV-039,2026-03-28T10:22:30+00:00,2026-03-28T19:24:24.043367+00:00,56.05,9.0317,541.9,0002,0039,EV-039,collected,10.3667,19.4,5,1,3,2026,56.05
10a537e7_EV-040,2026-03-28T10:26:15+00:00,2026-03-28T11:08:05.401802+00:00,51.0,0.6973,41.84,0002,0039,EV-040,collected,10.4333,11.1333,5,1,3,2026,51.0
10a537e7_EV-041,2026-03-28T10:30:00+00:00,2026-03-28T11:16:58.853677+00:00,36.72,0.783,46.98,0002,0039,EV-041,collected,10.5,11.2667,5,1,3,2026,36.72
10a537e7_EV-042,2026-03-28T10:33:45+00:00,2026-03-28T12:46:39.426296+00:00,44.66,2.2151,132.91,0002,0039,EV-042,collected,10.55,12.7667,5,1,3,2026,44.66
10a537e7_EV-043,2026-03-28T10:37:30+00:00,2026-03-28T12:47:08.465669+00:00,61.75,2.1607,129.64,0002,0039,EV-043,collected,10.6167,12.7833,5,1,3,2026,61.75
10a537e7_EV-044,2026-03-28T10:41:15+00:00,2026-03-28T14:00:18.251249+00:00,23.2,3.3176,199.05,0002,0039,EV-044,collected,10.6833,14.0,5,1,3,2026,23.2
10a537e7_EV-045,2026-03-28T10:45:00+00:00,2026-03-28T15:29:52.979768+00:00,43.12,4.748,284.88,0002,0039,EV-045,collected,10.75,15.4833,5,1,3,2026,43.12
10a537e7_EV-046,2026-03-28T10:48:45+00:00,2026-03-28T15:48:22.507284+00:00,24.4,4.9938,299.63,0002,0039,EV-046,collected,10.8,15.8,5,1,3,2026,24.4
10a537e7_EV-047,2026-03-28T10:52:30+00:00,2026-03-28T12:33:02.303095+00:00,64.0,1.6756,100.54,0002,0039,EV-047,collected,10.8667,12.55,5,1,3,2026,64.0
10a537e7_EV-048,2026-03-28T10:56:15+00:00,2026-03-28T18:15:09.106823+00:00,46.98,7.315,438.9,0002,0039,EV-048,collected,10.9333,18.25,5,1,3,2026,46.98
10a537e7_EV-049,2026-03-28T11:00:00+00:00,2026-03-28T11:30:00+00:00,43.12,0.5,30,0002,0039,EV-049,collected,11.0,11.5,5,1,3,2026,43.12
1670c703_EV-001,2026-03-28T08:00:00+00:00,2026-03-28T08:30:00+00:00,20.13,0.5,30,0002,0039,EV-001,collected,8.0,8.5,5,1,3,2026,20.13
1670c703_EV-002,2026-03-28T08:00:00+00:00,2026-03-28T08:30:00+00:00,22.8,0.5,30,0002,0039,EV-002,collected,8.0,8.5,5,1,3,2026,22.8
1670c703_EV-003,2026-03-28T08:00:00+00:00,2026-03-28T12:13:06.055782+00:00,23.43,4.2183,253.1,0002,0039,EV-003,collected,8.0,12.2167,5,1,3,2026,23.43
1670c703_EV-004,2026-03-28T08:00:00+00:00,2026-03-28T15:50:26.415431+00:00,39.0,7.8407,470.44,0002,0039,EV-004,collected,8.0,15.8333,5,1,3,2026,39.0
1670c703_EV-005,2026-03-28T08:00:00+00:00,2026-03-28T14:11:26.960849+00:00,42.0,6.1908,371.45,0002,0039,EV-005,collected,8.0,14.1833,5,1,3,2026,42.0
1670c703_EV-006,2026-03-28T08:00:00+00:00,2026-03-28T19:55:10.023333+00:00,50.25,11.9195,715.17,0002,0039,EV-006,collected,8.0,19.9167,5,1,3,2026,50.25
1670c703_EV-007,2026-03-28T08:00:00+00:00,2026-03-28T08:33:31.854812+00:00,29.26,0.5588,33.53,0002,0039,EV-007,collected,8.0,8.55,5,1,3,2026,29.26
1670c703_EV-008,2026-03-28T08:00:00+00:00,2026-03-28T15:07:22.288918+00:00,43.5,7.1229,427.37,0002,0039,EV-008,collected,8.0,15.1167,5,1,3,2026,43.5
1670c703_EV-009,2026-03-28T08:00:00+00:00,2026-03-29T04:10:50.421523+00:00,45.75,20.1807,1210.84,0002,0039,EV-009,collected,8.0,4.1667,5,1,3,2026,45.75
1670c703_EV-010,2026-03-28T08:00:00+00:00,2026-03-28T16:21:11.967699+00:00,31.68,8.3533,501.2,0002,0039,EV-010,collected,8.0,16.35,5,1,3,2026,31.68
1670c703_EV-011,2026-03-28T08:00:00+00:00,2026-03-28T17:15:31.186393+00:00,62.25,9.2587,555.52,0002,0039,EV-011,collected,8.0,17.25,5,1,3,2026,62.25
1670c703_EV-012,2026-03-28T08:00:00+00:00,2026-03-28T17:00:51.227263+00:00,36.72,9.0142,540.85,0002,0039,EV-012,collected,8.0,17.0,5,1,3,2026,36.72
1670c703_EV-013,2026-03-28T08:00:00+00:00,2026-03-28T08:30:00+00:00,51.12,0.5,30,0002,0039,EV-013,collected,8.0,8.5,5,1,3,2026,51.12
1670c703_EV-014,2026-03-28T08:00:00+00:00,2026-03-28T11:45:14.001008+00:00,23.6,3.7539,225.23,0002,0039,EV-014,collected,8.0,11.75,5,1,3,2026,23.6
1670c703_EV-015,2026-03-28T08:00:00+00:00,2026-03-28T11:51:32.306176+00:00,26.5,3.859,231.54,0002,0039,EV-015,collected,8.0,11.85,5,1,3,2026,26.5
1670c703_EV-016,2026-03-28T08:00:00+00:00,2026-03-28T15:51:34.291088+00:00,66.0,7.8595,471.57,0002,0039,EV-016,collected,8.0,15.85,5,1,3,2026,66.0
1670c703_EV-017,2026-03-28T08:00:00+00:00,2026-03-28T13:43:30.926237+00:00,33.06,5.7253,343.52,0002,0039,EV-017,collected,8.0,13.7167,5,1,3,2026,33.06
1670c703_EV-018,2026-03-28T08:00:00+00:00,2026-03-28T08:30:00+00:00,42.35,0.5,30,0002,0039,EV-018,collected,8.0,8.5,5,1,3,2026,42.35
1670c703_EV-019,2026-03-28T08:00:00+00:00,2026-03-28T15:55:23.725356+00:00,47.4,7.9233,475.4,0002,0039,EV-019,collected,8.0,15.9167,5,1,3,2026,47.4
1670c703_EV-020,2026-03-28T08:00:00+00:00,2026-03-28T17:24:02.192635+00:00,81.7,9.4006,564.04,0002,0039,EV-020,collected,8.0,17.4,5,1,3,2026,81.7
1670c703_EV-021,2026-03-28T08:00:00+00:00,2026-03-28T16:11:46.220872+00:00,24.0,8.1962,491.77,0002,0039,EV-021,collected,8.0,16.1833,5,1,3,2026,24.0
1670c703_EV-022,2026-03-28T08:00:00+00:00,2026-03-28T13:37:06.582143+00:00,35.4,5.6185,337.11,0002,0039,EV-022,collected,8.0,13.6167,5,1,3,2026,35.4
1670c703_EV-023,2026-03-28T08:00:00+00:00,2026-03-28T09:35:27.904534+00:00,56.8,1.5911,95.47,0002,0039,EV-023,collected,8.0,9.5833,5,1,3,2026,56.8
1670c703_EV-024,2026-03-28T08:00:00+00:00,2026-03-28T19:13:51.259551+00:00,44.8,11.2309,673.85,0002,0039,EV-024,collected,8.0,19.2167,5,1,3,2026,44.8
1670c703_EV-025,2026-03-28T08:00:00+00:00,2026-03-28T19:06:44.097885+00:00,33.0,11.1122,666.73,0002,0039,EV-025,collected,8.0,19.1,5,1,3,2026,33.0
1670c703_EV-026,2026-03-28T08:00:00+00:00,2026-03-28T14:56:15.600522+00:00,60.06,6.9377,416.26,0002,0039,EV-026,collected,8.0,14.9333,5,1,3,2026,60.06
1670c703_EV-027,2026-03-28T08:00:00+00:00,2026-03-28T11:32:03.596939+00:00,33.0,3.5343,212.06,0002,0039,EV-027,collected,8.0,11.5333,5,1,3,2026,33.0
1670c703_EV-028,2026-03-28T08:00:00+00:00,2026-03-29T01:47:17.509075+00:00,47.5,17.7882,1067.29,0002,0039,EV-028,collected,8.0,1.7833,5,1,3,2026,47.5
1670c703_EV-029,2026-03-28T08:00:00+00:00,2026-03-28T20:03:43.746670+00:00,14.5,12.0622,723.73,0002,0039,EV-029,collected,8.0,20.05,5,1,3,2026,14.5
1670c703_EV-030,2026-03-28T08:00:00+00:00,2026-03-28T23:27:37.754464+00:00,60.83,15.4605,927.63,0002,0039,EV-030,collected,8.0,23.45,5,1,3,2026,60.83
1670c703_EV-031,2026-03-28T08:00:00+00:00,2026-03-28T22:07:40.293899+00:00,56.21,14.1279,847.67,0002,0039,EV-031,collected,8.0,22.1167,5,1,3,2026,56.21
1670c703_EV-032,2026-03-28T08:00:00+00:00,2026-03-28T15:00:48.526163+00:00,18.0,7.0135,420.81,0002,0039,EV-032,collected,8.0,15.0,5,1,3,2026,18.0
1670c703_EV-033,2026-03-28T08:00:00+00:00,2026-03-28T09:40:56.542118+00:00,31.5,1.6824,100.94,0002,0039,EV-033,collected,8.0,9.6667,5,1,3,2026,31.5
1670c703_EV-034,2026-03-28T08:00:00+00:00,2026-03-28T18:19:40.263066+00:00,61.5,10.3279,619.67,0002,0039,EV-034,collected,8.0,18.3167,5,1,3,2026,61.5
1670c703_EV-035,2026-03-28T08:00:00+00:00,2026-03-28T13:00:07.905779+00:00,52.36,5.0022,300.13,0002,0039,EV-035,collected,8.0,13.0,5,1,3,2026,52.36
1670c703_EV-036,2026-03-28T08:00:00+00:00,2026-03-28T16:11:00.251532+00:00,42.35,8.1834,491.0,0002,0039,EV-036,collected,8.0,16.1833,5,1,3,2026,42.35
1670c703_EV-037,2026-03-28T08:00:00+00:00,2026-03-28T09:12:21.087203+00:00,40.02,1.2059,72.35,0002,0039,EV-037,collected,8.0,9.2,5,1,3,2026,40.02
1670c703_EV-038,2026-03-28T08:00:00+00:00,2026-03-28T09:28:54.189006+00:00,34.2,1.4817,88.9,0002,0039,EV-038,collected,8.0,9.4667,5,1,3,2026,34.2
1670c703_EV-039,2026-03-28T08:00:00+00:00,2026-03-28T11:37:24.297776+00:00,56.05,3.6234,217.4,0002,0039,EV-039,collected,8.0,11.6167,5,1,3,2026,56.05
1670c703_EV-040,2026-03-28T08:00:00+00:00,2026-03-28T20:05:33.698149+00:00,51.0,12.0927,725.56,0002,0039,EV-040,collected,8.0,20.0833,5,1,3,2026,51.0
1670c703_EV-041,2026-03-28T08:00:00+00:00,2026-03-28T11:57:02.690055+00:00,36.72,3.9507,237.04,0002,0039,EV-041,collected,8.0,11.95,5,1,3,2026,36.72
1670c703_EV-042,2026-03-28T08:00:00+00:00,2026-03-28T19:22:13.669054+00:00,44.66,11.3705,682.23,0002,0039,EV-042,collected,8.0,19.3667,5,1,3,2026,44.66
1670c703_EV-043,2026-03-28T08:00:00+00:00,2026-03-29T00:21:30.210824+00:00,61.75,16.3584,981.5,0002,0039,EV-043,collected,8.0,0.35,5,1,3,2026,61.75
1670c703_EV-044,2026-03-28T08:00:00+00:00,2026-03-28T08:30:00+00:00,23.2,0.5,30,0002,0039,EV-044,collected,8.0,8.5,5,1,3,2026,23.2
1670c703_EV-045,2026-03-28T08:00:00+00:00,2026-03-28T08:30:00+00:00,43.12,0.5,30,0002,0039,EV-045,collected,8.0,8.5,5,1,3,2026,43.12
1670c703_EV-046,2026-03-28T08:00:00+00:00,2026-03-28T20:10:39.155945+00:00,24.4,12.1775,730.65,0002,0039,EV-046,collected,8.0,20.1667,5,1,3,2026,24.4
1670c703_EV-047,2026-03-28T08:00:00+00:00,2026-03-28T14:31:29.994578+00:00,64.0,6.525,391.5,0002,0039,EV-047,collected,8.0,14.5167,5,1,3,2026,64.0
1670c703_EV-048,2026-03-28T08:00:00+00:00,2026-03-28T08:30:00+00:00,46.98,0.5,30,0002,0039,EV-048,collected,8.0,8.5,5,1,3,2026,46.98
1670c703_EV-049,2026-03-28T08:00:00+00:00,2026-03-28T08:30:00+00:00,43.12,0.5,30,0002,0039,EV-049,collected,8.0,8.5,5,1,3,2026,43.12
020d8344_EV-001,2026-03-28T08:02:15.742799+00:00,2026-03-28T14:28:28.526201+00:00,20.13,6.4369,386.21,0002,0039,EV-001,collected,8.0333,14.4667,5,1,3,2026,20.13
020d8344_EV-002,2026-03-28T08:04:26.609501+00:00,2026-03-28T12:41:59.083094+00:00,22.8,4.6257,277.54,0002,0039,EV-002,collected,8.0667,12.6833,5,1,3,2026,22.8
020d8344_EV-003,2026-03-28T08:10:40.309102+00:00,2026-03-28T13:10:47.522724+00:00,23.43,5.002,300.12,0002,0039,EV-003,collected,8.1667,13.1667,5,1,3,2026,23.43
020d8344_EV-004,2026-03-28T08:12:21.760899+00:00,2026-03-28T18:22:25.152253+00:00,39.0,10.1676,610.06,0002,0039,EV-004,collected,8.2,18.3667,5,1,3,2026,39.0
020d8344_EV-005,2026-03-28T08:13:36.544445+00:00,2026-03-28T16:15:39.747863+00:00,42.0,8.0342,482.05,0002,0039,EV-005,collected,8.2167,16.25,5,1,3,2026,42.0
020d8344_EV-006,2026-03-28T08:20:41.225828+00:00,2026-03-28T16:18:09.079244+00:00,50.25,7.9577,477.46,0002,0039,EV-006,collected,8.3333,16.3,5,1,3,2026,50.25
020d8344_EV-007,2026-03-28T08:22:31.017293+00:00,2026-03-28T09:50:41.295822+00:00,29.26,1.4695,88.17,0002,0039,EV-007,collected,8.3667,9.8333,5,1,3,2026,29.26
020d8344_EV-008,2026-03-28T08:28:22.397425+00:00,2026-03-28T19:47:55.382587+00:00,43.5,11.3258,679.55,0002,0039,EV-008,collected,8.4667,19.7833,5,1,3,2026,43.5
020d8344_EV-009,2026-03-28T08:32:47.691435+00:00,2026-03-28T16:02:12.546902+00:00,45.75,7.4902,449.41,0002,0039,EV-009,collected,8.5333,16.0333,5,1,3,2026,45.75
020d8344_EV-010,2026-03-28T08:33:10.117795+00:00,2026-03-28T17:22:37.342799+00:00,31.68,8.8242,529.45,0002,0039,EV-010,collected,8.55,17.3667,5,1,3,2026,31.68
020d8344_EV-011,2026-03-28T08:33:43.388156+00:00,2026-03-28T09:03:43.388156+00:00,62.25,0.5,30,0002,0039,EV-011,collected,8.55,9.05,5,1,3,2026,62.25
020d8344_EV-012,2026-03-28T08:34:06.442707+00:00,2026-03-28T10:55:08.190245+00:00,36.72,2.3505,141.03,0002,0039,EV-012,collected,8.5667,10.9167,5,1,3,2026,36.72
020d8344_EV-013,2026-03-28T08:37:46.663941+00:00,2026-03-28T15:21:32.533088+00:00,51.12,6.7294,403.76,0002,0039,EV-013,collected,8.6167,15.35,5,1,3,2026,51.12
020d8344_EV-014,2026-03-28T08:50:44.490957+00:00,2026-03-28T10:54:35.028479+00:00,23.6,2.064,123.84,0002,0039,EV-014,collected,8.8333,10.9,5,1,3,2026,23.6
020d8344_EV-015,2026-03-28T08:51:22.274970+00:00,2026-03-28T09:21:22.274970+00:00,26.5,0.5,30,0002,0039,EV-015,collected,8.85,9.35,5,1,3,2026,26.5
020d8344_EV-016,2026-03-28T08:53:06.850947+00:00,2026-03-29T04:33:19.275476+00:00,66.0,19.6701,1180.21,0002,0039,EV-016,collected,8.8833,4.55,5,1,3,2026,66.0
020d8344_EV-017,2026-03-28T08:54:34.041113+00:00,2026-03-28T09:32:17.345054+00:00,33.06,0.6287,37.72,0002,0039,EV-017,collected,8.9,9.5333,5,1,3,2026,33.06
020d8344_EV-018,2026-03-28T09:08:53.971705+00:00,2026-03-28T13:44:09.270918+00:00,42.35,4.5876,275.25,0002,0039,EV-018,collected,9.1333,13.7333,5,1,3,2026,42.35
020d8344_EV-019,2026-03-28T09:12:23.181190+00:00,2026-03-28T13:16:05.368170+00:00,47.4,4.0617,243.7,0002,0039,EV-019,collected,9.2,13.2667,5,1,3,2026,47.4
020d8344_EV-020,2026-03-28T09:13:38.220599+00:00,2026-03-28T15:16:26.541858+00:00,81.7,6.0468,362.81,0002,0039,EV-020,collected,9.2167,15.2667,5,1,3,2026,81.7
020d8344_EV-021,2026-03-28T09:25:13.834941+00:00,2026-03-28T14:21:29.912230+00:00,24.0,4.9378,296.27,0002,0039,EV-021,collected,9.4167,14.35,5,1,3,2026,24.0
020d8344_EV-022,2026-03-28T09:27:29.941420+00:00,2026-03-28T09:57:29.941420+00:00,35.4,0.5,30,0002,0039,EV-022,collected,9.45,9.95,5,1,3,2026,35.4
020d8344_EV-023,2026-03-28T09:34:14.324182+00:00,2026-03-28T19:15:47.120164+00:00,56.8,9.6924,581.55,0002,0039,EV-023,collected,9.5667,19.25,5,1,3,2026,56.8
020d8344_EV-024,2026-03-28T09:38:45.325433+00:00,2026-03-29T06:17:01.736837+00:00,44.8,20.6379,1238.27,0002,0039,EV-024,collected,9.6333,6.2833,5,1,3,2026,44.8
020d8344_EV-025,2026-03-28T09:41:10.648741+00:00,2026-03-28T14:38:21.970835+00:00,33.0,4.9531,297.19,0002,0039,EV-025,collected,9.6833,14.6333,5,1,3,2026,33.0
020d8344_EV-026,2026-03-28T09:41:58.635703+00:00,2026-03-28T15:18:20.544504+00:00,60.06,5.6061,336.37,0002,0039,EV-026,collected,9.6833,15.3,5,1,3,2026,60.06
020d8344_EV-027,2026-03-28T09:45:09.570118+00:00,2026-03-28T12:37:41.988176+00:00,33.0,2.8757,172.54,0002,0039,EV-027,collected,9.75,12.6167,5,1,3,2026,33.0
020d8344_EV-028,2026-03-28T09:45:10.546735+00:00,2026-03-28T10:15:10.546735+00:00,47.5,0.5,30,0002,0039,EV-028,collected,9.75,10.25,5,1,3,2026,47.5
020d8344_EV-029,2026-03-28T09:52:12.453049+00:00,2026-03-28T19:52:56.899679+00:00,14.5,10.0123,600.74,0002,0039,EV-029,collected,9.8667,19.8667,5,1,3,2026,14.5
020d8344_EV-030,2026-03-28T09:58:45.990461+00:00,2026-03-28T12:32:14.972703+00:00,60.83,2.5581,153.48,0002,0039,EV-030,collected,9.9667,12.5333,5,1,3,2026,60.83
020d8344_EV-031,2026-03-28T10:06:24.492911+00:00,2026-03-28T12:20:05.222591+00:00,56.21,2.228,133.68,0002,0039,EV-031,collected,10.1,12.3333,5,1,3,2026,56.21
020d8344_EV-032,2026-03-28T10:10:34.974322+00:00,2026-03-28T13:27:50.101482+00:00,18.0,3.2875,197.25,0002,0039,EV-032,collected,10.1667,13.45,5,1,3,2026,18.0
020d8344_EV-033,2026-03-28T10:11:47.215792+00:00,2026-03-28T16:51:41.108714+00:00,31.5,6.665,399.9,0002,0039,EV-033,collected,10.1833,16.85,5,1,3,2026,31.5
020d8344_EV-034,2026-03-28T10:19:50.821887+00:00,2026-03-28T17:08:57.173811+00:00,61.5,6.8184,409.11,0002,0039,EV-034,collected,10.3167,17.1333,5,1,3,2026,61.5
020d8344_EV-035,2026-03-28T10:22:20.672741+00:00,2026-03-28T16:03:02.859444+00:00,52.36,5.6784,340.7,0002,0039,EV-035,collected,10.3667,16.05,5,1,3,2026,52.36
020d8344_EV-036,2026-03-28T10:24:48.191667+00:00,2026-03-28T17:28:49.306775+00:00,42.35,7.067,424.02,0002,0039,EV-036,collected,10.4,17.4667,5,1,3,2026,42.35
020d8344_EV-037,2026-03-28T10:30:15.383820+00:00,2026-03-28T11:20:15.919395+00:00,40.02,0.8335,50.01,0002,0039,EV-037,collected,10.5,11.3333,5,1,3,2026,40.02
020d8344_EV-038,2026-03-28T10:32:04.917131+00:00,2026-03-28T11:44:33.335181+00:00,34.2,1.2079,72.47,0002,0039,EV-038,collected,10.5333,11.7333,5,1,3,2026,34.2
020d8344_EV-039,2026-03-28T10:35:06.520017+00:00,2026-03-28T13:13:01.459382+00:00,56.05,2.6319,157.92,0002,0039,EV-039,collected,10.5833,13.2167,5,1,3,2026,56.05
020d8344_EV-040,2026-03-28T10:36:28.523271+00:00,2026-03-28T18:26:46.746436+00:00,51.0,7.8384,470.3,0002,0039,EV-040,collected,10.6,18.4333,5,1,3,2026,51.0
020d8344_EV-041,2026-03-28T10:37:48.987639+00:00,2026-03-28T11:50:42.411099+00:00,36.72,1.2148,72.89,0002,0039,EV-041,collected,10.6167,11.8333,5,1,3,2026,36.72
020d8344_EV-042,2026-03-28T10:39:56.399333+00:00,2026-03-28T14:08:53.071203+00:00,44.66,3.4824,208.94,0002,0039,EV-042,collected,10.65,14.1333,5,1,3,2026,44.66
020d8344_EV-043,2026-03-28T10:41:21.611521+00:00,2026-03-28T17:10:36.109256+00:00,61.75,6.4874,389.24,0002,0039,EV-043,collected,10.6833,17.1667,5,1,3,2026,61.75
020d8344_EV-044,2026-03-28T10:45:04.652472+00:00,2026-03-28T17:59:29.146390+00:00,23.2,7.2401,434.41,0002,0039,EV-044,collected,10.75,17.9833,5,1,3,2026,23.2
020d8344_EV-045,2026-03-28T10:47:47.576833+00:00,2026-03-28T14:25:26.056838+00:00,43.12,3.6274,217.64,0002,0039,EV-045,collected,10.7833,14.4167,5,1,3,2026,43.12
020d8344_EV-046,2026-03-28T10:54:36.431548+00:00,2026-03-28T15:36:12.741735+00:00,24.4,4.6934,281.61,0002,0039,EV-046,collected,10.9,15.6,5,1,3,2026,24.4
020d8344_EV-047,2026-03-28T10:56:49.586656+00:00,2026-03-28T18:46:42.117592+00:00,64.0,7.8313,469.88,0002,0039,EV-047,collected,10.9333,18.7667,5,1,3,2026,64.0
020d8344_EV-048,2026-03-28T10:57:26.226109+00:00,2026-03-28T11:27:26.226109+00:00,46.98,0.5,30,0002,0039,EV-048,collected,10.95,11.45,5,1,3,2026,46.98
020d8344_EV-049,2026-03-28T10:57:43.169647+00:00,2026-03-28T15:50:53.354655+00:00,43.12,4.8862,293.17,0002,0039,EV-049,collected,10.95,15.8333,5,1,3,2026,43.12
6fa6e729_EV-001,2026-03-28T09:00:00+00:00,2026-03-28T16:13:40.259727+00:00,22.0,7.2278,433.67,0002,0039,EV-001,collected,9.0,16.2167,5,1,3,2026,22.0
6fa6e729_EV-002,2026-03-28T09:00:00+00:00,2026-03-28T15:29:07.342699+00:00,34.0,6.4854,389.12,0002,0039,EV-002,collected,9.0,15.4833,5,1,3,2026,34.0
6fa6e729_EV-003,2026-03-28T09:00:00+00:00,2026-03-28T22:42:00.552014+00:00,40.2,13.7002,822.01,0002,0039,EV-003,collected,9.0,22.7,5,1,3,2026,40.2
6fa6e729_EV-004,2026-03-28T09:00:00+00:00,2026-03-28T10:31:30.877992+00:00,41.25,1.5252,91.51,0002,0039,EV-004,collected,9.0,10.5167,5,1,3,2026,41.25
6fa6e729_EV-005,2026-03-28T09:00:00+00:00,2026-03-28T16:38:26.622181+00:00,27.2,7.6407,458.44,0002,0039,EV-005,collected,9.0,16.6333,5,1,3,2026,27.2
6fa6e729_EV-006,2026-03-28T09:00:00+00:00,2026-03-28T15:09:49.456149+00:00,23.2,6.1637,369.82,0002,0039,EV-006,collected,9.0,15.15,5,1,3,2026,23.2
6fa6e729_EV-007,2026-03-28T09:00:00+00:00,2026-03-28T13:11:59.514597+00:00,43.89,4.1999,251.99,0002,0039,EV-007,collected,9.0,13.1833,5,1,3,2026,43.89
6fa6e729_EV-008,2026-03-28T09:00:00+00:00,2026-03-29T10:16:38.298230+00:00,36.0,25.2773,1516.64,0002,0039,EV-008,collected,9.0,10.2667,5,1,3,2026,36.0
6fa6e729_EV-009,2026-03-28T09:00:00+00:00,2026-03-28T20:58:34.565145+00:00,53.9,11.9763,718.58,0002,0039,EV-009,collected,9.0,20.9667,5,1,3,2026,53.9
6fa6e729_EV-010,2026-03-28T09:00:00+00:00,2026-03-28T16:01:07.247401+00:00,42.75,7.0187,421.12,0002,0039,EV-010,collected,9.0,16.0167,5,1,3,2026,42.75
6fa6e729_EV-011,2026-03-28T09:00:00+00:00,2026-03-28T13:05:03.899625+00:00,28.5,4.0844,245.06,0002,0039,EV-011,collected,9.0,13.0833,5,1,3,2026,28.5
6fa6e729_EV-012,2026-03-28T09:00:00+00:00,2026-03-28T12:48:55.093813+00:00,35.0,3.8153,228.92,0002,0039,EV-012,collected,9.0,12.8,5,1,3,2026,35.0
6fa6e729_EV-013,2026-03-28T09:00:00+00:00,2026-03-28T12:30:15.803702+00:00,53.9,3.5044,210.26,0002,0039,EV-013,collected,9.0,12.5,5,1,3,2026,53.9
6fa6e729_EV-014,2026-03-28T09:00:00+00:00,2026-03-28T17:18:45.684404+00:00,17.49,8.3127,498.76,0002,0039,EV-014,collected,9.0,17.3,5,1,3,2026,17.49
6fa6e729_EV-015,2026-03-28T09:00:00+00:00,2026-03-28T17:47:50.294413+00:00,48.0,8.7973,527.84,0002,0039,EV-015,collected,9.0,17.7833,5,1,3,2026,48.0
6fa6e729_EV-016,2026-03-28T09:00:00+00:00,2026-03-28T19:08:05.102872+00:00,28.8,10.1348,608.09,0002,0039,EV-016,collected,9.0,19.1333,5,1,3,2026,28.8
6fa6e729_EV-017,2026-03-28T09:00:00+00:00,2026-03-28T15:08:03.495012+00:00,36.0,6.1343,368.06,0002,0039,EV-017,collected,9.0,15.1333,5,1,3,2026,36.0
6fa6e729_EV-018,2026-03-28T09:00:00+00:00,2026-03-28T14:20:23.709527+00:00,30.24,5.3399,320.4,0002,0039,EV-018,collected,9.0,14.3333,5,1,3,2026,30.24
6fa6e729_EV-019,2026-03-28T09:00:00+00:00,2026-03-28T09:30:00+00:00,39.5,0.5,30,0002,0039,EV-019,collected,9.0,9.5,5,1,3,2026,39.5
6fa6e729_EV-020,2026-03-28T09:00:00+00:00,2026-03-28T15:01:02.758995+00:00,35.25,6.0174,361.05,0002,0039,EV-020,collected,9.0,15.0167,5,1,3,2026,35.25
4818e1b5_HEAVY-01,2026-03-28T09:00:00+00:00,2026-03-28T09:30:00+00:00,31.2,0.5,30,0002,0039,HEAVY-01,collected,9.0,9.5,5,1,3,2026,31.2
4818e1b5_HEAVY-02,2026-03-28T09:05:00+00:00,2026-03-28T09:35:00+00:00,34.2,0.5,30,0002,0039,HEAVY-02,collected,9.0833,9.5833,5,1,3,2026,34.2
4818e1b5_HEAVY-03,2026-03-28T09:08:00+00:00,2026-03-28T15:53:17.308781+00:00,33.75,6.7548,405.29,0002,0039,HEAVY-03,collected,9.1333,15.8833,5,1,3,2026,33.75
4818e1b5_HEAVY-04,2026-03-28T09:10:00+00:00,2026-03-28T19:30:53.772473+00:00,53.9,10.3483,620.9,0002,0039,HEAVY-04,collected,9.1667,19.5,5,1,3,2026,53.9
4818e1b5_HEAVY-05,2026-03-28T09:15:00+00:00,2026-03-28T17:27:43.395585+00:00,31.0,8.2121,492.72,0002,0039,HEAVY-05,collected,9.25,17.45,5,1,3,2026,31.0
4818e1b5_HEAVY-06,2026-03-28T09:18:00+00:00,2026-03-28T21:26:02.275119+00:00,38.86,12.134,728.04,0002,0039,HEAVY-06,collected,9.3,21.4333,5,1,3,2026,38.86
4818e1b5_HEAVY-07,2026-03-28T09:20:00+00:00,2026-03-28T09:50:00+00:00,27.36,0.5,30,0002,0039,HEAVY-07,collected,9.3333,9.8333,5,1,3,2026,27.36
4818e1b5_HEAVY-08,2026-03-28T09:25:00+00:00,2026-03-28T09:55:00+00:00,44.66,0.5,30,0002,0039,HEAVY-08,collected,9.4167,9.9167,5,1,3,2026,44.66
4818e1b5_HEAVY-09,2026-03-28T09:28:00+00:00,2026-03-29T03:41:15.962529+00:00,32.8,18.2211,1093.27,0002,0039,HEAVY-09,collected,9.4667,3.6833,5,1,3,2026,32.8
4818e1b5_HEAVY-10,2026-03-28T09:30:00+00:00,2026-03-28T10:00:00+00:00,27.0,0.5,30,0002,0039,HEAVY-10,collected,9.5,10.0,5,1,3,2026,27.0
4818e1b5_HEAVY-11,2026-03-28T09:35:00+00:00,2026-03-28T18:08:11.812738+00:00,60.0,8.5533,513.2,0002,0039,HEAVY-11,collected,9.5833,18.1333,5,1,3,2026,60.0
4818e1b5_HEAVY-12,2026-03-28T09:38:00+00:00,2026-03-29T09:15:12.028596+00:00,42.75,23.62,1417.2,0002,0039,HEAVY-12,collected,9.6333,9.25,5,1,3,2026,42.75
4818e1b5_HEAVY-13,2026-03-28T09:40:00+00:00,2026-03-29T02:02:12.826982+00:00,23.1,16.3702,982.21,0002,0039,HEAVY-13,collected,9.6667,2.0333,5,1,3,2026,23.1
4818e1b5_HEAVY-14,2026-03-28T09:45:00+00:00,2026-03-28T19:36:52.329308+00:00,29.6,9.8645,591.87,0002,0039,HEAVY-14,collected,9.75,19.6,5,1,3,2026,29.6
4818e1b5_HEAVY-15,2026-03-28T09:48:00+00:00,2026-03-28T15:35:26.621259+00:00,26.0,5.7907,347.44,0002,0039,HEAVY-15,collected,9.8,15.5833,5,1,3,2026,26.0
4818e1b5_HEAVY-16,2026-03-28T09:50:00+00:00,2026-03-28T17:18:21.611207+00:00,34.5,7.4727,448.36,0002,0039,HEAVY-16,collected,9.8333,17.3,5,1,3,2026,34.5
4818e1b5_HEAVY-17,2026-03-28T09:55:00+00:00,2026-03-28T22:01:48.918203+00:00,38.16,12.1136,726.82,0002,0039,HEAVY-17,collected,9.9167,22.0167,5,1,3,2026,38.16
4818e1b5_HEAVY-18,2026-03-28T09:58:00+00:00,2026-03-28T23:27:21.776952+00:00,22.5,13.4894,809.36,0002,0039,HEAVY-18,collected,9.9667,23.45,5,1,3,2026,22.5
4818e1b5_HEAVY-19,2026-03-28T10:00:00+00:00,2026-03-28T17:22:07.159786+00:00,32.4,7.3687,442.12,0002,0039,HEAVY-19,collected,10.0,17.3667,5,1,3,2026,32.4
4818e1b5_HEAVY-20,2026-03-28T10:05:00+00:00,2026-03-28T13:13:29.854298+00:00,30.0,3.1416,188.5,0002,0039,HEAVY-20,collected,10.0833,13.2167,5,1,3,2026,30.0
4818e1b5_HEAVY-21,2026-03-28T10:10:00+00:00,2026-03-28T13:56:46.990213+00:00,36.96,3.7797,226.78,0002,0039,HEAVY-21,collected,10.1667,13.9333,5,1,3,2026,36.96
4818e1b5_HEAVY-22,2026-03-28T10:15:00+00:00,2026-03-28T10:45:00+00:00,58.52,0.5,30,0002,0039,HEAVY-22,collected,10.25,10.75,5,1,3,2026,58.52
4818e1b5_HEAVY-23,2026-03-28T10:20:00+00:00,2026-03-28T15:05:13.753888+00:00,32.0,4.7538,285.23,0002,0039,HEAVY-23,collected,10.3333,15.0833,5,1,3,2026,32.0
4818e1b5_HEAVY-24,2026-03-28T10:25:00+00:00,2026-03-28T13:22:20.880484+00:00,17.4,2.9558,177.35,0002,0039,HEAVY-24,collected,10.4167,13.3667,5,1,3,2026,17.4
4818e1b5_HEAVY-25,2026-03-28T10:30:00+00:00,2026-03-28T14:46:47.173029+00:00,58.5,4.2798,256.79,0002,0039,HEAVY-25,collected,10.5,14.7667,5,1,3,2026,58.5
18bb535a_KNOWN-01,2026-03-28T09:00:00+00:00,2026-03-28T10:30:00+00:00,26.0,1.5,90.0,0002,0039,KNOWN-01,collected,9.0,10.5,5,1,3,2026,26.0
18bb535a_KNOWN-02,2026-03-28T09:05:00+00:00,2026-03-28T11:05:00+00:00,36.0,2.0,120.0,0002,0039,KNOWN-02,collected,9.0833,11.0833,5,1,3,2026,36.0
18bb535a_KNOWN-03,2026-03-28T09:10:00+00:00,2026-03-28T11:40:00+00:00,31.5,2.5,150.0,0002,0039,KNOWN-03,collected,9.1667,11.6667,5,1,3,2026,31.5
18bb535a_KNOWN-04,2026-03-28T09:12:00+00:00,2026-03-28T10:42:00+00:00,33.75,1.5,90.0,0002,0039,KNOWN-04,collected,9.2,10.7,5,1,3,2026,33.75
18bb535a_KNOWN-05,2026-03-28T09:15:00+00:00,2026-03-28T11:15:00+00:00,53.9,2.0,120.0,0002,0039,KNOWN-05,collected,9.25,11.25,5,1,3,2026,53.9
18bb535a_KNOWN-06,2026-03-28T09:18:00+00:00,2026-03-28T12:18:00+00:00,33.06,3.0,180.0,0002,0039,KNOWN-06,collected,9.3,12.3,5,1,3,2026,33.06
18bb535a_KNOWN-07,2026-03-28T09:20:00+00:00,2026-03-28T10:50:00+00:00,26.0,1.5,90.0,0002,0039,KNOWN-07,collected,9.3333,10.8333,5,1,3,2026,26.0
18bb535a_KNOWN-08,2026-03-28T09:25:00+00:00,2026-03-28T11:25:00+00:00,28.8,2.0,120.0,0002,0039,KNOWN-08,collected,9.4167,11.4167,5,1,3,2026,28.8
18bb535a_UNKNOWN-01,2026-03-28T09:30:00+00:00,2026-03-28T20:38:27.913699+00:00,43.2,11.1411,668.47,0002,0039,UNKNOWN-01,collected,9.5,20.6333,5,1,3,2026,43.2
18bb535a_UNKNOWN-02,2026-03-28T09:35:00+00:00,2026-03-28T21:51:00.535886+00:00,38.5,12.2668,736.01,0002,0039,UNKNOWN-02,collected,9.5833,21.85,5,1,3,2026,38.5
18bb535a_UNKNOWN-03,2026-03-28T09:40:00+00:00,2026-03-28T14:53:32.010882+00:00,27.2,5.2256,313.53,0002,0039,UNKNOWN-03,collected,9.6667,14.8833,5,1,3,2026,27.2
18bb535a_UNKNOWN-04,2026-03-28T09:45:00+00:00,2026-03-28T18:31:58.915552+00:00,31.5,8.783,526.98,0002,0039,UNKNOWN-04,collected,9.75,18.5167,5,1,3,2026,31.5
18bb535a_UNKNOWN-05,2026-03-28T09:50:00+00:00,2026-03-28T22:23:29.824148+00:00,40.6,12.5583,753.5,0002,0039,UNKNOWN-05,collected,9.8333,22.3833,5,1,3,2026,40.6
18bb535a_UNKNOWN-06,2026-03-28T09:55:00+00:00,2026-03-28T11:32:29.916638+00:00,40.85,1.625,97.5,0002,0039,UNKNOWN-06,collected,9.9167,11.5333,5,1,3,2026,40.85
18bb535a_UNKNOWN-07,2026-03-28T10:00:00+00:00,2026-03-28T11:41:22.908622+00:00,32.0,1.6897,101.38,0002,0039,UNKNOWN-07,collected,10.0,11.6833,5,1,3,2026,32.0
18bb535a_UNKNOWN-08,2026-03-28T10:05:00+00:00,2026-03-28T12:39:01.191574+00:00,28.0,2.567,154.02,0002,0039,UNKNOWN-08,collected,10.0833,12.65,5,1,3,2026,28.0
18bb535a_UNKNOWN-09,2026-03-28T10:10:00+00:00,2026-03-28T12:06:26.062944+00:00,43.89,1.9406,116.43,0002,0039,UNKNOWN-09,collected,10.1667,12.1,5,1,3,2026,43.89
18bb535a_UNKNOWN-10,2026-03-28T10:15:00+00:00,2026-03-28T15:27:52.096196+00:00,58.32,5.2145,312.87,0002,0039,UNKNOWN-10,collected,10.25,15.45,5,1,3,2026,58.32
18bb535a_UNKNOWN-11,2026-03-28T10:20:00+00:00,2026-03-28T13:27:19.041223+00:00,15.18,3.122,187.32,0002,0039,UNKNOWN-11,collected,10.3333,13.45,5,1,3,2026,15.18
18bb535a_UNKNOWN-12,2026-03-28T10:30:00+00:00,2026-03-28T14:25:33.437743+00:00,30.6,3.926,235.56,0002,0039,UNKNOWN-12,collected,10.5,14.4167,5,1,3,2026,30.6
ff8bf1e5_EV-001,2026-03-28T08:10:40.309102+00:00,2026-03-28T21:54:13.331882+00:00,20.13,13.7258,823.55,0002,0039,EV-001,collected,8.1667,21.9,5,1,3,2026,20.13
ff8bf1e5_EV-002,2026-03-28T08:12:21.760899+00:00,2026-03-28T21:42:20.853938+00:00,22.8,13.4997,809.98,0002,0039,EV-002,collected,8.2,21.7,5,1,3,2026,22.8
ff8bf1e5_EV-003,2026-03-28T08:13:36.544445+00:00,2026-03-28T17:48:15.811561+00:00,23.43,9.5776,574.65,0002,0039,EV-003,collected,8.2167,17.8,5,1,3,2026,23.43
ff8bf1e5_EV-004,2026-03-28T08:28:22.397425+00:00,2026-03-29T00:01:51.454817+00:00,39.0,15.5581,933.48,0002,0039,EV-004,collected,8.4667,0.0167,5,1,3,2026,39.0
ff8bf1e5_EV-005,2026-03-28T08:32:47.691435+00:00,2026-03-28T23:45:05.222076+00:00,42.0,15.2049,912.29,0002,0039,EV-005,collected,8.5333,23.75,5,1,3,2026,42.0
ff8bf1e5_EV-006,2026-03-28T08:34:06.442707+00:00,2026-03-28T22:09:47.088413+00:00,50.25,13.5946,815.68,0002,0039,EV-006,collected,8.5667,22.15,5,1,3,2026,50.25
ff8bf1e5_EV-007,2026-03-28T08:37:46.663941+00:00,2026-03-28T15:12:09.358288+00:00,29.26,6.573,394.38,0002,0039,EV-007,collected,8.6167,15.2,5,1,3,2026,29.26
ff8bf1e5_EV-008,2026-03-28T08:50:44.490957+00:00,2026-03-28T17:22:24.094145+00:00,43.5,8.5277,511.66,0002,0039,EV-008,collected,8.8333,17.3667,5,1,3,2026,43.5
ff8bf1e5_EV-009,2026-03-28T08:51:22.274970+00:00,2026-03-28T09:21:22.274970+00:00,45.75,0.5,30,0002,0039,EV-009,collected,8.85,9.35,5,1,3,2026,45.75
ff8bf1e5_EV-010,2026-03-28T08:53:06.850947+00:00,2026-03-28T18:21:42.084084+00:00,31.68,9.4765,568.59,0002,0039,EV-010,collected,8.8833,18.35,5,1,3,2026,31.68
ff8bf1e5_EV-011,2026-03-28T08:54:34.041113+00:00,2026-03-28T14:52:27.498788+00:00,62.25,5.9648,357.89,0002,0039,EV-011,collected,8.9,14.8667,5,1,3,2026,62.25
ff8bf1e5_EV-012,2026-03-28T09:12:23.181190+00:00,2026-03-29T01:22:13.333975+00:00,36.72,16.1639,969.84,0002,0039,EV-012,collected,9.2,1.3667,5,1,3,2026,36.72
ff8bf1e5_EV-013,2026-03-28T09:25:13.834941+00:00,2026-03-29T04:31:11.602862+00:00,51.12,19.0994,1145.96,0002,0039,EV-013,collected,9.4167,4.5167,5,1,3,2026,51.12
ff8bf1e5_EV-014,2026-03-28T09:27:29.941420+00:00,2026-03-28T19:37:40.328250+00:00,23.6,10.1696,610.17,0002,0039,EV-014,collected,9.45,19.6167,5,1,3,2026,23.6
ff8bf1e5_EV-015,2026-03-28T09:38:45.325433+00:00,2026-03-29T02:18:41.633084+00:00,26.5,16.6656,999.94,0002,0039,EV-015,collected,9.6333,2.3,5,1,3,2026,26.5
ff8bf1e5_EV-016,2026-03-28T09:41:10.648741+00:00,2026-03-28T22:05:15.768719+00:00,66.0,12.4014,744.09,0002,0039,EV-016,collected,9.6833,22.0833,5,1,3,2026,66.0
ff8bf1e5_EV-017,2026-03-28T09:41:58.635703+00:00,2026-03-28T10:11:58.635703+00:00,33.06,0.5,30,0002,0039,EV-017,collected,9.6833,10.1833,5,1,3,2026,33.06
ff8bf1e5_EV-018,2026-03-28T09:45:09.570118+00:00,2026-03-28T17:33:38.327953+00:00,42.35,7.808,468.48,0002,0039,EV-018,collected,9.75,17.55,5,1,3,2026,42.35
ff8bf1e5_EV-019,2026-03-28T09:45:10.546735+00:00,2026-03-28T19:30:38.871070+00:00,47.4,9.7579,585.47,0002,0039,EV-019,collected,9.75,19.5,5,1,3,2026,47.4
ff8bf1e5_EV-020,2026-03-28T09:52:12.453049+00:00,2026-03-28T20:44:50.988350+00:00,81.7,10.8774,652.64,0002,0039,EV-020,collected,9.8667,20.7333,5,1,3,2026,81.7
ff8bf1e5_EV-021,2026-03-28T09:58:45.990461+00:00,2026-03-28T21:33:54.380048+00:00,24.0,11.5857,695.14,0002,0039,EV-021,collected,9.9667,21.55,5,1,3,2026,24.0
ff8bf1e5_EV-022,2026-03-28T10:19:50.821887+00:00,2026-03-28T16:11:48.180380+00:00,35.4,5.8659,351.96,0002,0039,EV-022,collected,10.3167,16.1833,5,1,3,2026,35.4
ff8bf1e5_EV-023,2026-03-28T10:22:20.672741+00:00,2026-03-28T12:55:41.779801+00:00,56.8,2.5559,153.35,0002,0039,EV-023,collected,10.3667,12.9167,5,1,3,2026,56.8
ff8bf1e5_EV-024,2026-03-28T10:24:48.191667+00:00,2026-03-28T12:20:14.192166+00:00,44.8,1.9239,115.43,0002,0039,EV-024,collected,10.4,12.3333,5,1,3,2026,44.8
ff8bf1e5_EV-025,2026-03-28T10:30:15.383820+00:00,2026-03-28T13:55:57.515780+00:00,33.0,3.4284,205.7,0002,0039,EV-025,collected,10.5,13.9167,5,1,3,2026,33.0
ff8bf1e5_EV-026,2026-03-28T10:36:28.523271+00:00,2026-03-28T12:46:36.606156+00:00,60.06,2.1689,130.13,0002,0039,EV-026,collected,10.6,12.7667,5,1,3,2026,60.06
ff8bf1e5_EV-027,2026-03-28T10:37:48.987639+00:00,2026-03-28T11:07:48.987639+00:00,33.0,0.5,30,0002,0039,EV-027,collected,10.6167,11.1167,5,1,3,2026,33.0
ff8bf1e5_EV-028,2026-03-28T10:39:56.399333+00:00,2026-03-28T15:48:38.621436+00:00,47.5,5.1451,308.7,0002,0039,EV-028,collected,10.65,15.8,5,1,3,2026,47.5
ff8bf1e5_EV-029,2026-03-28T10:45:04.652472+00:00,2026-03-28T11:54:26.103164+00:00,14.5,1.156,69.36,0002,0039,EV-029,collected,10.75,11.9,5,1,3,2026,14.5
ff8bf1e5_EV-030,2026-03-28T10:57:26.226109+00:00,2026-03-28T14:02:31.709560+00:00,60.83,3.0849,185.09,0002,0039,EV-030,collected,10.95,14.0333,5,1,3,2026,60.83
69cfe6a8_EV-001,2026-03-28T08:02:15.742799+00:00,2026-03-28T08:32:15.742799+00:00,20.13,0.5,30,0002,0039,EV-001,collected,8.0333,8.5333,5,1,3,2026,20.13
69cfe6a8_EV-002,2026-03-28T08:04:26.609501+00:00,2026-03-28T08:34:26.609501+00:00,22.8,0.5,30,0002,0039,EV-002,collected,8.0667,8.5667,5,1,3,2026,22.8
69cfe6a8_EV-003,2026-03-28T08:10:40.309102+00:00,2026-03-28T15:02:04.658018+00:00,23.43,6.8568,411.41,0002,0039,EV-003,collected,8.1667,15.0333,5,1,3,2026,23.43
69cfe6a8_EV-004,2026-03-28T08:12:21.760899+00:00,2026-03-28T12:48:20.197308+00:00,39.0,4.5996,275.97,0002,0039,EV-004,collected,8.2,12.8,5,1,3,2026,39.0
69cfe6a8_EV-005,2026-03-28T08:13:36.544445+00:00,2026-03-28T11:43:48.029348+00:00,42.0,3.5032,210.19,0002,0039,EV-005,collected,8.2167,11.7167,5,1,3,2026,42.0
69cfe6a8_EV-006,2026-03-28T08:20:41.225828+00:00,2026-03-29T01:45:23.626957+00:00,50.25,17.4118,1044.71,0002,0039,EV-006,collected,8.3333,1.75,5,1,3,2026,50.25
69cfe6a8_EV-007,2026-03-28T08:22:31.017293+00:00,2026-03-28T13:49:57.549441+00:00,29.26,5.4574,327.44,0002,0039,EV-007,collected,8.3667,13.8167,5,1,3,2026,29.26
69cfe6a8_EV-008,2026-03-28T08:28:22.397425+00:00,2026-03-28T08:58:22.397425+00:00,43.5,0.5,30,0002,0039,EV-008,collected,8.4667,8.9667,5,1,3,2026,43.5
69cfe6a8_EV-009,2026-03-28T08:32:47.691435+00:00,2026-03-28T22:00:49.270035+00:00,45.75,13.4671,808.03,0002,0039,EV-009,collected,8.5333,22.0,5,1,3,2026,45.75
69cfe6a8_EV-010,2026-03-28T08:33:10.117795+00:00,2026-03-28T15:29:30.639196+00:00,31.68,6.939,416.34,0002,0039,EV-010,collected,8.55,15.4833,5,1,3,2026,31.68
69cfe6a8_EV-011,2026-03-28T08:33:43.388156+00:00,2026-03-28T14:59:23.705589+00:00,62.25,6.4279,385.67,0002,0039,EV-011,collected,8.55,14.9833,5,1,3,2026,62.25
69cfe6a8_EV-012,2026-03-28T08:34:06.442707+00:00,2026-03-28T14:42:02.087657+00:00,36.72,6.1321,367.93,0002,0039,EV-012,collected,8.5667,14.7,5,1,3,2026,36.72
69cfe6a8_EV-013,2026-03-28T08:37:46.663941+00:00,2026-03-28T21:26:20.425415+00:00,51.12,12.8094,768.56,0002,0039,EV-013,collected,8.6167,21.4333,5,1,3,2026,51.12
69cfe6a8_EV-014,2026-03-28T08:50:44.490957+00:00,2026-03-28T13:35:00.658866+00:00,23.6,4.7378,284.27,0002,0039,EV-014,collected,8.8333,13.5833,5,1,3,2026,23.6
69cfe6a8_EV-015,2026-03-28T08:51:22.274970+00:00,2026-03-28T13:39:59.304009+00:00,26.5,4.8103,288.62,0002,0039,EV-015,collected,8.85,13.65,5,1,3,2026,26.5
69cfe6a8_EV-016,2026-03-28T08:53:06.850947+00:00,2026-03-28T16:53:44.560377+00:00,66.0,8.0105,480.63,0002,0039,EV-016,collected,8.8833,16.8833,5,1,3,2026,66.0
69cfe6a8_EV-017,2026-03-28T08:54:34.041113+00:00,2026-03-28T23:19:16.455033+00:00,33.06,14.4118,864.71,0002,0039,EV-017,collected,8.9,23.3167,5,1,3,2026,33.06
69cfe6a8_EV-018,2026-03-28T09:08:53.971705+00:00,2026-03-28T09:38:53.971705+00:00,42.35,0.5,30,0002,0039,EV-018,collected,9.1333,9.6333,5,1,3,2026,42.35
69cfe6a8_EV-019,2026-03-28T09:12:23.181190+00:00,2026-03-28T09:42:23.181190+00:00,47.4,0.5,30,0002,0039,EV-019,collected,9.2,9.7,5,1,3,2026,47.4
69cfe6a8_EV-020,2026-03-28T09:13:38.220599+00:00,2026-03-28T21:30:16.364235+00:00,81.7,12.2773,736.64,0002,0039,EV-020,collected,9.2167,21.5,5,1,3,2026,81.7
69cfe6a8_EV-021,2026-03-28T09:25:13.834941+00:00,2026-03-28T15:22:47.646761+00:00,24.0,5.9594,357.56,0002,0039,EV-021,collected,9.4167,15.3667,5,1,3,2026,24.0
69cfe6a8_EV-022,2026-03-28T09:27:29.941420+00:00,2026-03-28T23:54:34.082597+00:00,35.4,14.4512,867.07,0002,0039,EV-022,collected,9.45,23.9,5,1,3,2026,35.4
69cfe6a8_EV-023,2026-03-28T09:34:14.324182+00:00,2026-03-29T03:41:18.243187+00:00,56.8,18.1178,1087.07,0002,0039,EV-023,collected,9.5667,3.6833,5,1,3,2026,56.8
69cfe6a8_EV-024,2026-03-28T09:38:45.325433+00:00,2026-03-28T12:40:30.952719+00:00,44.8,3.0293,181.76,0002,0039,EV-024,collected,9.6333,12.6667,5,1,3,2026,44.8
69cfe6a8_EV-025,2026-03-28T09:41:10.648741+00:00,2026-03-28T20:25:03.893577+00:00,33.0,10.7315,643.89,0002,0039,EV-025,collected,9.6833,20.4167,5,1,3,2026,33.0
69cfe6a8_EV-026,2026-03-28T09:41:58.635703+00:00,2026-03-28T17:27:44.210327+00:00,60.06,7.7627,465.76,0002,0039,EV-026,collected,9.6833,17.45,5,1,3,2026,60.06
69cfe6a8_EV-027,2026-03-28T09:45:09.570118+00:00,2026-03-29T00:46:45.264331+00:00,33.0,15.0266,901.59,0002,0039,EV-027,collected,9.75,0.7667,5,1,3,2026,33.0
69cfe6a8_EV-028,2026-03-28T09:45:10.546735+00:00,2026-03-28T18:43:16.836650+00:00,47.5,8.9684,538.1,0002,0039,EV-028,collected,9.75,18.7167,5,1,3,2026,47.5
69cfe6a8_EV-029,2026-03-28T09:51:51.813097+00:00,2026-03-28T15:09:02.068132+00:00,14.5,5.2862,317.17,0002,0039,EV-029,collected,9.85,15.15,5,1,3,2026,14.5
69cfe6a8_EV-030,2026-03-28T09:52:12.453049+00:00,2026-03-28T16:00:34.129822+00:00,60.83,6.1394,368.36,0002,0039,EV-030,collected,9.8667,16.0,5,1,3,2026,60.83
69cfe6a8_EV-031,2026-03-28T09:58:45.990461+00:00,2026-03-28T13:14:02.979310+00:00,56.21,3.2547,195.28,0002,0039,EV-031,collected,9.9667,13.2333,5,1,3,2026,56.21
69cfe6a8_EV-032,2026-03-28T10:06:24.492911+00:00,2026-03-28T13:46:30.328014+00:00,18.0,3.6683,220.1,0002,0039,EV-032,collected,10.1,13.7667,5,1,3,2026,18.0
69cfe6a8_EV-033,2026-03-28T10:10:34.974322+00:00,2026-03-28T14:20:13.671385+00:00,31.5,4.1607,249.64,0002,0039,EV-033,collected,10.1667,14.3333,5,1,3,2026,31.5
69cfe6a8_EV-034,2026-03-28T10:11:47.215792+00:00,2026-03-28T12:24:29.414652+00:00,61.5,2.2117,132.7,0002,0039,EV-034,collected,10.1833,12.4,5,1,3,2026,61.5
69cfe6a8_EV-035,2026-03-28T10:19:50.821887+00:00,2026-03-28T12:23:11.259625+00:00,52.36,2.0557,123.34,0002,0039,EV-035,collected,10.3167,12.3833,5,1,3,2026,52.36
69cfe6a8_EV-036,2026-03-28T10:22:20.672741+00:00,2026-03-28T10:59:31.239129+00:00,42.35,0.6196,37.18,0002,0039,EV-036,collected,10.3667,10.9833,5,1,3,2026,42.35
69cfe6a8_EV-037,2026-03-28T10:24:48.191667+00:00,2026-03-28T13:44:33.970217+00:00,40.02,3.3294,199.76,0002,0039,EV-037,collected,10.4,13.7333,5,1,3,2026,40.02
69cfe6a8_EV-038,2026-03-28T10:30:15.383820+00:00,2026-03-28T14:20:11.026392+00:00,34.2,3.8321,229.93,0002,0039,EV-038,collected,10.5,14.3333,5,1,3,2026,34.2
69cfe6a8_EV-039,2026-03-28T10:32:04.917131+00:00,2026-03-28T14:28:48.532759+00:00,56.05,3.9454,236.73,0002,0039,EV-039,collected,10.5333,14.4667,5,1,3,2026,56.05
69cfe6a8_EV-040,2026-03-28T10:35:06.520017+00:00,2026-03-28T14:08:50.362788+00:00,51.0,3.5622,213.73,0002,0039,EV-040,collected,10.5833,14.1333,5,1,3,2026,51.0
69cfe6a8_EV-041,2026-03-28T10:36:28.523271+00:00,2026-03-28T14:34:42.300840+00:00,36.72,3.9705,238.23,0002,0039,EV-041,collected,10.6,14.5667,5,1,3,2026,36.72
69cfe6a8_EV-042,2026-03-28T10:37:48.987639+00:00,2026-03-28T17:10:25.804402+00:00,44.66,6.5436,392.61,0002,0039,EV-042,collected,10.6167,17.1667,5,1,3,2026,44.66
69cfe6a8_EV-043,2026-03-28T10:39:56.399333+00:00,2026-03-28T12:26:36.584073+00:00,61.75,1.7778,106.67,0002,0039,EV-043,collected,10.65,12.4333,5,1,3,2026,61.75
69cfe6a8_EV-044,2026-03-28T10:41:21.611521+00:00,2026-03-28T11:38:10.730895+00:00,23.2,0.947,56.82,0002,0039,EV-044,collected,10.6833,11.6333,5,1,3,2026,23.2
69cfe6a8_EV-045,2026-03-28T10:45:04.652472+00:00,2026-03-28T17:02:43.249137+00:00,43.12,6.2941,377.64,0002,0039,EV-045,collected,10.75,17.0333,5,1,3,2026,43.12
69cfe6a8_EV-046,2026-03-28T10:47:47.576833+00:00,2026-03-28T18:13:43.255105+00:00,24.4,7.4321,445.93,0002,0039,EV-046,collected,10.7833,18.2167,5,1,3,2026,24.4
69cfe6a8_EV-047,2026-03-28T10:54:36.431548+00:00,2026-03-28T11:24:36.431548+00:00,64.0,0.5,30,0002,0039,EV-047,collected,10.9,11.4,5,1,3,2026,64.0
69cfe6a8_EV-048,2026-03-28T10:56:49.586656+00:00,2026-03-28T11:26:49.586656+00:00,46.98,0.5,30,0002,0039,EV-048,collected,10.9333,11.4333,5,1,3,2026,46.98
69cfe6a8_EV-049,2026-03-28T10:57:26.226109+00:00,2026-03-28T16:44:02.325757+00:00,43.12,5.7767,346.6,0002,0039,EV-049,collected,10.95,16.7333,5,1,3,2026,43.12
69cfe6a8_EV-050,2026-03-28T10:57:43.169647+00:00,2026-03-28T16:40:48.445835+00:00,31.5,5.7181,343.09,0002,0039,EV-050,collected,10.95,16.6667,5,1,3,2026,31.5
23b59a88_EV-001,2026-03-28T08:02:15.742799+00:00,2026-03-28T22:23:26.256706+00:00,20.13,14.3529,861.18,0002,0039,EV-001,collected,8.0333,22.3833,5,1,3,2026,20.13
23b59a88_EV-002,2026-03-28T08:04:26.609501+00:00,2026-03-28T08:34:26.609501+00:00,22.8,0.5,30,0002,0039,EV-002,collected,8.0667,8.5667,5,1,3,2026,22.8
23b59a88_EV-003,2026-03-28T08:10:40.309102+00:00,2026-03-28T09:52:52.530903+00:00,23.43,1.7034,102.2,0002,0039,EV-003,collected,8.1667,9.8667,5,1,3,2026,23.43
23b59a88_EV-004,2026-03-28T08:12:21.760899+00:00,2026-03-28T11:24:35.610772+00:00,39.0,3.2038,192.23,0002,0039,EV-004,collected,8.2,11.4,5,1,3,2026,39.0
23b59a88_EV-005,2026-03-28T08:13:36.544445+00:00,2026-03-28T18:41:16.830776+00:00,42.0,10.4612,627.67,0002,0039,EV-005,collected,8.2167,18.6833,5,1,3,2026,42.0
23b59a88_EV-006,2026-03-28T08:20:41.225828+00:00,2026-03-28T18:15:50.314046+00:00,50.25,9.9192,595.15,0002,0039,EV-006,collected,8.3333,18.25,5,1,3,2026,50.25
23b59a88_EV-007,2026-03-28T08:22:31.017293+00:00,2026-03-29T00:42:36.168903+00:00,29.26,16.3348,980.09,0002,0039,EV-007,collected,8.3667,0.7,5,1,3,2026,29.26
23b59a88_EV-008,2026-03-28T08:28:22.397425+00:00,2026-03-28T10:35:35.742905+00:00,43.5,2.1204,127.22,0002,0039,EV-008,collected,8.4667,10.5833,5,1,3,2026,43.5
23b59a88_EV-009,2026-03-28T08:32:47.691435+00:00,2026-03-28T12:19:33.788888+00:00,45.75,3.7795,226.77,0002,0039,EV-009,collected,8.5333,12.3167,5,1,3,2026,45.75
23b59a88_EV-010,2026-03-28T08:33:10.117795+00:00,2026-03-28T21:47:59.960968+00:00,31.68,13.2472,794.83,0002,0039,EV-010,collected,8.55,21.7833,5,1,3,2026,31.68
23b59a88_EV-011,2026-03-28T08:33:43.388156+00:00,2026-03-28T18:09:47.376959+00:00,62.25,9.6011,576.07,0002,0039,EV-011,collected,8.55,18.15,5,1,3,2026,62.25
23b59a88_EV-012,2026-03-28T08:34:06.442707+00:00,2026-03-28T21:03:54.198619+00:00,36.72,12.4966,749.8,0002,0039,EV-012,collected,8.5667,21.05,5,1,3,2026,36.72
23b59a88_EV-013,2026-03-28T08:37:46.663941+00:00,2026-03-29T00:14:55.212748+00:00,51.12,15.619,937.14,0002,0039,EV-013,collected,8.6167,0.2333,5,1,3,2026,51.12
23b59a88_EV-014,2026-03-28T08:50:44.490957+00:00,2026-03-28T20:17:19.556680+00:00,23.6,11.4431,686.58,0002,0039,EV-014,collected,8.8333,20.2833,5,1,3,2026,23.6
23b59a88_EV-015,2026-03-28T08:51:22.274970+00:00,2026-03-28T16:15:39.543839+00:00,26.5,7.4048,444.29,0002,0039,EV-015,collected,8.85,16.25,5,1,3,2026,26.5
23b59a88_EV-016,2026-03-28T08:53:06.850947+00:00,2026-03-28T10:53:55.881232+00:00,66.0,2.0136,120.82,0002,0039,EV-016,collected,8.8833,10.8833,5,1,3,2026,66.0
23b59a88_EV-017,2026-03-28T08:54:34.041113+00:00,2026-03-28T12:29:04.839792+00:00,33.06,3.5752,214.51,0002,0039,EV-017,collected,8.9,12.4833,5,1,3,2026,33.06
23b59a88_EV-018,2026-03-28T09:08:53.971705+00:00,2026-03-28T20:44:39.660275+00:00,42.35,11.596,695.76,0002,0039,EV-018,collected,9.1333,20.7333,5,1,3,2026,42.35
23b59a88_EV-019,2026-03-28T09:12:23.181190+00:00,2026-03-28T12:02:48.172259+00:00,47.4,2.8403,170.42,0002,0039,EV-019,collected,9.2,12.0333,5,1,3,2026,47.4
23b59a88_EV-020,2026-03-28T09:13:38.220599+00:00,2026-03-28T14:04:47.426258+00:00,81.7,4.8526,291.15,0002,0039,EV-020,collected,9.2167,14.0667,5,1,3,2026,81.7
23b59a88_EV-021,2026-03-28T09:25:13.834941+00:00,2026-03-28T12:38:50.135458+00:00,24.0,3.2268,193.61,0002,0039,EV-021,collected,9.4167,12.6333,5,1,3,2026,24.0
23b59a88_EV-022,2026-03-28T09:27:29.941420+00:00,2026-03-28T22:06:49.074227+00:00,35.4,12.6553,759.32,0002,0039,EV-022,collected,9.45,22.1,5,1,3,2026,35.4
23b59a88_EV-023,2026-03-28T09:34:14.324182+00:00,2026-03-29T00:37:41.095805+00:00,56.8,15.0574,903.45,0002,0039,EV-023,collected,9.5667,0.6167,5,1,3,2026,56.8
23b59a88_EV-024,2026-03-28T09:38:45.325433+00:00,2026-03-28T10:08:45.325433+00:00,44.8,0.5,30,0002,0039,EV-024,collected,9.6333,10.1333,5,1,3,2026,44.8
23b59a88_EV-025,2026-03-28T09:41:10.648741+00:00,2026-03-28T10:11:10.648741+00:00,33.0,0.5,30,0002,0039,EV-025,collected,9.6833,10.1833,5,1,3,2026,33.0
23b59a88_EV-026,2026-03-28T09:41:58.635703+00:00,2026-03-28T10:11:58.635703+00:00,60.06,0.5,30,0002,0039,EV-026,collected,9.6833,10.1833,5,1,3,2026,60.06
23b59a88_EV-027,2026-03-28T09:45:09.570118+00:00,2026-03-29T01:56:41.451188+00:00,33.0,16.1922,971.53,0002,0039,EV-027,collected,9.75,1.9333,5,1,3,2026,33.0
23b59a88_EV-028,2026-03-28T09:45:10.546735+00:00,2026-03-28T18:52:06.721926+00:00,47.5,9.1156,546.94,0002,0039,EV-028,collected,9.75,18.8667,5,1,3,2026,47.5
23b59a88_EV-029,2026-03-28T09:51:51.813097+00:00,2026-03-29T02:22:43.001284+00:00,14.5,16.5142,990.85,0002,0039,EV-029,collected,9.85,2.3667,5,1,3,2026,14.5
23b59a88_EV-030,2026-03-28T09:52:12.453049+00:00,2026-03-29T09:52:43.832224+00:00,60.83,24.0087,1440.52,0002,0039,EV-030,collected,9.8667,9.8667,5,1,3,2026,60.83
23b59a88_EV-031,2026-03-28T09:58:45.990461+00:00,2026-03-29T06:53:39.462128+00:00,56.21,20.9149,1254.89,0002,0039,EV-031,collected,9.9667,6.8833,5,1,3,2026,56.21
23b59a88_EV-032,2026-03-28T10:06:24.492911+00:00,2026-03-28T17:31:36.199952+00:00,18.0,7.4199,445.2,0002,0039,EV-032,collected,10.1,17.5167,5,1,3,2026,18.0
23b59a88_EV-033,2026-03-28T10:10:34.974322+00:00,2026-03-28T12:22:23.864819+00:00,31.5,2.1969,131.81,0002,0039,EV-033,collected,10.1667,12.3667,5,1,3,2026,31.5
23b59a88_EV-034,2026-03-28T10:11:47.215792+00:00,2026-03-28T16:44:24.393459+00:00,61.5,6.5437,392.62,0002,0039,EV-034,collected,10.1833,16.7333,5,1,3,2026,61.5
23b59a88_EV-035,2026-03-28T10:19:50.821887+00:00,2026-03-28T11:32:12.854760+00:00,52.36,1.2061,72.37,0002,0039,EV-035,collected,10.3167,11.5333,5,1,3,2026,52.36
23b59a88_EV-036,2026-03-28T10:22:20.672741+00:00,2026-03-28T11:25:03.435851+00:00,42.35,1.0452,62.71,0002,0039,EV-036,collected,10.3667,11.4167,5,1,3,2026,42.35
23b59a88_EV-037,2026-03-28T10:24:48.191667+00:00,2026-03-28T15:51:10.464001+00:00,40.02,5.4395,326.37,0002,0039,EV-037,collected,10.4,15.85,5,1,3,2026,40.02
23b59a88_EV-038,2026-03-28T10:30:15.383820+00:00,2026-03-28T16:58:52.847805+00:00,34.2,6.4771,388.62,0002,0039,EV-038,collected,10.5,16.9667,5,1,3,2026,34.2
23b59a88_EV-039,2026-03-28T10:32:04.917131+00:00,2026-03-28T12:08:09.922251+00:00,56.05,1.6014,96.08,0002,0039,EV-039,collected,10.5333,12.1333,5,1,3,2026,56.05
23b59a88_EV-040,2026-03-28T10:35:06.520017+00:00,2026-03-28T15:47:48.862235+00:00,51.0,5.2118,312.71,0002,0039,EV-040,collected,10.5833,15.7833,5,1,3,2026,51.0
23b59a88_EV-041,2026-03-28T10:36:28.523271+00:00,2026-03-28T13:48:29.487036+00:00,36.72,3.2003,192.02,0002,0039,EV-041,collected,10.6,13.8,5,1,3,2026,36.72
23b59a88_EV-042,2026-03-28T10:37:48.987639+00:00,2026-03-28T13:14:38.413353+00:00,44.66,2.6137,156.82,0002,0039,EV-042,collected,10.6167,13.2333,5,1,3,2026,44.66
23b59a88_EV-043,2026-03-28T10:39:56.399333+00:00,2026-03-28T14:32:48.192286+00:00,61.75,3.8811,232.86,0002,0039,EV-043,collected,10.65,14.5333,5,1,3,2026,61.75
23b59a88_EV-044,2026-03-28T10:41:21.611521+00:00,2026-03-28T15:27:27.696812+00:00,23.2,4.7684,286.1,0002,0039,EV-044,collected,10.6833,15.45,5,1,3,2026,23.2
23b59a88_EV-045,2026-03-28T10:45:04.652472+00:00,2026-03-28T11:15:04.652472+00:00,43.12,0.5,30,0002,0039,EV-045,collected,10.75,11.25,5,1,3,2026,43.12
23b59a88_EV-046,2026-03-28T10:47:47.576833+00:00,2026-03-28T12:21:14.158280+00:00,24.4,1.5574,93.44,0002,0039,EV-046,collected,10.7833,12.35,5,1,3,2026,24.4
23b59a88_EV-047,2026-03-28T10:54:36.431548+00:00,2026-03-28T15:37:59.771767+00:00,64.0,4.7232,283.39,0002,0039,EV-047,collected,10.9,15.6167,5,1,3,2026,64.0
23b59a88_EV-048,2026-03-28T10:56:49.586656+00:00,2026-03-28T12:20:56.076024+00:00,46.98,1.4018,84.11,0002,0039,EV-048,collected,10.9333,12.3333,5,1,3,2026,46.98
23b59a88_EV-049,2026-03-28T10:57:26.226109+00:00,2026-03-28T11:27:26.226109+00:00,43.12,0.5,30,0002,0039,EV-049,collected,10.95,11.45,5,1,3,2026,43.12
23b59a88_EV-050,2026-03-28T10:57:43.169647+00:00,2026-03-28T13:14:11.078497+00:00,31.5,2.2744,136.47,0002,0039,EV-050,collected,10.95,13.2333,5,1,3,2026,31.5
8db78543_EV-001,2026-03-28T08:02:15.742799+00:00,2026-03-28T09:41:15.829050+00:00,20.13,1.65,99.0,0002,0039,EV-001,collected,8.0333,9.6833,5,1,3,2026,20.13
8db78543_EV-002,2026-03-28T08:04:26.609501+00:00,2026-03-28T10:38:26.908560+00:00,22.8,2.5667,154.0,0002,0039,EV-002,collected,8.0667,10.6333,5,1,3,2026,22.8
8db78543_EV-003,2026-03-28T08:10:40.309102+00:00,2026-03-28T08:51:43.681177+00:00,23.43,0.6843,41.06,0002,0039,EV-003,collected,8.1667,8.85,5,1,3,2026,23.43
8db78543_EV-004,2026-03-28T08:12:21.760899+00:00,2026-03-28T10:04:03.691588+00:00,39.0,1.8616,111.7,0002,0039,EV-004,collected,8.2,10.0667,5,1,3,2026,39.0
8db78543_EV-005,2026-03-28T08:13:36.544445+00:00,2026-03-28T14:24:50.359774+00:00,42.0,6.1872,371.23,0002,0039,EV-005,collected,8.2167,14.4,5,1,3,2026,42.0
8db78543_EV-006,2026-03-28T08:20:41.225828+00:00,2026-03-28T08:50:41.225828+00:00,50.25,0.5,30,0002,0039,EV-006,collected,8.3333,8.8333,5,1,3,2026,50.25
8db78543_EV-007,2026-03-28T08:22:31.017293+00:00,2026-03-28T19:53:56.175718+00:00,29.26,11.5237,691.42,0002,0039,EV-007,collected,8.3667,19.8833,5,1,3,2026,29.26
8db78543_EV-008,2026-03-28T08:28:22.397425+00:00,2026-03-28T09:56:08.359827+00:00,43.5,1.4628,87.77,0002,0039,EV-008,collected,8.4667,9.9333,5,1,3,2026,43.5
8db78543_EV-009,2026-03-28T08:32:47.691435+00:00,2026-03-29T00:58:38.454499+00:00,45.75,16.4308,985.85,0002,0039,EV-009,collected,8.5333,0.9667,5,1,3,2026,45.75
8db78543_EV-010,2026-03-28T08:33:10.117795+00:00,2026-03-28T14:25:46.043616+00:00,31.68,5.8766,352.6,0002,0039,EV-010,collected,8.55,14.4167,5,1,3,2026,31.68
8db78543_EV-011,2026-03-28T08:33:43.388156+00:00,2026-03-28T15:31:05.750141+00:00,62.25,6.9562,417.37,0002,0039,EV-011,collected,8.55,15.5167,5,1,3,2026,62.25
8db78543_EV-012,2026-03-28T08:34:06.442707+00:00,2026-03-28T12:33:40.377032+00:00,36.72,3.9928,239.57,0002,0039,EV-012,collected,8.5667,12.55,5,1,3,2026,36.72
8db78543_EV-013,2026-03-28T08:37:46.663941+00:00,2026-03-28T09:18:08.880928+00:00,51.12,0.6728,40.37,0002,0039,EV-013,collected,8.6167,9.3,5,1,3,2026,51.12
8db78543_EV-014,2026-03-28T08:50:44.490957+00:00,2026-03-29T01:28:53.088462+00:00,23.6,16.6357,998.14,0002,0039,EV-014,collected,8.8333,1.4667,5,1,3,2026,23.6
8db78543_EV-015,2026-03-28T08:51:22.274970+00:00,2026-03-28T18:52:57.388901+00:00,26.5,10.0264,601.59,0002,0039,EV-015,collected,8.85,18.8667,5,1,3,2026,26.5
8db78543_EV-016,2026-03-28T08:53:06.850947+00:00,2026-03-28T19:06:22.768877+00:00,66.0,10.2211,613.27,0002,0039,EV-016,collected,8.8833,19.1,5,1,3,2026,66.0
8db78543_EV-017,2026-03-28T08:54:34.041113+00:00,2026-03-28T18:36:30.042543+00:00,33.06,9.6989,581.93,0002,0039,EV-017,collected,8.9,18.6,5,1,3,2026,33.06
8db78543_EV-018,2026-03-28T09:08:53.971705+00:00,2026-03-28T11:19:58.472902+00:00,42.35,2.1846,131.08,0002,0039,EV-018,collected,9.1333,11.3167,5,1,3,2026,42.35
8db78543_EV-019,2026-03-28T09:12:23.181190+00:00,2026-03-28T21:30:05.639342+00:00,47.4,12.2951,737.71,0002,0039,EV-019,collected,9.2,21.5,5,1,3,2026,47.4
8db78543_EV-020,2026-03-28T09:13:38.220599+00:00,2026-03-28T09:43:38.220599+00:00,81.7,0.5,30,0002,0039,EV-020,collected,9.2167,9.7167,5,1,3,2026,81.7
8db78543_EV-021,2026-03-28T09:25:13.834941+00:00,2026-03-28T19:45:29.305151+00:00,24.0,10.3376,620.26,0002,0039,EV-021,collected,9.4167,19.75,5,1,3,2026,24.0
8db78543_EV-022,2026-03-28T09:27:29.941420+00:00,2026-03-29T01:42:08.000388+00:00,35.4,16.2439,974.63,0002,0039,EV-022,collected,9.45,1.7,5,1,3,2026,35.4
8db78543_EV-023,2026-03-28T09:34:14.324182+00:00,2026-03-28T13:41:17.814438+00:00,56.8,4.1176,247.06,0002,0039,EV-023,collected,9.5667,13.6833,5,1,3,2026,56.8
8db78543_EV-024,2026-03-28T09:38:45.325433+00:00,2026-03-28T18:18:43.684476+00:00,44.8,8.6662,519.97,0002,0039,EV-024,collected,9.6333,18.3,5,1,3,2026,44.8
8db78543_EV-025,2026-03-28T09:41:10.648741+00:00,2026-03-28T22:39:31.239656+00:00,33.0,12.9724,778.34,0002,0039,EV-025,collected,9.6833,22.65,5,1,3,2026,33.0
8db78543_EV-026,2026-03-28T09:41:58.635703+00:00,2026-03-28T16:02:49.491428+00:00,60.06,6.3475,380.85,0002,0039,EV-026,collected,9.6833,16.0333,5,1,3,2026,60.06
8db78543_EV-027,2026-03-28T09:45:09.570118+00:00,2026-03-28T14:04:23.199574+00:00,33.0,4.3205,259.23,0002,0039,EV-027,collected,9.75,14.0667,5,1,3,2026,33.0
8db78543_EV-028,2026-03-28T09:45:10.546735+00:00,2026-03-28T15:06:58.520402+00:00,47.5,5.3633,321.8,0002,0039,EV-028,collected,9.75,15.1,5,1,3,2026,47.5
8db78543_EV-029,2026-03-28T09:51:51.813097+00:00,2026-03-28T18:37:11.944957+00:00,14.5,8.7556,525.34,0002,0039,EV-029,collected,9.85,18.6167,5,1,3,2026,14.5
8db78543_EV-030,2026-03-28T09:52:12.453049+00:00,2026-03-28T10:22:12.453049+00:00,60.83,0.5,30,0002,0039,EV-030,collected,9.8667,10.3667,5,1,3,2026,60.83
8db78543_EV-031,2026-03-28T09:58:45.990461+00:00,2026-03-28T15:25:27.548106+00:00,56.21,5.4449,326.69,0002,0039,EV-031,collected,9.9667,15.4167,5,1,3,2026,56.21
8db78543_EV-032,2026-03-28T10:06:24.492911+00:00,2026-03-28T14:22:53.892856+00:00,18.0,4.2748,256.49,0002,0039,EV-032,collected,10.1,14.3667,5,1,3,2026,18.0
8db78543_EV-033,2026-03-28T10:10:34.974322+00:00,2026-03-28T11:20:14.387734+00:00,31.5,1.1609,69.66,0002,0039,EV-033,collected,10.1667,11.3333,5,1,3,2026,31.5
8db78543_EV-034,2026-03-28T10:11:47.215792+00:00,2026-03-28T13:19:35.888146+00:00,61.5,3.1302,187.81,0002,0039,EV-034,collected,10.1833,13.3167,5,1,3,2026,61.5
8db78543_EV-035,2026-03-28T10:19:50.821887+00:00,2026-03-28T11:09:06.101530+00:00,52.36,0.8209,49.25,0002,0039,EV-035,collected,10.3167,11.15,5,1,3,2026,52.36
8db78543_EV-036,2026-03-28T10:22:20.672741+00:00,2026-03-28T14:25:14.804562+00:00,42.35,4.0484,242.9,0002,0039,EV-036,collected,10.3667,14.4167,5,1,3,2026,42.35
8db78543_EV-037,2026-03-28T10:24:48.191667+00:00,2026-03-28T11:15:00.468994+00:00,40.02,0.8367,50.2,0002,0039,EV-037,collected,10.4,11.25,5,1,3,2026,40.02
8db78543_EV-038,2026-03-28T10:30:15.383820+00:00,2026-03-28T13:28:04.427429+00:00,34.2,2.9636,177.82,0002,0039,EV-038,collected,10.5,13.4667,5,1,3,2026,34.2
8db78543_EV-039,2026-03-28T10:32:04.917131+00:00,2026-03-28T12:46:25.508135+00:00,56.05,2.2391,134.34,0002,0039,EV-039,collected,10.5333,12.7667,5,1,3,2026,56.05
8db78543_EV-040,2026-03-28T10:35:06.520017+00:00,2026-03-28T13:40:48.267924+00:00,51.0,3.0949,185.7,0002,0039,EV-040,collected,10.5833,13.6667,5,1,3,2026,51.0
8db78543_EV-041,2026-03-28T10:36:28.523271+00:00,2026-03-28T17:25:37.038256+00:00,36.72,6.819,409.14,0002,0039,EV-041,collected,10.6,17.4167,5,1,3,2026,36.72
8db78543_EV-042,2026-03-28T10:37:48.987639+00:00,2026-03-28T13:14:04.764971+00:00,44.66,2.6044,156.26,0002,0039,EV-042,collected,10.6167,13.2333,5,1,3,2026,44.66
8db78543_EV-043,2026-03-28T10:39:56.399333+00:00,2026-03-28T12:26:34.693263+00:00,61.75,1.7773,106.64,0002,0039,EV-043,collected,10.65,12.4333,5,1,3,2026,61.75
8db78543_EV-044,2026-03-28T10:41:21.611521+00:00,2026-03-28T14:31:45.350781+00:00,23.2,3.8399,230.4,0002,0039,EV-044,collected,10.6833,14.5167,5,1,3,2026,23.2
8db78543_EV-045,2026-03-28T10:45:04.652472+00:00,2026-03-28T11:15:04.652472+00:00,43.12,0.5,30,0002,0039,EV-045,collected,10.75,11.25,5,1,3,2026,43.12
8db78543_EV-046,2026-03-28T10:47:47.576833+00:00,2026-03-28T13:55:48.906713+00:00,24.4,3.1337,188.02,0002,0039,EV-046,collected,10.7833,13.9167,5,1,3,2026,24.4
8db78543_EV-047,2026-03-28T10:54:36.431548+00:00,2026-03-28T16:23:35.711913+00:00,64.0,5.4831,328.99,0002,0039,EV-047,collected,10.9,16.3833,5,1,3,2026,64.0
8db78543_EV-048,2026-03-28T10:56:49.586656+00:00,2026-03-28T17:52:52.332655+00:00,46.98,6.9341,416.05,0002,0039,EV-048,collected,10.9333,17.8667,5,1,3,2026,46.98
8db78543_EV-049,2026-03-28T10:57:26.226109+00:00,2026-03-28T11:27:26.226109+00:00,43.12,0.5,30,0002,0039,EV-049,collected,10.95,11.45,5,1,3,2026,43.12
8db78543_EV-050,2026-03-28T10:57:43.169647+00:00,2026-03-28T12:54:45.425329+00:00,31.5,1.9506,117.04,0002,0039,EV-050,collected,10.95,12.9,5,1,3,2026,31.5
4b413c91_EV-001,2026-03-29T09:00:00+00:00,2026-03-29T19:04:12.354775+00:00,22.0,10.0701,604.21,0002,0039,EV-001,collected,9.0,19.0667,6,1,3,2026,22.0
4b413c91_EV-002,2026-03-29T09:00:00+00:00,2026-03-29T09:30:00+00:00,34.0,0.5,30,0002,0039,EV-002,collected,9.0,9.5,6,1,3,2026,34.0
4b413c91_EV-003,2026-03-29T09:00:00+00:00,2026-03-29T12:42:44.206306+00:00,40.2,3.7123,222.74,0002,0039,EV-003,collected,9.0,12.7,6,1,3,2026,40.2
4b413c91_EV-004,2026-03-29T09:00:00+00:00,2026-03-29T13:23:11.888029+00:00,41.25,4.3866,263.2,0002,0039,EV-004,collected,9.0,13.3833,6,1,3,2026,41.25
4b413c91_EV-005,2026-03-29T09:00:00+00:00,2026-03-30T00:15:24.953305+00:00,27.2,15.2569,915.42,0002,0039,EV-005,collected,9.0,0.25,6,1,3,2026,27.2
4b413c91_EV-006,2026-03-29T09:00:00+00:00,2026-03-29T12:45:44.018297+00:00,23.2,3.7622,225.73,0002,0039,EV-006,collected,9.0,12.75,6,1,3,2026,23.2
4b413c91_EV-007,2026-03-29T09:00:00+00:00,2026-03-29T14:26:16.765902+00:00,43.89,5.438,326.28,0002,0039,EV-007,collected,9.0,14.4333,6,1,3,2026,43.89
4b413c91_EV-008,2026-03-29T09:00:00+00:00,2026-03-29T14:19:13.484109+00:00,36.0,5.3204,319.22,0002,0039,EV-008,collected,9.0,14.3167,6,1,3,2026,36.0
4b413c91_EV-009,2026-03-29T09:00:00+00:00,2026-03-29T16:37:57.134201+00:00,53.9,7.6325,457.95,0002,0039,EV-009,collected,9.0,16.6167,6,1,3,2026,53.9
4b413c91_EV-010,2026-03-29T09:00:00+00:00,2026-03-29T18:49:23.986962+00:00,42.75,9.8233,589.4,0002,0039,EV-010,collected,9.0,18.8167,6,1,3,2026,42.75
4b413c91_EV-011,2026-03-29T09:00:00+00:00,2026-03-29T17:41:54.742885+00:00,28.5,8.6985,521.91,0002,0039,EV-011,collected,9.0,17.6833,6,1,3,2026,28.5
4b413c91_EV-012,2026-03-29T09:00:00+00:00,2026-03-29T15:46:25.279795+00:00,35.0,6.7737,406.42,0002,0039,EV-012,collected,9.0,15.7667,6,1,3,2026,35.0
4b413c91_EV-013,2026-03-29T09:00:00+00:00,2026-03-29T15:19:42.959722+00:00,53.9,6.3286,379.72,0002,0039,EV-013,collected,9.0,15.3167,6,1,3,2026,53.9
4b413c91_EV-014,2026-03-29T09:00:00+00:00,2026-03-29T14:21:09.262041+00:00,17.49,5.3526,321.15,0002,0039,EV-014,collected,9.0,14.35,6,1,3,2026,17.49
4b413c91_EV-015,2026-03-29T09:00:00+00:00,2026-03-29T09:30:00+00:00,48.0,0.5,30,0002,0039,EV-015,collected,9.0,9.5,6,1,3,2026,48.0
4b413c91_EV-016,2026-03-29T09:00:00+00:00,2026-03-30T01:52:39.334987+00:00,28.8,16.8776,1012.66,0002,0039,EV-016,collected,9.0,1.8667,6,1,3,2026,28.8
4b413c91_EV-017,2026-03-29T09:00:00+00:00,2026-03-29T09:30:00+00:00,36.0,0.5,30,0002,0039,EV-017,collected,9.0,9.5,6,1,3,2026,36.0
4b413c91_EV-018,2026-03-29T09:00:00+00:00,2026-03-29T11:43:49.160693+00:00,30.24,2.7303,163.82,0002,0039,EV-018,collected,9.0,11.7167,6,1,3,2026,30.24
4b413c91_EV-019,2026-03-29T09:00:00+00:00,2026-03-29T16:49:10.339359+00:00,39.5,7.8195,469.17,0002,0039,EV-019,collected,9.0,16.8167,6,1,3,2026,39.5
4b413c91_EV-020,2026-03-29T09:00:00+00:00,2026-03-29T10:48:51.496083+00:00,35.25,1.8143,108.86,0002,0039,EV-020,collected,9.0,10.8,6,1,3,2026,35.25
25cd9cbe_HEAVY-01,2026-03-29T09:00:00+00:00,2026-03-30T00:47:35.271479+00:00,31.2,15.7931,947.59,0002,0039,HEAVY-01,collected,9.0,0.7833,6,1,3,2026,31.2
25cd9cbe_HEAVY-02,2026-03-29T09:05:00+00:00,2026-03-30T00:28:22.430209+00:00,34.2,15.3896,923.37,0002,0039,HEAVY-02,collected,9.0833,0.4667,6,1,3,2026,34.2
25cd9cbe_HEAVY-03,2026-03-29T09:08:00+00:00,2026-03-29T22:00:53.422714+00:00,33.75,12.8815,772.89,0002,0039,HEAVY-03,collected,9.1333,22.0,6,1,3,2026,33.75
25cd9cbe_HEAVY-04,2026-03-29T09:10:00+00:00,2026-03-29T17:34:01.570274+00:00,53.9,8.4004,504.03,0002,0039,HEAVY-04,collected,9.1667,17.5667,6,1,3,2026,53.9
25cd9cbe_HEAVY-05,2026-03-29T09:15:00+00:00,2026-03-29T11:55:01.686146+00:00,31.0,2.6671,160.03,0002,0039,HEAVY-05,collected,9.25,11.9167,6,1,3,2026,31.0
25cd9cbe_HEAVY-06,2026-03-29T09:18:00+00:00,2026-03-29T14:01:21.846671+00:00,38.86,4.7227,283.36,0002,0039,HEAVY-06,collected,9.3,14.0167,6,1,3,2026,38.86
25cd9cbe_HEAVY-07,2026-03-29T09:20:00+00:00,2026-03-29T17:49:02.582695+00:00,27.36,8.4841,509.04,0002,0039,HEAVY-07,collected,9.3333,17.8167,6,1,3,2026,27.36
25cd9cbe_HEAVY-08,2026-03-29T09:25:00+00:00,2026-03-29T10:42:55.746038+00:00,44.66,1.2988,77.93,0002,0039,HEAVY-08,collected,9.4167,10.7,6,1,3,2026,44.66
25cd9cbe_HEAVY-09,2026-03-29T09:28:00+00:00,2026-03-29T09:58:00+00:00,32.8,0.5,30,0002,0039,HEAVY-09,collected,9.4667,9.9667,6,1,3,2026,32.8
25cd9cbe_HEAVY-10,2026-03-29T09:30:00+00:00,2026-03-29T17:13:52.280595+00:00,27.0,7.7312,463.87,0002,0039,HEAVY-10,collected,9.5,17.2167,6,1,3,2026,27.0
25cd9cbe_HEAVY-11,2026-03-29T09:35:00+00:00,2026-03-29T17:50:24.790079+00:00,60.0,8.2569,495.41,0002,0039,HEAVY-11,collected,9.5833,17.8333,6,1,3,2026,60.0
25cd9cbe_HEAVY-12,2026-03-29T09:38:00+00:00,2026-03-29T18:17:35.563132+00:00,42.75,8.6599,519.59,0002,0039,HEAVY-12,collected,9.6333,18.2833,6,1,3,2026,42.75
25cd9cbe_HEAVY-13,2026-03-29T09:40:00+00:00,2026-03-30T03:36:14.443603+00:00,23.1,17.9373,1076.24,0002,0039,HEAVY-13,collected,9.6667,3.6,6,1,3,2026,23.1
25cd9cbe_HEAVY-14,2026-03-29T09:45:00+00:00,2026-03-29T20:38:34.214644+00:00,29.6,10.8928,653.57,0002,0039,HEAVY-14,collected,9.75,20.6333,6,1,3,2026,29.6
25cd9cbe_HEAVY-15,2026-03-29T09:48:00+00:00,2026-03-29T15:29:45.666988+00:00,26.0,5.696,341.76,0002,0039,HEAVY-15,collected,9.8,15.4833,6,1,3,2026,26.0
25cd9cbe_HEAVY-16,2026-03-29T09:50:00+00:00,2026-03-29T10:20:00+00:00,34.5,0.5,30,0002,0039,HEAVY-16,collected,9.8333,10.3333,6,1,3,2026,34.5
25cd9cbe_HEAVY-17,2026-03-29T09:55:00+00:00,2026-03-29T14:37:19.214663+00:00,38.16,4.7053,282.32,0002,0039,HEAVY-17,collected,9.9167,14.6167,6,1,3,2026,38.16
25cd9cbe_HEAVY-18,2026-03-29T09:58:00+00:00,2026-03-29T17:07:42.937813+00:00,22.5,7.1619,429.72,0002,0039,HEAVY-18,collected,9.9667,17.1167,6,1,3,2026,22.5
25cd9cbe_HEAVY-19,2026-03-29T10:00:00+00:00,2026-03-29T10:45:52.879548+00:00,32.4,0.7647,45.88,0002,0039,HEAVY-19,collected,10.0,10.75,6,1,3,2026,32.4
25cd9cbe_HEAVY-20,2026-03-29T10:05:00+00:00,2026-03-29T15:11:08.995735+00:00,30.0,5.1025,306.15,0002,0039,HEAVY-20,collected,10.0833,15.1833,6,1,3,2026,30.0
25cd9cbe_HEAVY-21,2026-03-29T10:10:00+00:00,2026-03-29T10:52:00.088363+00:00,36.96,0.7,42.0,0002,0039,HEAVY-21,collected,10.1667,10.8667,6,1,3,2026,36.96
25cd9cbe_HEAVY-22,2026-03-29T10:15:00+00:00,2026-03-29T12:49:16.856461+00:00,58.52,2.5713,154.28,0002,0039,HEAVY-22,collected,10.25,12.8167,6,1,3,2026,58.52
25cd9cbe_HEAVY-23,2026-03-29T10:20:00+00:00,2026-03-29T13:25:34.237485+00:00,32.0,3.0928,185.57,0002,0039,HEAVY-23,collected,10.3333,13.4167,6,1,3,2026,32.0
25cd9cbe_HEAVY-24,2026-03-29T10:25:00+00:00,2026-03-29T16:49:44.114414+00:00,17.4,6.4123,384.74,0002,0039,HEAVY-24,collected,10.4167,16.8167,6,1,3,2026,17.4
25cd9cbe_HEAVY-25,2026-03-29T10:30:00+00:00,2026-03-29T11:22:43.459197+00:00,58.5,0.8787,52.72,0002,0039,HEAVY-25,collected,10.5,11.3667,6,1,3,2026,58.5
fcd9aa4c_KNOWN-01,2026-03-29T09:00:00+00:00,2026-03-29T10:30:00+00:00,26.0,1.5,90.0,0002,0039,KNOWN-01,collected,9.0,10.5,6,1,3,2026,26.0
fcd9aa4c_KNOWN-02,2026-03-29T09:05:00+00:00,2026-03-29T11:05:00+00:00,36.0,2.0,120.0,0002,0039,KNOWN-02,collected,9.0833,11.0833,6,1,3,2026,36.0
fcd9aa4c_KNOWN-03,2026-03-29T09:10:00+00:00,2026-03-29T11:40:00+00:00,31.5,2.5,150.0,0002,0039,KNOWN-03,collected,9.1667,11.6667,6,1,3,2026,31.5
fcd9aa4c_KNOWN-04,2026-03-29T09:12:00+00:00,2026-03-29T10:42:00+00:00,33.75,1.5,90.0,0002,0039,KNOWN-04,collected,9.2,10.7,6,1,3,2026,33.75
fcd9aa4c_KNOWN-05,2026-03-29T09:15:00+00:00,2026-03-29T11:15:00+00:00,53.9,2.0,120.0,0002,0039,KNOWN-05,collected,9.25,11.25,6,1,3,2026,53.9
fcd9aa4c_KNOWN-06,2026-03-29T09:18:00+00:00,2026-03-29T12:18:00+00:00,33.06,3.0,180.0,0002,0039,KNOWN-06,collected,9.3,12.3,6,1,3,2026,33.06
fcd9aa4c_KNOWN-07,2026-03-29T09:20:00+00:00,2026-03-29T10:50:00+00:00,26.0,1.5,90.0,0002,0039,KNOWN-07,collected,9.3333,10.8333,6,1,3,2026,26.0
fcd9aa4c_KNOWN-08,2026-03-29T09:25:00+00:00,2026-03-29T11:25:00+00:00,28.8,2.0,120.0,0002,0039,KNOWN-08,collected,9.4167,11.4167,6,1,3,2026,28.8
fcd9aa4c_UNKNOWN-01,2026-03-29T09:30:00+00:00,2026-03-29T17:18:05.743008+00:00,43.2,7.8016,468.1,0002,0039,UNKNOWN-01,collected,9.5,17.3,6,1,3,2026,43.2
fcd9aa4c_UNKNOWN-02,2026-03-29T09:35:00+00:00,2026-03-30T02:48:55.798304+00:00,38.5,17.2322,1033.93,0002,0039,UNKNOWN-02,collected,9.5833,2.8,6,1,3,2026,38.5
fcd9aa4c_UNKNOWN-03,2026-03-29T09:40:00+00:00,2026-03-29T19:03:55.014935+00:00,27.2,9.3986,563.92,0002,0039,UNKNOWN-03,collected,9.6667,19.05,6,1,3,2026,27.2
fcd9aa4c_UNKNOWN-04,2026-03-29T09:45:00+00:00,2026-03-29T20:49:04.609947+00:00,31.5,11.0679,664.08,0002,0039,UNKNOWN-04,collected,9.75,20.8167,6,1,3,2026,31.5
fcd9aa4c_UNKNOWN-05,2026-03-29T09:50:00+00:00,2026-03-29T17:27:06.501414+00:00,40.6,7.6185,457.11,0002,0039,UNKNOWN-05,collected,9.8333,17.45,6,1,3,2026,40.6
fcd9aa4c_UNKNOWN-06,2026-03-29T09:55:00+00:00,2026-03-29T10:25:00+00:00,40.85,0.5,30,0002,0039,UNKNOWN-06,collected,9.9167,10.4167,6,1,3,2026,40.85
fcd9aa4c_UNKNOWN-07,2026-03-29T10:00:00+00:00,2026-03-29T16:32:54.472066+00:00,32.0,6.5485,392.91,0002,0039,UNKNOWN-07,collected,10.0,16.5333,6,1,3,2026,32.0
fcd9aa4c_UNKNOWN-08,2026-03-29T10:05:00+00:00,2026-03-29T12:37:18.126894+00:00,28.0,2.5384,152.3,0002,0039,UNKNOWN-08,collected,10.0833,12.6167,6,1,3,2026,28.0
fcd9aa4c_UNKNOWN-09,2026-03-29T10:10:00+00:00,2026-03-29T11:51:23.834168+00:00,43.89,1.69,101.4,0002,0039,UNKNOWN-09,collected,10.1667,11.85,6,1,3,2026,43.89
fcd9aa4c_UNKNOWN-10,2026-03-29T10:15:00+00:00,2026-03-29T14:13:05.797024+00:00,58.32,3.9683,238.1,0002,0039,UNKNOWN-10,collected,10.25,14.2167,6,1,3,2026,58.32
fcd9aa4c_UNKNOWN-11,2026-03-29T10:20:00+00:00,2026-03-29T11:08:34.327998+00:00,15.18,0.8095,48.57,0002,0039,UNKNOWN-11,collected,10.3333,11.1333,6,1,3,2026,15.18
fcd9aa4c_UNKNOWN-12,2026-03-29T10:30:00+00:00,2026-03-29T13:13:15.042751+00:00,30.6,2.7208,163.25,0002,0039,UNKNOWN-12,collected,10.5,13.2167,6,1,3,2026,30.6
4492fc07_EV-001,2026-04-16T08:13:36.544445+00:00,2026-04-16T08:43:36.544445+00:00,20.13,0.5,30,0002,0039,EV-001,collected,8.2167,8.7167,3,0,4,2026,20.13
4492fc07_EV-002,2026-04-16T08:28:22.397425+00:00,2026-04-16T19:41:19.272892+00:00,22.8,11.2158,672.95,0002,0039,EV-002,collected,8.4667,19.6833,3,0,4,2026,22.8
4492fc07_EV-003,2026-04-16T08:34:06.442707+00:00,2026-04-16T12:58:01.196622+00:00,23.43,4.3985,263.91,0002,0039,EV-003,collected,8.5667,12.9667,3,0,4,2026,23.43
4492fc07_EV-004,2026-04-16T08:51:22.274970+00:00,2026-04-16T14:05:16.812045+00:00,39.0,5.2318,313.91,0002,0039,EV-004,collected,8.85,14.0833,3,0,4,2026,39.0
4492fc07_EV-005,2026-04-16T08:54:34.041113+00:00,2026-04-16T10:29:18.927207+00:00,42.0,1.5791,94.75,0002,0039,EV-005,collected,8.9,10.4833,3,0,4,2026,42.0
4492fc07_EV-006,2026-04-16T09:38:45.325433+00:00,2026-04-16T12:42:14.539648+00:00,50.25,3.0581,183.49,0002,0039,EV-006,collected,9.6333,12.7,3,0,4,2026,50.25
4492fc07_EV-007,2026-04-16T10:19:50.821887+00:00,2026-04-16T15:13:55.237143+00:00,29.26,4.9012,294.07,0002,0039,EV-007,collected,10.3167,15.2167,3,0,4,2026,29.26
4492fc07_EV-008,2026-04-16T10:22:20.672741+00:00,2026-04-16T16:41:36.458078+00:00,43.5,6.3211,379.26,0002,0039,EV-008,collected,10.3667,16.6833,3,0,4,2026,43.5
4492fc07_EV-009,2026-04-16T10:30:15.383820+00:00,2026-04-16T11:36:43.522433+00:00,45.75,1.1078,66.47,0002,0039,EV-009,collected,10.5,11.6,3,0,4,2026,45.75
4492fc07_EV-010,2026-04-16T10:39:56.399333+00:00,2026-04-16T12:36:51.985227+00:00,31.68,1.9488,116.93,0002,0039,EV-010,collected,10.65,12.6,3,0,4,2026,31.68
dc7fa2d0_EV-001,2026-04-16T08:00:09.424371+00:00,2026-04-16T08:30:09.424371+00:00,28.5,0.5,30,0002,0039,EV-001,collected,8.0,8.5,3,0,4,2026,28.5
dc7fa2d0_EV-002,2026-04-16T08:05:06.491611+00:00,2026-04-16T14:12:58.222953+00:00,15.5,6.131,367.86,0002,0039,EV-002,collected,8.0833,14.2,3,0,4,2026,15.5
dc7fa2d0_EV-003,2026-04-16T08:12:53.476372+00:00,2026-04-17T01:43:42.373189+00:00,32.5,17.5136,1050.81,0002,0039,EV-003,collected,8.2,1.7167,3,0,4,2026,32.5
dc7fa2d0_EV-004,2026-04-16T08:37:03.231442+00:00,2026-04-16T18:42:42.471189+00:00,29.0,10.0942,605.65,0002,0039,EV-004,collected,8.6167,18.7,3,0,4,2026,29.0
dc7fa2d0_EV-005,2026-04-16T08:47:22.613487+00:00,2026-04-16T22:49:47.062527+00:00,36.19,14.0401,842.41,0002,0039,EV-005,collected,8.7833,22.8167,3,0,4,2026,36.19
dc7fa2d0_EV-006,2026-04-16T08:52:38.023696+00:00,2026-04-16T13:11:00.517600+00:00,27.0,4.3062,258.37,0002,0039,EV-006,collected,8.8667,13.1833,3,0,4,2026,27.0
dc7fa2d0_EV-007,2026-04-16T10:20:44.170555+00:00,2026-04-16T11:20:30.305187+00:00,49.5,0.9961,59.77,0002,0039,EV-007,collected,10.3333,11.3333,3,0,4,2026,49.5
dc7fa2d0_EV-008,2026-04-16T10:26:58.020769+00:00,2026-04-16T16:58:44.392200+00:00,51.59,6.5295,391.77,0002,0039,EV-008,collected,10.4333,16.9667,3,0,4,2026,51.59
dc7fa2d0_EV-009,2026-04-16T10:38:16.378591+00:00,2026-04-16T18:07:19.682117+00:00,54.72,7.4843,449.06,0002,0039,EV-009,collected,10.6333,18.1167,3,0,4,2026,54.72
dc7fa2d0_EV-010,2026-04-16T10:50:48.921463+00:00,2026-04-16T14:11:57.748203+00:00,60.83,3.3525,201.15,0002,0039,EV-010,collected,10.8333,14.1833,3,0,4,2026,60.83
695ab916_EV-001,2026-04-18T08:13:36.544445+00:00,2026-04-18T15:48:30.055876+00:00,20.13,7.5815,454.89,0002,0039,EV-001,collected,8.2167,15.8,5,1,4,2026,20.13
695ab916_EV-002,2026-04-18T08:28:22.397425+00:00,2026-04-18T21:50:27.927184+00:00,22.8,13.3682,802.09,0002,0039,EV-002,collected,8.4667,21.8333,5,1,4,2026,22.8
695ab916_EV-003,2026-04-18T08:34:06.442707+00:00,2026-04-18T14:24:22.252747+00:00,23.43,5.8377,350.26,0002,0039,EV-003,collected,8.5667,14.4,5,1,4,2026,23.43
695ab916_EV-004,2026-04-18T08:51:22.274970+00:00,2026-04-18T09:21:22.274970+00:00,39.0,0.5,30,0002,0039,EV-004,collected,8.85,9.35,5,1,4,2026,39.0
695ab916_EV-005,2026-04-18T08:54:34.041113+00:00,2026-04-18T09:24:34.041113+00:00,42.0,0.5,30,0002,0039,EV-005,collected,8.9,9.4,5,1,4,2026,42.0
695ab916_EV-006,2026-04-18T09:38:45.325433+00:00,2026-04-18T12:54:58.928610+00:00,50.25,3.2704,196.23,0002,0039,EV-006,collected,9.6333,12.9,5,1,4,2026,50.25
695ab916_EV-007,2026-04-18T10:19:50.821887+00:00,2026-04-18T16:02:28.631815+00:00,29.26,5.7105,342.63,0002,0039,EV-007,collected,10.3167,16.0333,5,1,4,2026,29.26
695ab916_EV-008,2026-04-18T10:22:20.672741+00:00,2026-04-18T12:57:06.324328+00:00,43.5,2.5793,154.76,0002,0039,EV-008,collected,10.3667,12.95,5,1,4,2026,43.5
695ab916_EV-009,2026-04-18T10:30:15.383820+00:00,2026-04-18T12:04:46.837423+00:00,45.75,1.5754,94.52,0002,0039,EV-009,collected,10.5,12.0667,5,1,4,2026,45.75
695ab916_EV-010,2026-04-18T10:39:56.399333+00:00,2026-04-18T12:01:08.183486+00:00,31.68,1.3533,81.2,0002,0039,EV-010,collected,10.65,12.0167,5,1,4,2026,31.68
871ee2c1_EV-001,2026-04-18T08:10:40.309102+00:00,2026-04-18T13:25:01.088921+00:00,20.13,5.2391,314.35,0002,0039,EV-001,collected,8.1667,13.4167,5,1,4,2026,20.13
871ee2c1_EV-002,2026-04-18T08:12:21.760899+00:00,2026-04-18T12:57:48.783367+00:00,22.8,4.7575,285.45,0002,0039,EV-002,collected,8.2,12.95,5,1,4,2026,22.8
871ee2c1_EV-003,2026-04-18T08:13:36.544445+00:00,2026-04-18T13:00:54.808243+00:00,23.43,4.7884,287.3,0002,0039,EV-003,collected,8.2167,13.0,5,1,4,2026,23.43
871ee2c1_EV-004,2026-04-18T08:28:22.397425+00:00,2026-04-18T09:34:04.781683+00:00,39.0,1.0951,65.71,0002,0039,EV-004,collected,8.4667,9.5667,5,1,4,2026,39.0
871ee2c1_EV-005,2026-04-18T08:32:47.691435+00:00,2026-04-18T15:58:42.216671+00:00,42.0,7.4318,445.91,0002,0039,EV-005,collected,8.5333,15.9667,5,1,4,2026,42.0
871ee2c1_EV-006,2026-04-18T08:34:06.442707+00:00,2026-04-18T15:09:55.907474+00:00,50.25,6.5971,395.82,0002,0039,EV-006,collected,8.5667,15.15,5,1,4,2026,50.25
871ee2c1_EV-007,2026-04-18T08:37:46.663941+00:00,2026-04-18T19:43:27.281903+00:00,29.26,11.0946,665.68,0002,0039,EV-007,collected,8.6167,19.7167,5,1,4,2026,29.26
871ee2c1_EV-008,2026-04-18T08:50:44.490957+00:00,2026-04-18T20:59:14.096125+00:00,43.5,12.1416,728.49,0002,0039,EV-008,collected,8.8333,20.9833,5,1,4,2026,43.5
871ee2c1_EV-009,2026-04-18T08:51:22.274970+00:00,2026-04-18T19:18:45.974136+00:00,45.75,10.4566,627.39,0002,0039,EV-009,collected,8.85,19.3,5,1,4,2026,45.75
871ee2c1_EV-010,2026-04-18T08:53:06.850947+00:00,2026-04-18T14:28:19.719584+00:00,31.68,5.5869,335.21,0002,0039,EV-010,collected,8.8833,14.4667,5,1,4,2026,31.68
871ee2c1_EV-011,2026-04-18T08:54:34.041113+00:00,2026-04-18T13:59:51.588545+00:00,62.25,5.0882,305.29,0002,0039,EV-011,collected,8.9,13.9833,5,1,4,2026,62.25
871ee2c1_EV-012,2026-04-18T09:12:23.181190+00:00,2026-04-18T23:39:16.565307+00:00,36.72,14.4482,866.89,0002,0039,EV-012,collected,9.2,23.65,5,1,4,2026,36.72
871ee2c1_EV-013,2026-04-18T09:25:13.834941+00:00,2026-04-18T16:46:15.073223+00:00,51.12,7.3503,441.02,0002,0039,EV-013,collected,9.4167,16.7667,5,1,4,2026,51.12
871ee2c1_EV-014,2026-04-18T09:27:29.941420+00:00,2026-04-18T15:44:58.712306+00:00,23.6,6.2913,377.48,0002,0039,EV-014,collected,9.45,15.7333,5,1,4,2026,23.6
871ee2c1_EV-015,2026-04-18T09:38:45.325433+00:00,2026-04-18T20:03:45.572043+00:00,26.5,10.4167,625.0,0002,0039,EV-015,collected,9.6333,20.05,5,1,4,2026,26.5
871ee2c1_EV-016,2026-04-18T09:41:10.648741+00:00,2026-04-18T16:59:18.768621+00:00,66.0,7.3023,438.14,0002,0039,EV-016,collected,9.6833,16.9833,5,1,4,2026,66.0
871ee2c1_EV-017,2026-04-18T09:45:09.570118+00:00,2026-04-18T17:59:17.209340+00:00,33.06,8.2355,494.13,0002,0039,EV-017,collected,9.75,17.9833,5,1,4,2026,33.06
871ee2c1_EV-018,2026-04-18T09:45:10.546735+00:00,2026-04-18T13:27:33.873707+00:00,42.35,3.7065,222.39,0002,0039,EV-018,collected,9.75,13.45,5,1,4,2026,42.35
871ee2c1_EV-019,2026-04-18T09:52:12.453049+00:00,2026-04-18T15:12:56.546839+00:00,47.4,5.3456,320.73,0002,0039,EV-019,collected,9.8667,15.2,5,1,4,2026,47.4
871ee2c1_EV-020,2026-04-18T09:58:45.990461+00:00,2026-04-18T12:32:37.520949+00:00,81.7,2.5643,153.86,0002,0039,EV-020,collected,9.9667,12.5333,5,1,4,2026,81.7
871ee2c1_EV-021,2026-04-18T10:19:50.821887+00:00,2026-04-18T13:55:32.689517+00:00,24.0,3.595,215.7,0002,0039,EV-021,collected,10.3167,13.9167,5,1,4,2026,24.0
871ee2c1_EV-022,2026-04-18T10:22:20.672741+00:00,2026-04-18T13:20:36.509403+00:00,35.4,2.9711,178.26,0002,0039,EV-022,collected,10.3667,13.3333,5,1,4,2026,35.4
871ee2c1_EV-023,2026-04-18T10:30:15.383820+00:00,2026-04-18T11:00:15.383820+00:00,56.8,0.5,30,0002,0039,EV-023,collected,10.5,11.0,5,1,4,2026,56.8
871ee2c1_EV-024,2026-04-18T10:36:28.523271+00:00,2026-04-18T12:20:41.334802+00:00,44.8,1.7369,104.21,0002,0039,EV-024,collected,10.6,12.3333,5,1,4,2026,44.8
871ee2c1_EV-025,2026-04-18T10:37:48.987639+00:00,2026-04-18T12:16:17.461455+00:00,33.0,1.6412,98.47,0002,0039,EV-025,collected,10.6167,12.2667,5,1,4,2026,33.0
871ee2c1_EV-026,2026-04-18T10:39:56.399333+00:00,2026-04-18T11:09:56.399333+00:00,60.06,0.5,30,0002,0039,EV-026,collected,10.65,11.15,5,1,4,2026,60.06
871ee2c1_EV-027,2026-04-18T10:45:04.652472+00:00,2026-04-18T15:17:45.513399+00:00,33.0,4.5447,272.68,0002,0039,EV-027,collected,10.75,15.2833,5,1,4,2026,33.0
871ee2c1_EV-028,2026-04-18T10:57:26.226109+00:00,2026-04-18T11:27:26.226109+00:00,47.5,0.5,30,0002,0039,EV-028,collected,10.95,11.45,5,1,4,2026,47.5
19a6e409_EV-001,2026-04-18T08:03:33.436367+00:00,2026-04-18T15:00:39.211873+00:00,20.13,6.9516,417.1,0002,0039,EV-001,collected,8.05,15.0,5,1,4,2026,20.13
19a6e409_EV-002,2026-04-18T08:04:07.253633+00:00,2026-04-18T14:48:49.135692+00:00,22.8,6.745,404.7,0002,0039,EV-002,collected,8.0667,14.8,5,1,4,2026,22.8
19a6e409_EV-003,2026-04-18T08:04:32.181482+00:00,2026-04-18T08:34:32.181482+00:00,23.43,0.5,30,0002,0039,EV-003,collected,8.0667,8.5667,5,1,4,2026,23.43
19a6e409_EV-004,2026-04-18T08:09:27.465808+00:00,2026-04-18T22:23:17.999369+00:00,39.0,14.2307,853.84,0002,0039,EV-004,collected,8.15,22.3833,5,1,4,2026,39.0
19a6e409_EV-005,2026-04-18T08:10:55.897145+00:00,2026-04-18T15:29:57.802843+00:00,42.0,7.3172,439.03,0002,0039,EV-005,collected,8.1667,15.4833,5,1,4,2026,42.0
19a6e409_EV-006,2026-04-18T08:11:22.147569+00:00,2026-04-18T15:09:03.690271+00:00,50.25,6.9615,417.69,0002,0039,EV-006,collected,8.1833,15.15,5,1,4,2026,50.25
19a6e409_EV-007,2026-04-18T08:12:35.554647+00:00,2026-04-18T19:16:21.501313+00:00,29.26,11.0628,663.77,0002,0039,EV-007,collected,8.2,19.2667,5,1,4,2026,29.26
19a6e409_EV-008,2026-04-18T08:16:54.830319+00:00,2026-04-18T08:46:54.830319+00:00,43.5,0.5,30,0002,0039,EV-008,collected,8.2667,8.7667,5,1,4,2026,43.5
19a6e409_EV-009,2026-04-18T08:17:07.424990+00:00,2026-04-18T08:47:07.424990+00:00,45.75,0.5,30,0002,0039,EV-009,collected,8.2833,8.7833,5,1,4,2026,45.75
19a6e409_EV-010,2026-04-18T08:17:42.283649+00:00,2026-04-18T16:25:22.141226+00:00,31.68,8.1277,487.66,0002,0039,EV-010,collected,8.2833,16.4167,5,1,4,2026,31.68
19a6e409_EV-011,2026-04-18T08:18:11.347038+00:00,2026-04-18T21:05:52.012214+00:00,62.25,12.7946,767.68,0002,0039,EV-011,collected,8.3,21.0833,5,1,4,2026,62.25
19a6e409_EV-012,2026-04-18T08:24:07.727063+00:00,2026-04-18T15:25:57.104875+00:00,36.72,7.0304,421.82,0002,0039,EV-012,collected,8.4,15.4167,5,1,4,2026,36.72
19a6e409_EV-013,2026-04-18T08:28:24.611647+00:00,2026-04-18T14:19:13.496905+00:00,51.12,5.8469,350.81,0002,0039,EV-013,collected,8.4667,14.3167,5,1,4,2026,51.12
19a6e409_EV-014,2026-04-18T08:29:09.980473+00:00,2026-04-18T13:24:49.976318+00:00,23.6,4.9278,295.67,0002,0039,EV-014,collected,8.4833,13.4,5,1,4,2026,23.6
19a6e409_EV-015,2026-04-18T08:32:55.108478+00:00,2026-04-18T14:56:21.314770+00:00,26.5,6.3906,383.44,0002,0039,EV-015,collected,8.5333,14.9333,5,1,4,2026,26.5
19a6e409_EV-016,2026-04-18T08:33:43.549580+00:00,2026-04-18T09:13:46.874789+00:00,66.0,0.6676,40.06,0002,0039,EV-016,collected,8.55,9.2167,5,1,4,2026,66.0
19a6e409_EV-017,2026-04-18T08:35:03.190039+00:00,2026-04-18T09:49:11.179464+00:00,33.06,1.2356,74.13,0002,0039,EV-017,collected,8.5833,9.8167,5,1,4,2026,33.06
19a6e409_EV-018,2026-04-18T08:35:03.515578+00:00,2026-04-18T23:11:00.669107+00:00,42.35,14.5992,875.95,0002,0039,EV-018,collected,8.5833,23.1833,5,1,4,2026,42.35
19a6e409_EV-019,2026-04-18T08:37:24.151016+00:00,2026-04-18T18:58:24.039416+00:00,47.4,10.35,621.0,0002,0039,EV-019,collected,8.6167,18.9667,5,1,4,2026,47.4
19a6e409_EV-020,2026-04-18T08:39:35.330154+00:00,2026-04-18T17:54:07.589969+00:00,81.7,9.2423,554.54,0002,0039,EV-020,collected,8.65,17.9,5,1,4,2026,81.7
19a6e409_EV-021,2026-04-18T08:46:36.940629+00:00,2026-04-18T16:10:32.289078+00:00,24.0,7.3987,443.92,0002,0039,EV-021,collected,8.7667,16.1667,5,1,4,2026,24.0
19a6e409_EV-022,2026-04-18T08:47:26.890914+00:00,2026-04-18T09:17:26.890914+00:00,35.4,0.5,30,0002,0039,EV-022,collected,8.7833,9.2833,5,1,4,2026,35.4
19a6e409_EV-023,2026-04-18T08:50:05.127940+00:00,2026-04-18T09:20:05.127940+00:00,56.8,0.5,30,0002,0039,EV-023,collected,8.8333,9.3333,5,1,4,2026,56.8
19a6e409_EV-024,2026-04-18T08:52:09.507757+00:00,2026-04-18T13:59:25.694636+00:00,44.8,5.1212,307.27,0002,0039,EV-024,collected,8.8667,13.9833,5,1,4,2026,44.8
19a6e409_EV-025,2026-04-18T08:52:36.329213+00:00,2026-04-18T18:37:53.903490+00:00,33.0,9.7549,585.29,0002,0039,EV-025,collected,8.8667,18.6167,5,1,4,2026,33.0
19a6e409_EV-026,2026-04-18T08:53:18.799778+00:00,2026-04-18T10:29:37.549112+00:00,60.06,1.6052,96.31,0002,0039,EV-026,collected,8.8833,10.4833,5,1,4,2026,60.06
19a6e409_EV-027,2026-04-18T08:55:01.550824+00:00,2026-04-18T13:29:14.392979+00:00,33.0,4.5702,274.21,0002,0039,EV-027,collected,8.9167,13.4833,5,1,4,2026,33.0
19a6e409_EV-028,2026-04-18T08:59:08.742036+00:00,2026-04-18T22:09:23.807322+00:00,47.5,13.1709,790.25,0002,0039,EV-028,collected,8.9833,22.15,5,1,4,2026,47.5
903435de_EV-001,2026-04-18T08:13:36.544445+00:00,2026-04-18T12:16:19.133861+00:00,20.13,4.0452,242.71,0002,0039,EV-001,collected,8.2167,12.2667,5,1,4,2026,20.13
903435de_EV-002,2026-04-18T08:28:22.397425+00:00,2026-04-18T10:47:04.685885+00:00,22.8,2.3117,138.7,0002,0039,EV-002,collected,8.4667,10.7833,5,1,4,2026,22.8
903435de_EV-003,2026-04-18T08:34:06.442707+00:00,2026-04-18T18:57:54.676455+00:00,23.43,10.3967,623.8,0002,0039,EV-003,collected,8.5667,18.95,5,1,4,2026,23.43
903435de_EV-004,2026-04-18T08:51:22.274970+00:00,2026-04-18T18:07:37.462862+00:00,39.0,9.2709,556.25,0002,0039,EV-004,collected,8.85,18.1167,5,1,4,2026,39.0
903435de_EV-005,2026-04-18T08:54:34.041113+00:00,2026-04-19T00:31:41.577002+00:00,42.0,15.6188,937.13,0002,0039,EV-005,collected,8.9,0.5167,5,1,4,2026,42.0
903435de_EV-006,2026-04-18T09:38:45.325433+00:00,2026-04-18T13:24:42.866946+00:00,50.25,3.766,225.96,0002,0039,EV-006,collected,9.6333,13.4,5,1,4,2026,50.25
903435de_EV-007,2026-04-18T10:19:50.821887+00:00,2026-04-18T10:49:50.821887+00:00,29.26,0.5,30,0002,0039,EV-007,collected,10.3167,10.8167,5,1,4,2026,29.26
903435de_EV-008,2026-04-18T10:22:20.672741+00:00,2026-04-18T15:59:35.925813+00:00,43.5,5.6209,337.25,0002,0039,EV-008,collected,10.3667,15.9833,5,1,4,2026,43.5
903435de_EV-009,2026-04-18T10:30:15.383820+00:00,2026-04-18T16:25:57.480781+00:00,45.75,5.9284,355.7,0002,0039,EV-009,collected,10.5,16.4167,5,1,4,2026,45.75
903435de_EV-010,2026-04-18T10:39:56.399333+00:00,2026-04-18T15:28:49.599828+00:00,31.68,4.8148,288.89,0002,0039,EV-010,collected,10.65,15.4667,5,1,4,2026,31.68
d8a5e024_EV-001,2026-04-18T08:10:40.309102+00:00,2026-04-18T20:04:49.706227+00:00,20.13,11.9026,714.16,0002,0039,EV-001,collected,8.1667,20.0667,5,1,4,2026,20.13
d8a5e024_EV-002,2026-04-18T08:12:21.760899+00:00,2026-04-19T01:14:59.565978+00:00,22.8,17.0438,1022.63,0002,0039,EV-002,collected,8.2,1.2333,5,1,4,2026,22.8
d8a5e024_EV-003,2026-04-18T08:13:36.544445+00:00,2026-04-18T15:01:16.297891+00:00,23.43,6.7944,407.66,0002,0039,EV-003,collected,8.2167,15.0167,5,1,4,2026,23.43
d8a5e024_EV-004,2026-04-18T08:28:22.397425+00:00,2026-04-18T21:19:32.858400+00:00,39.0,12.8529,771.17,0002,0039,EV-004,collected,8.4667,21.3167,5,1,4,2026,39.0
d8a5e024_EV-005,2026-04-18T08:32:47.691435+00:00,2026-04-18T19:01:31.202281+00:00,42.0,10.4788,628.73,0002,0039,EV-005,collected,8.5333,19.0167,5,1,4,2026,42.0
d8a5e024_EV-006,2026-04-18T08:33:43.388156+00:00,2026-04-18T16:27:03.260851+00:00,50.25,7.8889,473.33,0002,0039,EV-006,collected,8.55,16.45,5,1,4,2026,50.25
d8a5e024_EV-007,2026-04-18T08:34:06.442707+00:00,2026-04-18T14:20:58.590671+00:00,29.26,5.7812,346.87,0002,0039,EV-007,collected,8.5667,14.3333,5,1,4,2026,29.26
d8a5e024_EV-008,2026-04-18T08:37:46.663941+00:00,2026-04-18T17:53:58.254975+00:00,43.5,9.2699,556.19,0002,0039,EV-008,collected,8.6167,17.8833,5,1,4,2026,43.5
d8a5e024_EV-009,2026-04-18T08:50:44.490957+00:00,2026-04-18T18:38:38.944928+00:00,45.75,9.7985,587.91,0002,0039,EV-009,collected,8.8333,18.6333,5,1,4,2026,45.75
d8a5e024_EV-010,2026-04-18T08:51:22.274970+00:00,2026-04-18T13:12:30.067428+00:00,31.68,4.3522,261.13,0002,0039,EV-010,collected,8.85,13.2,5,1,4,2026,31.68
d8a5e024_EV-011,2026-04-18T08:53:06.850947+00:00,2026-04-18T16:37:02.314400+00:00,62.25,7.7321,463.92,0002,0039,EV-011,collected,8.8833,16.6167,5,1,4,2026,62.25
d8a5e024_EV-012,2026-04-18T08:54:34.041113+00:00,2026-04-18T11:48:21.007887+00:00,36.72,2.8964,173.78,0002,0039,EV-012,collected,8.9,11.8,5,1,4,2026,36.72
d8a5e024_EV-013,2026-04-18T09:12:23.181190+00:00,2026-04-18T09:42:23.181190+00:00,51.12,0.5,30,0002,0039,EV-013,collected,9.2,9.7,5,1,4,2026,51.12
d8a5e024_EV-014,2026-04-18T09:25:13.834941+00:00,2026-04-18T17:01:02.750428+00:00,23.6,7.5969,455.82,0002,0039,EV-014,collected,9.4167,17.0167,5,1,4,2026,23.6
d8a5e024_EV-015,2026-04-18T09:27:29.941420+00:00,2026-04-18T23:15:04.620815+00:00,26.5,13.793,827.58,0002,0039,EV-015,collected,9.45,23.25,5,1,4,2026,26.5
d8a5e024_EV-016,2026-04-18T09:38:45.325433+00:00,2026-04-19T02:20:52.533225+00:00,66.0,16.702,1002.12,0002,0039,EV-016,collected,9.6333,2.3333,5,1,4,2026,66.0
d8a5e024_EV-017,2026-04-18T09:41:10.648741+00:00,2026-04-18T10:11:10.648741+00:00,33.06,0.5,30,0002,0039,EV-017,collected,9.6833,10.1833,5,1,4,2026,33.06
d8a5e024_EV-018,2026-04-18T09:41:58.635703+00:00,2026-04-18T21:21:54.946825+00:00,42.35,11.6656,699.94,0002,0039,EV-018,collected,9.6833,21.35,5,1,4,2026,42.35
d8a5e024_EV-019,2026-04-18T09:45:09.570118+00:00,2026-04-18T10:15:09.570118+00:00,47.4,0.5,30,0002,0039,EV-019,collected,9.75,10.25,5,1,4,2026,47.4
d8a5e024_EV-020,2026-04-18T09:45:10.546735+00:00,2026-04-18T12:43:09.481844+00:00,81.7,2.9664,177.98,0002,0039,EV-020,collected,9.75,12.7167,5,1,4,2026,81.7
d8a5e024_EV-021,2026-04-18T09:52:12.453049+00:00,2026-04-18T14:08:23.976633+00:00,24.0,4.2699,256.19,0002,0039,EV-021,collected,9.8667,14.1333,5,1,4,2026,24.0
d8a5e024_EV-022,2026-04-18T09:58:45.990461+00:00,2026-04-18T10:28:45.990461+00:00,35.4,0.5,30,0002,0039,EV-022,collected,9.9667,10.4667,5,1,4,2026,35.4
d8a5e024_EV-023,2026-04-18T10:19:50.821887+00:00,2026-04-18T16:23:35.854638+00:00,56.8,6.0625,363.75,0002,0039,EV-023,collected,10.3167,16.3833,5,1,4,2026,56.8
d8a5e024_EV-024,2026-04-18T10:22:20.672741+00:00,2026-04-18T13:26:06.129294+00:00,44.8,3.0626,183.76,0002,0039,EV-024,collected,10.3667,13.4333,5,1,4,2026,44.8
d8a5e024_EV-025,2026-04-18T10:24:48.191667+00:00,2026-04-18T15:48:58.064148+00:00,33.0,5.4027,324.16,0002,0039,EV-025,collected,10.4,15.8,5,1,4,2026,33.0
d8a5e024_EV-026,2026-04-18T10:30:15.383820+00:00,2026-04-18T12:52:29.848951+00:00,60.06,2.3707,142.24,0002,0039,EV-026,collected,10.5,12.8667,5,1,4,2026,60.06
d8a5e024_EV-027,2026-04-18T10:36:28.523271+00:00,2026-04-18T13:55:57.140204+00:00,33.0,3.3246,199.48,0002,0039,EV-027,collected,10.6,13.9167,5,1,4,2026,33.0
d8a5e024_EV-028,2026-04-18T10:37:48.987639+00:00,2026-04-18T15:49:20.178851+00:00,47.5,5.192,311.52,0002,0039,EV-028,collected,10.6167,15.8167,5,1,4,2026,47.5
d8a5e024_EV-029,2026-04-18T10:39:56.399333+00:00,2026-04-18T14:22:01.730051+00:00,14.5,3.7015,222.09,0002,0039,EV-029,collected,10.65,14.3667,5,1,4,2026,14.5
d8a5e024_EV-030,2026-04-18T10:45:04.652472+00:00,2026-04-18T15:52:17.453904+00:00,60.83,5.1202,307.21,0002,0039,EV-030,collected,10.75,15.8667,5,1,4,2026,60.83
d8a5e024_EV-031,2026-04-18T10:57:26.226109+00:00,2026-04-18T11:27:26.226109+00:00,56.21,0.5,30,0002,0039,EV-031,collected,10.95,11.45,5,1,4,2026,56.21
d8a5e024_EV-032,2026-04-18T10:57:43.169647+00:00,2026-04-18T16:01:40.232573+00:00,18.0,5.0659,303.95,0002,0039,EV-032,collected,10.95,16.0167,5,1,4,2026,18.0
ocpp_CP_003_2,CP_003,0002,0039,2026-04-18T12:27:59.477787+00:00,2026-04-18T12:30:20.138692+00:00,2026-04-18T12:30:20.138692+00:00,15.9,ANON_003,0.0391,0.0391,0.0,12.45,12.5,5,1,4,2026,406.9361,180.0
ocpp_CP_002_1,CP_002,0002,0039,2026-04-18T12:27:58.331809+00:00,2026-04-18T12:31:00.666085+00:00,2026-04-18T12:31:00.666085+00:00,9.432,ANON_002,0.0506,0.0506,0.0,12.45,12.5167,5,1,4,2026,186.225,180.0
ocpp_CP_001_4,CP_001,0002,0039,2026-04-18T12:28:17.996460+00:00,2026-04-18T12:40:18.699763+00:00,2026-04-18T12:30:16.996853+00:00,12.237,ANON_001,0.2002,0.0331,0.1671,12.4667,12.6667,5,1,4,2026,370.1937,180.0
c85bd8d8_EV-001,2026-04-18T08:13:36.544445+00:00,2026-04-18T18:18:46.230486+00:00,20.13,10.086,605.16,0002,0039,EV-001,collected,8.2167,18.3,5,1,4,2026,20.13
c85bd8d8_EV-002,2026-04-18T08:28:22.397425+00:00,2026-04-18T14:17:53.465180+00:00,22.8,5.8253,349.52,0002,0039,EV-002,collected,8.4667,14.2833,5,1,4,2026,22.8
c85bd8d8_EV-003,2026-04-18T08:34:06.442707+00:00,2026-04-18T18:04:16.552379+00:00,23.43,9.5028,570.17,0002,0039,EV-003,collected,8.5667,18.0667,5,1,4,2026,23.43
c85bd8d8_EV-004,2026-04-18T08:51:22.274970+00:00,2026-04-18T23:46:37.718773+00:00,39.0,14.921,895.26,0002,0039,EV-004,collected,8.85,23.7667,5,1,4,2026,39.0
c85bd8d8_EV-005,2026-04-18T08:54:34.041113+00:00,2026-04-18T19:52:30.977473+00:00,42.0,10.9658,657.95,0002,0039,EV-005,collected,8.9,19.8667,5,1,4,2026,42.0
c85bd8d8_EV-006,2026-04-18T09:38:45.325433+00:00,2026-04-19T00:19:01.269918+00:00,50.25,14.6711,880.27,0002,0039,EV-006,collected,9.6333,0.3167,5,1,4,2026,50.25
c85bd8d8_EV-007,2026-04-18T10:19:50.821887+00:00,2026-04-18T11:07:47.435782+00:00,29.26,0.7991,47.94,0002,0039,EV-007,collected,10.3167,11.1167,5,1,4,2026,29.26
c85bd8d8_EV-008,2026-04-18T10:22:20.672741+00:00,2026-04-18T11:25:55.328184+00:00,43.5,1.0596,63.58,0002,0039,EV-008,collected,10.3667,11.4167,5,1,4,2026,43.5
c85bd8d8_EV-009,2026-04-18T10:30:15.383820+00:00,2026-04-18T18:04:26.134412+00:00,45.75,7.5697,454.18,0002,0039,EV-009,collected,10.5,18.0667,5,1,4,2026,45.75
c85bd8d8_EV-010,2026-04-18T10:39:56.399333+00:00,2026-04-18T17:22:15.738191+00:00,31.68,6.7054,402.32,0002,0039,EV-010,collected,10.65,17.3667,5,1,4,2026,31.68
dffcf756_EV-001,2026-04-18T08:13:36.544445+00:00,2026-04-18T13:05:36.198765+00:00,20.13,4.8666,291.99,0002,0039,EV-001,collected,8.2167,13.0833,5,1,4,2026,20.13
dffcf756_EV-002,2026-04-18T08:28:22.397425+00:00,2026-04-18T08:58:22.397425+00:00,22.8,0.5,30,0002,0039,EV-002,collected,8.4667,8.9667,5,1,4,2026,22.8
dffcf756_EV-003,2026-04-18T08:34:06.442707+00:00,2026-04-18T16:13:55.219848+00:00,23.43,7.6635,459.81,0002,0039,EV-003,collected,8.5667,16.2167,5,1,4,2026,23.43
dffcf756_EV-004,2026-04-18T08:51:22.274970+00:00,2026-04-18T09:21:22.274970+00:00,39.0,0.5,30,0002,0039,EV-004,collected,8.85,9.35,5,1,4,2026,39.0
dffcf756_EV-005,2026-04-18T08:54:34.041113+00:00,2026-04-18T19:28:38.273303+00:00,42.0,10.5678,634.07,0002,0039,EV-005,collected,8.9,19.4667,5,1,4,2026,42.0
dffcf756_EV-006,2026-04-18T09:38:45.325433+00:00,2026-04-19T03:31:18.074665+00:00,50.25,17.8758,1072.55,0002,0039,EV-006,collected,9.6333,3.5167,5,1,4,2026,50.25
dffcf756_EV-007,2026-04-18T10:19:50.821887+00:00,2026-04-18T16:18:27.650226+00:00,29.26,5.9769,358.61,0002,0039,EV-007,collected,10.3167,16.3,5,1,4,2026,29.26
dffcf756_EV-008,2026-04-18T10:22:20.672741+00:00,2026-04-18T12:58:31.333826+00:00,43.5,2.603,156.18,0002,0039,EV-008,collected,10.3667,12.9667,5,1,4,2026,43.5
dffcf756_EV-009,2026-04-18T10:30:15.383820+00:00,2026-04-18T18:18:38.806208+00:00,45.75,7.8065,468.39,0002,0039,EV-009,collected,10.5,18.3,5,1,4,2026,45.75
dffcf756_EV-010,2026-04-18T10:39:56.399333+00:00,2026-04-18T14:57:46.674588+00:00,31.68,4.2973,257.84,0002,0039,EV-010,collected,10.65,14.95,5,1,4,2026,31.68
192e115e_EV-001,2026-04-18T08:10:40.309102+00:00,2026-04-18T13:12:23.128047+00:00,20.13,5.0286,301.71,0002,0039,EV-001,collected,8.1667,13.2,5,1,4,2026,20.13
192e115e_EV-002,2026-04-18T08:12:21.760899+00:00,2026-04-18T08:59:32.182673+00:00,22.8,0.7862,47.17,0002,0039,EV-002,collected,8.2,8.9833,5,1,4,2026,22.8
192e115e_EV-003,2026-04-18T08:13:36.544445+00:00,2026-04-18T15:45:50.614824+00:00,23.43,7.5372,452.23,0002,0039,EV-003,collected,8.2167,15.75,5,1,4,2026,23.43
192e115e_EV-004,2026-04-18T08:28:22.397425+00:00,2026-04-18T10:35:10.840216+00:00,39.0,2.1135,126.81,0002,0039,EV-004,collected,8.4667,10.5833,5,1,4,2026,39.0
192e115e_EV-005,2026-04-18T08:32:47.691435+00:00,2026-04-18T09:02:47.691435+00:00,42.0,0.5,30,0002,0039,EV-005,collected,8.5333,9.0333,5,1,4,2026,42.0
192e115e_EV-006,2026-04-18T08:33:43.388156+00:00,2026-04-19T00:54:01.722245+00:00,50.25,16.3384,980.31,0002,0039,EV-006,collected,8.55,0.9,5,1,4,2026,50.25
192e115e_EV-007,2026-04-18T08:34:06.442707+00:00,2026-04-18T09:11:57.773848+00:00,29.26,0.6309,37.86,0002,0039,EV-007,collected,8.5667,9.1833,5,1,4,2026,29.26
192e115e_EV-008,2026-04-18T08:37:46.663941+00:00,2026-04-18T16:10:08.672918+00:00,43.5,7.5394,452.37,0002,0039,EV-008,collected,8.6167,16.1667,5,1,4,2026,43.5
192e115e_EV-009,2026-04-18T08:50:44.490957+00:00,2026-04-18T19:17:31.685645+00:00,45.75,10.4464,626.79,0002,0039,EV-009,collected,8.8333,19.2833,5,1,4,2026,45.75
192e115e_EV-010,2026-04-18T08:51:22.274970+00:00,2026-04-18T19:38:02.604332+00:00,31.68,10.7779,646.67,0002,0039,EV-010,collected,8.85,19.6333,5,1,4,2026,31.68
192e115e_EV-011,2026-04-18T08:53:06.850947+00:00,2026-04-18T10:05:22.031386+00:00,62.25,1.2042,72.25,0002,0039,EV-011,collected,8.8833,10.0833,5,1,4,2026,62.25
192e115e_EV-012,2026-04-18T08:54:34.041113+00:00,2026-04-18T18:35:20.766274+00:00,36.72,9.6796,580.78,0002,0039,EV-012,collected,8.9,18.5833,5,1,4,2026,36.72
192e115e_EV-013,2026-04-18T09:12:23.181190+00:00,2026-04-18T17:53:39.840928+00:00,51.12,8.688,521.28,0002,0039,EV-013,collected,9.2,17.8833,5,1,4,2026,51.12
192e115e_EV-014,2026-04-18T09:25:13.834941+00:00,2026-04-18T20:41:37.499839+00:00,23.6,11.2732,676.39,0002,0039,EV-014,collected,9.4167,20.6833,5,1,4,2026,23.6
192e115e_EV-015,2026-04-18T09:27:29.941420+00:00,2026-04-18T19:56:30.400549+00:00,26.5,10.4835,629.01,0002,0039,EV-015,collected,9.45,19.9333,5,1,4,2026,26.5
192e115e_EV-016,2026-04-18T09:38:45.325433+00:00,2026-04-18T13:26:37.784029+00:00,66.0,3.7979,227.87,0002,0039,EV-016,collected,9.6333,13.4333,5,1,4,2026,66.0
192e115e_EV-017,2026-04-18T09:41:10.648741+00:00,2026-04-18T10:11:10.648741+00:00,33.06,0.5,30,0002,0039,EV-017,collected,9.6833,10.1833,5,1,4,2026,33.06
192e115e_EV-018,2026-04-18T09:41:58.635703+00:00,2026-04-18T11:50:17.746017+00:00,42.35,2.1386,128.32,0002,0039,EV-018,collected,9.6833,11.8333,5,1,4,2026,42.35
192e115e_EV-019,2026-04-18T09:45:09.570118+00:00,2026-04-18T10:15:09.570118+00:00,47.4,0.5,30,0002,0039,EV-019,collected,9.75,10.25,5,1,4,2026,47.4
192e115e_EV-020,2026-04-18T09:45:10.546735+00:00,2026-04-18T14:21:27.397611+00:00,81.7,4.6047,276.28,0002,0039,EV-020,collected,9.75,14.35,5,1,4,2026,81.7
192e115e_EV-021,2026-04-18T09:52:12.453049+00:00,2026-04-18T14:23:25.153471+00:00,24.0,4.5202,271.21,0002,0039,EV-021,collected,9.8667,14.3833,5,1,4,2026,24.0
192e115e_EV-022,2026-04-18T09:58:45.990461+00:00,2026-04-19T01:58:23.028949+00:00,35.4,15.9936,959.62,0002,0039,EV-022,collected,9.9667,1.9667,5,1,4,2026,35.4
192e115e_EV-023,2026-04-18T10:19:50.821887+00:00,2026-04-18T14:44:03.238775+00:00,56.8,4.4034,264.21,0002,0039,EV-023,collected,10.3167,14.7333,5,1,4,2026,56.8
192e115e_EV-024,2026-04-18T10:22:20.672741+00:00,2026-04-18T11:17:48.103257+00:00,44.8,0.9243,55.46,0002,0039,EV-024,collected,10.3667,11.2833,5,1,4,2026,44.8
192e115e_EV-025,2026-04-18T10:24:48.191667+00:00,2026-04-18T20:23:54.177441+00:00,33.0,9.985,599.1,0002,0039,EV-025,collected,10.4,20.3833,5,1,4,2026,33.0
192e115e_EV-026,2026-04-18T10:30:15.383820+00:00,2026-04-18T16:02:18.582396+00:00,60.06,5.5342,332.05,0002,0039,EV-026,collected,10.5,16.0333,5,1,4,2026,60.06
192e115e_EV-027,2026-04-18T10:36:28.523271+00:00,2026-04-18T16:19:25.161106+00:00,33.0,5.7157,342.94,0002,0039,EV-027,collected,10.6,16.3167,5,1,4,2026,33.0
192e115e_EV-028,2026-04-18T10:37:48.987639+00:00,2026-04-18T11:07:48.987639+00:00,47.5,0.5,30,0002,0039,EV-028,collected,10.6167,11.1167,5,1,4,2026,47.5
192e115e_EV-029,2026-04-18T10:39:56.399333+00:00,2026-04-18T11:09:56.399333+00:00,14.5,0.5,30,0002,0039,EV-029,collected,10.65,11.15,5,1,4,2026,14.5
192e115e_EV-030,2026-04-18T10:45:04.652472+00:00,2026-04-18T11:15:04.652472+00:00,60.83,0.5,30,0002,0039,EV-030,collected,10.75,11.25,5,1,4,2026,60.83
192e115e_EV-031,2026-04-18T10:57:26.226109+00:00,2026-04-18T13:46:54.598208+00:00,56.21,2.8245,169.47,0002,0039,EV-031,collected,10.95,13.7667,5,1,4,2026,56.21
1d0fde40_EV-001,2026-04-18T08:10:40.309102+00:00,2026-04-18T08:47:21.275903+00:00,20.13,0.6114,36.68,0002,0039,EV-001,collected,8.1667,8.7833,5,1,4,2026,20.13
1d0fde40_EV-002,2026-04-18T08:12:21.760899+00:00,2026-04-18T15:37:55.169762+00:00,22.8,7.4259,445.56,0002,0039,EV-002,collected,8.2,15.6167,5,1,4,2026,22.8
1d0fde40_EV-003,2026-04-18T08:13:36.544445+00:00,2026-04-19T04:01:14.775812+00:00,23.43,19.794,1187.64,0002,0039,EV-003,collected,8.2167,4.0167,5,1,4,2026,23.43
1d0fde40_EV-004,2026-04-18T08:28:22.397425+00:00,2026-04-18T14:12:14.825998+00:00,39.0,5.7312,343.87,0002,0039,EV-004,collected,8.4667,14.2,5,1,4,2026,39.0
1d0fde40_EV-005,2026-04-18T08:32:47.691435+00:00,2026-04-18T19:10:42.841890+00:00,42.0,10.632,637.92,0002,0039,EV-005,collected,8.5333,19.1667,5,1,4,2026,42.0
1d0fde40_EV-006,2026-04-18T08:33:43.388156+00:00,2026-04-18T13:55:50.554037+00:00,50.25,5.3687,322.12,0002,0039,EV-006,collected,8.55,13.9167,5,1,4,2026,50.25
1d0fde40_EV-007,2026-04-18T08:34:06.442707+00:00,2026-04-18T18:52:37.561690+00:00,29.26,10.3086,618.52,0002,0039,EV-007,collected,8.5667,18.8667,5,1,4,2026,29.26
1d0fde40_EV-008,2026-04-18T08:37:46.663941+00:00,2026-04-18T09:07:46.663941+00:00,43.5,0.5,30,0002,0039,EV-008,collected,8.6167,9.1167,5,1,4,2026,43.5
1d0fde40_EV-009,2026-04-18T08:50:44.490957+00:00,2026-04-18T11:54:24.450797+00:00,45.75,3.0611,183.67,0002,0039,EV-009,collected,8.8333,11.9,5,1,4,2026,45.75
1d0fde40_EV-010,2026-04-18T08:51:22.274970+00:00,2026-04-18T13:47:43.241581+00:00,31.68,4.9392,296.35,0002,0039,EV-010,collected,8.85,13.7833,5,1,4,2026,31.68
1d0fde40_EV-011,2026-04-18T08:53:06.850947+00:00,2026-04-18T09:51:04.352598+00:00,62.25,0.966,57.96,0002,0039,EV-011,collected,8.8833,9.85,5,1,4,2026,62.25
1d0fde40_EV-012,2026-04-18T08:54:34.041113+00:00,2026-04-18T20:10:56.270843+00:00,36.72,11.2728,676.37,0002,0039,EV-012,collected,8.9,20.1667,5,1,4,2026,36.72
1d0fde40_EV-013,2026-04-18T09:12:23.181190+00:00,2026-04-18T19:45:43.093104+00:00,51.12,10.5555,633.33,0002,0039,EV-013,collected,9.2,19.75,5,1,4,2026,51.12
1d0fde40_EV-014,2026-04-18T09:25:13.834941+00:00,2026-04-19T00:21:20.137674+00:00,23.6,14.9351,896.11,0002,0039,EV-014,collected,9.4167,0.35,5,1,4,2026,23.6
1d0fde40_EV-015,2026-04-18T09:27:29.941420+00:00,2026-04-18T17:10:11.685195+00:00,26.5,7.7116,462.7,0002,0039,EV-015,collected,9.45,17.1667,5,1,4,2026,26.5
1d0fde40_EV-016,2026-04-18T09:38:45.325433+00:00,2026-04-18T15:41:39.366631+00:00,66.0,6.0483,362.9,0002,0039,EV-016,collected,9.6333,15.6833,5,1,4,2026,66.0
1d0fde40_EV-017,2026-04-18T09:41:10.648741+00:00,2026-04-18T17:25:22.373600+00:00,33.06,7.7366,464.2,0002,0039,EV-017,collected,9.6833,17.4167,5,1,4,2026,33.06
1d0fde40_EV-018,2026-04-18T09:41:58.635703+00:00,2026-04-18T16:42:58.490590+00:00,42.35,7.0166,421.0,0002,0039,EV-018,collected,9.6833,16.7,5,1,4,2026,42.35
1d0fde40_EV-019,2026-04-18T09:45:09.570118+00:00,2026-04-18T10:15:24.934234+00:00,47.4,0.5043,30.26,0002,0039,EV-019,collected,9.75,10.25,5,1,4,2026,47.4
1d0fde40_EV-020,2026-04-18T09:45:10.546735+00:00,2026-04-19T02:14:20.719742+00:00,81.7,16.4862,989.17,0002,0039,EV-020,collected,9.75,2.2333,5,1,4,2026,81.7
1d0fde40_EV-021,2026-04-18T09:52:12.453049+00:00,2026-04-18T17:06:53.173305+00:00,24.0,7.2446,434.68,0002,0039,EV-021,collected,9.8667,17.1,5,1,4,2026,24.0
1d0fde40_EV-022,2026-04-18T09:58:45.990461+00:00,2026-04-19T03:10:17.173356+00:00,35.4,17.192,1031.52,0002,0039,EV-022,collected,9.9667,3.1667,5,1,4,2026,35.4
1d0fde40_EV-023,2026-04-18T10:19:50.821887+00:00,2026-04-18T14:23:42.642781+00:00,56.8,4.0644,243.86,0002,0039,EV-023,collected,10.3167,14.3833,5,1,4,2026,56.8
1d0fde40_EV-024,2026-04-18T10:22:20.672741+00:00,2026-04-18T14:19:26.462310+00:00,44.8,3.9516,237.1,0002,0039,EV-024,collected,10.3667,14.3167,5,1,4,2026,44.8
1d0fde40_EV-025,2026-04-18T10:24:48.191667+00:00,2026-04-18T12:47:07.645209+00:00,33.0,2.3721,142.32,0002,0039,EV-025,collected,10.4,12.7833,5,1,4,2026,33.0
1d0fde40_EV-026,2026-04-18T10:30:15.383820+00:00,2026-04-18T14:54:23.400237+00:00,60.06,4.4022,264.13,0002,0039,EV-026,collected,10.5,14.9,5,1,4,2026,60.06
1d0fde40_EV-027,2026-04-18T10:36:28.523271+00:00,2026-04-18T17:24:37.828434+00:00,33.0,6.8026,408.16,0002,0039,EV-027,collected,10.6,17.4,5,1,4,2026,33.0
1d0fde40_EV-028,2026-04-18T10:37:48.987639+00:00,2026-04-18T15:32:09.422527+00:00,47.5,4.9057,294.34,0002,0039,EV-028,collected,10.6167,15.5333,5,1,4,2026,47.5
1d0fde40_EV-029,2026-04-18T10:39:56.399333+00:00,2026-04-18T15:42:10.026263+00:00,14.5,5.0371,302.23,0002,0039,EV-029,collected,10.65,15.7,5,1,4,2026,14.5
1d0fde40_EV-030,2026-04-18T10:45:04.652472+00:00,2026-04-18T15:36:49.818873+00:00,60.83,4.8625,291.75,0002,0039,EV-030,collected,10.75,15.6,5,1,4,2026,60.83
1d0fde40_EV-031,2026-04-18T10:57:26.226109+00:00,2026-04-18T14:55:18.006113+00:00,56.21,3.9644,237.86,0002,0039,EV-031,collected,10.95,14.9167,5,1,4,2026,56.21
