session_id,ev_id,arrival_time,predicted_stay_min,actual_stay_min,prediction_error_min,energy_needed_kwh,recorded_at
0e445013_EV-001,EV-001,2026-03-25T20:52:30.360090+00:00,624.79,624.79,0.0,42.0,2026-03-25T20:52:30.360090+00:00
0e445013_EV-002,EV-002,2026-03-25T20:52:30.360090+00:00,624.79,624.79,0.0,42.0,2026-03-25T20:52:30.360090+00:00
0e445013_EV-003,EV-003,2026-03-25T20:52:30.360090+00:00,624.79,624.79,0.0,42.0,2026-03-25T20:52:30.360090+00:00
0e445013_EV-004,EV-004,2026-03-25T20:52:30.360090+00:00,624.79,624.79,0.0,42.0,2026-03-25T20:52:30.360090+00:00
0e445013_EV-005,EV-005,2026-03-25T20:52:30.360090+00:00,624.79,624.79,0.0,42.0,2026-03-25T20:52:30.360090+00:00
0e445013_EV-006,EV-006,2026-03-25T20:52:30.360090+00:00,624.79,624.79,0.0,42.0,2026-03-25T20:52:30.360090+00:00
0e445013_EV-007,EV-007,2026-03-25T20:52:30.360090+00:00,624.79,624.79,0.0,42.0,2026-03-25T20:52:30.360090+00:00
0e445013_EV-008,EV-008,2026-03-25T20:52:30.360090+00:00,624.79,624.79,0.0,42.0,2026-03-25T20:52:30.360090+00:00
0e445013_EV-009,EV-009,2026-03-25T20:52:30.360090+00:00,624.79,624.79,0.0,42.0,2026-03-25T20:52:30.360090+00:00
0e445013_EV-010,EV-010,2026-03-25T20:52:30.360090+00:00,624.79,624.79,0.0,42.0,2026-03-25T20:52:30.360090+00:00
e83962f2_EV-001,EV-001,2026-03-25T20:52:41.445265+00:00,624.79,624.79,0.0,42.0,2026-03-25T20:52:41.445265+00:00
e83962f2_EV-002,EV-002,2026-03-25T20:52:41.445265+00:00,624.79,624.79,0.0,42.0,2026-03-25T20:52:41.445265+00:00
e83962f2_EV-003,EV-003,2026-03-25T20:52:41.445265+00:00,624.79,624.79,0.0,42.0,2026-03-25T20:52:41.445265+00:00
e83962f2_EV-004,EV-004,2026-03-25T20:52:41.445265+00:00,624.79,624.79,0.0,42.0,2026-03-25T20:52:41.445265+00:00
e83962f2_EV-005,EV-005,2026-03-25T20:52:41.445265+00:00,624.79,624.79,0.0,42.0,2026-03-25T20:52:41.445265+00:00
e83962f2_EV-006,EV-006,2026-03-25T20:52:41.445265+00:00,624.79,624.79,0.0,42.0,2026-03-25T20:52:41.445265+00:00
e83962f2_EV-007,EV-007,2026-03-25T20:52:41.445265+00:00,624.79,624.79,0.0,42.0,2026-03-25T20:52:41.445265+00:00
e83962f2_EV-008,EV-008,2026-03-25T20:52:41.445265+00:00,624.79,624.79,0.0,42.0,2026-03-25T20:52:41.445265+00:00
e83962f2_EV-009,EV-009,2026-03-25T20:52:41.445265+00:00,624.79,624.79,0.0,42.0,2026-03-25T20:52:41.445265+00:00
e83962f2_EV-010,EV-010,2026-03-25T20:52:41.445265+00:00,624.79,624.79,0.0,42.0,2026-03-25T20:52:41.445265+00:00
e83962f2_EV-011,EV-011,2026-03-25T20:52:41.445265+00:00,624.79,624.79,0.0,42.0,2026-03-25T20:52:41.445265+00:00
e83962f2_EV-012,EV-012,2026-03-25T20:52:41.445265+00:00,624.79,624.79,0.0,42.0,2026-03-25T20:52:41.445265+00:00
e83962f2_EV-013,EV-013,2026-03-25T20:52:41.445265+00:00,624.79,624.79,0.0,42.0,2026-03-25T20:52:41.445265+00:00
e83962f2_EV-014,EV-014,2026-03-25T20:52:41.445265+00:00,624.79,624.79,0.0,42.0,2026-03-25T20:52:41.445265+00:00
e83962f2_EV-015,EV-015,2026-03-25T20:52:41.445265+00:00,624.79,624.79,0.0,42.0,2026-03-25T20:52:41.445265+00:00
e83962f2_EV-016,EV-016,2026-03-25T20:52:41.445265+00:00,624.79,624.79,0.0,42.0,2026-03-25T20:52:41.445265+00:00
e83962f2_EV-017,EV-017,2026-03-25T20:52:41.445265+00:00,624.79,624.79,0.0,42.0,2026-03-25T20:52:41.445265+00:00
e83962f2_EV-018,EV-018,2026-03-25T20:52:41.445265+00:00,624.79,624.79,0.0,42.0,2026-03-25T20:52:41.445265+00:00
e83962f2_EV-019,EV-019,2026-03-25T20:52:41.445265+00:00,624.79,624.79,0.0,42.0,2026-03-25T20:52:41.445265+00:00
e83962f2_EV-020,EV-020,2026-03-25T20:52:41.445265+00:00,624.79,624.79,0.0,42.0,2026-03-25T20:52:41.445265+00:00
e83962f2_EV-021,EV-021,2026-03-25T20:52:41.445265+00:00,624.79,624.79,0.0,42.0,2026-03-25T20:52:41.445265+00:00
e83962f2_EV-022,EV-022,2026-03-25T20:52:41.445265+00:00,624.79,624.79,0.0,42.0,2026-03-25T20:52:41.445265+00:00
e83962f2_EV-023,EV-023,2026-03-25T20:52:41.445265+00:00,624.79,624.79,0.0,42.0,2026-03-25T20:52:41.445265+00:00
e83962f2_EV-024,EV-024,2026-03-25T20:52:41.445265+00:00,624.79,624.79,0.0,42.0,2026-03-25T20:52:41.445265+00:00
e83962f2_EV-025,EV-025,2026-03-25T20:52:41.445265+00:00,624.79,624.79,0.0,42.0,2026-03-25T20:52:41.445265+00:00
e83962f2_EV-026,EV-026,2026-03-25T20:52:41.445265+00:00,624.79,624.79,0.0,42.0,2026-03-25T20:52:41.445265+00:00
e83962f2_EV-027,EV-027,2026-03-25T20:52:41.445265+00:00,624.79,624.79,0.0,42.0,2026-03-25T20:52:41.445265+00:00
e83962f2_EV-028,EV-028,2026-03-25T20:52:41.445265+00:00,624.79,624.79,0.0,42.0,2026-03-25T20:52:41.445265+00:00
e83962f2_EV-029,EV-029,2026-03-25T20:52:41.445265+00:00,624.79,624.79,0.0,42.0,2026-03-25T20:52:41.445265+00:00
e83962f2_EV-030,EV-030,2026-03-25T20:52:41.445265+00:00,624.79,624.79,0.0,42.0,2026-03-25T20:52:41.445265+00:00
e83962f2_EV-031,EV-031,2026-03-25T20:52:41.445265+00:00,624.79,624.79,0.0,42.0,2026-03-25T20:52:41.445265+00:00
e83962f2_EV-032,EV-032,2026-03-25T20:52:41.445265+00:00,624.79,624.79,0.0,42.0,2026-03-25T20:52:41.445265+00:00
e83962f2_EV-033,EV-033,2026-03-25T20:52:41.445265+00:00,624.79,624.79,0.0,42.0,2026-03-25T20:52:41.445265+00:00
e83962f2_EV-034,EV-034,2026-03-25T20:52:41.445265+00:00,624.79,624.79,0.0,42.0,2026-03-25T20:52:41.445265+00:00
e83962f2_EV-035,EV-035,2026-03-25T20:52:41.445265+00:00,624.79,624.79,0.0,42.0,2026-03-25T20:52:41.445265+00:00
e83962f2_EV-036,EV-036,2026-03-25T20:52:41.445265+00:00,624.79,624.79,0.0,42.0,2026-03-25T20:52:41.445265+00:00
e83962f2_EV-037,EV-037,2026-03-25T20:52:41.445265+00:00,624.79,624.79,0.0,42.0,2026-03-25T20:52:41.445265+00:00
cfe0fc8d_EV-001,EV-001,2026-03-25T20:52:53.608639+00:00,624.79,624.79,0.0,42.0,2026-03-25T20:52:53.608639+00:00
cfe0fc8d_EV-002,EV-002,2026-03-25T20:52:53.608639+00:00,624.79,624.79,0.0,42.0,2026-03-25T20:52:53.608639+00:00
cfe0fc8d_EV-003,EV-003,2026-03-25T20:52:53.608639+00:00,624.79,624.79,0.0,42.0,2026-03-25T20:52:53.608639+00:00
cfe0fc8d_EV-004,EV-004,2026-03-25T20:52:53.608639+00:00,624.79,624.79,0.0,42.0,2026-03-25T20:52:53.608639+00:00
cfe0fc8d_EV-005,EV-005,2026-03-25T20:52:53.608639+00:00,624.79,624.79,0.0,42.0,2026-03-25T20:52:53.608639+00:00
cfe0fc8d_EV-006,EV-006,2026-03-25T20:52:53.608639+00:00,624.79,624.79,0.0,42.0,2026-03-25T20:52:53.608639+00:00
cfe0fc8d_EV-007,EV-007,2026-03-25T20:52:53.608639+00:00,624.79,624.79,0.0,42.0,2026-03-25T20:52:53.608639+00:00
cfe0fc8d_EV-008,EV-008,2026-03-25T20:52:53.608639+00:00,624.79,624.79,0.0,42.0,2026-03-25T20:52:53.608639+00:00
cfe0fc8d_EV-009,EV-009,2026-03-25T20:52:53.608639+00:00,624.79,624.79,0.0,42.0,2026-03-25T20:52:53.608639+00:00
cfe0fc8d_EV-010,EV-010,2026-03-25T20:52:53.608639+00:00,624.79,624.79,0.0,42.0,2026-03-25T20:52:53.608639+00:00
cfe0fc8d_EV-011,EV-011,2026-03-25T20:52:53.608639+00:00,624.79,624.79,0.0,42.0,2026-03-25T20:52:53.608639+00:00
cfe0fc8d_EV-012,EV-012,2026-03-25T20:52:53.608639+00:00,624.79,624.79,0.0,42.0,2026-03-25T20:52:53.608639+00:00
cfe0fc8d_EV-013,EV-013,2026-03-25T20:52:53.608639+00:00,624.79,624.79,0.0,42.0,2026-03-25T20:52:53.608639+00:00
cfe0fc8d_EV-014,EV-014,2026-03-25T20:52:53.608639+00:00,624.79,624.79,0.0,42.0,2026-03-25T20:52:53.608639+00:00
cfe0fc8d_EV-015,EV-015,2026-03-25T20:52:53.608639+00:00,624.79,624.79,0.0,42.0,2026-03-25T20:52:53.608639+00:00
cfe0fc8d_EV-016,EV-016,2026-03-25T20:52:53.608639+00:00,624.79,624.79,0.0,42.0,2026-03-25T20:52:53.608639+00:00
cfe0fc8d_EV-017,EV-017,2026-03-25T20:52:53.608639+00:00,624.79,624.79,0.0,42.0,2026-03-25T20:52:53.608639+00:00
cfe0fc8d_EV-018,EV-018,2026-03-25T20:52:53.608639+00:00,624.79,624.79,0.0,42.0,2026-03-25T20:52:53.608639+00:00
cfe0fc8d_EV-019,EV-019,2026-03-25T20:52:53.608639+00:00,624.79,624.79,0.0,42.0,2026-03-25T20:52:53.608639+00:00
cfe0fc8d_EV-020,EV-020,2026-03-25T20:52:53.608639+00:00,624.79,624.79,0.0,42.0,2026-03-25T20:52:53.608639+00:00
cfe0fc8d_EV-021,EV-021,2026-03-25T20:52:53.608639+00:00,624.79,624.79,0.0,42.0,2026-03-25T20:52:53.608639+00:00
cfe0fc8d_EV-022,EV-022,2026-03-25T20:52:53.608639+00:00,624.79,624.79,0.0,42.0,2026-03-25T20:52:53.608639+00:00
cfe0fc8d_EV-023,EV-023,2026-03-25T20:52:53.608639+00:00,624.79,624.79,0.0,42.0,2026-03-25T20:52:53.608639+00:00
cfe0fc8d_EV-024,EV-024,2026-03-25T20:52:53.608639+00:00,624.79,624.79,0.0,42.0,2026-03-25T20:52:53.608639+00:00
cfe0fc8d_EV-025,EV-025,2026-03-25T20:52:53.608639+00:00,624.79,624.79,0.0,42.0,2026-03-25T20:52:53.608639+00:00
cfe0fc8d_EV-026,EV-026,2026-03-25T20:52:53.608639+00:00,624.79,624.79,0.0,42.0,2026-03-25T20:52:53.608639+00:00
cfe0fc8d_EV-027,EV-027,2026-03-25T20:52:53.608639+00:00,624.79,624.79,0.0,42.0,2026-03-25T20:52:53.608639+00:00
cfe0fc8d_EV-028,EV-028,2026-03-25T20:52:53.608639+00:00,624.79,624.79,0.0,42.0,2026-03-25T20:52:53.608639+00:00
cfe0fc8d_EV-029,EV-029,2026-03-25T20:52:53.608639+00:00,624.79,624.79,0.0,42.0,2026-03-25T20:52:53.608639+00:00
cfe0fc8d_EV-030,EV-030,2026-03-25T20:52:53.608639+00:00,624.79,624.79,0.0,42.0,2026-03-25T20:52:53.608639+00:00
cfe0fc8d_EV-031,EV-031,2026-03-25T20:52:53.608639+00:00,624.79,624.79,0.0,42.0,2026-03-25T20:52:53.608639+00:00
cfe0fc8d_EV-032,EV-032,2026-03-25T20:52:53.608639+00:00,624.79,624.79,0.0,42.0,2026-03-25T20:52:53.608639+00:00
cfe0fc8d_EV-033,EV-033,2026-03-25T20:52:53.608639+00:00,624.79,624.79,0.0,42.0,2026-03-25T20:52:53.608639+00:00
cfe0fc8d_EV-034,EV-034,2026-03-25T20:52:53.608639+00:00,624.79,624.79,0.0,42.0,2026-03-25T20:52:53.608639+00:00
cfe0fc8d_EV-035,EV-035,2026-03-25T20:52:53.608639+00:00,624.79,624.79,0.0,42.0,2026-03-25T20:52:53.608639+00:00
cfe0fc8d_EV-036,EV-036,2026-03-25T20:52:53.608639+00:00,624.79,624.79,0.0,42.0,2026-03-25T20:52:53.608639+00:00
cfe0fc8d_EV-037,EV-037,2026-03-25T20:52:53.608639+00:00,624.79,624.79,0.0,42.0,2026-03-25T20:52:53.608639+00:00
cfe0fc8d_EV-038,EV-038,2026-03-25T20:52:53.608639+00:00,624.79,624.79,0.0,42.0,2026-03-25T20:52:53.608639+00:00
cfe0fc8d_EV-039,EV-039,2026-03-25T20:52:53.608639+00:00,624.79,624.79,0.0,42.0,2026-03-25T20:52:53.608639+00:00
cfe0fc8d_EV-040,EV-040,2026-03-25T20:52:53.608639+00:00,624.79,624.79,0.0,42.0,2026-03-25T20:52:53.608639+00:00
cfe0fc8d_EV-041,EV-041,2026-03-25T20:52:53.608639+00:00,624.79,624.79,0.0,42.0,2026-03-25T20:52:53.608639+00:00
cfe0fc8d_EV-042,EV-042,2026-03-25T20:52:53.608639+00:00,624.79,624.79,0.0,42.0,2026-03-25T20:52:53.608639+00:00
cfe0fc8d_EV-043,EV-043,2026-03-25T20:52:53.608639+00:00,624.79,624.79,0.0,42.0,2026-03-25T20:52:53.608639+00:00
cfe0fc8d_EV-044,EV-044,2026-03-25T20:52:53.608639+00:00,624.79,624.79,0.0,42.0,2026-03-25T20:52:53.608639+00:00
cfe0fc8d_EV-045,EV-045,2026-03-25T20:52:53.608639+00:00,624.79,624.79,0.0,42.0,2026-03-25T20:52:53.608639+00:00
cfe0fc8d_EV-046,EV-046,2026-03-25T20:52:53.608639+00:00,624.79,624.79,0.0,42.0,2026-03-25T20:52:53.608639+00:00
cfe0fc8d_EV-047,EV-047,2026-03-25T20:52:53.608639+00:00,624.79,624.79,0.0,42.0,2026-03-25T20:52:53.608639+00:00
cfe0fc8d_EV-048,EV-048,2026-03-25T20:52:53.608639+00:00,624.79,624.79,0.0,42.0,2026-03-25T20:52:53.608639+00:00
cfe0fc8d_EV-049,EV-049,2026-03-25T20:52:53.608639+00:00,624.79,624.79,0.0,42.0,2026-03-25T20:52:53.608639+00:00
394f23a0_EV-001,EV-001,2026-03-25T20:53:05.614216+00:00,625.47,625.47,0.0,42.0,2026-03-25T20:53:05.614216+00:00
394f23a0_EV-002,EV-002,2026-03-25T20:53:05.614216+00:00,625.47,625.47,0.0,42.0,2026-03-25T20:53:05.614216+00:00
394f23a0_EV-003,EV-003,2026-03-25T20:53:05.614216+00:00,625.47,625.47,0.0,42.0,2026-03-25T20:53:05.614216+00:00
394f23a0_EV-004,EV-004,2026-03-25T20:53:05.614216+00:00,625.47,625.47,0.0,42.0,2026-03-25T20:53:05.614216+00:00
394f23a0_EV-005,EV-005,2026-03-25T20:53:05.614216+00:00,625.47,625.47,0.0,42.0,2026-03-25T20:53:05.614216+00:00
394f23a0_EV-006,EV-006,2026-03-25T20:53:05.614216+00:00,625.47,625.47,0.0,42.0,2026-03-25T20:53:05.614216+00:00
394f23a0_EV-007,EV-007,2026-03-25T20:53:05.614216+00:00,625.47,625.47,0.0,42.0,2026-03-25T20:53:05.614216+00:00
394f23a0_EV-008,EV-008,2026-03-25T20:53:05.614216+00:00,625.47,625.47,0.0,42.0,2026-03-25T20:53:05.614216+00:00
394f23a0_EV-009,EV-009,2026-03-25T20:53:05.614216+00:00,625.47,625.47,0.0,42.0,2026-03-25T20:53:05.614216+00:00
394f23a0_EV-010,EV-010,2026-03-25T20:53:05.614216+00:00,625.47,625.47,0.0,42.0,2026-03-25T20:53:05.614216+00:00
394f23a0_EV-011,EV-011,2026-03-25T20:53:05.614216+00:00,625.47,625.47,0.0,42.0,2026-03-25T20:53:05.614216+00:00
394f23a0_EV-012,EV-012,2026-03-25T20:53:05.614216+00:00,625.47,625.47,0.0,42.0,2026-03-25T20:53:05.614216+00:00
394f23a0_EV-013,EV-013,2026-03-25T20:53:05.614216+00:00,625.47,625.47,0.0,42.0,2026-03-25T20:53:05.614216+00:00
394f23a0_EV-014,EV-014,2026-03-25T20:53:05.614216+00:00,625.47,625.47,0.0,42.0,2026-03-25T20:53:05.614216+00:00
394f23a0_EV-015,EV-015,2026-03-25T20:53:05.614216+00:00,625.47,625.47,0.0,42.0,2026-03-25T20:53:05.614216+00:00
394f23a0_EV-016,EV-016,2026-03-25T20:53:05.614216+00:00,625.47,625.47,0.0,42.0,2026-03-25T20:53:05.614216+00:00
394f23a0_EV-017,EV-017,2026-03-25T20:53:05.614216+00:00,625.47,625.47,0.0,42.0,2026-03-25T20:53:05.614216+00:00
394f23a0_EV-018,EV-018,2026-03-25T20:53:05.614216+00:00,625.47,625.47,0.0,42.0,2026-03-25T20:53:05.614216+00:00
394f23a0_EV-019,EV-019,2026-03-25T20:53:05.614216+00:00,625.47,625.47,0.0,42.0,2026-03-25T20:53:05.614216+00:00
394f23a0_EV-020,EV-020,2026-03-25T20:53:05.614216+00:00,625.47,625.47,0.0,42.0,2026-03-25T20:53:05.614216+00:00
394f23a0_EV-021,EV-021,2026-03-25T20:53:05.614216+00:00,625.47,625.47,0.0,42.0,2026-03-25T20:53:05.614216+00:00
394f23a0_EV-022,EV-022,2026-03-25T20:53:05.614216+00:00,625.47,625.47,0.0,42.0,2026-03-25T20:53:05.614216+00:00
394f23a0_EV-023,EV-023,2026-03-25T20:53:05.614216+00:00,625.47,625.47,0.0,42.0,2026-03-25T20:53:05.614216+00:00
394f23a0_EV-024,EV-024,2026-03-25T20:53:05.614216+00:00,625.47,625.47,0.0,42.0,2026-03-25T20:53:05.614216+00:00
394f23a0_EV-025,EV-025,2026-03-25T20:53:05.614216+00:00,625.47,625.47,0.0,42.0,2026-03-25T20:53:05.614216+00:00
394f23a0_EV-026,EV-026,2026-03-25T20:53:05.614216+00:00,625.47,625.47,0.0,42.0,2026-03-25T20:53:05.614216+00:00
394f23a0_EV-027,EV-027,2026-03-25T20:53:05.614216+00:00,625.47,625.47,0.0,42.0,2026-03-25T20:53:05.614216+00:00
394f23a0_EV-028,EV-028,2026-03-25T20:53:05.614216+00:00,625.47,625.47,0.0,42.0,2026-03-25T20:53:05.614216+00:00
394f23a0_EV-029,EV-029,2026-03-25T20:53:05.614216+00:00,625.47,625.47,0.0,42.0,2026-03-25T20:53:05.614216+00:00
394f23a0_EV-030,EV-030,2026-03-25T20:53:05.614216+00:00,625.47,625.47,0.0,42.0,2026-03-25T20:53:05.614216+00:00
394f23a0_EV-031,EV-031,2026-03-25T20:53:05.614216+00:00,625.47,625.47,0.0,42.0,2026-03-25T20:53:05.614216+00:00
394f23a0_EV-032,EV-032,2026-03-25T20:53:05.614216+00:00,625.47,625.47,0.0,42.0,2026-03-25T20:53:05.614216+00:00
394f23a0_EV-033,EV-033,2026-03-25T20:53:05.614216+00:00,625.47,625.47,0.0,42.0,2026-03-25T20:53:05.614216+00:00
394f23a0_EV-034,EV-034,2026-03-25T20:53:05.614216+00:00,625.47,625.47,0.0,42.0,2026-03-25T20:53:05.614216+00:00
394f23a0_EV-035,EV-035,2026-03-25T20:53:05.614216+00:00,625.47,625.47,0.0,42.0,2026-03-25T20:53:05.614216+00:00
394f23a0_EV-036,EV-036,2026-03-25T20:53:05.614216+00:00,625.47,625.47,0.0,42.0,2026-03-25T20:53:05.614216+00:00
394f23a0_EV-037,EV-037,2026-03-25T20:53:05.614216+00:00,625.47,625.47,0.0,42.0,2026-03-25T20:53:05.614216+00:00
394f23a0_EV-038,EV-038,2026-03-25T20:53:05.614216+00:00,625.47,625.47,0.0,42.0,2026-03-25T20:53:05.614216+00:00
394f23a0_EV-039,EV-039,2026-03-25T20:53:05.614216+00:00,625.47,625.47,0.0,42.0,2026-03-25T20:53:05.614216+00:00
394f23a0_EV-040,EV-040,2026-03-25T20:53:05.614216+00:00,625.47,625.47,0.0,42.0,2026-03-25T20:53:05.614216+00:00
394f23a0_EV-041,EV-041,2026-03-25T20:53:05.614216+00:00,625.47,625.47,0.0,42.0,2026-03-25T20:53:05.614216+00:00
394f23a0_EV-042,EV-042,2026-03-25T20:53:05.614216+00:00,625.47,625.47,0.0,42.0,2026-03-25T20:53:05.614216+00:00
394f23a0_EV-043,EV-043,2026-03-25T20:53:05.614216+00:00,625.47,625.47,0.0,42.0,2026-03-25T20:53:05.614216+00:00
394f23a0_EV-044,EV-044,2026-03-25T20:53:05.614216+00:00,625.47,625.47,0.0,42.0,2026-03-25T20:53:05.614216+00:00
394f23a0_EV-045,EV-045,2026-03-25T20:53:05.614216+00:00,625.47,625.47,0.0,42.0,2026-03-25T20:53:05.614216+00:00
394f23a0_EV-046,EV-046,2026-03-25T20:53:05.614216+00:00,625.47,625.47,0.0,42.0,2026-03-25T20:53:05.614216+00:00
394f23a0_EV-047,EV-047,2026-03-25T20:53:05.614216+00:00,625.47,625.47,0.0,42.0,2026-03-25T20:53:05.614216+00:00
394f23a0_EV-048,EV-048,2026-03-25T20:53:05.614216+00:00,625.47,625.47,0.0,42.0,2026-03-25T20:53:05.614216+00:00
394f23a0_EV-049,EV-049,2026-03-25T20:53:05.614216+00:00,625.47,625.47,0.0,42.0,2026-03-25T20:53:05.614216+00:00
dc11613b_EV-001,EV-001,2026-03-25T20:53:13.834274+00:00,625.47,625.47,0.0,42.0,2026-03-25T20:53:13.834274+00:00
dc11613b_EV-002,EV-002,2026-03-25T20:53:13.834274+00:00,625.47,625.47,0.0,42.0,2026-03-25T20:53:13.834274+00:00
dc11613b_EV-003,EV-003,2026-03-25T20:53:13.834274+00:00,625.47,625.47,0.0,42.0,2026-03-25T20:53:13.834274+00:00
dc11613b_EV-004,EV-004,2026-03-25T20:53:13.834274+00:00,625.47,625.47,0.0,42.0,2026-03-25T20:53:13.834274+00:00
dc11613b_EV-005,EV-005,2026-03-25T20:53:13.834274+00:00,625.47,625.47,0.0,42.0,2026-03-25T20:53:13.834274+00:00
dc11613b_EV-006,EV-006,2026-03-25T20:53:13.834274+00:00,625.47,625.47,0.0,42.0,2026-03-25T20:53:13.834274+00:00
dc11613b_EV-007,EV-007,2026-03-25T20:53:13.834274+00:00,625.47,625.47,0.0,42.0,2026-03-25T20:53:13.834274+00:00
dc11613b_EV-008,EV-008,2026-03-25T20:53:13.834274+00:00,625.47,625.47,0.0,42.0,2026-03-25T20:53:13.834274+00:00
dc11613b_EV-009,EV-009,2026-03-25T20:53:13.834274+00:00,625.47,625.47,0.0,42.0,2026-03-25T20:53:13.834274+00:00
dc11613b_EV-010,EV-010,2026-03-25T20:53:13.834274+00:00,625.47,625.47,0.0,42.0,2026-03-25T20:53:13.834274+00:00
dc11613b_EV-011,EV-011,2026-03-25T20:53:13.834274+00:00,625.47,625.47,0.0,42.0,2026-03-25T20:53:13.834274+00:00
dc11613b_EV-012,EV-012,2026-03-25T20:53:13.834274+00:00,625.47,625.47,0.0,42.0,2026-03-25T20:53:13.834274+00:00
dc11613b_EV-013,EV-013,2026-03-25T20:53:13.834274+00:00,625.47,625.47,0.0,42.0,2026-03-25T20:53:13.834274+00:00
dc11613b_EV-014,EV-014,2026-03-25T20:53:13.834274+00:00,625.47,625.47,0.0,42.0,2026-03-25T20:53:13.834274+00:00
dc11613b_EV-015,EV-015,2026-03-25T20:53:13.834274+00:00,625.47,625.47,0.0,42.0,2026-03-25T20:53:13.834274+00:00
dc11613b_EV-016,EV-016,2026-03-25T20:53:13.834274+00:00,625.47,625.47,0.0,42.0,2026-03-25T20:53:13.834274+00:00
dc11613b_EV-017,EV-017,2026-03-25T20:53:13.834274+00:00,625.47,625.47,0.0,42.0,2026-03-25T20:53:13.834274+00:00
dc11613b_EV-018,EV-018,2026-03-25T20:53:13.834274+00:00,625.47,625.47,0.0,42.0,2026-03-25T20:53:13.834274+00:00
dc11613b_EV-019,EV-019,2026-03-25T20:53:13.834274+00:00,625.47,625.47,0.0,42.0,2026-03-25T20:53:13.834274+00:00
dc11613b_EV-020,EV-020,2026-03-25T20:53:13.834274+00:00,625.47,625.47,0.0,42.0,2026-03-25T20:53:13.834274+00:00
dc11613b_EV-021,EV-021,2026-03-25T20:53:13.834274+00:00,625.47,625.47,0.0,42.0,2026-03-25T20:53:13.834274+00:00
dc11613b_EV-022,EV-022,2026-03-25T20:53:13.834274+00:00,625.47,625.47,0.0,42.0,2026-03-25T20:53:13.834274+00:00
dc11613b_EV-023,EV-023,2026-03-25T20:53:13.834274+00:00,625.47,625.47,0.0,42.0,2026-03-25T20:53:13.834274+00:00
dc11613b_EV-024,EV-024,2026-03-25T20:53:13.834274+00:00,625.47,625.47,0.0,42.0,2026-03-25T20:53:13.834274+00:00
dc11613b_EV-025,EV-025,2026-03-25T20:53:13.834274+00:00,625.47,625.47,0.0,42.0,2026-03-25T20:53:13.834274+00:00
dc11613b_EV-026,EV-026,2026-03-25T20:53:13.834274+00:00,625.47,625.47,0.0,42.0,2026-03-25T20:53:13.834274+00:00
dc11613b_EV-027,EV-027,2026-03-25T20:53:13.834274+00:00,625.47,625.47,0.0,42.0,2026-03-25T20:53:13.834274+00:00
dc11613b_EV-028,EV-028,2026-03-25T20:53:13.834274+00:00,625.47,625.47,0.0,42.0,2026-03-25T20:53:13.834274+00:00
dc11613b_EV-029,EV-029,2026-03-25T20:53:13.834274+00:00,625.47,625.47,0.0,42.0,2026-03-25T20:53:13.834274+00:00
dc11613b_EV-030,EV-030,2026-03-25T20:53:13.834274+00:00,625.47,625.47,0.0,42.0,2026-03-25T20:53:13.834274+00:00
dc11613b_EV-031,EV-031,2026-03-25T20:53:13.834274+00:00,625.47,625.47,0.0,42.0,2026-03-25T20:53:13.834274+00:00
dc11613b_EV-032,EV-032,2026-03-25T20:53:13.834274+00:00,625.47,625.47,0.0,42.0,2026-03-25T20:53:13.834274+00:00
dc11613b_EV-033,EV-033,2026-03-25T20:53:13.834274+00:00,625.47,625.47,0.0,42.0,2026-03-25T20:53:13.834274+00:00
dc11613b_EV-034,EV-034,2026-03-25T20:53:13.834274+00:00,625.47,625.47,0.0,42.0,2026-03-25T20:53:13.834274+00:00
dc11613b_EV-035,EV-035,2026-03-25T20:53:13.834274+00:00,625.47,625.47,0.0,42.0,2026-03-25T20:53:13.834274+00:00
dc11613b_EV-036,EV-036,2026-03-25T20:53:13.834274+00:00,625.47,625.47,0.0,42.0,2026-03-25T20:53:13.834274+00:00
dc11613b_EV-037,EV-037,2026-03-25T20:53:13.834274+00:00,625.47,625.47,0.0,42.0,2026-03-25T20:53:13.834274+00:00
dc11613b_EV-038,EV-038,2026-03-25T20:53:13.834274+00:00,625.47,625.47,0.0,42.0,2026-03-25T20:53:13.834274+00:00
dc11613b_EV-039,EV-039,2026-03-25T20:53:13.834274+00:00,625.47,625.47,0.0,42.0,2026-03-25T20:53:13.834274+00:00
dc11613b_EV-040,EV-040,2026-03-25T20:53:13.834274+00:00,625.47,625.47,0.0,42.0,2026-03-25T20:53:13.834274+00:00
dc11613b_EV-041,EV-041,2026-03-25T20:53:13.834274+00:00,625.47,625.47,0.0,42.0,2026-03-25T20:53:13.834274+00:00
dc11613b_EV-042,EV-042,2026-03-25T20:53:13.834274+00:00,625.47,625.47,0.0,42.0,2026-03-25T20:53:13.834274+00:00
dc11613b_EV-043,EV-043,2026-03-25T20:53:13.834274+00:00,625.47,625.47,0.0,42.0,2026-03-25T20:53:13.834274+00:00
dc11613b_EV-044,EV-044,2026-03-25T20:53:13.834274+00:00,625.47,625.47,0.0,42.0,2026-03-25T20:53:13.834274+00:00
dc11613b_EV-045,EV-045,2026-03-25T20:53:13.834274+00:00,625.47,625.47,0.0,42.0,2026-03-25T20:53:13.834274+00:00
dc11613b_EV-046,EV-046,2026-03-25T20:53:13.834274+00:00,625.47,625.47,0.0,42.0,2026-03-25T20:53:13.834274+00:00
dc11613b_EV-047,EV-047,2026-03-25T20:53:13.834274+00:00,625.47,625.47,0.0,42.0,2026-03-25T20:53:13.834274+00:00
dc11613b_EV-048,EV-048,2026-03-25T20:53:13.834274+00:00,625.47,625.47,0.0,42.0,2026-03-25T20:53:13.834274+00:00
dc11613b_EV-049,EV-049,2026-03-25T20:53:13.834274+00:00,625.47,625.47,0.0,42.0,2026-03-25T20:53:13.834274+00:00
1eba56da_EV-001,EV-001,2026-03-25T20:53:27.826966+00:00,647.14,647.14,0.0,60.0,2026-03-25T20:53:27.826966+00:00
1eba56da_EV-002,EV-002,2026-03-25T20:53:27.826966+00:00,647.14,647.14,0.0,60.0,2026-03-25T20:53:27.826966+00:00
1eba56da_EV-003,EV-003,2026-03-25T20:53:27.826966+00:00,647.14,647.14,0.0,54.0,2026-03-25T20:53:27.826966+00:00
1eba56da_EV-004,EV-004,2026-03-25T20:53:27.826966+00:00,625.47,625.47,0.0,42.0,2026-03-25T20:53:27.826966+00:00
1eba56da_EV-005,EV-005,2026-03-25T20:53:27.826966+00:00,625.47,625.47,0.0,42.0,2026-03-25T20:53:27.826966+00:00
1eba56da_EV-006,EV-006,2026-03-25T20:53:27.826966+00:00,625.47,625.47,0.0,42.0,2026-03-25T20:53:27.826966+00:00
1eba56da_EV-007,EV-007,2026-03-25T20:53:27.826966+00:00,625.47,625.47,0.0,42.0,2026-03-25T20:53:27.826966+00:00
1eba56da_EV-008,EV-008,2026-03-25T20:53:27.826966+00:00,625.47,625.47,0.0,42.0,2026-03-25T20:53:27.826966+00:00
1eba56da_EV-009,EV-009,2026-03-25T20:53:27.826966+00:00,625.47,625.47,0.0,42.0,2026-03-25T20:53:27.826966+00:00
1eba56da_EV-010,EV-010,2026-03-25T20:53:27.826966+00:00,625.47,625.47,0.0,42.0,2026-03-25T20:53:27.826966+00:00
1eba56da_EV-011,EV-011,2026-03-25T20:53:27.826966+00:00,625.47,625.47,0.0,42.0,2026-03-25T20:53:27.826966+00:00
1eba56da_EV-012,EV-012,2026-03-25T20:53:27.826966+00:00,625.47,625.47,0.0,42.0,2026-03-25T20:53:27.826966+00:00
1eba56da_EV-013,EV-013,2026-03-25T20:53:27.826966+00:00,625.47,625.47,0.0,42.0,2026-03-25T20:53:27.826966+00:00
1eba56da_EV-014,EV-014,2026-03-25T20:53:27.826966+00:00,625.47,625.47,0.0,42.0,2026-03-25T20:53:27.826966+00:00
1eba56da_EV-015,EV-015,2026-03-25T20:53:27.826966+00:00,625.47,625.47,0.0,42.0,2026-03-25T20:53:27.826966+00:00
1eba56da_EV-016,EV-016,2026-03-25T20:53:27.826966+00:00,625.47,625.47,0.0,42.0,2026-03-25T20:53:27.826966+00:00
1eba56da_EV-017,EV-017,2026-03-25T20:53:27.826966+00:00,625.47,625.47,0.0,42.0,2026-03-25T20:53:27.826966+00:00
1eba56da_EV-018,EV-018,2026-03-25T20:53:27.826966+00:00,625.47,625.47,0.0,42.0,2026-03-25T20:53:27.826966+00:00
1eba56da_EV-019,EV-019,2026-03-25T20:53:27.826966+00:00,625.47,625.47,0.0,42.0,2026-03-25T20:53:27.826966+00:00
1eba56da_EV-020,EV-020,2026-03-25T20:53:27.826966+00:00,625.47,625.47,0.0,42.0,2026-03-25T20:53:27.826966+00:00
1eba56da_EV-021,EV-021,2026-03-25T20:53:27.826966+00:00,625.47,625.47,0.0,42.0,2026-03-25T20:53:27.826966+00:00
1eba56da_EV-022,EV-022,2026-03-25T20:53:27.826966+00:00,625.47,625.47,0.0,42.0,2026-03-25T20:53:27.826966+00:00
1eba56da_EV-023,EV-023,2026-03-25T20:53:27.826966+00:00,625.47,625.47,0.0,42.0,2026-03-25T20:53:27.826966+00:00
1eba56da_EV-024,EV-024,2026-03-25T20:53:27.826966+00:00,625.47,625.47,0.0,42.0,2026-03-25T20:53:27.826966+00:00
1eba56da_EV-025,EV-025,2026-03-25T20:53:27.826966+00:00,625.47,625.47,0.0,42.0,2026-03-25T20:53:27.826966+00:00
1eba56da_EV-026,EV-026,2026-03-25T20:53:27.826966+00:00,625.47,625.47,0.0,42.0,2026-03-25T20:53:27.826966+00:00
1eba56da_EV-027,EV-027,2026-03-25T20:53:27.826966+00:00,625.47,625.47,0.0,42.0,2026-03-25T20:53:27.826966+00:00
1eba56da_EV-028,EV-028,2026-03-25T20:53:27.826966+00:00,625.47,625.47,0.0,42.0,2026-03-25T20:53:27.826966+00:00
1eba56da_EV-029,EV-029,2026-03-25T20:53:27.826966+00:00,625.47,625.47,0.0,42.0,2026-03-25T20:53:27.826966+00:00
1eba56da_EV-030,EV-030,2026-03-25T20:53:27.826966+00:00,625.47,625.47,0.0,42.0,2026-03-25T20:53:27.826966+00:00
1eba56da_EV-031,EV-031,2026-03-25T20:53:27.826966+00:00,625.47,625.47,0.0,42.0,2026-03-25T20:53:27.826966+00:00
1eba56da_EV-032,EV-032,2026-03-25T20:53:27.826966+00:00,625.47,625.47,0.0,42.0,2026-03-25T20:53:27.826966+00:00
1eba56da_EV-033,EV-033,2026-03-25T20:53:27.826966+00:00,625.47,625.47,0.0,42.0,2026-03-25T20:53:27.826966+00:00
1eba56da_EV-034,EV-034,2026-03-25T20:53:27.826966+00:00,625.47,625.47,0.0,42.0,2026-03-25T20:53:27.826966+00:00
1eba56da_EV-035,EV-035,2026-03-25T20:53:27.826966+00:00,625.47,625.47,0.0,42.0,2026-03-25T20:53:27.826966+00:00
1eba56da_EV-036,EV-036,2026-03-25T20:53:27.826966+00:00,625.47,625.47,0.0,42.0,2026-03-25T20:53:27.826966+00:00
1eba56da_EV-037,EV-037,2026-03-25T20:53:27.826966+00:00,625.47,625.47,0.0,42.0,2026-03-25T20:53:27.826966+00:00
1eba56da_EV-038,EV-038,2026-03-25T20:53:27.826966+00:00,625.47,625.47,0.0,42.0,2026-03-25T20:53:27.826966+00:00
1eba56da_EV-039,EV-039,2026-03-25T20:53:27.826966+00:00,625.47,625.47,0.0,42.0,2026-03-25T20:53:27.826966+00:00
1eba56da_EV-040,EV-040,2026-03-25T20:53:27.826966+00:00,625.47,625.47,0.0,42.0,2026-03-25T20:53:27.826966+00:00
1eba56da_EV-041,EV-041,2026-03-25T20:53:27.826966+00:00,625.47,625.47,0.0,42.0,2026-03-25T20:53:27.826966+00:00
1eba56da_EV-042,EV-042,2026-03-25T20:53:27.826966+00:00,625.47,625.47,0.0,42.0,2026-03-25T20:53:27.826966+00:00
1eba56da_EV-043,EV-043,2026-03-25T20:53:27.826966+00:00,625.47,625.47,0.0,42.0,2026-03-25T20:53:27.826966+00:00
1eba56da_EV-044,EV-044,2026-03-25T20:53:27.826966+00:00,625.47,625.47,0.0,42.0,2026-03-25T20:53:27.826966+00:00
1eba56da_EV-045,EV-045,2026-03-25T20:53:27.826966+00:00,625.47,625.47,0.0,42.0,2026-03-25T20:53:27.826966+00:00
1eba56da_EV-046,EV-046,2026-03-25T20:53:27.826966+00:00,625.47,625.47,0.0,42.0,2026-03-25T20:53:27.826966+00:00
1eba56da_EV-047,EV-047,2026-03-25T20:53:27.826966+00:00,625.47,625.47,0.0,42.0,2026-03-25T20:53:27.826966+00:00
1eba56da_EV-048,EV-048,2026-03-25T20:53:27.826966+00:00,625.47,625.47,0.0,42.0,2026-03-25T20:53:27.826966+00:00
1eba56da_EV-049,EV-049,2026-03-25T20:53:27.826966+00:00,625.47,625.47,0.0,42.0,2026-03-25T20:53:27.826966+00:00
aac647d2_EV-001,EV-001,2026-03-25T20:54:25.297139+00:00,645.95,645.95,0.0,60.0,2026-03-25T20:54:25.297139+00:00
aac647d2_EV-002,EV-002,2026-03-25T20:54:25.297139+00:00,645.95,645.95,0.0,60.0,2026-03-25T20:54:25.297139+00:00
aac647d2_EV-003,EV-003,2026-03-25T20:54:25.297139+00:00,645.95,645.95,0.0,54.0,2026-03-25T20:54:25.297139+00:00
aac647d2_EV-004,EV-004,2026-03-25T20:54:25.297139+00:00,624.27,624.27,0.0,42.0,2026-03-25T20:54:25.297139+00:00
aac647d2_EV-005,EV-005,2026-03-25T20:54:25.297139+00:00,624.27,624.27,0.0,42.0,2026-03-25T20:54:25.297139+00:00
aac647d2_EV-006,EV-006,2026-03-25T20:54:25.297139+00:00,624.27,624.27,0.0,42.0,2026-03-25T20:54:25.297139+00:00
aac647d2_EV-007,EV-007,2026-03-25T20:54:25.297139+00:00,624.27,624.27,0.0,42.0,2026-03-25T20:54:25.297139+00:00
aac647d2_EV-008,EV-008,2026-03-25T20:54:25.297139+00:00,624.27,624.27,0.0,42.0,2026-03-25T20:54:25.297139+00:00
aac647d2_EV-009,EV-009,2026-03-25T20:54:25.297139+00:00,624.27,624.27,0.0,42.0,2026-03-25T20:54:25.297139+00:00
aac647d2_EV-010,EV-010,2026-03-25T20:54:25.297139+00:00,624.27,624.27,0.0,42.0,2026-03-25T20:54:25.297139+00:00
aac647d2_EV-011,EV-011,2026-03-25T20:54:25.297139+00:00,624.27,624.27,0.0,42.0,2026-03-25T20:54:25.297139+00:00
aac647d2_EV-012,EV-012,2026-03-25T20:54:25.297139+00:00,624.27,624.27,0.0,42.0,2026-03-25T20:54:25.297139+00:00
aac647d2_EV-013,EV-013,2026-03-25T20:54:25.297139+00:00,624.27,624.27,0.0,42.0,2026-03-25T20:54:25.297139+00:00
aac647d2_EV-014,EV-014,2026-03-25T20:54:25.297139+00:00,624.27,624.27,0.0,42.0,2026-03-25T20:54:25.297139+00:00
aac647d2_EV-015,EV-015,2026-03-25T20:54:25.297139+00:00,624.27,624.27,0.0,42.0,2026-03-25T20:54:25.297139+00:00
aac647d2_EV-016,EV-016,2026-03-25T20:54:25.297139+00:00,624.27,624.27,0.0,42.0,2026-03-25T20:54:25.297139+00:00
aac647d2_EV-017,EV-017,2026-03-25T20:54:25.297139+00:00,624.27,624.27,0.0,42.0,2026-03-25T20:54:25.297139+00:00
aac647d2_EV-018,EV-018,2026-03-25T20:54:25.297139+00:00,624.27,624.27,0.0,42.0,2026-03-25T20:54:25.297139+00:00
aac647d2_EV-019,EV-019,2026-03-25T20:54:25.297139+00:00,624.27,624.27,0.0,42.0,2026-03-25T20:54:25.297139+00:00
aac647d2_EV-020,EV-020,2026-03-25T20:54:25.297139+00:00,624.27,624.27,0.0,42.0,2026-03-25T20:54:25.297139+00:00
aac647d2_EV-021,EV-021,2026-03-25T20:54:25.297139+00:00,624.27,624.27,0.0,42.0,2026-03-25T20:54:25.297139+00:00
aac647d2_EV-022,EV-022,2026-03-25T20:54:25.297139+00:00,624.27,624.27,0.0,42.0,2026-03-25T20:54:25.297139+00:00
aac647d2_EV-023,EV-023,2026-03-25T20:54:25.297139+00:00,624.27,624.27,0.0,42.0,2026-03-25T20:54:25.297139+00:00
aac647d2_EV-024,EV-024,2026-03-25T20:54:25.297139+00:00,624.27,624.27,0.0,42.0,2026-03-25T20:54:25.297139+00:00
aac647d2_EV-025,EV-025,2026-03-25T20:54:25.297139+00:00,624.27,624.27,0.0,42.0,2026-03-25T20:54:25.297139+00:00
aac647d2_EV-026,EV-026,2026-03-25T20:54:25.297139+00:00,624.27,624.27,0.0,42.0,2026-03-25T20:54:25.297139+00:00
aac647d2_EV-027,EV-027,2026-03-25T20:54:25.297139+00:00,624.27,624.27,0.0,42.0,2026-03-25T20:54:25.297139+00:00
aac647d2_EV-028,EV-028,2026-03-25T20:54:25.297139+00:00,624.27,624.27,0.0,42.0,2026-03-25T20:54:25.297139+00:00
aac647d2_EV-029,EV-029,2026-03-25T20:54:25.297139+00:00,624.27,624.27,0.0,42.0,2026-03-25T20:54:25.297139+00:00
aac647d2_EV-030,EV-030,2026-03-25T20:54:25.297139+00:00,624.27,624.27,0.0,42.0,2026-03-25T20:54:25.297139+00:00
aac647d2_EV-031,EV-031,2026-03-25T20:54:25.297139+00:00,624.27,624.27,0.0,42.0,2026-03-25T20:54:25.297139+00:00
aac647d2_EV-032,EV-032,2026-03-25T20:54:25.297139+00:00,624.27,624.27,0.0,42.0,2026-03-25T20:54:25.297139+00:00
aac647d2_EV-033,EV-033,2026-03-25T20:54:25.297139+00:00,624.27,624.27,0.0,42.0,2026-03-25T20:54:25.297139+00:00
aac647d2_EV-034,EV-034,2026-03-25T20:54:25.297139+00:00,624.27,624.27,0.0,42.0,2026-03-25T20:54:25.297139+00:00
aac647d2_EV-035,EV-035,2026-03-25T20:54:25.297139+00:00,624.27,624.27,0.0,42.0,2026-03-25T20:54:25.297139+00:00
aac647d2_EV-036,EV-036,2026-03-25T20:54:25.297139+00:00,624.27,624.27,0.0,42.0,2026-03-25T20:54:25.297139+00:00
aac647d2_EV-037,EV-037,2026-03-25T20:54:25.297139+00:00,624.27,624.27,0.0,42.0,2026-03-25T20:54:25.297139+00:00
aac647d2_EV-038,EV-038,2026-03-25T20:54:25.297139+00:00,624.27,624.27,0.0,42.0,2026-03-25T20:54:25.297139+00:00
aac647d2_EV-039,EV-039,2026-03-25T20:54:25.297139+00:00,624.27,624.27,0.0,42.0,2026-03-25T20:54:25.297139+00:00
aac647d2_EV-040,EV-040,2026-03-25T20:54:25.297139+00:00,624.27,624.27,0.0,42.0,2026-03-25T20:54:25.297139+00:00
aac647d2_EV-041,EV-041,2026-03-25T20:54:25.297139+00:00,624.27,624.27,0.0,42.0,2026-03-25T20:54:25.297139+00:00
aac647d2_EV-042,EV-042,2026-03-25T20:54:25.297139+00:00,624.27,624.27,0.0,42.0,2026-03-25T20:54:25.297139+00:00
aac647d2_EV-043,EV-043,2026-03-25T20:54:25.297139+00:00,624.27,624.27,0.0,42.0,2026-03-25T20:54:25.297139+00:00
aac647d2_EV-044,EV-044,2026-03-25T20:54:25.297139+00:00,624.27,624.27,0.0,42.0,2026-03-25T20:54:25.297139+00:00
aac647d2_EV-045,EV-045,2026-03-25T20:54:25.297139+00:00,624.27,624.27,0.0,42.0,2026-03-25T20:54:25.297139+00:00
aac647d2_EV-046,EV-046,2026-03-25T20:54:25.297139+00:00,624.27,624.27,0.0,42.0,2026-03-25T20:54:25.297139+00:00
aac647d2_EV-047,EV-047,2026-03-25T20:54:25.297139+00:00,624.27,624.27,0.0,42.0,2026-03-25T20:54:25.297139+00:00
aac647d2_EV-048,EV-048,2026-03-25T20:54:25.297139+00:00,624.27,624.27,0.0,42.0,2026-03-25T20:54:25.297139+00:00
aac647d2_EV-049,EV-049,2026-03-25T20:54:25.297139+00:00,624.27,624.27,0.0,42.0,2026-03-25T20:54:25.297139+00:00
ab9d9937_EV-001,EV-001,2026-03-25T20:54:33.852873+00:00,645.95,645.95,0.0,60.0,2026-03-25T20:54:33.852873+00:00
ab9d9937_EV-002,EV-002,2026-03-25T20:54:33.852873+00:00,645.95,645.95,0.0,60.0,2026-03-25T20:54:33.852873+00:00
ab9d9937_EV-003,EV-003,2026-03-25T20:54:33.852873+00:00,645.95,645.95,0.0,54.0,2026-03-25T20:54:33.852873+00:00
ab9d9937_EV-004,EV-004,2026-03-25T20:54:33.852873+00:00,624.27,624.27,0.0,42.0,2026-03-25T20:54:33.852873+00:00
ab9d9937_EV-005,EV-005,2026-03-25T20:54:33.852873+00:00,624.27,624.27,0.0,42.0,2026-03-25T20:54:33.852873+00:00
ab9d9937_EV-006,EV-006,2026-03-25T20:54:33.852873+00:00,624.27,624.27,0.0,42.0,2026-03-25T20:54:33.852873+00:00
ab9d9937_EV-007,EV-007,2026-03-25T20:54:33.852873+00:00,624.27,624.27,0.0,42.0,2026-03-25T20:54:33.852873+00:00
ab9d9937_EV-008,EV-008,2026-03-25T20:54:33.852873+00:00,624.27,624.27,0.0,42.0,2026-03-25T20:54:33.852873+00:00
ab9d9937_EV-009,EV-009,2026-03-25T20:54:33.852873+00:00,624.27,624.27,0.0,42.0,2026-03-25T20:54:33.852873+00:00
ab9d9937_EV-010,EV-010,2026-03-25T20:54:33.852873+00:00,624.27,624.27,0.0,42.0,2026-03-25T20:54:33.852873+00:00
ab9d9937_EV-011,EV-011,2026-03-25T20:54:33.852873+00:00,624.27,624.27,0.0,42.0,2026-03-25T20:54:33.852873+00:00
ab9d9937_EV-012,EV-012,2026-03-25T20:54:33.852873+00:00,624.27,624.27,0.0,42.0,2026-03-25T20:54:33.852873+00:00
ab9d9937_EV-013,EV-013,2026-03-25T20:54:33.852873+00:00,624.27,624.27,0.0,42.0,2026-03-25T20:54:33.852873+00:00
ab9d9937_EV-014,EV-014,2026-03-25T20:54:33.852873+00:00,624.27,624.27,0.0,42.0,2026-03-25T20:54:33.852873+00:00
ab9d9937_EV-015,EV-015,2026-03-25T20:54:33.852873+00:00,624.27,624.27,0.0,42.0,2026-03-25T20:54:33.852873+00:00
ab9d9937_EV-016,EV-016,2026-03-25T20:54:33.852873+00:00,624.27,624.27,0.0,42.0,2026-03-25T20:54:33.852873+00:00
ab9d9937_EV-017,EV-017,2026-03-25T20:54:33.852873+00:00,624.27,624.27,0.0,42.0,2026-03-25T20:54:33.852873+00:00
ab9d9937_EV-018,EV-018,2026-03-25T20:54:33.852873+00:00,624.27,624.27,0.0,42.0,2026-03-25T20:54:33.852873+00:00
ab9d9937_EV-019,EV-019,2026-03-25T20:54:33.852873+00:00,624.27,624.27,0.0,42.0,2026-03-25T20:54:33.852873+00:00
ab9d9937_EV-020,EV-020,2026-03-25T20:54:33.852873+00:00,624.27,624.27,0.0,42.0,2026-03-25T20:54:33.852873+00:00
ab9d9937_EV-021,EV-021,2026-03-25T20:54:33.852873+00:00,624.27,624.27,0.0,42.0,2026-03-25T20:54:33.852873+00:00
ab9d9937_EV-022,EV-022,2026-03-25T20:54:33.852873+00:00,624.27,624.27,0.0,42.0,2026-03-25T20:54:33.852873+00:00
ab9d9937_EV-023,EV-023,2026-03-25T20:54:33.852873+00:00,624.27,624.27,0.0,42.0,2026-03-25T20:54:33.852873+00:00
ab9d9937_EV-024,EV-024,2026-03-25T20:54:33.852873+00:00,624.27,624.27,0.0,42.0,2026-03-25T20:54:33.852873+00:00
ab9d9937_EV-025,EV-025,2026-03-25T20:54:33.852873+00:00,624.27,624.27,0.0,42.0,2026-03-25T20:54:33.852873+00:00
ab9d9937_EV-026,EV-026,2026-03-25T20:54:33.852873+00:00,624.27,624.27,0.0,42.0,2026-03-25T20:54:33.852873+00:00
ab9d9937_EV-027,EV-027,2026-03-25T20:54:33.852873+00:00,624.27,624.27,0.0,42.0,2026-03-25T20:54:33.852873+00:00
ab9d9937_EV-028,EV-028,2026-03-25T20:54:33.852873+00:00,624.27,624.27,0.0,42.0,2026-03-25T20:54:33.852873+00:00
ab9d9937_EV-029,EV-029,2026-03-25T20:54:33.852873+00:00,624.27,624.27,0.0,42.0,2026-03-25T20:54:33.852873+00:00
ab9d9937_EV-030,EV-030,2026-03-25T20:54:33.852873+00:00,624.27,624.27,0.0,42.0,2026-03-25T20:54:33.852873+00:00
ab9d9937_EV-031,EV-031,2026-03-25T20:54:33.852873+00:00,624.27,624.27,0.0,42.0,2026-03-25T20:54:33.852873+00:00
ab9d9937_EV-032,EV-032,2026-03-25T20:54:33.852873+00:00,624.27,624.27,0.0,42.0,2026-03-25T20:54:33.852873+00:00
ab9d9937_EV-033,EV-033,2026-03-25T20:54:33.852873+00:00,624.27,624.27,0.0,42.0,2026-03-25T20:54:33.852873+00:00
ab9d9937_EV-034,EV-034,2026-03-25T20:54:33.852873+00:00,624.27,624.27,0.0,42.0,2026-03-25T20:54:33.852873+00:00
ab9d9937_EV-035,EV-035,2026-03-25T20:54:33.852873+00:00,624.27,624.27,0.0,42.0,2026-03-25T20:54:33.852873+00:00
ab9d9937_EV-036,EV-036,2026-03-25T20:54:33.852873+00:00,624.27,624.27,0.0,42.0,2026-03-25T20:54:33.852873+00:00
ab9d9937_EV-037,EV-037,2026-03-25T20:54:33.852873+00:00,624.27,624.27,0.0,42.0,2026-03-25T20:54:33.852873+00:00
ab9d9937_EV-038,EV-038,2026-03-25T20:54:33.852873+00:00,624.27,624.27,0.0,42.0,2026-03-25T20:54:33.852873+00:00
ab9d9937_EV-039,EV-039,2026-03-25T20:54:33.852873+00:00,624.27,624.27,0.0,42.0,2026-03-25T20:54:33.852873+00:00
ab9d9937_EV-040,EV-040,2026-03-25T20:54:33.852873+00:00,624.27,624.27,0.0,42.0,2026-03-25T20:54:33.852873+00:00
ab9d9937_EV-041,EV-041,2026-03-25T20:54:33.852873+00:00,624.27,624.27,0.0,42.0,2026-03-25T20:54:33.852873+00:00
ab9d9937_EV-042,EV-042,2026-03-25T20:54:33.852873+00:00,624.27,624.27,0.0,42.0,2026-03-25T20:54:33.852873+00:00
ab9d9937_EV-043,EV-043,2026-03-25T20:54:33.852873+00:00,624.27,624.27,0.0,42.0,2026-03-25T20:54:33.852873+00:00
ab9d9937_EV-044,EV-044,2026-03-25T20:54:33.852873+00:00,624.27,624.27,0.0,42.0,2026-03-25T20:54:33.852873+00:00
ab9d9937_EV-045,EV-045,2026-03-25T20:54:33.852873+00:00,624.27,624.27,0.0,42.0,2026-03-25T20:54:33.852873+00:00
ab9d9937_EV-046,EV-046,2026-03-25T20:54:33.852873+00:00,624.27,624.27,0.0,42.0,2026-03-25T20:54:33.852873+00:00
ab9d9937_EV-047,EV-047,2026-03-25T20:54:33.852873+00:00,624.27,624.27,0.0,42.0,2026-03-25T20:54:33.852873+00:00
ab9d9937_EV-048,EV-048,2026-03-25T20:54:33.852873+00:00,624.27,624.27,0.0,42.0,2026-03-25T20:54:33.852873+00:00
ab9d9937_EV-049,EV-049,2026-03-25T20:54:33.852873+00:00,624.27,624.27,0.0,42.0,2026-03-25T20:54:33.852873+00:00
ab9d9937_EV-050,EV-050,2026-03-25T20:54:33.852873+00:00,624.27,624.27,0.0,42.0,2026-03-25T20:54:33.852873+00:00
243f0ce3_EV-001,EV-001,2026-03-25T20:54:38.517769+00:00,645.95,645.95,0.0,60.0,2026-03-25T20:54:38.517769+00:00
243f0ce3_EV-002,EV-002,2026-03-25T20:54:38.517769+00:00,645.95,645.95,0.0,60.0,2026-03-25T20:54:38.517769+00:00
243f0ce3_EV-003,EV-003,2026-03-25T20:54:38.517769+00:00,645.95,645.95,0.0,54.0,2026-03-25T20:54:38.517769+00:00
243f0ce3_EV-004,EV-004,2026-03-25T20:54:38.517769+00:00,624.27,624.27,0.0,42.0,2026-03-25T20:54:38.517769+00:00
243f0ce3_EV-005,EV-005,2026-03-25T20:54:38.517769+00:00,624.27,624.27,0.0,42.0,2026-03-25T20:54:38.517769+00:00
243f0ce3_EV-006,EV-006,2026-03-25T20:54:38.517769+00:00,624.27,624.27,0.0,42.0,2026-03-25T20:54:38.517769+00:00
243f0ce3_EV-007,EV-007,2026-03-25T20:54:38.517769+00:00,624.27,624.27,0.0,42.0,2026-03-25T20:54:38.517769+00:00
243f0ce3_EV-008,EV-008,2026-03-25T20:54:38.517769+00:00,624.27,624.27,0.0,42.0,2026-03-25T20:54:38.517769+00:00
243f0ce3_EV-009,EV-009,2026-03-25T20:54:38.517769+00:00,624.27,624.27,0.0,42.0,2026-03-25T20:54:38.517769+00:00
243f0ce3_EV-010,EV-010,2026-03-25T20:54:38.517769+00:00,624.27,624.27,0.0,42.0,2026-03-25T20:54:38.517769+00:00
243f0ce3_EV-011,EV-011,2026-03-25T20:54:38.517769+00:00,624.27,624.27,0.0,42.0,2026-03-25T20:54:38.517769+00:00
243f0ce3_EV-012,EV-012,2026-03-25T20:54:38.517769+00:00,624.27,624.27,0.0,42.0,2026-03-25T20:54:38.517769+00:00
243f0ce3_EV-013,EV-013,2026-03-25T20:54:38.517769+00:00,624.27,624.27,0.0,42.0,2026-03-25T20:54:38.517769+00:00
243f0ce3_EV-014,EV-014,2026-03-25T20:54:38.517769+00:00,624.27,624.27,0.0,42.0,2026-03-25T20:54:38.517769+00:00
243f0ce3_EV-015,EV-015,2026-03-25T20:54:38.517769+00:00,624.27,624.27,0.0,42.0,2026-03-25T20:54:38.517769+00:00
243f0ce3_EV-016,EV-016,2026-03-25T20:54:38.517769+00:00,624.27,624.27,0.0,42.0,2026-03-25T20:54:38.517769+00:00
243f0ce3_EV-017,EV-017,2026-03-25T20:54:38.517769+00:00,624.27,624.27,0.0,42.0,2026-03-25T20:54:38.517769+00:00
243f0ce3_EV-018,EV-018,2026-03-25T20:54:38.517769+00:00,624.27,624.27,0.0,42.0,2026-03-25T20:54:38.517769+00:00
243f0ce3_EV-019,EV-019,2026-03-25T20:54:38.517769+00:00,624.27,624.27,0.0,42.0,2026-03-25T20:54:38.517769+00:00
243f0ce3_EV-020,EV-020,2026-03-25T20:54:38.517769+00:00,624.27,624.27,0.0,42.0,2026-03-25T20:54:38.517769+00:00
243f0ce3_EV-021,EV-021,2026-03-25T20:54:38.517769+00:00,624.27,624.27,0.0,42.0,2026-03-25T20:54:38.517769+00:00
243f0ce3_EV-022,EV-022,2026-03-25T20:54:38.517769+00:00,624.27,624.27,0.0,42.0,2026-03-25T20:54:38.517769+00:00
243f0ce3_EV-023,EV-023,2026-03-25T20:54:38.517769+00:00,624.27,624.27,0.0,42.0,2026-03-25T20:54:38.517769+00:00
243f0ce3_EV-024,EV-024,2026-03-25T20:54:38.517769+00:00,624.27,624.27,0.0,42.0,2026-03-25T20:54:38.517769+00:00
243f0ce3_EV-025,EV-025,2026-03-25T20:54:38.517769+00:00,624.27,624.27,0.0,42.0,2026-03-25T20:54:38.517769+00:00
243f0ce3_EV-026,EV-026,2026-03-25T20:54:38.517769+00:00,624.27,624.27,0.0,42.0,2026-03-25T20:54:38.517769+00:00
243f0ce3_EV-027,EV-027,2026-03-25T20:54:38.517769+00:00,624.27,624.27,0.0,42.0,2026-03-25T20:54:38.517769+00:00
243f0ce3_EV-028,EV-028,2026-03-25T20:54:38.517769+00:00,624.27,624.27,0.0,42.0,2026-03-25T20:54:38.517769+00:00
243f0ce3_EV-029,EV-029,2026-03-25T20:54:38.517769+00:00,624.27,624.27,0.0,42.0,2026-03-25T20:54:38.517769+00:00
243f0ce3_EV-030,EV-030,2026-03-25T20:54:38.517769+00:00,624.27,624.27,0.0,42.0,2026-03-25T20:54:38.517769+00:00
243f0ce3_EV-031,EV-031,2026-03-25T20:54:38.517769+00:00,624.27,624.27,0.0,42.0,2026-03-25T20:54:38.517769+00:00
243f0ce3_EV-032,EV-032,2026-03-25T20:54:38.517769+00:00,624.27,624.27,0.0,42.0,2026-03-25T20:54:38.517769+00:00
243f0ce3_EV-033,EV-033,2026-03-25T20:54:38.517769+00:00,624.27,624.27,0.0,42.0,2026-03-25T20:54:38.517769+00:00
243f0ce3_EV-034,EV-034,2026-03-25T20:54:38.517769+00:00,624.27,624.27,0.0,42.0,2026-03-25T20:54:38.517769+00:00
243f0ce3_EV-035,EV-035,2026-03-25T20:54:38.517769+00:00,624.27,624.27,0.0,42.0,2026-03-25T20:54:38.517769+00:00
243f0ce3_EV-036,EV-036,2026-03-25T20:54:38.517769+00:00,624.27,624.27,0.0,42.0,2026-03-25T20:54:38.517769+00:00
243f0ce3_EV-037,EV-037,2026-03-25T20:54:38.517769+00:00,624.27,624.27,0.0,42.0,2026-03-25T20:54:38.517769+00:00
243f0ce3_EV-038,EV-038,2026-03-25T20:54:38.517769+00:00,624.27,624.27,0.0,42.0,2026-03-25T20:54:38.517769+00:00
243f0ce3_EV-039,EV-039,2026-03-25T20:54:38.517769+00:00,624.27,624.27,0.0,42.0,2026-03-25T20:54:38.517769+00:00
243f0ce3_EV-040,EV-040,2026-03-25T20:54:38.517769+00:00,624.27,624.27,0.0,42.0,2026-03-25T20:54:38.517769+00:00
243f0ce3_EV-041,EV-041,2026-03-25T20:54:38.517769+00:00,624.27,624.27,0.0,42.0,2026-03-25T20:54:38.517769+00:00
243f0ce3_EV-042,EV-042,2026-03-25T20:54:38.517769+00:00,624.27,624.27,0.0,42.0,2026-03-25T20:54:38.517769+00:00
243f0ce3_EV-043,EV-043,2026-03-25T20:54:38.517769+00:00,624.27,624.27,0.0,42.0,2026-03-25T20:54:38.517769+00:00
243f0ce3_EV-044,EV-044,2026-03-25T20:54:38.517769+00:00,624.27,624.27,0.0,42.0,2026-03-25T20:54:38.517769+00:00
243f0ce3_EV-045,EV-045,2026-03-25T20:54:38.517769+00:00,624.27,624.27,0.0,42.0,2026-03-25T20:54:38.517769+00:00
243f0ce3_EV-046,EV-046,2026-03-25T20:54:38.517769+00:00,624.27,624.27,0.0,42.0,2026-03-25T20:54:38.517769+00:00
243f0ce3_EV-047,EV-047,2026-03-25T20:54:38.517769+00:00,624.27,624.27,0.0,42.0,2026-03-25T20:54:38.517769+00:00
243f0ce3_EV-048,EV-048,2026-03-25T20:54:38.517769+00:00,624.27,624.27,0.0,42.0,2026-03-25T20:54:38.517769+00:00
243f0ce3_EV-049,EV-049,2026-03-25T20:54:38.517769+00:00,624.27,624.27,0.0,42.0,2026-03-25T20:54:38.517769+00:00
243f0ce3_EV-050,EV-050,2026-03-25T20:54:38.517769+00:00,624.27,624.27,0.0,42.0,2026-03-25T20:54:38.517769+00:00
4246fb7c_EV-001,EV-001,2026-03-25T20:55:52.907775+00:00,407.84,407.84,0.0,35.0,2026-03-25T20:55:52.893510+00:00
4246fb7c_EV-002,EV-002,2026-03-25T20:55:52.907775+00:00,624.27,624.27,0.0,43.2,2026-03-25T20:55:52.893510+00:00
4246fb7c_EV-003,EV-003,2026-03-25T20:55:52.907775+00:00,645.95,645.95,0.0,55.5,2026-03-25T20:55:52.893510+00:00
4246fb7c_EV-004,EV-004,2026-03-25T20:55:52.907775+00:00,391.1,391.1,0.0,30.5,2026-03-25T20:55:52.893510+00:00
4246fb7c_EV-005,EV-005,2026-03-25T20:55:52.907775+00:00,674.41,674.41,0.0,37.8,2026-03-25T20:55:52.893510+00:00
4246fb7c_EV-006,EV-006,2026-03-25T20:55:52.907775+00:00,645.95,645.95,0.0,48.75,2026-03-25T20:55:52.893510+00:00
4246fb7c_EV-007,EV-007,2026-03-25T20:55:52.907775+00:00,276.59,276.59,0.0,26.0,2026-03-25T20:55:52.893510+00:00
4246fb7c_EV-008,EV-008,2026-03-25T20:55:52.907775+00:00,391.1,391.1,0.0,32.4,2026-03-25T20:55:52.893510+00:00
4246fb7c_EV-009,EV-009,2026-03-25T20:55:52.907775+00:00,624.27,624.27,0.0,42.0,2026-03-25T20:55:52.893510+00:00
4246fb7c_EV-010,EV-010,2026-03-25T20:55:52.907775+00:00,407.84,407.84,0.0,34.0,2026-03-25T20:55:52.893510+00:00
4246fb7c_EV-011,EV-011,2026-03-25T20:55:52.907775+00:00,624.27,624.27,0.0,42.0,2026-03-25T20:55:52.893510+00:00
4246fb7c_EV-012,EV-012,2026-03-25T20:55:52.907775+00:00,645.95,645.95,0.0,54.0,2026-03-25T20:55:52.893510+00:00
4246fb7c_EV-013,EV-013,2026-03-25T20:55:52.907775+00:00,274.65,274.65,0.0,29.5,2026-03-25T20:55:52.893510+00:00
4246fb7c_EV-014,EV-014,2026-03-25T20:55:52.907775+00:00,674.41,674.41,0.0,36.6,2026-03-25T20:55:52.893510+00:00
4246fb7c_EV-015,EV-015,2026-03-25T20:55:52.907775+00:00,624.27,624.27,0.0,47.25,2026-03-25T20:55:52.893510+00:00
4246fb7c_EV-016,EV-016,2026-03-25T20:55:52.907775+00:00,276.59,276.59,0.0,25.0,2026-03-25T20:55:52.893510+00:00
4246fb7c_EV-017,EV-017,2026-03-25T20:55:52.907775+00:00,391.1,391.1,0.0,31.2,2026-03-25T20:55:52.893510+00:00
4246fb7c_EV-018,EV-018,2026-03-25T20:55:52.907775+00:00,645.95,645.95,0.0,59.25,2026-03-25T20:55:52.893510+00:00
4246fb7c_EV-019,EV-019,2026-03-25T20:55:52.907775+00:00,407.84,407.84,0.0,33.0,2026-03-25T20:55:52.893510+00:00
4246fb7c_EV-020,EV-020,2026-03-25T20:55:52.907775+00:00,649.99,649.99,0.0,40.8,2026-03-25T20:55:52.893510+00:00
cc1053ad_HEAVY-01,HEAVY-01,2026-03-25T20:55:52.907775+00:00,407.84,407.84,0.0,35.0,2026-03-25T20:55:53.817193+00:00
cc1053ad_HEAVY-02,HEAVY-02,2026-03-25T21:03:52.907775+00:00,621.84,621.84,0.0,42.0,2026-03-25T20:55:53.817193+00:00
cc1053ad_HEAVY-03,HEAVY-03,2026-03-25T21:11:52.907775+00:00,607.35,607.35,0.0,42.0,2026-03-25T20:55:53.817193+00:00
cc1053ad_HEAVY-04,HEAVY-04,2026-03-25T21:19:52.907775+00:00,645.08,645.08,0.0,52.5,2026-03-25T20:55:53.817193+00:00
cc1053ad_HEAVY-05,HEAVY-05,2026-03-25T21:27:52.907775+00:00,278.29,278.29,0.0,20.0,2026-03-25T20:55:53.817193+00:00
cc1053ad_HEAVY-06,HEAVY-06,2026-03-25T21:35:52.907775+00:00,277.69,277.69,0.0,25.0,2026-03-25T20:55:53.817193+00:00
cc1053ad_HEAVY-07,HEAVY-07,2026-03-25T21:43:52.907775+00:00,264.13,264.13,0.0,30.0,2026-03-25T20:55:53.817193+00:00
cc1053ad_HEAVY-08,HEAVY-08,2026-03-25T21:51:52.907775+00:00,653.77,653.77,0.0,51.0,2026-03-25T20:55:53.817193+00:00
cc1053ad_HEAVY-09,HEAVY-09,2026-03-25T21:59:52.907775+00:00,667.22,667.22,0.0,48.75,2026-03-25T20:55:53.817193+00:00
cc1053ad_HEAVY-10,HEAVY-10,2026-03-25T22:07:52.907775+00:00,269.15,269.15,0.0,26.0,2026-03-25T20:55:53.817193+00:00
cc1053ad_HEAVY-11,HEAVY-11,2026-03-25T22:15:52.907775+00:00,420.76,420.76,0.0,32.5,2026-03-25T20:55:53.817193+00:00
cc1053ad_HEAVY-12,HEAVY-12,2026-03-25T22:23:52.907775+00:00,688.01,688.01,0.0,39.0,2026-03-25T20:55:53.817193+00:00
cc1053ad_HEAVY-13,HEAVY-13,2026-03-25T22:31:52.907775+00:00,362.57,362.57,0.0,27.0,2026-03-25T20:55:53.817193+00:00
cc1053ad_HEAVY-14,HEAVY-14,2026-03-25T22:39:52.907775+00:00,508.99,508.99,0.0,33.75,2026-03-25T20:55:53.817193+00:00
cc1053ad_HEAVY-15,HEAVY-15,2026-03-25T22:47:52.907775+00:00,489.53,489.53,0.0,32.0,2026-03-25T20:55:53.817193+00:00
cc1053ad_HEAVY-16,HEAVY-16,2026-03-25T22:55:52.907775+00:00,777.06,777.06,0.0,40.0,2026-03-25T20:55:53.817193+00:00
cc1053ad_HEAVY-17,HEAVY-17,2026-03-25T23:03:52.907775+00:00,553.68,553.68,0.0,36.0,2026-03-25T20:55:53.817193+00:00
cc1053ad_HEAVY-18,HEAVY-18,2026-03-25T23:11:52.907775+00:00,487.42,487.42,0.0,36.0,2026-03-25T20:55:53.817193+00:00
cc1053ad_HEAVY-19,HEAVY-19,2026-03-25T23:19:52.907775+00:00,775.3,775.3,0.0,45.0,2026-03-25T20:55:53.817193+00:00
cc1053ad_HEAVY-20,HEAVY-20,2026-03-25T23:27:52.907775+00:00,426.61,426.61,0.0,24.0,2026-03-25T20:55:53.817193+00:00
cc1053ad_HEAVY-21,HEAVY-21,2026-03-25T23:35:52.907775+00:00,410.78,410.78,0.0,20.0,2026-03-25T20:55:53.817193+00:00
cc1053ad_HEAVY-22,HEAVY-22,2026-03-25T23:43:52.907775+00:00,771.07,771.07,0.0,45.0,2026-03-25T20:55:53.817193+00:00
cc1053ad_HEAVY-23,HEAVY-23,2026-03-25T23:51:52.907775+00:00,758.73,758.73,0.0,45.0,2026-03-25T20:55:53.817193+00:00
cc1053ad_HEAVY-24,HEAVY-24,2026-03-25T23:59:52.907775+00:00,893.81,893.81,0.0,56.25,2026-03-25T20:55:53.817193+00:00
cc1053ad_HEAVY-25,HEAVY-25,2026-03-26T00:07:52.907775+00:00,565.23,565.23,0.0,22.0,2026-03-25T20:55:53.817193+00:00
a8fc6d61_KNOWN-01,KNOWN-01,2026-03-25T20:55:52.907775+00:00,624.27,120.0,-504.27,42.0,2026-03-25T20:55:54.687521+00:00
a8fc6d61_KNOWN-02,KNOWN-02,2026-03-25T21:00:52.907775+00:00,613.79,120.0,-493.79,42.0,2026-03-25T20:55:54.687521+00:00
a8fc6d61_KNOWN-03,KNOWN-03,2026-03-25T21:05:52.907775+00:00,617.96,120.0,-497.96,42.0,2026-03-25T20:55:54.687521+00:00
a8fc6d61_KNOWN-04,KNOWN-04,2026-03-25T21:10:52.907775+00:00,618.11,120.0,-498.11,42.0,2026-03-25T20:55:54.687521+00:00
a8fc6d61_KNOWN-05,KNOWN-05,2026-03-25T21:15:52.907775+00:00,616.74,120.0,-496.74,42.0,2026-03-25T20:55:54.687521+00:00
a8fc6d61_KNOWN-06,KNOWN-06,2026-03-25T21:20:52.907775+00:00,612.52,120.0,-492.52,42.0,2026-03-25T20:55:54.687521+00:00
a8fc6d61_KNOWN-07,KNOWN-07,2026-03-25T21:25:52.907775+00:00,620.6,120.0,-500.6,42.0,2026-03-25T20:55:54.687521+00:00
a8fc6d61_KNOWN-08,KNOWN-08,2026-03-25T21:30:52.907775+00:00,621.58,120.0,-501.58,42.0,2026-03-25T20:55:54.687521+00:00
a8fc6d61_UNKNOWN-01,UNKNOWN-01,2026-03-25T21:25:52.907775+00:00,284.86,284.86,0.0,30.0,2026-03-25T20:55:54.687521+00:00
a8fc6d61_UNKNOWN-02,UNKNOWN-02,2026-03-25T21:35:52.907775+00:00,408.95,408.95,0.0,33.6,2026-03-25T20:55:54.687521+00:00
a8fc6d61_UNKNOWN-03,UNKNOWN-03,2026-03-25T21:45:52.907775+00:00,661.36,661.36,0.0,39.0,2026-03-25T20:55:54.687521+00:00
a8fc6d61_UNKNOWN-04,UNKNOWN-04,2026-03-25T21:55:52.907775+00:00,273.88,273.88,0.0,24.0,2026-03-25T20:55:54.687521+00:00
a8fc6d61_UNKNOWN-05,UNKNOWN-05,2026-03-25T22:05:52.907775+00:00,269.15,269.15,0.0,26.4,2026-03-25T20:55:54.687521+00:00
a8fc6d61_UNKNOWN-06,UNKNOWN-06,2026-03-25T22:15:52.907775+00:00,679.73,679.73,0.0,45.0,2026-03-25T20:55:54.687521+00:00
a8fc6d61_UNKNOWN-07,UNKNOWN-07,2026-03-25T22:25:52.907775+00:00,354.76,354.76,0.0,28.0,2026-03-25T20:55:54.687521+00:00
a8fc6d61_UNKNOWN-08,UNKNOWN-08,2026-03-25T22:35:52.907775+00:00,491.3,491.3,0.0,31.2,2026-03-25T20:55:54.687521+00:00
a8fc6d61_UNKNOWN-09,UNKNOWN-09,2026-03-25T22:45:52.907775+00:00,496.83,496.83,0.0,36.0,2026-03-25T20:55:54.687521+00:00
a8fc6d61_UNKNOWN-10,UNKNOWN-10,2026-03-25T22:55:52.907775+00:00,335.62,335.62,0.0,22.0,2026-03-25T20:55:54.687521+00:00
a8fc6d61_UNKNOWN-11,UNKNOWN-11,2026-03-25T23:05:52.907775+00:00,471.69,471.69,0.0,36.0,2026-03-25T20:55:54.687521+00:00
a8fc6d61_UNKNOWN-12,UNKNOWN-12,2026-03-25T23:15:52.907775+00:00,753.74,753.74,0.0,42.0,2026-03-25T20:55:54.687521+00:00
13f11b45_EV-001,EV-001,2026-03-25T21:00:49.907556+00:00,394.69,394.69,0.0,35.0,2026-03-25T21:00:49.924833+00:00
13f11b45_EV-002,EV-002,2026-03-25T21:00:49.907556+00:00,613.79,613.79,0.0,43.2,2026-03-25T21:00:49.924833+00:00
13f11b45_EV-003,EV-003,2026-03-25T21:00:49.907556+00:00,635.46,635.46,0.0,55.5,2026-03-25T21:00:49.924833+00:00
13f11b45_EV-004,EV-004,2026-03-25T21:00:49.907556+00:00,377.94,377.94,0.0,30.5,2026-03-25T21:00:49.924833+00:00
13f11b45_EV-005,EV-005,2026-03-25T21:00:49.907556+00:00,661.26,661.26,0.0,37.8,2026-03-25T21:00:49.924833+00:00
13f11b45_EV-006,EV-006,2026-03-25T21:00:49.907556+00:00,635.46,635.46,0.0,48.75,2026-03-25T21:00:49.924833+00:00
13f11b45_EV-007,EV-007,2026-03-25T21:00:49.907556+00:00,263.43,263.43,0.0,26.0,2026-03-25T21:00:49.924833+00:00
13f11b45_EV-008,EV-008,2026-03-25T21:00:49.907556+00:00,377.94,377.94,0.0,32.4,2026-03-25T21:00:49.924833+00:00
13f11b45_EV-009,EV-009,2026-03-25T21:00:49.907556+00:00,613.79,613.79,0.0,42.0,2026-03-25T21:00:49.924833+00:00
13f11b45_EV-010,EV-010,2026-03-25T21:00:49.907556+00:00,394.69,394.69,0.0,34.0,2026-03-25T21:00:49.924833+00:00
13f11b45_EV-011,EV-011,2026-03-25T21:00:49.907556+00:00,613.79,613.79,0.0,42.0,2026-03-25T21:00:49.924833+00:00
13f11b45_EV-012,EV-012,2026-03-25T21:00:49.907556+00:00,635.46,635.46,0.0,54.0,2026-03-25T21:00:49.924833+00:00
13f11b45_EV-013,EV-013,2026-03-25T21:00:49.907556+00:00,261.49,261.49,0.0,29.5,2026-03-25T21:00:49.924833+00:00
13f11b45_EV-014,EV-014,2026-03-25T21:00:49.907556+00:00,661.26,661.26,0.0,36.6,2026-03-25T21:00:49.924833+00:00
13f11b45_EV-015,EV-015,2026-03-25T21:00:49.907556+00:00,613.79,613.79,0.0,47.25,2026-03-25T21:00:49.924833+00:00
13f11b45_EV-016,EV-016,2026-03-25T21:00:49.907556+00:00,263.43,263.43,0.0,25.0,2026-03-25T21:00:49.924833+00:00
13f11b45_EV-017,EV-017,2026-03-25T21:00:49.907556+00:00,377.94,377.94,0.0,31.2,2026-03-25T21:00:49.924833+00:00
13f11b45_EV-018,EV-018,2026-03-25T21:00:49.907556+00:00,635.46,635.46,0.0,59.25,2026-03-25T21:00:49.924833+00:00
13f11b45_EV-019,EV-019,2026-03-25T21:00:49.907556+00:00,394.69,394.69,0.0,33.0,2026-03-25T21:00:49.924833+00:00
13f11b45_EV-020,EV-020,2026-03-25T21:00:49.907556+00:00,639.5,639.5,0.0,40.8,2026-03-25T21:00:49.924833+00:00
7025b496_HEAVY-01,HEAVY-01,2026-03-25T21:00:49.907556+00:00,394.69,394.69,0.0,35.0,2026-03-25T21:00:50.813643+00:00
7025b496_HEAVY-02,HEAVY-02,2026-03-25T21:08:49.907556+00:00,617.96,617.96,0.0,42.0,2026-03-25T21:00:50.813643+00:00
7025b496_HEAVY-03,HEAVY-03,2026-03-25T21:16:49.907556+00:00,616.74,616.74,0.0,42.0,2026-03-25T21:00:50.813643+00:00
7025b496_HEAVY-04,HEAVY-04,2026-03-25T21:24:49.907556+00:00,653.16,653.16,0.0,52.5,2026-03-25T21:00:50.813643+00:00
7025b496_HEAVY-05,HEAVY-05,2026-03-25T21:32:49.907556+00:00,284.79,284.79,0.0,20.0,2026-03-25T21:00:50.813643+00:00
7025b496_HEAVY-06,HEAVY-06,2026-03-25T21:40:49.907556+00:00,268.15,268.15,0.0,25.0,2026-03-25T21:00:50.813643+00:00
7025b496_HEAVY-07,HEAVY-07,2026-03-25T21:48:49.907556+00:00,265.68,265.68,0.0,30.0,2026-03-25T21:00:50.813643+00:00
7025b496_HEAVY-08,HEAVY-08,2026-03-25T21:56:49.907556+00:00,664.73,664.73,0.0,51.0,2026-03-25T21:00:50.813643+00:00
7025b496_HEAVY-09,HEAVY-09,2026-03-25T22:04:49.907556+00:00,689.75,689.75,0.0,48.75,2026-03-25T21:00:50.813643+00:00
7025b496_HEAVY-10,HEAVY-10,2026-03-25T22:12:49.907556+00:00,302.32,302.32,0.0,26.0,2026-03-25T21:00:50.813643+00:00
7025b496_HEAVY-11,HEAVY-11,2026-03-25T22:20:49.907556+00:00,420.76,420.76,0.0,32.5,2026-03-25T21:00:50.813643+00:00
7025b496_HEAVY-12,HEAVY-12,2026-03-25T22:28:49.907556+00:00,772.47,772.47,0.0,39.0,2026-03-25T21:00:50.813643+00:00
7025b496_HEAVY-13,HEAVY-13,2026-03-25T22:36:49.907556+00:00,371.05,371.05,0.0,27.0,2026-03-25T21:00:50.813643+00:00
7025b496_HEAVY-14,HEAVY-14,2026-03-25T22:44:49.907556+00:00,496.83,496.83,0.0,33.75,2026-03-25T21:00:50.813643+00:00
7025b496_HEAVY-15,HEAVY-15,2026-03-25T22:52:49.907556+00:00,499.9,499.9,0.0,32.0,2026-03-25T21:00:50.813643+00:00
7025b496_HEAVY-16,HEAVY-16,2026-03-25T23:00:49.907556+00:00,782.75,782.75,0.0,40.0,2026-03-25T21:00:50.813643+00:00
7025b496_HEAVY-17,HEAVY-17,2026-03-25T23:08:49.907556+00:00,457.41,457.41,0.0,36.0,2026-03-25T21:00:50.813643+00:00
7025b496_HEAVY-18,HEAVY-18,2026-03-25T23:16:49.907556+00:00,487.42,487.42,0.0,36.0,2026-03-25T21:00:50.813643+00:00
7025b496_HEAVY-19,HEAVY-19,2026-03-25T23:24:49.907556+00:00,827.69,827.69,0.0,45.0,2026-03-25T21:00:50.813643+00:00
7025b496_HEAVY-20,HEAVY-20,2026-03-25T23:32:49.907556+00:00,421.85,421.85,0.0,24.0,2026-03-25T21:00:50.813643+00:00
7025b496_HEAVY-21,HEAVY-21,2026-03-25T23:40:49.907556+00:00,402.03,402.03,0.0,20.0,2026-03-25T21:00:50.813643+00:00
7025b496_HEAVY-22,HEAVY-22,2026-03-25T23:48:49.907556+00:00,751.55,751.55,0.0,45.0,2026-03-25T21:00:50.813643+00:00
7025b496_HEAVY-23,HEAVY-23,2026-03-25T23:56:49.907556+00:00,834.4,834.4,0.0,45.0,2026-03-25T21:00:50.813643+00:00
7025b496_HEAVY-24,HEAVY-24,2026-03-26T00:04:49.907556+00:00,886.94,886.94,0.0,56.25,2026-03-25T21:00:50.813643+00:00
7025b496_HEAVY-25,HEAVY-25,2026-03-26T00:12:49.907556+00:00,303.97,303.97,0.0,22.0,2026-03-25T21:00:50.813643+00:00
69798265_KNOWN-01,KNOWN-01,2026-03-25T21:00:49.907556+00:00,613.79,120.0,-493.79,42.0,2026-03-25T21:00:51.775823+00:00
69798265_KNOWN-02,KNOWN-02,2026-03-25T21:05:49.907556+00:00,617.96,120.0,-497.96,42.0,2026-03-25T21:00:51.775823+00:00
69798265_KNOWN-03,KNOWN-03,2026-03-25T21:10:49.907556+00:00,618.11,120.0,-498.11,42.0,2026-03-25T21:00:51.775823+00:00
69798265_KNOWN-04,KNOWN-04,2026-03-25T21:15:49.907556+00:00,616.74,120.0,-496.74,42.0,2026-03-25T21:00:51.775823+00:00
69798265_KNOWN-05,KNOWN-05,2026-03-25T21:20:49.907556+00:00,612.52,120.0,-492.52,42.0,2026-03-25T21:00:51.775823+00:00
69798265_KNOWN-06,KNOWN-06,2026-03-25T21:25:49.907556+00:00,620.6,120.0,-500.6,42.0,2026-03-25T21:00:51.775823+00:00
69798265_KNOWN-07,KNOWN-07,2026-03-25T21:30:49.907556+00:00,621.58,120.0,-501.58,42.0,2026-03-25T21:00:51.775823+00:00
69798265_KNOWN-08,KNOWN-08,2026-03-25T21:35:49.907556+00:00,611.49,120.0,-491.49,42.0,2026-03-25T21:00:51.775823+00:00
69798265_UNKNOWN-01,UNKNOWN-01,2026-03-25T21:30:49.907556+00:00,285.84,285.84,0.0,30.0,2026-03-25T21:00:51.775823+00:00
69798265_UNKNOWN-02,UNKNOWN-02,2026-03-25T21:40:49.907556+00:00,399.4,399.4,0.0,33.6,2026-03-25T21:00:51.775823+00:00
69798265_UNKNOWN-03,UNKNOWN-03,2026-03-25T21:50:49.907556+00:00,663.71,663.71,0.0,39.0,2026-03-25T21:00:51.775823+00:00
69798265_UNKNOWN-04,UNKNOWN-04,2026-03-25T22:00:49.907556+00:00,254.69,254.69,0.0,24.0,2026-03-25T21:00:51.775823+00:00
69798265_UNKNOWN-05,UNKNOWN-05,2026-03-25T22:10:49.907556+00:00,299.0,299.0,0.0,26.4,2026-03-25T21:00:51.775823+00:00
69798265_UNKNOWN-06,UNKNOWN-06,2026-03-25T22:20:49.907556+00:00,679.73,679.73,0.0,45.0,2026-03-25T21:00:51.775823+00:00
69798265_UNKNOWN-07,UNKNOWN-07,2026-03-25T22:30:49.907556+00:00,362.57,362.57,0.0,28.0,2026-03-25T21:00:51.775823+00:00
69798265_UNKNOWN-08,UNKNOWN-08,2026-03-25T22:40:49.907556+00:00,492.78,492.78,0.0,31.2,2026-03-25T21:00:51.775823+00:00
69798265_UNKNOWN-09,UNKNOWN-09,2026-03-25T22:50:49.907556+00:00,522.81,522.81,0.0,36.0,2026-03-25T21:00:51.775823+00:00
69798265_UNKNOWN-10,UNKNOWN-10,2026-03-25T23:00:49.907556+00:00,341.32,341.32,0.0,22.0,2026-03-25T21:00:51.775823+00:00
69798265_UNKNOWN-11,UNKNOWN-11,2026-03-25T23:10:49.907556+00:00,457.41,457.41,0.0,36.0,2026-03-25T21:00:51.775823+00:00
69798265_UNKNOWN-12,UNKNOWN-12,2026-03-25T23:20:49.907556+00:00,791.91,791.91,0.0,42.0,2026-03-25T21:00:51.775823+00:00
9dfaa48b_EV-001,EV-001,2026-03-25T21:02:53.927103+00:00,621.84,621.84,0.0,42.0,2026-03-25T21:02:53.927103+00:00
9dfaa48b_EV-002,EV-002,2026-03-25T21:02:53.927103+00:00,621.84,621.84,0.0,42.0,2026-03-25T21:02:53.927103+00:00
9dfaa48b_EV-003,EV-003,2026-03-25T21:02:53.927103+00:00,621.84,621.84,0.0,42.0,2026-03-25T21:02:53.927103+00:00
9dfaa48b_EV-004,EV-004,2026-03-25T21:02:53.927103+00:00,621.84,621.84,0.0,42.0,2026-03-25T21:02:53.927103+00:00
9dfaa48b_EV-005,EV-005,2026-03-25T21:02:53.927103+00:00,621.84,621.84,0.0,42.0,2026-03-25T21:02:53.927103+00:00
9dfaa48b_EV-006,EV-006,2026-03-25T21:02:53.927103+00:00,621.84,621.84,0.0,42.0,2026-03-25T21:02:53.927103+00:00
9dfaa48b_EV-007,EV-007,2026-03-25T21:02:53.927103+00:00,621.84,621.84,0.0,42.0,2026-03-25T21:02:53.927103+00:00
9dfaa48b_EV-008,EV-008,2026-03-25T21:02:53.927103+00:00,621.84,621.84,0.0,42.0,2026-03-25T21:02:53.927103+00:00
9dfaa48b_EV-009,EV-009,2026-03-25T21:02:53.927103+00:00,621.84,621.84,0.0,42.0,2026-03-25T21:02:53.927103+00:00
9dfaa48b_EV-010,EV-010,2026-03-25T21:02:53.927103+00:00,621.84,621.84,0.0,42.0,2026-03-25T21:02:53.927103+00:00
7f44986a_EV-001,EV-001,2026-03-25T21:03:01.070208+00:00,621.84,621.84,0.0,42.0,2026-03-25T21:03:01.070208+00:00
7f44986a_EV-002,EV-002,2026-03-25T21:03:01.070208+00:00,621.84,621.84,0.0,42.0,2026-03-25T21:03:01.070208+00:00
7f44986a_EV-003,EV-003,2026-03-25T21:03:01.070208+00:00,621.84,621.84,0.0,42.0,2026-03-25T21:03:01.070208+00:00
7f44986a_EV-004,EV-004,2026-03-25T21:03:01.070208+00:00,621.84,621.84,0.0,42.0,2026-03-25T21:03:01.070208+00:00
7f44986a_EV-005,EV-005,2026-03-25T21:03:01.070208+00:00,621.84,621.84,0.0,42.0,2026-03-25T21:03:01.070208+00:00
7f44986a_EV-006,EV-006,2026-03-25T21:03:01.070208+00:00,621.84,621.84,0.0,42.0,2026-03-25T21:03:01.070208+00:00
7f44986a_EV-007,EV-007,2026-03-25T21:03:01.070208+00:00,621.84,621.84,0.0,42.0,2026-03-25T21:03:01.070208+00:00
7f44986a_EV-008,EV-008,2026-03-25T21:03:01.070208+00:00,621.84,621.84,0.0,42.0,2026-03-25T21:03:01.070208+00:00
7f44986a_EV-009,EV-009,2026-03-25T21:03:01.070208+00:00,621.84,621.84,0.0,42.0,2026-03-25T21:03:01.070208+00:00
7f44986a_EV-010,EV-010,2026-03-25T21:03:01.070208+00:00,621.84,621.84,0.0,42.0,2026-03-25T21:03:01.070208+00:00
7f44986a_EV-011,EV-011,2026-03-25T21:03:01.070208+00:00,621.84,621.84,0.0,42.0,2026-03-25T21:03:01.070208+00:00
7f44986a_EV-012,EV-012,2026-03-25T21:03:01.070208+00:00,621.84,621.84,0.0,42.0,2026-03-25T21:03:01.070208+00:00
7f44986a_EV-013,EV-013,2026-03-25T21:03:01.070208+00:00,621.84,621.84,0.0,42.0,2026-03-25T21:03:01.070208+00:00
7f44986a_EV-014,EV-014,2026-03-25T21:03:01.070208+00:00,621.84,621.84,0.0,42.0,2026-03-25T21:03:01.070208+00:00
7f44986a_EV-015,EV-015,2026-03-25T21:03:01.070208+00:00,621.84,621.84,0.0,42.0,2026-03-25T21:03:01.070208+00:00
7f44986a_EV-016,EV-016,2026-03-25T21:03:01.070208+00:00,621.84,621.84,0.0,42.0,2026-03-25T21:03:01.070208+00:00
7f44986a_EV-017,EV-017,2026-03-25T21:03:01.070208+00:00,621.84,621.84,0.0,42.0,2026-03-25T21:03:01.070208+00:00
7f44986a_EV-018,EV-018,2026-03-25T21:03:01.070208+00:00,621.84,621.84,0.0,42.0,2026-03-25T21:03:01.070208+00:00
7f44986a_EV-019,EV-019,2026-03-25T21:03:01.070208+00:00,621.84,621.84,0.0,42.0,2026-03-25T21:03:01.070208+00:00
7f44986a_EV-020,EV-020,2026-03-25T21:03:01.070208+00:00,621.84,621.84,0.0,42.0,2026-03-25T21:03:01.070208+00:00
7f44986a_EV-021,EV-021,2026-03-25T21:03:01.070208+00:00,621.84,621.84,0.0,42.0,2026-03-25T21:03:01.070208+00:00
7f44986a_EV-022,EV-022,2026-03-25T21:03:01.070208+00:00,621.84,621.84,0.0,42.0,2026-03-25T21:03:01.070208+00:00
7f44986a_EV-023,EV-023,2026-03-25T21:03:01.070208+00:00,621.84,621.84,0.0,42.0,2026-03-25T21:03:01.070208+00:00
7f44986a_EV-024,EV-024,2026-03-25T21:03:01.070208+00:00,621.84,621.84,0.0,42.0,2026-03-25T21:03:01.070208+00:00
7f44986a_EV-025,EV-025,2026-03-25T21:03:01.070208+00:00,621.84,621.84,0.0,42.0,2026-03-25T21:03:01.070208+00:00
7f44986a_EV-026,EV-026,2026-03-25T21:03:01.070208+00:00,621.84,621.84,0.0,42.0,2026-03-25T21:03:01.070208+00:00
7f44986a_EV-027,EV-027,2026-03-25T21:03:01.070208+00:00,621.84,621.84,0.0,42.0,2026-03-25T21:03:01.070208+00:00
7f44986a_EV-028,EV-028,2026-03-25T21:03:01.070208+00:00,621.84,621.84,0.0,42.0,2026-03-25T21:03:01.070208+00:00
7f44986a_EV-029,EV-029,2026-03-25T21:03:01.070208+00:00,621.84,621.84,0.0,42.0,2026-03-25T21:03:01.070208+00:00
7f44986a_EV-030,EV-030,2026-03-25T21:03:01.070208+00:00,621.84,621.84,0.0,42.0,2026-03-25T21:03:01.070208+00:00
7f44986a_EV-031,EV-031,2026-03-25T21:03:01.070208+00:00,621.84,621.84,0.0,42.0,2026-03-25T21:03:01.070208+00:00
7f44986a_EV-032,EV-032,2026-03-25T21:03:01.070208+00:00,621.84,621.84,0.0,42.0,2026-03-25T21:03:01.070208+00:00
7f44986a_EV-033,EV-033,2026-03-25T21:03:01.070208+00:00,621.84,621.84,0.0,42.0,2026-03-25T21:03:01.070208+00:00
7f44986a_EV-034,EV-034,2026-03-25T21:03:01.070208+00:00,621.84,621.84,0.0,42.0,2026-03-25T21:03:01.070208+00:00
7f44986a_EV-035,EV-035,2026-03-25T21:03:01.070208+00:00,621.84,621.84,0.0,42.0,2026-03-25T21:03:01.070208+00:00
7f44986a_EV-036,EV-036,2026-03-25T21:03:01.070208+00:00,621.84,621.84,0.0,42.0,2026-03-25T21:03:01.070208+00:00
7f44986a_EV-037,EV-037,2026-03-25T21:03:01.070208+00:00,621.84,621.84,0.0,42.0,2026-03-25T21:03:01.070208+00:00
7f44986a_EV-038,EV-038,2026-03-25T21:03:01.070208+00:00,621.84,621.84,0.0,42.0,2026-03-25T21:03:01.070208+00:00
7f44986a_EV-039,EV-039,2026-03-25T21:03:01.070208+00:00,621.84,621.84,0.0,42.0,2026-03-25T21:03:01.070208+00:00
7f44986a_EV-040,EV-040,2026-03-25T21:03:01.070208+00:00,621.84,621.84,0.0,42.0,2026-03-25T21:03:01.070208+00:00
7f44986a_EV-041,EV-041,2026-03-25T21:03:01.070208+00:00,621.84,621.84,0.0,42.0,2026-03-25T21:03:01.070208+00:00
7f44986a_EV-042,EV-042,2026-03-25T21:03:01.070208+00:00,621.84,621.84,0.0,42.0,2026-03-25T21:03:01.070208+00:00
7f44986a_EV-043,EV-043,2026-03-25T21:03:01.070208+00:00,621.84,621.84,0.0,42.0,2026-03-25T21:03:01.070208+00:00
7f44986a_EV-044,EV-044,2026-03-25T21:03:01.070208+00:00,621.84,621.84,0.0,42.0,2026-03-25T21:03:01.070208+00:00
7f44986a_EV-045,EV-045,2026-03-25T21:03:01.070208+00:00,621.84,621.84,0.0,42.0,2026-03-25T21:03:01.070208+00:00
7f44986a_EV-046,EV-046,2026-03-25T21:03:01.070208+00:00,621.84,621.84,0.0,42.0,2026-03-25T21:03:01.070208+00:00
7f44986a_EV-047,EV-047,2026-03-25T21:03:01.070208+00:00,621.84,621.84,0.0,42.0,2026-03-25T21:03:01.070208+00:00
7f44986a_EV-048,EV-048,2026-03-25T21:03:01.070208+00:00,621.84,621.84,0.0,42.0,2026-03-25T21:03:01.070208+00:00
7f44986a_EV-049,EV-049,2026-03-25T21:03:01.070208+00:00,621.84,621.84,0.0,42.0,2026-03-25T21:03:01.070208+00:00
7f44986a_EV-050,EV-050,2026-03-25T21:03:01.070208+00:00,621.84,621.84,0.0,42.0,2026-03-25T21:03:01.070208+00:00
ba06be5c_EV-001,EV-001,2026-03-25T21:03:11.162334+00:00,621.84,621.84,0.0,42.0,2026-03-25T21:03:11.162334+00:00
ba06be5c_EV-002,EV-002,2026-03-25T21:03:11.162334+00:00,621.84,621.84,0.0,42.0,2026-03-25T21:03:11.162334+00:00
ba06be5c_EV-003,EV-003,2026-03-25T21:03:11.162334+00:00,621.84,621.84,0.0,42.0,2026-03-25T21:03:11.162334+00:00
ba06be5c_EV-004,EV-004,2026-03-25T21:03:11.162334+00:00,621.84,621.84,0.0,42.0,2026-03-25T21:03:11.162334+00:00
ba06be5c_EV-005,EV-005,2026-03-25T21:03:11.162334+00:00,621.84,621.84,0.0,42.0,2026-03-25T21:03:11.162334+00:00
ba06be5c_EV-006,EV-006,2026-03-25T21:03:11.162334+00:00,621.84,621.84,0.0,42.0,2026-03-25T21:03:11.162334+00:00
ba06be5c_EV-007,EV-007,2026-03-25T21:03:11.162334+00:00,621.84,621.84,0.0,42.0,2026-03-25T21:03:11.162334+00:00
ba06be5c_EV-008,EV-008,2026-03-25T21:03:11.162334+00:00,621.84,621.84,0.0,42.0,2026-03-25T21:03:11.162334+00:00
ba06be5c_EV-009,EV-009,2026-03-25T21:03:11.162334+00:00,621.84,621.84,0.0,42.0,2026-03-25T21:03:11.162334+00:00
ba06be5c_EV-010,EV-010,2026-03-25T21:03:11.162334+00:00,621.84,621.84,0.0,42.0,2026-03-25T21:03:11.162334+00:00
ba06be5c_EV-011,EV-011,2026-03-25T21:03:11.162334+00:00,621.84,621.84,0.0,42.0,2026-03-25T21:03:11.162334+00:00
ba06be5c_EV-012,EV-012,2026-03-25T21:03:11.162334+00:00,621.84,621.84,0.0,42.0,2026-03-25T21:03:11.162334+00:00
ba06be5c_EV-013,EV-013,2026-03-25T21:03:11.162334+00:00,621.84,621.84,0.0,42.0,2026-03-25T21:03:11.162334+00:00
ba06be5c_EV-014,EV-014,2026-03-25T21:03:11.162334+00:00,621.84,621.84,0.0,42.0,2026-03-25T21:03:11.162334+00:00
ba06be5c_EV-015,EV-015,2026-03-25T21:03:11.162334+00:00,621.84,621.84,0.0,42.0,2026-03-25T21:03:11.162334+00:00
ba06be5c_EV-016,EV-016,2026-03-25T21:03:11.162334+00:00,621.84,621.84,0.0,42.0,2026-03-25T21:03:11.162334+00:00
ba06be5c_EV-017,EV-017,2026-03-25T21:03:11.162334+00:00,621.84,621.84,0.0,42.0,2026-03-25T21:03:11.162334+00:00
ba06be5c_EV-018,EV-018,2026-03-25T21:03:11.162334+00:00,621.84,621.84,0.0,42.0,2026-03-25T21:03:11.162334+00:00
ba06be5c_EV-019,EV-019,2026-03-25T21:03:11.162334+00:00,621.84,621.84,0.0,42.0,2026-03-25T21:03:11.162334+00:00
ba06be5c_EV-020,EV-020,2026-03-25T21:03:11.162334+00:00,621.84,621.84,0.0,42.0,2026-03-25T21:03:11.162334+00:00
ba06be5c_EV-021,EV-021,2026-03-25T21:03:11.162334+00:00,621.84,621.84,0.0,42.0,2026-03-25T21:03:11.162334+00:00
ba06be5c_EV-022,EV-022,2026-03-25T21:03:11.162334+00:00,621.84,621.84,0.0,42.0,2026-03-25T21:03:11.162334+00:00
ba06be5c_EV-023,EV-023,2026-03-25T21:03:11.162334+00:00,621.84,621.84,0.0,42.0,2026-03-25T21:03:11.162334+00:00
ba06be5c_EV-024,EV-024,2026-03-25T21:03:11.162334+00:00,621.84,621.84,0.0,42.0,2026-03-25T21:03:11.162334+00:00
ba06be5c_EV-025,EV-025,2026-03-25T21:03:11.162334+00:00,621.84,621.84,0.0,42.0,2026-03-25T21:03:11.162334+00:00
ba06be5c_EV-026,EV-026,2026-03-25T21:03:11.162334+00:00,621.84,621.84,0.0,42.0,2026-03-25T21:03:11.162334+00:00
ba06be5c_EV-027,EV-027,2026-03-25T21:03:11.162334+00:00,621.84,621.84,0.0,42.0,2026-03-25T21:03:11.162334+00:00
ba06be5c_EV-028,EV-028,2026-03-25T21:03:11.162334+00:00,621.84,621.84,0.0,42.0,2026-03-25T21:03:11.162334+00:00
ba06be5c_EV-029,EV-029,2026-03-25T21:03:11.162334+00:00,621.84,621.84,0.0,42.0,2026-03-25T21:03:11.162334+00:00
ba06be5c_EV-030,EV-030,2026-03-25T21:03:11.162334+00:00,621.84,621.84,0.0,42.0,2026-03-25T21:03:11.162334+00:00
ba06be5c_EV-031,EV-031,2026-03-25T21:03:11.162334+00:00,621.84,621.84,0.0,42.0,2026-03-25T21:03:11.162334+00:00
ba06be5c_EV-032,EV-032,2026-03-25T21:03:11.162334+00:00,621.84,621.84,0.0,42.0,2026-03-25T21:03:11.162334+00:00
ba06be5c_EV-033,EV-033,2026-03-25T21:03:11.162334+00:00,621.84,621.84,0.0,42.0,2026-03-25T21:03:11.162334+00:00
ba06be5c_EV-034,EV-034,2026-03-25T21:03:11.162334+00:00,621.84,621.84,0.0,42.0,2026-03-25T21:03:11.162334+00:00
ba06be5c_EV-035,EV-035,2026-03-25T21:03:11.162334+00:00,621.84,621.84,0.0,42.0,2026-03-25T21:03:11.162334+00:00
ba06be5c_EV-036,EV-036,2026-03-25T21:03:11.162334+00:00,621.84,621.84,0.0,42.0,2026-03-25T21:03:11.162334+00:00
ba06be5c_EV-037,EV-037,2026-03-25T21:03:11.162334+00:00,621.84,621.84,0.0,42.0,2026-03-25T21:03:11.162334+00:00
ba06be5c_EV-038,EV-038,2026-03-25T21:03:11.162334+00:00,621.84,621.84,0.0,42.0,2026-03-25T21:03:11.162334+00:00
ba06be5c_EV-039,EV-039,2026-03-25T21:03:11.162334+00:00,621.84,621.84,0.0,42.0,2026-03-25T21:03:11.162334+00:00
ba06be5c_EV-040,EV-040,2026-03-25T21:03:11.162334+00:00,621.84,621.84,0.0,42.0,2026-03-25T21:03:11.162334+00:00
ba06be5c_EV-041,EV-041,2026-03-25T21:03:11.162334+00:00,621.84,621.84,0.0,42.0,2026-03-25T21:03:11.162334+00:00
ba06be5c_EV-042,EV-042,2026-03-25T21:03:11.162334+00:00,621.84,621.84,0.0,42.0,2026-03-25T21:03:11.162334+00:00
ba06be5c_EV-043,EV-043,2026-03-25T21:03:11.162334+00:00,621.84,621.84,0.0,42.0,2026-03-25T21:03:11.162334+00:00
ba06be5c_EV-044,EV-044,2026-03-25T21:03:11.162334+00:00,621.84,621.84,0.0,42.0,2026-03-25T21:03:11.162334+00:00
ba06be5c_EV-045,EV-045,2026-03-25T21:03:11.162334+00:00,621.84,621.84,0.0,42.0,2026-03-25T21:03:11.162334+00:00
ba06be5c_EV-046,EV-046,2026-03-25T21:03:11.162334+00:00,621.84,621.84,0.0,42.0,2026-03-25T21:03:11.162334+00:00
ba06be5c_EV-047,EV-047,2026-03-25T21:03:11.162334+00:00,621.84,621.84,0.0,42.0,2026-03-25T21:03:11.162334+00:00
ba06be5c_EV-048,EV-048,2026-03-25T21:03:11.162334+00:00,621.84,621.84,0.0,42.0,2026-03-25T21:03:11.162334+00:00
ba06be5c_EV-049,EV-049,2026-03-25T21:03:11.162334+00:00,621.84,621.84,0.0,42.0,2026-03-25T21:03:11.162334+00:00
ba06be5c_EV-050,EV-050,2026-03-25T21:03:11.162334+00:00,621.84,621.84,0.0,42.0,2026-03-25T21:03:11.162334+00:00
bfd06046_EV-001,EV-001,2026-03-25T21:03:23.140966+00:00,642.41,642.41,0.0,54.0,2026-03-25T21:03:23.140966+00:00
bfd06046_EV-002,EV-002,2026-03-25T21:03:23.140966+00:00,642.41,642.41,0.0,54.0,2026-03-25T21:03:23.140966+00:00
bfd06046_EV-003,EV-003,2026-03-25T21:03:23.140966+00:00,642.41,642.41,0.0,54.0,2026-03-25T21:03:23.140966+00:00
bfd06046_EV-004,EV-004,2026-03-25T21:03:23.140966+00:00,621.84,621.84,0.0,42.0,2026-03-25T21:03:23.140966+00:00
bfd06046_EV-005,EV-005,2026-03-25T21:03:23.140966+00:00,621.84,621.84,0.0,42.0,2026-03-25T21:03:23.140966+00:00
bfd06046_EV-006,EV-006,2026-03-25T21:03:23.140966+00:00,621.84,621.84,0.0,42.0,2026-03-25T21:03:23.140966+00:00
bfd06046_EV-007,EV-007,2026-03-25T21:03:23.140966+00:00,621.84,621.84,0.0,42.0,2026-03-25T21:03:23.140966+00:00
bfd06046_EV-008,EV-008,2026-03-25T21:03:23.140966+00:00,621.84,621.84,0.0,42.0,2026-03-25T21:03:23.140966+00:00
bfd06046_EV-009,EV-009,2026-03-25T21:03:23.140966+00:00,621.84,621.84,0.0,42.0,2026-03-25T21:03:23.140966+00:00
bfd06046_EV-010,EV-010,2026-03-25T21:03:23.140966+00:00,621.84,621.84,0.0,42.0,2026-03-25T21:03:23.140966+00:00
bfd06046_EV-011,EV-011,2026-03-25T21:03:23.140966+00:00,621.84,621.84,0.0,42.0,2026-03-25T21:03:23.140966+00:00
bfd06046_EV-012,EV-012,2026-03-25T21:03:23.140966+00:00,621.84,621.84,0.0,42.0,2026-03-25T21:03:23.140966+00:00
bfd06046_EV-013,EV-013,2026-03-25T21:03:23.140966+00:00,621.84,621.84,0.0,42.0,2026-03-25T21:03:23.140966+00:00
bfd06046_EV-014,EV-014,2026-03-25T21:03:23.140966+00:00,621.84,621.84,0.0,42.0,2026-03-25T21:03:23.140966+00:00
bfd06046_EV-015,EV-015,2026-03-25T21:03:23.140966+00:00,621.84,621.84,0.0,42.0,2026-03-25T21:03:23.140966+00:00
bfd06046_EV-016,EV-016,2026-03-25T21:03:23.140966+00:00,621.84,621.84,0.0,42.0,2026-03-25T21:03:23.140966+00:00
bfd06046_EV-017,EV-017,2026-03-25T21:03:23.140966+00:00,621.84,621.84,0.0,42.0,2026-03-25T21:03:23.140966+00:00
bfd06046_EV-018,EV-018,2026-03-25T21:03:23.140966+00:00,621.84,621.84,0.0,42.0,2026-03-25T21:03:23.140966+00:00
bfd06046_EV-019,EV-019,2026-03-25T21:03:23.140966+00:00,621.84,621.84,0.0,42.0,2026-03-25T21:03:23.140966+00:00
bfd06046_EV-020,EV-020,2026-03-25T21:03:23.140966+00:00,621.84,621.84,0.0,42.0,2026-03-25T21:03:23.140966+00:00
bfd06046_EV-021,EV-021,2026-03-25T21:03:23.140966+00:00,621.84,621.84,0.0,42.0,2026-03-25T21:03:23.140966+00:00
bfd06046_EV-022,EV-022,2026-03-25T21:03:23.140966+00:00,621.84,621.84,0.0,42.0,2026-03-25T21:03:23.140966+00:00
bfd06046_EV-023,EV-023,2026-03-25T21:03:23.140966+00:00,621.84,621.84,0.0,42.0,2026-03-25T21:03:23.140966+00:00
bfd06046_EV-024,EV-024,2026-03-25T21:03:23.140966+00:00,621.84,621.84,0.0,42.0,2026-03-25T21:03:23.140966+00:00
bfd06046_EV-025,EV-025,2026-03-25T21:03:23.140966+00:00,621.84,621.84,0.0,42.0,2026-03-25T21:03:23.140966+00:00
bfd06046_EV-026,EV-026,2026-03-25T21:03:23.140966+00:00,621.84,621.84,0.0,42.0,2026-03-25T21:03:23.140966+00:00
bfd06046_EV-027,EV-027,2026-03-25T21:03:23.140966+00:00,621.84,621.84,0.0,42.0,2026-03-25T21:03:23.140966+00:00
bfd06046_EV-028,EV-028,2026-03-25T21:03:23.140966+00:00,621.84,621.84,0.0,42.0,2026-03-25T21:03:23.140966+00:00
bfd06046_EV-029,EV-029,2026-03-25T21:03:23.140966+00:00,621.84,621.84,0.0,42.0,2026-03-25T21:03:23.140966+00:00
bfd06046_EV-030,EV-030,2026-03-25T21:03:23.140966+00:00,621.84,621.84,0.0,42.0,2026-03-25T21:03:23.140966+00:00
bfd06046_EV-031,EV-031,2026-03-25T21:03:23.140966+00:00,621.84,621.84,0.0,42.0,2026-03-25T21:03:23.140966+00:00
bfd06046_EV-032,EV-032,2026-03-25T21:03:23.140966+00:00,621.84,621.84,0.0,42.0,2026-03-25T21:03:23.140966+00:00
bfd06046_EV-033,EV-033,2026-03-25T21:03:23.140966+00:00,621.84,621.84,0.0,42.0,2026-03-25T21:03:23.140966+00:00
bfd06046_EV-034,EV-034,2026-03-25T21:03:23.140966+00:00,621.84,621.84,0.0,42.0,2026-03-25T21:03:23.140966+00:00
bfd06046_EV-035,EV-035,2026-03-25T21:03:23.140966+00:00,621.84,621.84,0.0,42.0,2026-03-25T21:03:23.140966+00:00
bfd06046_EV-036,EV-036,2026-03-25T21:03:23.140966+00:00,621.84,621.84,0.0,42.0,2026-03-25T21:03:23.140966+00:00
bfd06046_EV-037,EV-037,2026-03-25T21:03:23.140966+00:00,621.84,621.84,0.0,42.0,2026-03-25T21:03:23.140966+00:00
bfd06046_EV-038,EV-038,2026-03-25T21:03:23.140966+00:00,621.84,621.84,0.0,42.0,2026-03-25T21:03:23.140966+00:00
bfd06046_EV-039,EV-039,2026-03-25T21:03:23.140966+00:00,621.84,621.84,0.0,42.0,2026-03-25T21:03:23.140966+00:00
bfd06046_EV-040,EV-040,2026-03-25T21:03:23.140966+00:00,621.84,621.84,0.0,42.0,2026-03-25T21:03:23.140966+00:00
bfd06046_EV-041,EV-041,2026-03-25T21:03:23.140966+00:00,621.84,621.84,0.0,42.0,2026-03-25T21:03:23.140966+00:00
bfd06046_EV-042,EV-042,2026-03-25T21:03:23.140966+00:00,621.84,621.84,0.0,42.0,2026-03-25T21:03:23.140966+00:00
bfd06046_EV-043,EV-043,2026-03-25T21:03:23.140966+00:00,621.84,621.84,0.0,42.0,2026-03-25T21:03:23.140966+00:00
bfd06046_EV-044,EV-044,2026-03-25T21:03:23.140966+00:00,621.84,621.84,0.0,42.0,2026-03-25T21:03:23.140966+00:00
bfd06046_EV-045,EV-045,2026-03-25T21:03:23.140966+00:00,621.84,621.84,0.0,42.0,2026-03-25T21:03:23.140966+00:00
bfd06046_EV-046,EV-046,2026-03-25T21:03:23.140966+00:00,621.84,621.84,0.0,42.0,2026-03-25T21:03:23.140966+00:00
bfd06046_EV-047,EV-047,2026-03-25T21:03:23.140966+00:00,621.84,621.84,0.0,42.0,2026-03-25T21:03:23.140966+00:00
bfd06046_EV-048,EV-048,2026-03-25T21:03:23.140966+00:00,621.84,621.84,0.0,42.0,2026-03-25T21:03:23.140966+00:00
bfd06046_EV-049,EV-049,2026-03-25T21:03:23.140966+00:00,621.84,621.84,0.0,42.0,2026-03-25T21:03:23.140966+00:00
bfd06046_EV-050,EV-050,2026-03-25T21:03:23.140966+00:00,621.84,621.84,0.0,42.0,2026-03-25T21:03:23.140966+00:00
75e11b2a_EV-001,EV-001,2026-03-25T21:06:05.241866+00:00,261.58,261.58,0.0,20.13,2026-03-25T21:06:05.241866+00:00
75e11b2a_EV-002,EV-002,2026-03-25T21:06:05.241866+00:00,260.92,260.92,0.0,22.8,2026-03-25T21:06:05.241866+00:00
75e11b2a_EV-003,EV-003,2026-03-25T21:06:05.241866+00:00,260.92,260.92,0.0,23.43,2026-03-25T21:06:05.241866+00:00
75e11b2a_EV-004,EV-004,2026-03-25T21:06:05.241866+00:00,664.04,664.04,0.0,39.0,2026-03-25T21:06:05.241866+00:00
75e11b2a_EV-005,EV-005,2026-03-25T21:06:05.241866+00:00,617.96,617.96,0.0,42.0,2026-03-25T21:06:05.241866+00:00
75e11b2a_EV-006,EV-006,2026-03-25T21:06:05.241866+00:00,638.99,638.99,0.0,50.25,2026-03-25T21:06:05.241866+00:00
75e11b2a_EV-007,EV-007,2026-03-25T21:06:05.241866+00:00,264.28,264.28,0.0,29.26,2026-03-25T21:06:05.241866+00:00
75e11b2a_EV-008,EV-008,2026-03-25T21:06:05.241866+00:00,617.96,617.96,0.0,43.5,2026-03-25T21:06:05.241866+00:00
75e11b2a_EV-009,EV-009,2026-03-25T21:06:05.241866+00:00,617.96,617.96,0.0,45.75,2026-03-25T21:06:05.241866+00:00
75e11b2a_EV-010,EV-010,2026-03-25T21:06:05.241866+00:00,380.73,380.73,0.0,31.68,2026-03-25T21:06:05.241866+00:00
e507fa7e_EV-001,EV-001,2026-03-25T21:06:11.884107+00:00,261.58,261.58,0.0,20.13,2026-03-25T21:06:11.884107+00:00
e507fa7e_EV-002,EV-002,2026-03-25T21:06:11.884107+00:00,260.92,260.92,0.0,22.8,2026-03-25T21:06:11.884107+00:00
e507fa7e_EV-003,EV-003,2026-03-25T21:06:11.884107+00:00,260.92,260.92,0.0,23.43,2026-03-25T21:06:11.884107+00:00
e507fa7e_EV-004,EV-004,2026-03-25T21:06:11.884107+00:00,664.04,664.04,0.0,39.0,2026-03-25T21:06:11.884107+00:00
e507fa7e_EV-005,EV-005,2026-03-25T21:06:11.884107+00:00,617.96,617.96,0.0,42.0,2026-03-25T21:06:11.884107+00:00
e507fa7e_EV-006,EV-006,2026-03-25T21:06:11.884107+00:00,638.99,638.99,0.0,50.25,2026-03-25T21:06:11.884107+00:00
e507fa7e_EV-007,EV-007,2026-03-25T21:06:11.884107+00:00,264.28,264.28,0.0,29.26,2026-03-25T21:06:11.884107+00:00
e507fa7e_EV-008,EV-008,2026-03-25T21:06:11.884107+00:00,617.96,617.96,0.0,43.5,2026-03-25T21:06:11.884107+00:00
e507fa7e_EV-009,EV-009,2026-03-25T21:06:11.884107+00:00,617.96,617.96,0.0,45.75,2026-03-25T21:06:11.884107+00:00
e507fa7e_EV-010,EV-010,2026-03-25T21:06:11.884107+00:00,380.73,380.73,0.0,31.68,2026-03-25T21:06:11.884107+00:00
e507fa7e_EV-011,EV-011,2026-03-25T21:06:11.884107+00:00,638.99,638.99,0.0,62.25,2026-03-25T21:06:11.884107+00:00
e507fa7e_EV-012,EV-012,2026-03-25T21:06:11.884107+00:00,664.04,664.04,0.0,36.72,2026-03-25T21:06:11.884107+00:00
e507fa7e_EV-013,EV-013,2026-03-25T21:06:11.884107+00:00,638.99,638.99,0.0,51.12,2026-03-25T21:06:11.884107+00:00
e507fa7e_EV-014,EV-014,2026-03-25T21:06:11.884107+00:00,260.92,260.92,0.0,23.6,2026-03-25T21:06:11.884107+00:00
e507fa7e_EV-015,EV-015,2026-03-25T21:06:11.884107+00:00,266.22,266.22,0.0,26.5,2026-03-25T21:06:11.884107+00:00
e507fa7e_EV-016,EV-016,2026-03-25T21:06:11.884107+00:00,638.99,638.99,0.0,66.0,2026-03-25T21:06:11.884107+00:00
e507fa7e_EV-017,EV-017,2026-03-25T21:06:11.884107+00:00,397.48,397.48,0.0,33.06,2026-03-25T21:06:11.884107+00:00
e507fa7e_EV-018,EV-018,2026-03-25T21:06:11.884107+00:00,617.96,617.96,0.0,42.35,2026-03-25T21:06:11.884107+00:00
e507fa7e_EV-019,EV-019,2026-03-25T21:06:11.884107+00:00,617.96,617.96,0.0,47.4,2026-03-25T21:06:11.884107+00:00
e507fa7e_EV-020,EV-020,2026-03-25T21:06:11.884107+00:00,638.99,638.99,0.0,81.7,2026-03-25T21:06:11.884107+00:00
e507fa7e_EV-021,EV-021,2026-03-25T21:06:11.884107+00:00,261.63,261.63,0.0,24.0,2026-03-25T21:06:11.884107+00:00
e507fa7e_EV-022,EV-022,2026-03-25T21:06:11.884107+00:00,397.48,397.48,0.0,35.4,2026-03-25T21:06:11.884107+00:00
e507fa7e_EV-023,EV-023,2026-03-25T21:06:11.884107+00:00,638.99,638.99,0.0,56.8,2026-03-25T21:06:11.884107+00:00
e507fa7e_EV-024,EV-024,2026-03-25T21:06:11.884107+00:00,617.96,617.96,0.0,44.8,2026-03-25T21:06:11.884107+00:00
e507fa7e_EV-025,EV-025,2026-03-25T21:06:11.884107+00:00,397.48,397.48,0.0,33.0,2026-03-25T21:06:11.884107+00:00
e507fa7e_EV-026,EV-026,2026-03-25T21:06:11.884107+00:00,638.99,638.99,0.0,60.06,2026-03-25T21:06:11.884107+00:00
e507fa7e_EV-027,EV-027,2026-03-25T21:06:11.884107+00:00,397.48,397.48,0.0,33.0,2026-03-25T21:06:11.884107+00:00
e507fa7e_EV-028,EV-028,2026-03-25T21:06:11.884107+00:00,617.96,617.96,0.0,47.5,2026-03-25T21:06:11.884107+00:00
e507fa7e_EV-029,EV-029,2026-03-25T21:06:11.884107+00:00,262.3,262.3,0.0,14.5,2026-03-25T21:06:11.884107+00:00
e507fa7e_EV-030,EV-030,2026-03-25T21:06:11.884107+00:00,638.99,638.99,0.0,60.83,2026-03-25T21:06:11.884107+00:00
e507fa7e_EV-031,EV-031,2026-03-25T21:06:11.884107+00:00,638.99,638.99,0.0,56.21,2026-03-25T21:06:11.884107+00:00
e507fa7e_EV-032,EV-032,2026-03-25T21:06:11.884107+00:00,255.9,255.9,0.0,18.0,2026-03-25T21:06:11.884107+00:00
e507fa7e_EV-033,EV-033,2026-03-25T21:06:11.884107+00:00,380.73,380.73,0.0,31.5,2026-03-25T21:06:11.884107+00:00
e507fa7e_EV-034,EV-034,2026-03-25T21:06:11.884107+00:00,638.99,638.99,0.0,61.5,2026-03-25T21:06:11.884107+00:00
e507fa7e_EV-035,EV-035,2026-03-25T21:06:11.884107+00:00,638.99,638.99,0.0,52.36,2026-03-25T21:06:11.884107+00:00
e507fa7e_EV-036,EV-036,2026-03-25T21:06:11.884107+00:00,617.96,617.96,0.0,42.35,2026-03-25T21:06:11.884107+00:00
e507fa7e_EV-037,EV-037,2026-03-25T21:06:11.884107+00:00,643.67,643.67,0.0,40.02,2026-03-25T21:06:11.884107+00:00
e507fa7e_EV-038,EV-038,2026-03-25T21:06:11.884107+00:00,397.48,397.48,0.0,34.2,2026-03-25T21:06:11.884107+00:00
e507fa7e_EV-039,EV-039,2026-03-25T21:06:11.884107+00:00,638.99,638.99,0.0,56.05,2026-03-25T21:06:11.884107+00:00
e507fa7e_EV-040,EV-040,2026-03-25T21:06:11.884107+00:00,638.99,638.99,0.0,51.0,2026-03-25T21:06:11.884107+00:00
e507fa7e_EV-041,EV-041,2026-03-25T21:06:11.884107+00:00,664.04,664.04,0.0,36.72,2026-03-25T21:06:11.884107+00:00
e507fa7e_EV-042,EV-042,2026-03-25T21:06:11.884107+00:00,617.96,617.96,0.0,44.66,2026-03-25T21:06:11.884107+00:00
e507fa7e_EV-043,EV-043,2026-03-25T21:06:11.884107+00:00,638.99,638.99,0.0,61.75,2026-03-25T21:06:11.884107+00:00
e507fa7e_EV-044,EV-044,2026-03-25T21:06:11.884107+00:00,260.92,260.92,0.0,23.2,2026-03-25T21:06:11.884107+00:00
e507fa7e_EV-045,EV-045,2026-03-25T21:06:11.884107+00:00,617.96,617.96,0.0,43.12,2026-03-25T21:06:11.884107+00:00
e507fa7e_EV-046,EV-046,2026-03-25T21:06:11.884107+00:00,261.63,261.63,0.0,24.4,2026-03-25T21:06:11.884107+00:00
e507fa7e_EV-047,EV-047,2026-03-25T21:06:11.884107+00:00,638.99,638.99,0.0,64.0,2026-03-25T21:06:11.884107+00:00
e507fa7e_EV-048,EV-048,2026-03-25T21:06:11.884107+00:00,617.96,617.96,0.0,46.98,2026-03-25T21:06:11.884107+00:00
e507fa7e_EV-049,EV-049,2026-03-25T21:06:11.884107+00:00,617.96,617.96,0.0,43.12,2026-03-25T21:06:11.884107+00:00
e507fa7e_EV-050,EV-050,2026-03-25T21:06:11.884107+00:00,380.73,380.73,0.0,31.5,2026-03-25T21:06:11.884107+00:00
60c45de1_EV-001,EV-001,2026-03-25T21:06:20.302697+00:00,261.58,261.58,0.0,20.13,2026-03-25T21:06:20.302697+00:00
60c45de1_EV-002,EV-002,2026-03-25T21:06:20.302697+00:00,260.92,260.92,0.0,22.8,2026-03-25T21:06:20.302697+00:00
60c45de1_EV-003,EV-003,2026-03-25T21:06:20.302697+00:00,260.92,260.92,0.0,23.43,2026-03-25T21:06:20.302697+00:00
60c45de1_EV-004,EV-004,2026-03-25T21:06:20.302697+00:00,664.04,664.04,0.0,39.0,2026-03-25T21:06:20.302697+00:00
60c45de1_EV-005,EV-005,2026-03-25T21:06:20.302697+00:00,617.96,617.96,0.0,42.0,2026-03-25T21:06:20.302697+00:00
60c45de1_EV-006,EV-006,2026-03-25T21:06:20.302697+00:00,638.99,638.99,0.0,50.25,2026-03-25T21:06:20.302697+00:00
60c45de1_EV-007,EV-007,2026-03-25T21:06:20.302697+00:00,264.28,264.28,0.0,29.26,2026-03-25T21:06:20.302697+00:00
60c45de1_EV-008,EV-008,2026-03-25T21:06:20.302697+00:00,617.96,617.96,0.0,43.5,2026-03-25T21:06:20.302697+00:00
60c45de1_EV-009,EV-009,2026-03-25T21:06:20.302697+00:00,617.96,617.96,0.0,45.75,2026-03-25T21:06:20.302697+00:00
60c45de1_EV-010,EV-010,2026-03-25T21:06:20.302697+00:00,380.73,380.73,0.0,31.68,2026-03-25T21:06:20.302697+00:00
60c45de1_EV-011,EV-011,2026-03-25T21:06:20.302697+00:00,638.99,638.99,0.0,62.25,2026-03-25T21:06:20.302697+00:00
60c45de1_EV-012,EV-012,2026-03-25T21:06:20.302697+00:00,664.04,664.04,0.0,36.72,2026-03-25T21:06:20.302697+00:00
60c45de1_EV-013,EV-013,2026-03-25T21:06:20.302697+00:00,638.99,638.99,0.0,51.12,2026-03-25T21:06:20.302697+00:00
60c45de1_EV-014,EV-014,2026-03-25T21:06:20.302697+00:00,260.92,260.92,0.0,23.6,2026-03-25T21:06:20.302697+00:00
60c45de1_EV-015,EV-015,2026-03-25T21:06:20.302697+00:00,266.22,266.22,0.0,26.5,2026-03-25T21:06:20.302697+00:00
60c45de1_EV-016,EV-016,2026-03-25T21:06:20.302697+00:00,638.99,638.99,0.0,66.0,2026-03-25T21:06:20.302697+00:00
60c45de1_EV-017,EV-017,2026-03-25T21:06:20.302697+00:00,397.48,397.48,0.0,33.06,2026-03-25T21:06:20.302697+00:00
60c45de1_EV-018,EV-018,2026-03-25T21:06:20.302697+00:00,617.96,617.96,0.0,42.35,2026-03-25T21:06:20.302697+00:00
60c45de1_EV-019,EV-019,2026-03-25T21:06:20.302697+00:00,617.96,617.96,0.0,47.4,2026-03-25T21:06:20.302697+00:00
60c45de1_EV-020,EV-020,2026-03-25T21:06:20.302697+00:00,638.99,638.99,0.0,81.7,2026-03-25T21:06:20.302697+00:00
60c45de1_EV-021,EV-021,2026-03-25T21:06:20.302697+00:00,261.63,261.63,0.0,24.0,2026-03-25T21:06:20.302697+00:00
60c45de1_EV-022,EV-022,2026-03-25T21:06:20.302697+00:00,397.48,397.48,0.0,35.4,2026-03-25T21:06:20.302697+00:00
60c45de1_EV-023,EV-023,2026-03-25T21:06:20.302697+00:00,638.99,638.99,0.0,56.8,2026-03-25T21:06:20.302697+00:00
60c45de1_EV-024,EV-024,2026-03-25T21:06:20.302697+00:00,617.96,617.96,0.0,44.8,2026-03-25T21:06:20.302697+00:00
60c45de1_EV-025,EV-025,2026-03-25T21:06:20.302697+00:00,397.48,397.48,0.0,33.0,2026-03-25T21:06:20.302697+00:00
60c45de1_EV-026,EV-026,2026-03-25T21:06:20.302697+00:00,638.99,638.99,0.0,60.06,2026-03-25T21:06:20.302697+00:00
60c45de1_EV-027,EV-027,2026-03-25T21:06:20.302697+00:00,397.48,397.48,0.0,33.0,2026-03-25T21:06:20.302697+00:00
60c45de1_EV-028,EV-028,2026-03-25T21:06:20.302697+00:00,617.96,617.96,0.0,47.5,2026-03-25T21:06:20.302697+00:00
60c45de1_EV-029,EV-029,2026-03-25T21:06:20.302697+00:00,262.3,262.3,0.0,14.5,2026-03-25T21:06:20.302697+00:00
60c45de1_EV-030,EV-030,2026-03-25T21:06:20.302697+00:00,638.99,638.99,0.0,60.83,2026-03-25T21:06:20.302697+00:00
60c45de1_EV-031,EV-031,2026-03-25T21:06:20.302697+00:00,638.99,638.99,0.0,56.21,2026-03-25T21:06:20.302697+00:00
60c45de1_EV-032,EV-032,2026-03-25T21:06:20.302697+00:00,255.9,255.9,0.0,18.0,2026-03-25T21:06:20.302697+00:00
60c45de1_EV-033,EV-033,2026-03-25T21:06:20.302697+00:00,380.73,380.73,0.0,31.5,2026-03-25T21:06:20.302697+00:00
60c45de1_EV-034,EV-034,2026-03-25T21:06:20.302697+00:00,638.99,638.99,0.0,61.5,2026-03-25T21:06:20.302697+00:00
60c45de1_EV-035,EV-035,2026-03-25T21:06:20.302697+00:00,638.99,638.99,0.0,52.36,2026-03-25T21:06:20.302697+00:00
60c45de1_EV-036,EV-036,2026-03-25T21:06:20.302697+00:00,617.96,617.96,0.0,42.35,2026-03-25T21:06:20.302697+00:00
60c45de1_EV-037,EV-037,2026-03-25T21:06:20.302697+00:00,643.67,643.67,0.0,40.02,2026-03-25T21:06:20.302697+00:00
35561ea3_EV-001,EV-001,2026-03-25T21:06:27.760816+00:00,261.58,261.58,0.0,20.13,2026-03-25T21:06:27.760816+00:00
35561ea3_EV-002,EV-002,2026-03-25T21:06:27.760816+00:00,260.92,260.92,0.0,22.8,2026-03-25T21:06:27.760816+00:00
35561ea3_EV-003,EV-003,2026-03-25T21:06:27.760816+00:00,260.92,260.92,0.0,23.43,2026-03-25T21:06:27.760816+00:00
35561ea3_EV-004,EV-004,2026-03-25T21:06:27.760816+00:00,664.04,664.04,0.0,39.0,2026-03-25T21:06:27.760816+00:00
35561ea3_EV-005,EV-005,2026-03-25T21:06:27.760816+00:00,617.96,617.96,0.0,42.0,2026-03-25T21:06:27.760816+00:00
35561ea3_EV-006,EV-006,2026-03-25T21:06:27.760816+00:00,638.99,638.99,0.0,50.25,2026-03-25T21:06:27.760816+00:00
35561ea3_EV-007,EV-007,2026-03-25T21:06:27.760816+00:00,264.28,264.28,0.0,29.26,2026-03-25T21:06:27.760816+00:00
35561ea3_EV-008,EV-008,2026-03-25T21:06:27.760816+00:00,617.96,617.96,0.0,43.5,2026-03-25T21:06:27.760816+00:00
35561ea3_EV-009,EV-009,2026-03-25T21:06:27.760816+00:00,617.96,617.96,0.0,45.75,2026-03-25T21:06:27.760816+00:00
35561ea3_EV-010,EV-010,2026-03-25T21:06:27.760816+00:00,380.73,380.73,0.0,31.68,2026-03-25T21:06:27.760816+00:00
35561ea3_EV-011,EV-011,2026-03-25T21:06:27.760816+00:00,638.99,638.99,0.0,62.25,2026-03-25T21:06:27.760816+00:00
35561ea3_EV-012,EV-012,2026-03-25T21:06:27.760816+00:00,664.04,664.04,0.0,36.72,2026-03-25T21:06:27.760816+00:00
35561ea3_EV-013,EV-013,2026-03-25T21:06:27.760816+00:00,638.99,638.99,0.0,51.12,2026-03-25T21:06:27.760816+00:00
35561ea3_EV-014,EV-014,2026-03-25T21:06:27.760816+00:00,260.92,260.92,0.0,23.6,2026-03-25T21:06:27.760816+00:00
35561ea3_EV-015,EV-015,2026-03-25T21:06:27.760816+00:00,266.22,266.22,0.0,26.5,2026-03-25T21:06:27.760816+00:00
35561ea3_EV-016,EV-016,2026-03-25T21:06:27.760816+00:00,638.99,638.99,0.0,66.0,2026-03-25T21:06:27.760816+00:00
35561ea3_EV-017,EV-017,2026-03-25T21:06:27.760816+00:00,397.48,397.48,0.0,33.06,2026-03-25T21:06:27.760816+00:00
35561ea3_EV-018,EV-018,2026-03-25T21:06:27.760816+00:00,617.96,617.96,0.0,42.35,2026-03-25T21:06:27.760816+00:00
35561ea3_EV-019,EV-019,2026-03-25T21:06:27.760816+00:00,617.96,617.96,0.0,47.4,2026-03-25T21:06:27.760816+00:00
35561ea3_EV-020,EV-020,2026-03-25T21:06:27.760816+00:00,638.99,638.99,0.0,81.7,2026-03-25T21:06:27.760816+00:00
35561ea3_EV-021,EV-021,2026-03-25T21:06:27.760816+00:00,261.63,261.63,0.0,24.0,2026-03-25T21:06:27.760816+00:00
35561ea3_EV-022,EV-022,2026-03-25T21:06:27.760816+00:00,397.48,397.48,0.0,35.4,2026-03-25T21:06:27.760816+00:00
35561ea3_EV-023,EV-023,2026-03-25T21:06:27.760816+00:00,638.99,638.99,0.0,56.8,2026-03-25T21:06:27.760816+00:00
35561ea3_EV-024,EV-024,2026-03-25T21:06:27.760816+00:00,617.96,617.96,0.0,44.8,2026-03-25T21:06:27.760816+00:00
35561ea3_EV-025,EV-025,2026-03-25T21:06:27.760816+00:00,397.48,397.48,0.0,33.0,2026-03-25T21:06:27.760816+00:00
35561ea3_EV-026,EV-026,2026-03-25T21:06:27.760816+00:00,638.99,638.99,0.0,60.06,2026-03-25T21:06:27.760816+00:00
35561ea3_EV-027,EV-027,2026-03-25T21:06:27.760816+00:00,397.48,397.48,0.0,33.0,2026-03-25T21:06:27.760816+00:00
35561ea3_EV-028,EV-028,2026-03-25T21:06:27.760816+00:00,617.96,617.96,0.0,47.5,2026-03-25T21:06:27.760816+00:00
35561ea3_EV-029,EV-029,2026-03-25T21:06:27.760816+00:00,262.3,262.3,0.0,14.5,2026-03-25T21:06:27.760816+00:00
35561ea3_EV-030,EV-030,2026-03-25T21:06:27.760816+00:00,638.99,638.99,0.0,60.83,2026-03-25T21:06:27.760816+00:00
35561ea3_EV-031,EV-031,2026-03-25T21:06:27.760816+00:00,638.99,638.99,0.0,56.21,2026-03-25T21:06:27.760816+00:00
35561ea3_EV-032,EV-032,2026-03-25T21:06:27.760816+00:00,255.9,255.9,0.0,18.0,2026-03-25T21:06:27.760816+00:00
35561ea3_EV-033,EV-033,2026-03-25T21:06:27.760816+00:00,380.73,380.73,0.0,31.5,2026-03-25T21:06:27.760816+00:00
35561ea3_EV-034,EV-034,2026-03-25T21:06:27.760816+00:00,638.99,638.99,0.0,61.5,2026-03-25T21:06:27.760816+00:00
35561ea3_EV-035,EV-035,2026-03-25T21:06:27.760816+00:00,638.99,638.99,0.0,52.36,2026-03-25T21:06:27.760816+00:00
5a2bb3e8_EV-001,EV-001,2026-03-25T21:06:34.088359+00:00,261.58,261.58,0.0,20.13,2026-03-25T21:06:34.088359+00:00
5a2bb3e8_EV-002,EV-002,2026-03-25T21:06:34.088359+00:00,260.92,260.92,0.0,22.8,2026-03-25T21:06:34.088359+00:00
5a2bb3e8_EV-003,EV-003,2026-03-25T21:06:34.088359+00:00,260.92,260.92,0.0,23.43,2026-03-25T21:06:34.088359+00:00
5a2bb3e8_EV-004,EV-004,2026-03-25T21:06:34.088359+00:00,664.04,664.04,0.0,39.0,2026-03-25T21:06:34.088359+00:00
5a2bb3e8_EV-005,EV-005,2026-03-25T21:06:34.088359+00:00,617.96,617.96,0.0,42.0,2026-03-25T21:06:34.088359+00:00
5a2bb3e8_EV-006,EV-006,2026-03-25T21:06:34.088359+00:00,638.99,638.99,0.0,50.25,2026-03-25T21:06:34.088359+00:00
5a2bb3e8_EV-007,EV-007,2026-03-25T21:06:34.088359+00:00,264.28,264.28,0.0,29.26,2026-03-25T21:06:34.088359+00:00
5a2bb3e8_EV-008,EV-008,2026-03-25T21:06:34.088359+00:00,617.96,617.96,0.0,43.5,2026-03-25T21:06:34.088359+00:00
5a2bb3e8_EV-009,EV-009,2026-03-25T21:06:34.088359+00:00,617.96,617.96,0.0,45.75,2026-03-25T21:06:34.088359+00:00
5a2bb3e8_EV-010,EV-010,2026-03-25T21:06:34.088359+00:00,380.73,380.73,0.0,31.68,2026-03-25T21:06:34.088359+00:00
5a2bb3e8_EV-011,EV-011,2026-03-25T21:06:34.088359+00:00,638.99,638.99,0.0,62.25,2026-03-25T21:06:34.088359+00:00
5a2bb3e8_EV-012,EV-012,2026-03-25T21:06:34.088359+00:00,664.04,664.04,0.0,36.72,2026-03-25T21:06:34.088359+00:00
5a2bb3e8_EV-013,EV-013,2026-03-25T21:06:34.088359+00:00,638.99,638.99,0.0,51.12,2026-03-25T21:06:34.088359+00:00
5a2bb3e8_EV-014,EV-014,2026-03-25T21:06:34.088359+00:00,260.92,260.92,0.0,23.6,2026-03-25T21:06:34.088359+00:00
5a2bb3e8_EV-015,EV-015,2026-03-25T21:06:34.088359+00:00,266.22,266.22,0.0,26.5,2026-03-25T21:06:34.088359+00:00
5a2bb3e8_EV-016,EV-016,2026-03-25T21:06:34.088359+00:00,638.99,638.99,0.0,66.0,2026-03-25T21:06:34.088359+00:00
5a2bb3e8_EV-017,EV-017,2026-03-25T21:06:34.088359+00:00,397.48,397.48,0.0,33.06,2026-03-25T21:06:34.088359+00:00
5a2bb3e8_EV-018,EV-018,2026-03-25T21:06:34.088359+00:00,617.96,617.96,0.0,42.35,2026-03-25T21:06:34.088359+00:00
5a2bb3e8_EV-019,EV-019,2026-03-25T21:06:34.088359+00:00,617.96,617.96,0.0,47.4,2026-03-25T21:06:34.088359+00:00
5a2bb3e8_EV-020,EV-020,2026-03-25T21:06:34.088359+00:00,638.99,638.99,0.0,81.7,2026-03-25T21:06:34.088359+00:00
5a2bb3e8_EV-021,EV-021,2026-03-25T21:06:34.088359+00:00,261.63,261.63,0.0,24.0,2026-03-25T21:06:34.088359+00:00
c486e3c5_EV-001,EV-001,2026-03-25T21:07:01.643279+00:00,261.58,261.58,0.0,20.13,2026-03-25T21:07:01.643279+00:00
c486e3c5_EV-002,EV-002,2026-03-25T21:07:01.643279+00:00,260.92,260.92,0.0,22.8,2026-03-25T21:07:01.643279+00:00
c486e3c5_EV-003,EV-003,2026-03-25T21:07:01.643279+00:00,260.92,260.92,0.0,23.43,2026-03-25T21:07:01.643279+00:00
c486e3c5_EV-004,EV-004,2026-03-25T21:07:01.643279+00:00,664.04,664.04,0.0,39.0,2026-03-25T21:07:01.643279+00:00
c486e3c5_EV-005,EV-005,2026-03-25T21:07:01.643279+00:00,617.96,617.96,0.0,42.0,2026-03-25T21:07:01.643279+00:00
c486e3c5_EV-006,EV-006,2026-03-25T21:07:01.643279+00:00,638.99,638.99,0.0,50.25,2026-03-25T21:07:01.643279+00:00
c486e3c5_EV-007,EV-007,2026-03-25T21:07:01.643279+00:00,264.28,264.28,0.0,29.26,2026-03-25T21:07:01.643279+00:00
c486e3c5_EV-008,EV-008,2026-03-25T21:07:01.643279+00:00,617.96,617.96,0.0,43.5,2026-03-25T21:07:01.643279+00:00
c486e3c5_EV-009,EV-009,2026-03-25T21:07:01.643279+00:00,617.96,617.96,0.0,45.75,2026-03-25T21:07:01.643279+00:00
c486e3c5_EV-010,EV-010,2026-03-25T21:07:01.643279+00:00,380.73,380.73,0.0,31.68,2026-03-25T21:07:01.643279+00:00
c486e3c5_EV-011,EV-011,2026-03-25T21:07:01.643279+00:00,638.99,638.99,0.0,62.25,2026-03-25T21:07:01.643279+00:00
c486e3c5_EV-012,EV-012,2026-03-25T21:07:01.643279+00:00,664.04,664.04,0.0,36.72,2026-03-25T21:07:01.643279+00:00
c486e3c5_EV-013,EV-013,2026-03-25T21:07:01.643279+00:00,638.99,638.99,0.0,51.12,2026-03-25T21:07:01.643279+00:00
c486e3c5_EV-014,EV-014,2026-03-25T21:07:01.643279+00:00,260.92,260.92,0.0,23.6,2026-03-25T21:07:01.643279+00:00
c486e3c5_EV-015,EV-015,2026-03-25T21:07:01.643279+00:00,266.22,266.22,0.0,26.5,2026-03-25T21:07:01.643279+00:00
c486e3c5_EV-016,EV-016,2026-03-25T21:07:01.643279+00:00,638.99,638.99,0.0,66.0,2026-03-25T21:07:01.643279+00:00
c486e3c5_EV-017,EV-017,2026-03-25T21:07:01.643279+00:00,397.48,397.48,0.0,33.06,2026-03-25T21:07:01.643279+00:00
c486e3c5_EV-018,EV-018,2026-03-25T21:07:01.643279+00:00,617.96,617.96,0.0,42.35,2026-03-25T21:07:01.643279+00:00
c486e3c5_EV-019,EV-019,2026-03-25T21:07:01.643279+00:00,617.96,617.96,0.0,47.4,2026-03-25T21:07:01.643279+00:00
c486e3c5_EV-020,EV-020,2026-03-25T21:07:01.643279+00:00,638.99,638.99,0.0,81.7,2026-03-25T21:07:01.643279+00:00
c486e3c5_EV-021,EV-021,2026-03-25T21:07:01.643279+00:00,261.63,261.63,0.0,24.0,2026-03-25T21:07:01.643279+00:00
e9ae6702_EV-001,EV-001,2026-03-25T21:07:18.627375+00:00,261.58,261.58,0.0,20.13,2026-03-25T21:07:18.627375+00:00
e9ae6702_EV-002,EV-002,2026-03-25T21:07:18.627375+00:00,260.92,260.92,0.0,22.8,2026-03-25T21:07:18.627375+00:00
e9ae6702_EV-003,EV-003,2026-03-25T21:07:18.627375+00:00,260.92,260.92,0.0,23.43,2026-03-25T21:07:18.627375+00:00
e9ae6702_EV-004,EV-004,2026-03-25T21:07:18.627375+00:00,664.04,664.04,0.0,39.0,2026-03-25T21:07:18.627375+00:00
e9ae6702_EV-005,EV-005,2026-03-25T21:07:18.627375+00:00,617.96,617.96,0.0,42.0,2026-03-25T21:07:18.627375+00:00
e9ae6702_EV-006,EV-006,2026-03-25T21:07:18.627375+00:00,638.99,638.99,0.0,50.25,2026-03-25T21:07:18.627375+00:00
e9ae6702_EV-007,EV-007,2026-03-25T21:07:18.627375+00:00,264.28,264.28,0.0,29.26,2026-03-25T21:07:18.627375+00:00
e9ae6702_EV-008,EV-008,2026-03-25T21:07:18.627375+00:00,617.96,617.96,0.0,43.5,2026-03-25T21:07:18.627375+00:00
e9ae6702_EV-009,EV-009,2026-03-25T21:07:18.627375+00:00,617.96,617.96,0.0,45.75,2026-03-25T21:07:18.627375+00:00
e9ae6702_EV-010,EV-010,2026-03-25T21:07:18.627375+00:00,380.73,380.73,0.0,31.68,2026-03-25T21:07:18.627375+00:00
e9ae6702_EV-011,EV-011,2026-03-25T21:07:18.627375+00:00,638.99,638.99,0.0,62.25,2026-03-25T21:07:18.627375+00:00
e9ae6702_EV-012,EV-012,2026-03-25T21:07:18.627375+00:00,664.04,664.04,0.0,36.72,2026-03-25T21:07:18.627375+00:00
e9ae6702_EV-013,EV-013,2026-03-25T21:07:18.627375+00:00,638.99,638.99,0.0,51.12,2026-03-25T21:07:18.627375+00:00
e9ae6702_EV-014,EV-014,2026-03-25T21:07:18.627375+00:00,260.92,260.92,0.0,23.6,2026-03-25T21:07:18.627375+00:00
e9ae6702_EV-015,EV-015,2026-03-25T21:07:18.627375+00:00,266.22,266.22,0.0,26.5,2026-03-25T21:07:18.627375+00:00
e9ae6702_EV-016,EV-016,2026-03-25T21:07:18.627375+00:00,638.99,638.99,0.0,66.0,2026-03-25T21:07:18.627375+00:00
e9ae6702_EV-017,EV-017,2026-03-25T21:07:18.627375+00:00,397.48,397.48,0.0,33.06,2026-03-25T21:07:18.627375+00:00
e9ae6702_EV-018,EV-018,2026-03-25T21:07:18.627375+00:00,617.96,617.96,0.0,42.35,2026-03-25T21:07:18.627375+00:00
e9ae6702_EV-019,EV-019,2026-03-25T21:07:18.627375+00:00,617.96,617.96,0.0,47.4,2026-03-25T21:07:18.627375+00:00
e9ae6702_EV-020,EV-020,2026-03-25T21:07:18.627375+00:00,638.99,638.99,0.0,81.7,2026-03-25T21:07:18.627375+00:00
e9ae6702_EV-021,EV-021,2026-03-25T21:07:18.627375+00:00,261.63,261.63,0.0,24.0,2026-03-25T21:07:18.627375+00:00
e9ae6702_EV-022,EV-022,2026-03-25T21:07:18.627375+00:00,397.48,397.48,0.0,35.4,2026-03-25T21:07:18.627375+00:00
e9ae6702_EV-023,EV-023,2026-03-25T21:07:18.627375+00:00,638.99,638.99,0.0,56.8,2026-03-25T21:07:18.627375+00:00
e9ae6702_EV-024,EV-024,2026-03-25T21:07:18.627375+00:00,617.96,617.96,0.0,44.8,2026-03-25T21:07:18.627375+00:00
e9ae6702_EV-025,EV-025,2026-03-25T21:07:18.627375+00:00,397.48,397.48,0.0,33.0,2026-03-25T21:07:18.627375+00:00
e9ae6702_EV-026,EV-026,2026-03-25T21:07:18.627375+00:00,638.99,638.99,0.0,60.06,2026-03-25T21:07:18.627375+00:00
e9ae6702_EV-027,EV-027,2026-03-25T21:07:18.627375+00:00,397.48,397.48,0.0,33.0,2026-03-25T21:07:18.627375+00:00
e9ae6702_EV-028,EV-028,2026-03-25T21:07:18.627375+00:00,617.96,617.96,0.0,47.5,2026-03-25T21:07:18.627375+00:00
e9ae6702_EV-029,EV-029,2026-03-25T21:07:18.627375+00:00,262.3,262.3,0.0,14.5,2026-03-25T21:07:18.627375+00:00
e9ae6702_EV-030,EV-030,2026-03-25T21:07:18.627375+00:00,638.99,638.99,0.0,60.83,2026-03-25T21:07:18.627375+00:00
e9ae6702_EV-031,EV-031,2026-03-25T21:07:18.627375+00:00,638.99,638.99,0.0,56.21,2026-03-25T21:07:18.627375+00:00
e9ae6702_EV-032,EV-032,2026-03-25T21:07:18.627375+00:00,255.9,255.9,0.0,18.0,2026-03-25T21:07:18.627375+00:00
e9ae6702_EV-033,EV-033,2026-03-25T21:07:18.627375+00:00,380.73,380.73,0.0,31.5,2026-03-25T21:07:18.627375+00:00
e9ae6702_EV-034,EV-034,2026-03-25T21:07:18.627375+00:00,638.99,638.99,0.0,61.5,2026-03-25T21:07:18.627375+00:00
e9ae6702_EV-035,EV-035,2026-03-25T21:07:18.627375+00:00,638.99,638.99,0.0,52.36,2026-03-25T21:07:18.627375+00:00
b8a185a7_EV-001,EV-001,2026-03-25T21:07:26.269605+00:00,261.58,261.58,0.0,20.13,2026-03-25T21:07:26.269605+00:00
b8a185a7_EV-002,EV-002,2026-03-25T21:07:26.269605+00:00,260.92,260.92,0.0,22.8,2026-03-25T21:07:26.269605+00:00
b8a185a7_EV-003,EV-003,2026-03-25T21:07:26.269605+00:00,260.92,260.92,0.0,23.43,2026-03-25T21:07:26.269605+00:00
b8a185a7_EV-004,EV-004,2026-03-25T21:07:26.269605+00:00,664.04,664.04,0.0,39.0,2026-03-25T21:07:26.269605+00:00
b8a185a7_EV-005,EV-005,2026-03-25T21:07:26.269605+00:00,617.96,617.96,0.0,42.0,2026-03-25T21:07:26.269605+00:00
b8a185a7_EV-006,EV-006,2026-03-25T21:07:26.269605+00:00,638.99,638.99,0.0,50.25,2026-03-25T21:07:26.269605+00:00
b8a185a7_EV-007,EV-007,2026-03-25T21:07:26.269605+00:00,264.28,264.28,0.0,29.26,2026-03-25T21:07:26.269605+00:00
b8a185a7_EV-008,EV-008,2026-03-25T21:07:26.269605+00:00,617.96,617.96,0.0,43.5,2026-03-25T21:07:26.269605+00:00
b8a185a7_EV-009,EV-009,2026-03-25T21:07:26.269605+00:00,617.96,617.96,0.0,45.75,2026-03-25T21:07:26.269605+00:00
b8a185a7_EV-010,EV-010,2026-03-25T21:07:26.269605+00:00,380.73,380.73,0.0,31.68,2026-03-25T21:07:26.269605+00:00
b8a185a7_EV-011,EV-011,2026-03-25T21:07:26.269605+00:00,638.99,638.99,0.0,62.25,2026-03-25T21:07:26.269605+00:00
b8a185a7_EV-012,EV-012,2026-03-25T21:07:26.269605+00:00,664.04,664.04,0.0,36.72,2026-03-25T21:07:26.269605+00:00
b8a185a7_EV-013,EV-013,2026-03-25T21:07:26.269605+00:00,638.99,638.99,0.0,51.12,2026-03-25T21:07:26.269605+00:00
b8a185a7_EV-014,EV-014,2026-03-25T21:07:26.269605+00:00,260.92,260.92,0.0,23.6,2026-03-25T21:07:26.269605+00:00
b8a185a7_EV-015,EV-015,2026-03-25T21:07:26.269605+00:00,266.22,266.22,0.0,26.5,2026-03-25T21:07:26.269605+00:00
b8a185a7_EV-016,EV-016,2026-03-25T21:07:26.269605+00:00,638.99,638.99,0.0,66.0,2026-03-25T21:07:26.269605+00:00
b8a185a7_EV-017,EV-017,2026-03-25T21:07:26.269605+00:00,397.48,397.48,0.0,33.06,2026-03-25T21:07:26.269605+00:00
b8a185a7_EV-018,EV-018,2026-03-25T21:07:26.269605+00:00,617.96,617.96,0.0,42.35,2026-03-25T21:07:26.269605+00:00
b8a185a7_EV-019,EV-019,2026-03-25T21:07:26.269605+00:00,617.96,617.96,0.0,47.4,2026-03-25T21:07:26.269605+00:00
b8a185a7_EV-020,EV-020,2026-03-25T21:07:26.269605+00:00,638.99,638.99,0.0,81.7,2026-03-25T21:07:26.269605+00:00
b8a185a7_EV-021,EV-021,2026-03-25T21:07:26.269605+00:00,261.63,261.63,0.0,24.0,2026-03-25T21:07:26.269605+00:00
b8a185a7_EV-022,EV-022,2026-03-25T21:07:26.269605+00:00,397.48,397.48,0.0,35.4,2026-03-25T21:07:26.269605+00:00
b8a185a7_EV-023,EV-023,2026-03-25T21:07:26.269605+00:00,638.99,638.99,0.0,56.8,2026-03-25T21:07:26.269605+00:00
b8a185a7_EV-024,EV-024,2026-03-25T21:07:26.269605+00:00,617.96,617.96,0.0,44.8,2026-03-25T21:07:26.269605+00:00
b8a185a7_EV-025,EV-025,2026-03-25T21:07:26.269605+00:00,397.48,397.48,0.0,33.0,2026-03-25T21:07:26.269605+00:00
b8a185a7_EV-026,EV-026,2026-03-25T21:07:26.269605+00:00,638.99,638.99,0.0,60.06,2026-03-25T21:07:26.269605+00:00
b8a185a7_EV-027,EV-027,2026-03-25T21:07:26.269605+00:00,397.48,397.48,0.0,33.0,2026-03-25T21:07:26.269605+00:00
b8a185a7_EV-028,EV-028,2026-03-25T21:07:26.269605+00:00,617.96,617.96,0.0,47.5,2026-03-25T21:07:26.269605+00:00
b8a185a7_EV-029,EV-029,2026-03-25T21:07:26.269605+00:00,262.3,262.3,0.0,14.5,2026-03-25T21:07:26.269605+00:00
b8a185a7_EV-030,EV-030,2026-03-25T21:07:26.269605+00:00,638.99,638.99,0.0,60.83,2026-03-25T21:07:26.269605+00:00
b8a185a7_EV-031,EV-031,2026-03-25T21:07:26.269605+00:00,638.99,638.99,0.0,56.21,2026-03-25T21:07:26.269605+00:00
b8a185a7_EV-032,EV-032,2026-03-25T21:07:26.269605+00:00,255.9,255.9,0.0,18.0,2026-03-25T21:07:26.269605+00:00
b8a185a7_EV-033,EV-033,2026-03-25T21:07:26.269605+00:00,380.73,380.73,0.0,31.5,2026-03-25T21:07:26.269605+00:00
b8a185a7_EV-034,EV-034,2026-03-25T21:07:26.269605+00:00,638.99,638.99,0.0,61.5,2026-03-25T21:07:26.269605+00:00
b8a185a7_EV-035,EV-035,2026-03-25T21:07:26.269605+00:00,638.99,638.99,0.0,52.36,2026-03-25T21:07:26.269605+00:00
b8a185a7_EV-036,EV-036,2026-03-25T21:07:26.269605+00:00,617.96,617.96,0.0,42.35,2026-03-25T21:07:26.269605+00:00
b8a185a7_EV-037,EV-037,2026-03-25T21:07:26.269605+00:00,643.67,643.67,0.0,40.02,2026-03-25T21:07:26.269605+00:00
b8a185a7_EV-038,EV-038,2026-03-25T21:07:26.269605+00:00,397.48,397.48,0.0,34.2,2026-03-25T21:07:26.269605+00:00
b8a185a7_EV-039,EV-039,2026-03-25T21:07:26.269605+00:00,638.99,638.99,0.0,56.05,2026-03-25T21:07:26.269605+00:00
b8a185a7_EV-040,EV-040,2026-03-25T21:07:26.269605+00:00,638.99,638.99,0.0,51.0,2026-03-25T21:07:26.269605+00:00
b8a185a7_EV-041,EV-041,2026-03-25T21:07:26.269605+00:00,664.04,664.04,0.0,36.72,2026-03-25T21:07:26.269605+00:00
b8a185a7_EV-042,EV-042,2026-03-25T21:07:26.269605+00:00,617.96,617.96,0.0,44.66,2026-03-25T21:07:26.269605+00:00
b8a185a7_EV-043,EV-043,2026-03-25T21:07:26.269605+00:00,638.99,638.99,0.0,61.75,2026-03-25T21:07:26.269605+00:00
b8a185a7_EV-044,EV-044,2026-03-25T21:07:26.269605+00:00,260.92,260.92,0.0,23.2,2026-03-25T21:07:26.269605+00:00
b8a185a7_EV-045,EV-045,2026-03-25T21:07:26.269605+00:00,617.96,617.96,0.0,43.12,2026-03-25T21:07:26.269605+00:00
b8a185a7_EV-046,EV-046,2026-03-25T21:07:26.269605+00:00,261.63,261.63,0.0,24.4,2026-03-25T21:07:26.269605+00:00
b8a185a7_EV-047,EV-047,2026-03-25T21:07:26.269605+00:00,638.99,638.99,0.0,64.0,2026-03-25T21:07:26.269605+00:00
b8a185a7_EV-048,EV-048,2026-03-25T21:07:26.269605+00:00,617.96,617.96,0.0,46.98,2026-03-25T21:07:26.269605+00:00
b8a185a7_EV-049,EV-049,2026-03-25T21:07:26.269605+00:00,617.96,617.96,0.0,43.12,2026-03-25T21:07:26.269605+00:00
b8a185a7_EV-050,EV-050,2026-03-25T21:07:26.269605+00:00,380.73,380.73,0.0,31.5,2026-03-25T21:07:26.269605+00:00
cda61fdf_EV-001,EV-001,2026-03-25T21:14:13.642571+00:00,272.14,272.14,0.0,22.0,2026-03-25T21:14:13.690868+00:00
cda61fdf_EV-002,EV-002,2026-03-25T21:14:13.642571+00:00,408.66,408.66,0.0,34.0,2026-03-25T21:14:13.690868+00:00
cda61fdf_EV-003,EV-003,2026-03-25T21:14:13.642571+00:00,633.06,633.06,0.0,40.2,2026-03-25T21:14:13.690868+00:00
cda61fdf_EV-004,EV-004,2026-03-25T21:14:13.642571+00:00,633.06,633.06,0.0,41.25,2026-03-25T21:14:13.690868+00:00
cda61fdf_EV-005,EV-005,2026-03-25T21:14:13.642571+00:00,275.46,275.46,0.0,27.2,2026-03-25T21:14:13.690868+00:00
cda61fdf_EV-006,EV-006,2026-03-25T21:14:13.642571+00:00,270.8,270.8,0.0,23.2,2026-03-25T21:14:13.690868+00:00
cda61fdf_EV-007,EV-007,2026-03-25T21:14:13.642571+00:00,607.35,607.35,0.0,43.89,2026-03-25T21:14:13.690868+00:00
cda61fdf_EV-008,EV-008,2026-03-25T21:14:13.642571+00:00,408.66,408.66,0.0,36.0,2026-03-25T21:14:13.690868+00:00
cda61fdf_EV-009,EV-009,2026-03-25T21:14:13.642571+00:00,639.9,639.9,0.0,53.9,2026-03-25T21:14:13.690868+00:00
cda61fdf_EV-010,EV-010,2026-03-25T21:14:13.642571+00:00,607.35,607.35,0.0,42.75,2026-03-25T21:14:13.690868+00:00
cda61fdf_EV-011,EV-011,2026-03-25T21:14:13.642571+00:00,275.46,275.46,0.0,28.5,2026-03-25T21:14:13.690868+00:00
cda61fdf_EV-012,EV-012,2026-03-25T21:14:13.642571+00:00,408.66,408.66,0.0,35.0,2026-03-25T21:14:13.690868+00:00
cda61fdf_EV-013,EV-013,2026-03-25T21:14:13.642571+00:00,639.9,639.9,0.0,53.9,2026-03-25T21:14:13.690868+00:00
cda61fdf_EV-014,EV-014,2026-03-25T21:14:13.642571+00:00,267.73,267.73,0.0,17.49,2026-03-25T21:14:13.690868+00:00
cda61fdf_EV-015,EV-015,2026-03-25T21:14:13.642571+00:00,639.9,639.9,0.0,48.0,2026-03-25T21:14:13.690868+00:00
cda61fdf_EV-016,EV-016,2026-03-25T21:14:13.642571+00:00,275.46,275.46,0.0,28.8,2026-03-25T21:14:13.690868+00:00
cda61fdf_EV-017,EV-017,2026-03-25T21:14:13.642571+00:00,408.66,408.66,0.0,36.0,2026-03-25T21:14:13.690868+00:00
cda61fdf_EV-018,EV-018,2026-03-25T21:14:13.642571+00:00,275.46,275.46,0.0,30.24,2026-03-25T21:14:13.690868+00:00
cda61fdf_EV-019,EV-019,2026-03-25T21:14:13.642571+00:00,669.88,669.88,0.0,39.5,2026-03-25T21:14:13.690868+00:00
cda61fdf_EV-020,EV-020,2026-03-25T21:14:13.642571+00:00,408.66,408.66,0.0,35.25,2026-03-25T21:14:13.690868+00:00
3739ad6d_HEAVY-01,HEAVY-01,2026-03-25T21:14:13.642571+00:00,382.86,382.86,0.0,31.2,2026-03-25T21:14:14.667143+00:00
3739ad6d_HEAVY-02,HEAVY-02,2026-03-25T21:19:13.642571+00:00,409.98,409.98,0.0,34.2,2026-03-25T21:14:14.667143+00:00
3739ad6d_HEAVY-03,HEAVY-03,2026-03-25T21:22:13.642571+00:00,410.74,410.74,0.0,33.75,2026-03-25T21:14:14.667143+00:00
3739ad6d_HEAVY-04,HEAVY-04,2026-03-25T21:24:13.642571+00:00,653.16,653.16,0.0,53.9,2026-03-25T21:14:14.667143+00:00
3739ad6d_HEAVY-05,HEAVY-05,2026-03-25T21:29:13.642571+00:00,378.14,378.14,0.0,31.0,2026-03-25T21:14:14.667143+00:00
3739ad6d_HEAVY-06,HEAVY-06,2026-03-25T21:32:13.642571+00:00,684.11,684.11,0.0,38.86,2026-03-25T21:14:14.667143+00:00
3739ad6d_HEAVY-07,HEAVY-07,2026-03-25T21:34:13.642571+00:00,275.75,275.75,0.0,27.36,2026-03-25T21:14:14.667143+00:00
3739ad6d_HEAVY-08,HEAVY-08,2026-03-25T21:39:13.642571+00:00,601.95,601.95,0.0,44.66,2026-03-25T21:14:14.667143+00:00
3739ad6d_HEAVY-09,HEAVY-09,2026-03-25T21:42:13.642571+00:00,367.47,367.47,0.0,32.8,2026-03-25T21:14:14.667143+00:00
3739ad6d_HEAVY-10,HEAVY-10,2026-03-25T21:44:13.642571+00:00,269.9,269.9,0.0,27.0,2026-03-25T21:14:14.667143+00:00
3739ad6d_HEAVY-11,HEAVY-11,2026-03-25T21:49:13.642571+00:00,653.99,653.99,0.0,60.0,2026-03-25T21:14:14.667143+00:00
3739ad6d_HEAVY-12,HEAVY-12,2026-03-25T21:52:13.642571+00:00,621.21,621.21,0.0,42.75,2026-03-25T21:14:14.667143+00:00
3739ad6d_HEAVY-13,HEAVY-13,2026-03-25T21:54:13.642571+00:00,274.63,274.63,0.0,23.1,2026-03-25T21:14:14.667143+00:00
3739ad6d_HEAVY-14,HEAVY-14,2026-03-25T21:59:13.642571+00:00,262.35,262.35,0.0,29.6,2026-03-25T21:14:14.667143+00:00
3739ad6d_HEAVY-15,HEAVY-15,2026-03-25T22:02:13.642571+00:00,264.14,264.14,0.0,26.0,2026-03-25T21:14:14.667143+00:00
3739ad6d_HEAVY-16,HEAVY-16,2026-03-25T22:04:13.642571+00:00,408.81,408.81,0.0,34.5,2026-03-25T21:14:14.667143+00:00
3739ad6d_HEAVY-17,HEAVY-17,2026-03-25T22:09:13.642571+00:00,749.69,749.69,0.0,38.16,2026-03-25T21:14:14.667143+00:00
3739ad6d_HEAVY-18,HEAVY-18,2026-03-25T22:12:13.642571+00:00,276.97,276.97,0.0,22.5,2026-03-25T21:14:14.667143+00:00
3739ad6d_HEAVY-19,HEAVY-19,2026-03-25T22:14:13.642571+00:00,420.76,420.76,0.0,32.4,2026-03-25T21:14:14.667143+00:00
3739ad6d_HEAVY-20,HEAVY-20,2026-03-25T22:19:13.642571+00:00,289.45,289.45,0.0,30.0,2026-03-25T21:14:14.667143+00:00
3739ad6d_HEAVY-21,HEAVY-21,2026-03-25T22:24:13.642571+00:00,771.35,771.35,0.0,36.96,2026-03-25T21:14:14.667143+00:00
3739ad6d_HEAVY-22,HEAVY-22,2026-03-25T22:29:13.642571+00:00,767.78,767.78,0.0,58.52,2026-03-25T21:14:14.667143+00:00
3739ad6d_HEAVY-23,HEAVY-23,2026-03-25T22:34:13.642571+00:00,491.3,491.3,0.0,32.0,2026-03-25T21:14:14.667143+00:00
3739ad6d_HEAVY-24,HEAVY-24,2026-03-25T22:39:13.642571+00:00,348.39,348.39,0.0,17.4,2026-03-25T21:14:14.667143+00:00
3739ad6d_HEAVY-25,HEAVY-25,2026-03-25T22:44:13.642571+00:00,772.07,772.07,0.0,58.5,2026-03-25T21:14:14.667143+00:00
6c877bef_KNOWN-01,KNOWN-01,2026-03-25T21:14:13.642571+00:00,277.4,90.0,-187.4,26.0,2026-03-25T21:14:15.541449+00:00
6c877bef_KNOWN-02,KNOWN-02,2026-03-25T21:19:13.642571+00:00,409.98,120.0,-289.98,36.0,2026-03-25T21:14:15.541449+00:00
6c877bef_KNOWN-03,KNOWN-03,2026-03-25T21:24:13.642571+00:00,392.26,150.0,-242.26,31.5,2026-03-25T21:14:15.541449+00:00
6c877bef_KNOWN-04,KNOWN-04,2026-03-25T21:26:13.642571+00:00,415.49,90.0,-325.49,33.75,2026-03-25T21:14:15.541449+00:00
6c877bef_KNOWN-05,KNOWN-05,2026-03-25T21:29:13.642571+00:00,639.05,120.0,-519.05,53.9,2026-03-25T21:14:15.541449+00:00
6c877bef_KNOWN-06,KNOWN-06,2026-03-25T21:32:13.642571+00:00,419.04,180.0,-239.04,33.06,2026-03-25T21:14:15.541449+00:00
6c877bef_KNOWN-07,KNOWN-07,2026-03-25T21:34:13.642571+00:00,277.69,90.0,-187.69,26.0,2026-03-25T21:14:15.541449+00:00
6c877bef_KNOWN-08,KNOWN-08,2026-03-25T21:39:13.642571+00:00,266.21,120.0,-146.21,28.8,2026-03-25T21:14:15.541449+00:00
6c877bef_UNKNOWN-01,UNKNOWN-01,2026-03-25T21:44:13.642571+00:00,606.78,606.78,0.0,43.2,2026-03-25T21:14:15.541449+00:00
6c877bef_UNKNOWN-02,UNKNOWN-02,2026-03-25T21:49:13.642571+00:00,663.93,663.93,0.0,38.5,2026-03-25T21:14:15.541449+00:00
6c877bef_UNKNOWN-03,UNKNOWN-03,2026-03-25T21:54:13.642571+00:00,276.35,276.35,0.0,27.2,2026-03-25T21:14:15.541449+00:00
6c877bef_UNKNOWN-04,UNKNOWN-04,2026-03-25T21:59:13.642571+00:00,374.0,374.0,0.0,31.5,2026-03-25T21:14:15.541449+00:00
6c877bef_UNKNOWN-05,UNKNOWN-05,2026-03-25T22:04:13.642571+00:00,663.93,663.93,0.0,40.6,2026-03-25T21:14:15.541449+00:00
6c877bef_UNKNOWN-06,UNKNOWN-06,2026-03-25T22:09:13.642571+00:00,725.36,725.36,0.0,40.85,2026-03-25T21:14:15.541449+00:00
6c877bef_UNKNOWN-07,UNKNOWN-07,2026-03-25T22:14:13.642571+00:00,420.76,420.76,0.0,32.0,2026-03-25T21:14:15.541449+00:00
6c877bef_UNKNOWN-08,UNKNOWN-08,2026-03-25T22:19:13.642571+00:00,289.45,289.45,0.0,28.0,2026-03-25T21:14:15.541449+00:00
6c877bef_UNKNOWN-09,UNKNOWN-09,2026-03-25T22:24:13.642571+00:00,732.88,732.88,0.0,43.89,2026-03-25T21:14:15.541449+00:00
6c877bef_UNKNOWN-10,UNKNOWN-10,2026-03-25T22:29:13.642571+00:00,767.78,767.78,0.0,58.32,2026-03-25T21:14:15.541449+00:00
6c877bef_UNKNOWN-11,UNKNOWN-11,2026-03-25T22:34:13.642571+00:00,361.16,361.16,0.0,15.18,2026-03-25T21:14:15.541449+00:00
6c877bef_UNKNOWN-12,UNKNOWN-12,2026-03-25T22:44:13.642571+00:00,480.62,480.62,0.0,30.6,2026-03-25T21:14:15.541449+00:00
92ea3ede_EV-001,EV-001,2026-03-25T21:14:39.888686+00:00,271.47,271.47,0.0,20.13,2026-03-25T21:14:39.888686+00:00
92ea3ede_EV-002,EV-002,2026-03-25T21:14:39.888686+00:00,270.8,270.8,0.0,22.8,2026-03-25T21:14:39.888686+00:00
92ea3ede_EV-003,EV-003,2026-03-25T21:14:39.888686+00:00,270.8,270.8,0.0,23.43,2026-03-25T21:14:39.888686+00:00
92ea3ede_EV-004,EV-004,2026-03-25T21:14:39.888686+00:00,669.88,669.88,0.0,39.0,2026-03-25T21:14:39.888686+00:00
92ea3ede_EV-005,EV-005,2026-03-25T21:14:39.888686+00:00,607.35,607.35,0.0,42.0,2026-03-25T21:14:39.888686+00:00
92ea3ede_EV-006,EV-006,2026-03-25T21:14:39.888686+00:00,639.9,639.9,0.0,50.25,2026-03-25T21:14:39.888686+00:00
92ea3ede_EV-007,EV-007,2026-03-25T21:14:39.888686+00:00,275.46,275.46,0.0,29.26,2026-03-25T21:14:39.888686+00:00
92ea3ede_EV-008,EV-008,2026-03-25T21:14:39.888686+00:00,607.35,607.35,0.0,43.5,2026-03-25T21:14:39.888686+00:00
92ea3ede_EV-009,EV-009,2026-03-25T21:14:39.888686+00:00,607.35,607.35,0.0,45.75,2026-03-25T21:14:39.888686+00:00
92ea3ede_EV-010,EV-010,2026-03-25T21:14:39.888686+00:00,382.86,382.86,0.0,31.68,2026-03-25T21:14:39.888686+00:00
5d47be7e_EV-001,EV-001,2026-03-25T21:14:46.081574+00:00,271.47,271.47,0.0,20.13,2026-03-25T21:14:46.081574+00:00
5d47be7e_EV-002,EV-002,2026-03-25T21:14:46.081574+00:00,270.8,270.8,0.0,22.8,2026-03-25T21:14:46.081574+00:00
5d47be7e_EV-003,EV-003,2026-03-25T21:14:46.081574+00:00,270.8,270.8,0.0,23.43,2026-03-25T21:14:46.081574+00:00
5d47be7e_EV-004,EV-004,2026-03-25T21:14:46.081574+00:00,669.88,669.88,0.0,39.0,2026-03-25T21:14:46.081574+00:00
5d47be7e_EV-005,EV-005,2026-03-25T21:14:46.081574+00:00,607.35,607.35,0.0,42.0,2026-03-25T21:14:46.081574+00:00
5d47be7e_EV-006,EV-006,2026-03-25T21:14:46.081574+00:00,639.9,639.9,0.0,50.25,2026-03-25T21:14:46.081574+00:00
5d47be7e_EV-007,EV-007,2026-03-25T21:14:46.081574+00:00,275.46,275.46,0.0,29.26,2026-03-25T21:14:46.081574+00:00
5d47be7e_EV-008,EV-008,2026-03-25T21:14:46.081574+00:00,607.35,607.35,0.0,43.5,2026-03-25T21:14:46.081574+00:00
5d47be7e_EV-009,EV-009,2026-03-25T21:14:46.081574+00:00,607.35,607.35,0.0,45.75,2026-03-25T21:14:46.081574+00:00
5d47be7e_EV-010,EV-010,2026-03-25T21:14:46.081574+00:00,382.86,382.86,0.0,31.68,2026-03-25T21:14:46.081574+00:00
5d47be7e_EV-011,EV-011,2026-03-25T21:14:46.081574+00:00,639.9,639.9,0.0,62.25,2026-03-25T21:14:46.081574+00:00
5d47be7e_EV-012,EV-012,2026-03-25T21:14:46.081574+00:00,669.88,669.88,0.0,36.72,2026-03-25T21:14:46.081574+00:00
5d47be7e_EV-013,EV-013,2026-03-25T21:14:46.081574+00:00,639.9,639.9,0.0,51.12,2026-03-25T21:14:46.081574+00:00
5d47be7e_EV-014,EV-014,2026-03-25T21:14:46.081574+00:00,270.8,270.8,0.0,23.6,2026-03-25T21:14:46.081574+00:00
5d47be7e_EV-015,EV-015,2026-03-25T21:14:46.081574+00:00,277.4,277.4,0.0,26.5,2026-03-25T21:14:46.081574+00:00
5d47be7e_EV-016,EV-016,2026-03-25T21:14:46.081574+00:00,639.9,639.9,0.0,66.0,2026-03-25T21:14:46.081574+00:00
5d47be7e_EV-017,EV-017,2026-03-25T21:14:46.081574+00:00,408.66,408.66,0.0,33.06,2026-03-25T21:14:46.081574+00:00
5d47be7e_EV-018,EV-018,2026-03-25T21:14:46.081574+00:00,607.35,607.35,0.0,42.35,2026-03-25T21:14:46.081574+00:00
5d47be7e_EV-019,EV-019,2026-03-25T21:14:46.081574+00:00,607.35,607.35,0.0,47.4,2026-03-25T21:14:46.081574+00:00
5d47be7e_EV-020,EV-020,2026-03-25T21:14:46.081574+00:00,639.9,639.9,0.0,81.7,2026-03-25T21:14:46.081574+00:00
5d47be7e_EV-021,EV-021,2026-03-25T21:14:46.081574+00:00,272.99,272.99,0.0,24.0,2026-03-25T21:14:46.081574+00:00
5d47be7e_EV-022,EV-022,2026-03-25T21:14:46.081574+00:00,408.66,408.66,0.0,35.4,2026-03-25T21:14:46.081574+00:00
5d47be7e_EV-023,EV-023,2026-03-25T21:14:46.081574+00:00,639.9,639.9,0.0,56.8,2026-03-25T21:14:46.081574+00:00
5d47be7e_EV-024,EV-024,2026-03-25T21:14:46.081574+00:00,607.35,607.35,0.0,44.8,2026-03-25T21:14:46.081574+00:00
5d47be7e_EV-025,EV-025,2026-03-25T21:14:46.081574+00:00,408.66,408.66,0.0,33.0,2026-03-25T21:14:46.081574+00:00
5d47be7e_EV-026,EV-026,2026-03-25T21:14:46.081574+00:00,639.9,639.9,0.0,60.06,2026-03-25T21:14:46.081574+00:00
5d47be7e_EV-027,EV-027,2026-03-25T21:14:46.081574+00:00,408.66,408.66,0.0,33.0,2026-03-25T21:14:46.081574+00:00
5d47be7e_EV-028,EV-028,2026-03-25T21:14:46.081574+00:00,607.35,607.35,0.0,47.5,2026-03-25T21:14:46.081574+00:00
5d47be7e_EV-029,EV-029,2026-03-25T21:14:46.081574+00:00,275.58,275.58,0.0,14.5,2026-03-25T21:14:46.081574+00:00
5d47be7e_EV-030,EV-030,2026-03-25T21:14:46.081574+00:00,639.9,639.9,0.0,60.83,2026-03-25T21:14:46.081574+00:00
5d47be7e_EV-031,EV-031,2026-03-25T21:14:46.081574+00:00,639.9,639.9,0.0,56.21,2026-03-25T21:14:46.081574+00:00
5d47be7e_EV-032,EV-032,2026-03-25T21:14:46.081574+00:00,265.78,265.78,0.0,18.0,2026-03-25T21:14:46.081574+00:00
5d47be7e_EV-033,EV-033,2026-03-25T21:14:46.081574+00:00,382.86,382.86,0.0,31.5,2026-03-25T21:14:46.081574+00:00
5d47be7e_EV-034,EV-034,2026-03-25T21:14:46.081574+00:00,639.9,639.9,0.0,61.5,2026-03-25T21:14:46.081574+00:00
5d47be7e_EV-035,EV-035,2026-03-25T21:14:46.081574+00:00,639.9,639.9,0.0,52.36,2026-03-25T21:14:46.081574+00:00
5d47be7e_EV-036,EV-036,2026-03-25T21:14:46.081574+00:00,607.35,607.35,0.0,42.35,2026-03-25T21:14:46.081574+00:00
5d47be7e_EV-037,EV-037,2026-03-25T21:14:46.081574+00:00,633.06,633.06,0.0,40.02,2026-03-25T21:14:46.081574+00:00
5d47be7e_EV-038,EV-038,2026-03-25T21:14:46.081574+00:00,408.66,408.66,0.0,34.2,2026-03-25T21:14:46.081574+00:00
5d47be7e_EV-039,EV-039,2026-03-25T21:14:46.081574+00:00,639.9,639.9,0.0,56.05,2026-03-25T21:14:46.081574+00:00
5d47be7e_EV-040,EV-040,2026-03-25T21:14:46.081574+00:00,639.9,639.9,0.0,51.0,2026-03-25T21:14:46.081574+00:00
5d47be7e_EV-041,EV-041,2026-03-25T21:14:46.081574+00:00,669.88,669.88,0.0,36.72,2026-03-25T21:14:46.081574+00:00
5d47be7e_EV-042,EV-042,2026-03-25T21:14:46.081574+00:00,607.35,607.35,0.0,44.66,2026-03-25T21:14:46.081574+00:00
5d47be7e_EV-043,EV-043,2026-03-25T21:14:46.081574+00:00,639.9,639.9,0.0,61.75,2026-03-25T21:14:46.081574+00:00
5d47be7e_EV-044,EV-044,2026-03-25T21:14:46.081574+00:00,270.8,270.8,0.0,23.2,2026-03-25T21:14:46.081574+00:00
5d47be7e_EV-045,EV-045,2026-03-25T21:14:46.081574+00:00,607.35,607.35,0.0,43.12,2026-03-25T21:14:46.081574+00:00
5d47be7e_EV-046,EV-046,2026-03-25T21:14:46.081574+00:00,272.99,272.99,0.0,24.4,2026-03-25T21:14:46.081574+00:00
5d47be7e_EV-047,EV-047,2026-03-25T21:14:46.081574+00:00,639.9,639.9,0.0,64.0,2026-03-25T21:14:46.081574+00:00
35a6527e_EV-001,EV-001,2026-03-25T21:15:19.660809+00:00,277.0,277.0,0.0,20.13,2026-03-25T21:15:19.660809+00:00
35a6527e_EV-002,EV-002,2026-03-25T21:15:19.660809+00:00,276.34,276.34,0.0,22.8,2026-03-25T21:15:19.660809+00:00
35a6527e_EV-003,EV-003,2026-03-25T21:15:19.660809+00:00,276.34,276.34,0.0,23.43,2026-03-25T21:15:19.660809+00:00
35a6527e_EV-004,EV-004,2026-03-25T21:15:19.660809+00:00,679.27,679.27,0.0,39.0,2026-03-25T21:15:19.660809+00:00
35a6527e_EV-005,EV-005,2026-03-25T21:15:19.660809+00:00,616.74,616.74,0.0,42.0,2026-03-25T21:15:19.660809+00:00
35a6527e_EV-006,EV-006,2026-03-25T21:15:19.660809+00:00,649.3,649.3,0.0,50.25,2026-03-25T21:15:19.660809+00:00
35a6527e_EV-007,EV-007,2026-03-25T21:15:19.660809+00:00,281.0,281.0,0.0,29.26,2026-03-25T21:15:19.660809+00:00
35a6527e_EV-008,EV-008,2026-03-25T21:15:19.660809+00:00,616.74,616.74,0.0,43.5,2026-03-25T21:15:19.660809+00:00
35a6527e_EV-009,EV-009,2026-03-25T21:15:19.660809+00:00,616.74,616.74,0.0,45.75,2026-03-25T21:15:19.660809+00:00
35a6527e_EV-010,EV-010,2026-03-25T21:15:19.660809+00:00,388.39,388.39,0.0,31.68,2026-03-25T21:15:19.660809+00:00
35a6527e_EV-011,EV-011,2026-03-25T21:15:19.660809+00:00,649.3,649.3,0.0,62.25,2026-03-25T21:15:19.660809+00:00
35a6527e_EV-012,EV-012,2026-03-25T21:15:19.660809+00:00,679.27,679.27,0.0,36.72,2026-03-25T21:15:19.660809+00:00
35a6527e_EV-013,EV-013,2026-03-25T21:15:19.660809+00:00,649.3,649.3,0.0,51.12,2026-03-25T21:15:19.660809+00:00
35a6527e_EV-014,EV-014,2026-03-25T21:15:19.660809+00:00,276.34,276.34,0.0,23.6,2026-03-25T21:15:19.660809+00:00
35a6527e_EV-015,EV-015,2026-03-25T21:15:19.660809+00:00,282.94,282.94,0.0,26.5,2026-03-25T21:15:19.660809+00:00
35a6527e_EV-016,EV-016,2026-03-25T21:15:19.660809+00:00,649.3,649.3,0.0,66.0,2026-03-25T21:15:19.660809+00:00
35a6527e_EV-017,EV-017,2026-03-25T21:15:19.660809+00:00,414.2,414.2,0.0,33.06,2026-03-25T21:15:19.660809+00:00
35a6527e_EV-018,EV-018,2026-03-25T21:15:19.660809+00:00,616.74,616.74,0.0,42.35,2026-03-25T21:15:19.660809+00:00
35a6527e_EV-019,EV-019,2026-03-25T21:15:19.660809+00:00,616.74,616.74,0.0,47.4,2026-03-25T21:15:19.660809+00:00
35a6527e_EV-020,EV-020,2026-03-25T21:15:19.660809+00:00,649.3,649.3,0.0,81.7,2026-03-25T21:15:19.660809+00:00
35a6527e_EV-021,EV-021,2026-03-25T21:15:19.660809+00:00,278.52,278.52,0.0,24.0,2026-03-25T21:15:19.660809+00:00
35a6527e_EV-022,EV-022,2026-03-25T21:15:19.660809+00:00,414.2,414.2,0.0,35.4,2026-03-25T21:15:19.660809+00:00
35a6527e_EV-023,EV-023,2026-03-25T21:15:19.660809+00:00,649.3,649.3,0.0,56.8,2026-03-25T21:15:19.660809+00:00
35a6527e_EV-024,EV-024,2026-03-25T21:15:19.660809+00:00,616.74,616.74,0.0,44.8,2026-03-25T21:15:19.660809+00:00
35a6527e_EV-025,EV-025,2026-03-25T21:15:19.660809+00:00,414.2,414.2,0.0,33.0,2026-03-25T21:15:19.660809+00:00
35a6527e_EV-026,EV-026,2026-03-25T21:15:19.660809+00:00,649.3,649.3,0.0,60.06,2026-03-25T21:15:19.660809+00:00
35a6527e_EV-027,EV-027,2026-03-25T21:15:19.660809+00:00,414.2,414.2,0.0,33.0,2026-03-25T21:15:19.660809+00:00
35a6527e_EV-028,EV-028,2026-03-25T21:15:19.660809+00:00,616.74,616.74,0.0,47.5,2026-03-25T21:15:19.660809+00:00
35a6527e_EV-029,EV-029,2026-03-25T21:15:19.660809+00:00,277.25,277.25,0.0,14.5,2026-03-25T21:15:19.660809+00:00
35a6527e_EV-030,EV-030,2026-03-25T21:15:19.660809+00:00,649.3,649.3,0.0,60.83,2026-03-25T21:15:19.660809+00:00
35a6527e_EV-031,EV-031,2026-03-25T21:15:19.660809+00:00,649.3,649.3,0.0,56.21,2026-03-25T21:15:19.660809+00:00
35a6527e_EV-032,EV-032,2026-03-25T21:15:19.660809+00:00,271.32,271.32,0.0,18.0,2026-03-25T21:15:19.660809+00:00
35a6527e_EV-033,EV-033,2026-03-25T21:15:19.660809+00:00,388.39,388.39,0.0,31.5,2026-03-25T21:15:19.660809+00:00
35a6527e_EV-034,EV-034,2026-03-25T21:15:19.660809+00:00,649.3,649.3,0.0,61.5,2026-03-25T21:15:19.660809+00:00
35a6527e_EV-035,EV-035,2026-03-25T21:15:19.660809+00:00,649.3,649.3,0.0,52.36,2026-03-25T21:15:19.660809+00:00
35a6527e_EV-036,EV-036,2026-03-25T21:15:19.660809+00:00,616.74,616.74,0.0,42.35,2026-03-25T21:15:19.660809+00:00
35a6527e_EV-037,EV-037,2026-03-25T21:15:19.660809+00:00,642.45,642.45,0.0,40.02,2026-03-25T21:15:19.660809+00:00
35a6527e_EV-038,EV-038,2026-03-25T21:15:19.660809+00:00,414.2,414.2,0.0,34.2,2026-03-25T21:15:19.660809+00:00
35a6527e_EV-039,EV-039,2026-03-25T21:15:19.660809+00:00,649.3,649.3,0.0,56.05,2026-03-25T21:15:19.660809+00:00
35a6527e_EV-040,EV-040,2026-03-25T21:15:19.660809+00:00,649.3,649.3,0.0,51.0,2026-03-25T21:15:19.660809+00:00
35a6527e_EV-041,EV-041,2026-03-25T21:15:19.660809+00:00,679.27,679.27,0.0,36.72,2026-03-25T21:15:19.660809+00:00
35a6527e_EV-042,EV-042,2026-03-25T21:15:19.660809+00:00,616.74,616.74,0.0,44.66,2026-03-25T21:15:19.660809+00:00
35a6527e_EV-043,EV-043,2026-03-25T21:15:19.660809+00:00,649.3,649.3,0.0,61.75,2026-03-25T21:15:19.660809+00:00
35a6527e_EV-044,EV-044,2026-03-25T21:15:19.660809+00:00,276.34,276.34,0.0,23.2,2026-03-25T21:15:19.660809+00:00
35a6527e_EV-045,EV-045,2026-03-25T21:15:19.660809+00:00,616.74,616.74,0.0,43.12,2026-03-25T21:15:19.660809+00:00
35a6527e_EV-046,EV-046,2026-03-25T21:15:19.660809+00:00,278.52,278.52,0.0,24.4,2026-03-25T21:15:19.660809+00:00
35a6527e_EV-047,EV-047,2026-03-25T21:15:19.660809+00:00,649.3,649.3,0.0,64.0,2026-03-25T21:15:19.660809+00:00
35a6527e_EV-048,EV-048,2026-03-25T21:15:19.660809+00:00,616.74,616.74,0.0,46.98,2026-03-25T21:15:19.660809+00:00
35a6527e_EV-049,EV-049,2026-03-25T21:15:19.660809+00:00,616.74,616.74,0.0,43.12,2026-03-25T21:15:19.660809+00:00
d6051911_EV-001,EV-001,2026-03-25T21:17:15.628169+00:00,277.0,277.0,0.0,20.13,2026-03-25T21:17:15.628169+00:00
d6051911_EV-002,EV-002,2026-03-25T21:17:15.628169+00:00,276.34,276.34,0.0,22.8,2026-03-25T21:17:15.628169+00:00
d6051911_EV-003,EV-003,2026-03-25T21:17:15.628169+00:00,276.34,276.34,0.0,23.43,2026-03-25T21:17:15.628169+00:00
d6051911_EV-004,EV-004,2026-03-25T21:17:15.628169+00:00,679.27,679.27,0.0,39.0,2026-03-25T21:17:15.628169+00:00
d6051911_EV-005,EV-005,2026-03-25T21:17:15.628169+00:00,616.74,616.74,0.0,42.0,2026-03-25T21:17:15.628169+00:00
d6051911_EV-006,EV-006,2026-03-25T21:17:15.628169+00:00,649.3,649.3,0.0,50.25,2026-03-25T21:17:15.628169+00:00
d6051911_EV-007,EV-007,2026-03-25T21:17:15.628169+00:00,281.0,281.0,0.0,29.26,2026-03-25T21:17:15.628169+00:00
d6051911_EV-008,EV-008,2026-03-25T21:17:15.628169+00:00,616.74,616.74,0.0,43.5,2026-03-25T21:17:15.628169+00:00
d6051911_EV-009,EV-009,2026-03-25T21:17:15.628169+00:00,616.74,616.74,0.0,45.75,2026-03-25T21:17:15.628169+00:00
d6051911_EV-010,EV-010,2026-03-25T21:17:15.628169+00:00,388.39,388.39,0.0,31.68,2026-03-25T21:17:15.628169+00:00
d6051911_EV-011,EV-011,2026-03-25T21:17:15.628169+00:00,649.3,649.3,0.0,62.25,2026-03-25T21:17:15.628169+00:00
d6051911_EV-012,EV-012,2026-03-25T21:17:15.628169+00:00,679.27,679.27,0.0,36.72,2026-03-25T21:17:15.628169+00:00
d6051911_EV-013,EV-013,2026-03-25T21:17:15.628169+00:00,649.3,649.3,0.0,51.12,2026-03-25T21:17:15.628169+00:00
d6051911_EV-014,EV-014,2026-03-25T21:17:15.628169+00:00,276.34,276.34,0.0,23.6,2026-03-25T21:17:15.628169+00:00
d6051911_EV-015,EV-015,2026-03-25T21:17:15.628169+00:00,282.94,282.94,0.0,26.5,2026-03-25T21:17:15.628169+00:00
d6051911_EV-016,EV-016,2026-03-25T21:17:15.628169+00:00,649.3,649.3,0.0,66.0,2026-03-25T21:17:15.628169+00:00
d6051911_EV-017,EV-017,2026-03-25T21:17:15.628169+00:00,414.2,414.2,0.0,33.06,2026-03-25T21:17:15.628169+00:00
d6051911_EV-018,EV-018,2026-03-25T21:17:15.628169+00:00,616.74,616.74,0.0,42.35,2026-03-25T21:17:15.628169+00:00
d6051911_EV-019,EV-019,2026-03-25T21:17:15.628169+00:00,616.74,616.74,0.0,47.4,2026-03-25T21:17:15.628169+00:00
d6051911_EV-020,EV-020,2026-03-25T21:17:15.628169+00:00,649.3,649.3,0.0,81.7,2026-03-25T21:17:15.628169+00:00
d6051911_EV-021,EV-021,2026-03-25T21:17:15.628169+00:00,278.52,278.52,0.0,24.0,2026-03-25T21:17:15.628169+00:00
d6051911_EV-022,EV-022,2026-03-25T21:17:15.628169+00:00,414.2,414.2,0.0,35.4,2026-03-25T21:17:15.628169+00:00
d6051911_EV-023,EV-023,2026-03-25T21:17:15.628169+00:00,649.3,649.3,0.0,56.8,2026-03-25T21:17:15.628169+00:00
d6051911_EV-024,EV-024,2026-03-25T21:17:15.628169+00:00,616.74,616.74,0.0,44.8,2026-03-25T21:17:15.628169+00:00
d6051911_EV-025,EV-025,2026-03-25T21:17:15.628169+00:00,414.2,414.2,0.0,33.0,2026-03-25T21:17:15.628169+00:00
d6051911_EV-026,EV-026,2026-03-25T21:17:15.628169+00:00,649.3,649.3,0.0,60.06,2026-03-25T21:17:15.628169+00:00
d6051911_EV-027,EV-027,2026-03-25T21:17:15.628169+00:00,414.2,414.2,0.0,33.0,2026-03-25T21:17:15.628169+00:00
d6051911_EV-028,EV-028,2026-03-25T21:17:15.628169+00:00,616.74,616.74,0.0,47.5,2026-03-25T21:17:15.628169+00:00
d6051911_EV-029,EV-029,2026-03-25T21:17:15.628169+00:00,277.25,277.25,0.0,14.5,2026-03-25T21:17:15.628169+00:00
d6051911_EV-030,EV-030,2026-03-25T21:17:15.628169+00:00,649.3,649.3,0.0,60.83,2026-03-25T21:17:15.628169+00:00
d6051911_EV-031,EV-031,2026-03-25T21:17:15.628169+00:00,649.3,649.3,0.0,56.21,2026-03-25T21:17:15.628169+00:00
d6051911_EV-032,EV-032,2026-03-25T21:17:15.628169+00:00,271.32,271.32,0.0,18.0,2026-03-25T21:17:15.628169+00:00
d6051911_EV-033,EV-033,2026-03-25T21:17:15.628169+00:00,388.39,388.39,0.0,31.5,2026-03-25T21:17:15.628169+00:00
d6051911_EV-034,EV-034,2026-03-25T21:17:15.628169+00:00,649.3,649.3,0.0,61.5,2026-03-25T21:17:15.628169+00:00
d6051911_EV-035,EV-035,2026-03-25T21:17:15.628169+00:00,649.3,649.3,0.0,52.36,2026-03-25T21:17:15.628169+00:00
d6051911_EV-036,EV-036,2026-03-25T21:17:15.628169+00:00,616.74,616.74,0.0,42.35,2026-03-25T21:17:15.628169+00:00
d6051911_EV-037,EV-037,2026-03-25T21:17:15.628169+00:00,642.45,642.45,0.0,40.02,2026-03-25T21:17:15.628169+00:00
d6051911_EV-038,EV-038,2026-03-25T21:17:15.628169+00:00,414.2,414.2,0.0,34.2,2026-03-25T21:17:15.628169+00:00
d6051911_EV-039,EV-039,2026-03-25T21:17:15.628169+00:00,649.3,649.3,0.0,56.05,2026-03-25T21:17:15.628169+00:00
d6051911_EV-040,EV-040,2026-03-25T21:17:15.628169+00:00,649.3,649.3,0.0,51.0,2026-03-25T21:17:15.628169+00:00
d6051911_EV-041,EV-041,2026-03-25T21:17:15.628169+00:00,679.27,679.27,0.0,36.72,2026-03-25T21:17:15.628169+00:00
d6051911_EV-042,EV-042,2026-03-25T21:17:15.628169+00:00,616.74,616.74,0.0,44.66,2026-03-25T21:17:15.628169+00:00
d6051911_EV-043,EV-043,2026-03-25T21:17:15.628169+00:00,649.3,649.3,0.0,61.75,2026-03-25T21:17:15.628169+00:00
d6051911_EV-044,EV-044,2026-03-25T21:17:15.628169+00:00,276.34,276.34,0.0,23.2,2026-03-25T21:17:15.628169+00:00
d6051911_EV-045,EV-045,2026-03-25T21:17:15.628169+00:00,616.74,616.74,0.0,43.12,2026-03-25T21:17:15.628169+00:00
d6051911_EV-046,EV-046,2026-03-25T21:17:15.628169+00:00,278.52,278.52,0.0,24.4,2026-03-25T21:17:15.628169+00:00
d6051911_EV-047,EV-047,2026-03-25T21:17:15.628169+00:00,649.3,649.3,0.0,64.0,2026-03-25T21:17:15.628169+00:00
d6051911_EV-048,EV-048,2026-03-25T21:17:15.628169+00:00,616.74,616.74,0.0,46.98,2026-03-25T21:17:15.628169+00:00
d6051911_EV-049,EV-049,2026-03-25T21:17:15.628169+00:00,616.74,616.74,0.0,43.12,2026-03-25T21:17:15.628169+00:00
f60962b1_EV-001,EV-001,2026-03-25T21:23:23.496157+00:00,280.87,280.87,0.0,20.13,2026-03-25T21:23:23.496157+00:00
f60962b1_EV-002,EV-002,2026-03-25T21:23:23.496157+00:00,280.2,280.2,0.0,22.8,2026-03-25T21:23:23.496157+00:00
f60962b1_EV-003,EV-003,2026-03-25T21:23:23.496157+00:00,280.2,280.2,0.0,23.43,2026-03-25T21:23:23.496157+00:00
f60962b1_EV-004,EV-004,2026-03-25T21:23:23.496157+00:00,683.13,683.13,0.0,39.0,2026-03-25T21:23:23.496157+00:00
f60962b1_EV-005,EV-005,2026-03-25T21:23:23.496157+00:00,620.6,620.6,0.0,42.0,2026-03-25T21:23:23.496157+00:00
f60962b1_EV-006,EV-006,2026-03-25T21:23:23.496157+00:00,653.16,653.16,0.0,50.25,2026-03-25T21:23:23.496157+00:00
f60962b1_EV-007,EV-007,2026-03-25T21:23:23.496157+00:00,284.86,284.86,0.0,29.26,2026-03-25T21:23:23.496157+00:00
f60962b1_EV-008,EV-008,2026-03-25T21:23:23.496157+00:00,620.6,620.6,0.0,43.5,2026-03-25T21:23:23.496157+00:00
f60962b1_EV-009,EV-009,2026-03-25T21:23:23.496157+00:00,620.6,620.6,0.0,45.75,2026-03-25T21:23:23.496157+00:00
f60962b1_EV-010,EV-010,2026-03-25T21:23:23.496157+00:00,392.26,392.26,0.0,31.68,2026-03-25T21:23:23.496157+00:00
f60962b1_EV-011,EV-011,2026-03-25T21:23:23.496157+00:00,653.16,653.16,0.0,62.25,2026-03-25T21:23:23.496157+00:00
f60962b1_EV-012,EV-012,2026-03-25T21:23:23.496157+00:00,683.13,683.13,0.0,36.72,2026-03-25T21:23:23.496157+00:00
f60962b1_EV-013,EV-013,2026-03-25T21:23:23.496157+00:00,653.16,653.16,0.0,51.12,2026-03-25T21:23:23.496157+00:00
f60962b1_EV-014,EV-014,2026-03-25T21:23:23.496157+00:00,280.2,280.2,0.0,23.6,2026-03-25T21:23:23.496157+00:00
f60962b1_EV-015,EV-015,2026-03-25T21:23:23.496157+00:00,286.8,286.8,0.0,26.5,2026-03-25T21:23:23.496157+00:00
f60962b1_EV-016,EV-016,2026-03-25T21:23:23.496157+00:00,653.16,653.16,0.0,66.0,2026-03-25T21:23:23.496157+00:00
f60962b1_EV-017,EV-017,2026-03-25T21:23:23.496157+00:00,418.06,418.06,0.0,33.06,2026-03-25T21:23:23.496157+00:00
f60962b1_EV-018,EV-018,2026-03-25T21:23:23.496157+00:00,620.6,620.6,0.0,42.35,2026-03-25T21:23:23.496157+00:00
f60962b1_EV-019,EV-019,2026-03-25T21:23:23.496157+00:00,620.6,620.6,0.0,47.4,2026-03-25T21:23:23.496157+00:00
f60962b1_EV-020,EV-020,2026-03-25T21:23:23.496157+00:00,653.16,653.16,0.0,81.7,2026-03-25T21:23:23.496157+00:00
f60962b1_EV-021,EV-021,2026-03-25T21:23:23.496157+00:00,282.39,282.39,0.0,24.0,2026-03-25T21:23:23.496157+00:00
f60962b1_EV-022,EV-022,2026-03-25T21:23:23.496157+00:00,418.06,418.06,0.0,35.4,2026-03-25T21:23:23.496157+00:00
f60962b1_EV-023,EV-023,2026-03-25T21:23:23.496157+00:00,653.16,653.16,0.0,56.8,2026-03-25T21:23:23.496157+00:00
f60962b1_EV-024,EV-024,2026-03-25T21:23:23.496157+00:00,620.6,620.6,0.0,44.8,2026-03-25T21:23:23.496157+00:00
f60962b1_EV-025,EV-025,2026-03-25T21:23:23.496157+00:00,418.06,418.06,0.0,33.0,2026-03-25T21:23:23.496157+00:00
f60962b1_EV-026,EV-026,2026-03-25T21:23:23.496157+00:00,653.16,653.16,0.0,60.06,2026-03-25T21:23:23.496157+00:00
f60962b1_EV-027,EV-027,2026-03-25T21:23:23.496157+00:00,418.06,418.06,0.0,33.0,2026-03-25T21:23:23.496157+00:00
f60962b1_EV-028,EV-028,2026-03-25T21:23:23.496157+00:00,620.6,620.6,0.0,47.5,2026-03-25T21:23:23.496157+00:00
f60962b1_EV-029,EV-029,2026-03-25T21:23:23.496157+00:00,277.36,277.36,0.0,14.5,2026-03-25T21:23:23.496157+00:00
f60962b1_EV-030,EV-030,2026-03-25T21:23:23.496157+00:00,653.16,653.16,0.0,60.83,2026-03-25T21:23:23.496157+00:00
f60962b1_EV-031,EV-031,2026-03-25T21:23:23.496157+00:00,653.16,653.16,0.0,56.21,2026-03-25T21:23:23.496157+00:00
f60962b1_EV-032,EV-032,2026-03-25T21:23:23.496157+00:00,271.44,271.44,0.0,18.0,2026-03-25T21:23:23.496157+00:00
f60962b1_EV-033,EV-033,2026-03-25T21:23:23.496157+00:00,392.26,392.26,0.0,31.5,2026-03-25T21:23:23.496157+00:00
f60962b1_EV-034,EV-034,2026-03-25T21:23:23.496157+00:00,653.16,653.16,0.0,61.5,2026-03-25T21:23:23.496157+00:00
f60962b1_EV-035,EV-035,2026-03-25T21:23:23.496157+00:00,653.16,653.16,0.0,52.36,2026-03-25T21:23:23.496157+00:00
f60962b1_EV-036,EV-036,2026-03-25T21:23:23.496157+00:00,620.6,620.6,0.0,42.35,2026-03-25T21:23:23.496157+00:00
f60962b1_EV-037,EV-037,2026-03-25T21:23:23.496157+00:00,646.31,646.31,0.0,40.02,2026-03-25T21:23:23.496157+00:00
f60962b1_EV-038,EV-038,2026-03-25T21:23:23.496157+00:00,418.06,418.06,0.0,34.2,2026-03-25T21:23:23.496157+00:00
f60962b1_EV-039,EV-039,2026-03-25T21:23:23.496157+00:00,653.16,653.16,0.0,56.05,2026-03-25T21:23:23.496157+00:00
f60962b1_EV-040,EV-040,2026-03-25T21:23:23.496157+00:00,653.16,653.16,0.0,51.0,2026-03-25T21:23:23.496157+00:00
f60962b1_EV-041,EV-041,2026-03-25T21:23:23.496157+00:00,683.13,683.13,0.0,36.72,2026-03-25T21:23:23.496157+00:00
f60962b1_EV-042,EV-042,2026-03-25T21:23:23.496157+00:00,620.6,620.6,0.0,44.66,2026-03-25T21:23:23.496157+00:00
f60962b1_EV-043,EV-043,2026-03-25T21:23:23.496157+00:00,653.16,653.16,0.0,61.75,2026-03-25T21:23:23.496157+00:00
f60962b1_EV-044,EV-044,2026-03-25T21:23:23.496157+00:00,280.2,280.2,0.0,23.2,2026-03-25T21:23:23.496157+00:00
f60962b1_EV-045,EV-045,2026-03-25T21:23:23.496157+00:00,620.6,620.6,0.0,43.12,2026-03-25T21:23:23.496157+00:00
f60962b1_EV-046,EV-046,2026-03-25T21:23:23.496157+00:00,282.39,282.39,0.0,24.4,2026-03-25T21:23:23.496157+00:00
f60962b1_EV-047,EV-047,2026-03-25T21:23:23.496157+00:00,653.16,653.16,0.0,64.0,2026-03-25T21:23:23.496157+00:00
f60962b1_EV-048,EV-048,2026-03-25T21:23:23.496157+00:00,620.6,620.6,0.0,46.98,2026-03-25T21:23:23.496157+00:00
f60962b1_EV-049,EV-049,2026-03-25T21:23:23.496157+00:00,620.6,620.6,0.0,43.12,2026-03-25T21:23:23.496157+00:00
5d8babbb_EV-001,EV-001,2026-03-25T21:24:03.430680+00:00,281.54,281.54,0.0,22.0,2026-03-25T21:24:03.451616+00:00
5d8babbb_EV-002,EV-002,2026-03-25T21:24:03.430680+00:00,418.06,418.06,0.0,34.0,2026-03-25T21:24:03.451616+00:00
5d8babbb_EV-003,EV-003,2026-03-25T21:24:03.430680+00:00,646.31,646.31,0.0,40.2,2026-03-25T21:24:03.451616+00:00
5d8babbb_EV-004,EV-004,2026-03-25T21:24:03.430680+00:00,646.31,646.31,0.0,41.25,2026-03-25T21:24:03.451616+00:00
5d8babbb_EV-005,EV-005,2026-03-25T21:24:03.430680+00:00,284.86,284.86,0.0,27.2,2026-03-25T21:24:03.451616+00:00
5d8babbb_EV-006,EV-006,2026-03-25T21:24:03.430680+00:00,280.2,280.2,0.0,23.2,2026-03-25T21:24:03.451616+00:00
5d8babbb_EV-007,EV-007,2026-03-25T21:24:03.430680+00:00,620.6,620.6,0.0,43.89,2026-03-25T21:24:03.451616+00:00
5d8babbb_EV-008,EV-008,2026-03-25T21:24:03.430680+00:00,418.06,418.06,0.0,36.0,2026-03-25T21:24:03.451616+00:00
5d8babbb_EV-009,EV-009,2026-03-25T21:24:03.430680+00:00,653.16,653.16,0.0,53.9,2026-03-25T21:24:03.451616+00:00
5d8babbb_EV-010,EV-010,2026-03-25T21:24:03.430680+00:00,620.6,620.6,0.0,42.75,2026-03-25T21:24:03.451616+00:00
5d8babbb_EV-011,EV-011,2026-03-25T21:24:03.430680+00:00,284.86,284.86,0.0,28.5,2026-03-25T21:24:03.451616+00:00
5d8babbb_EV-012,EV-012,2026-03-25T21:24:03.430680+00:00,418.06,418.06,0.0,35.0,2026-03-25T21:24:03.451616+00:00
5d8babbb_EV-013,EV-013,2026-03-25T21:24:03.430680+00:00,653.16,653.16,0.0,53.9,2026-03-25T21:24:03.451616+00:00
5d8babbb_EV-014,EV-014,2026-03-25T21:24:03.430680+00:00,273.38,273.38,0.0,17.49,2026-03-25T21:24:03.451616+00:00
5d8babbb_EV-015,EV-015,2026-03-25T21:24:03.430680+00:00,653.16,653.16,0.0,48.0,2026-03-25T21:24:03.451616+00:00
5d8babbb_EV-016,EV-016,2026-03-25T21:24:03.430680+00:00,284.86,284.86,0.0,28.8,2026-03-25T21:24:03.451616+00:00
5d8babbb_EV-017,EV-017,2026-03-25T21:24:03.430680+00:00,418.06,418.06,0.0,36.0,2026-03-25T21:24:03.451616+00:00
5d8babbb_EV-018,EV-018,2026-03-25T21:24:03.430680+00:00,284.86,284.86,0.0,30.24,2026-03-25T21:24:03.451616+00:00
5d8babbb_EV-019,EV-019,2026-03-25T21:24:03.430680+00:00,683.13,683.13,0.0,39.5,2026-03-25T21:24:03.451616+00:00
5d8babbb_EV-020,EV-020,2026-03-25T21:24:03.430680+00:00,418.06,418.06,0.0,35.25,2026-03-25T21:24:03.451616+00:00
26f6c719_HEAVY-01,HEAVY-01,2026-03-25T21:24:03.430680+00:00,392.26,392.26,0.0,31.2,2026-03-25T21:24:05.313766+00:00
26f6c719_HEAVY-02,HEAVY-02,2026-03-25T21:29:03.430680+00:00,403.95,403.95,0.0,34.2,2026-03-25T21:24:05.313766+00:00
26f6c719_HEAVY-03,HEAVY-03,2026-03-25T21:32:03.430680+00:00,419.04,419.04,0.0,33.75,2026-03-25T21:24:05.313766+00:00
26f6c719_HEAVY-04,HEAVY-04,2026-03-25T21:34:03.430680+00:00,644.05,644.05,0.0,53.9,2026-03-25T21:24:05.313766+00:00
26f6c719_HEAVY-05,HEAVY-05,2026-03-25T21:39:03.430680+00:00,373.6,373.6,0.0,31.0,2026-03-25T21:24:05.313766+00:00
26f6c719_HEAVY-06,HEAVY-06,2026-03-25T21:42:03.430680+00:00,655.58,655.58,0.0,38.86,2026-03-25T21:24:05.313766+00:00
26f6c719_HEAVY-07,HEAVY-07,2026-03-25T21:44:03.430680+00:00,269.9,269.9,0.0,27.36,2026-03-25T21:24:05.313766+00:00
26f6c719_HEAVY-08,HEAVY-08,2026-03-25T21:49:03.430680+00:00,621.43,621.43,0.0,44.66,2026-03-25T21:24:05.313766+00:00
26f6c719_HEAVY-09,HEAVY-09,2026-03-25T21:52:03.430680+00:00,375.61,375.61,0.0,32.8,2026-03-25T21:24:05.313766+00:00
26f6c719_HEAVY-10,HEAVY-10,2026-03-25T21:54:03.430680+00:00,276.35,276.35,0.0,27.0,2026-03-25T21:24:05.313766+00:00
26f6c719_HEAVY-11,HEAVY-11,2026-03-25T21:59:03.430680+00:00,667.22,667.22,0.0,60.0,2026-03-25T21:24:05.313766+00:00
26f6c719_HEAVY-12,HEAVY-12,2026-03-25T22:02:03.430680+00:00,657.19,657.19,0.0,42.75,2026-03-25T21:24:05.313766+00:00
26f6c719_HEAVY-13,HEAVY-13,2026-03-25T22:04:03.430680+00:00,260.49,260.49,0.0,23.1,2026-03-25T21:24:05.313766+00:00
26f6c719_HEAVY-14,HEAVY-14,2026-03-25T22:09:03.430680+00:00,293.13,293.13,0.0,29.6,2026-03-25T21:24:05.313766+00:00
26f6c719_HEAVY-15,HEAVY-15,2026-03-25T22:12:03.430680+00:00,302.32,302.32,0.0,26.0,2026-03-25T21:24:05.313766+00:00
26f6c719_HEAVY-16,HEAVY-16,2026-03-25T22:14:03.430680+00:00,445.86,445.86,0.0,34.5,2026-03-25T21:24:05.313766+00:00
26f6c719_HEAVY-17,HEAVY-17,2026-03-25T22:19:03.430680+00:00,718.2,718.2,0.0,38.16,2026-03-25T21:24:05.313766+00:00
26f6c719_HEAVY-18,HEAVY-18,2026-03-25T22:22:03.430680+00:00,240.75,240.75,0.0,22.5,2026-03-25T21:24:05.313766+00:00
26f6c719_HEAVY-19,HEAVY-19,2026-03-25T22:24:03.430680+00:00,486.07,486.07,0.0,32.4,2026-03-25T21:24:05.313766+00:00
26f6c719_HEAVY-20,HEAVY-20,2026-03-25T22:29:03.430680+00:00,355.88,355.88,0.0,30.0,2026-03-25T21:24:05.313766+00:00
26f6c719_HEAVY-21,HEAVY-21,2026-03-25T22:34:03.430680+00:00,771.76,771.76,0.0,36.96,2026-03-25T21:24:05.313766+00:00
26f6c719_HEAVY-22,HEAVY-22,2026-03-25T22:39:03.430680+00:00,762.31,762.31,0.0,58.52,2026-03-25T21:24:05.313766+00:00
26f6c719_HEAVY-23,HEAVY-23,2026-03-25T22:44:03.430680+00:00,480.62,480.62,0.0,32.0,2026-03-25T21:24:05.313766+00:00
26f6c719_HEAVY-24,HEAVY-24,2026-03-25T22:49:03.430680+00:00,330.72,330.72,0.0,17.4,2026-03-25T21:24:05.313766+00:00
26f6c719_HEAVY-25,HEAVY-25,2026-03-25T22:54:03.430680+00:00,805.09,805.09,0.0,58.5,2026-03-25T21:24:05.313766+00:00
8e56168a_KNOWN-01,KNOWN-01,2026-03-25T21:24:03.430680+00:00,286.8,90.0,-196.8,26.0,2026-03-25T21:24:06.464264+00:00
8e56168a_KNOWN-02,KNOWN-02,2026-03-25T21:29:03.430680+00:00,403.95,120.0,-283.95,36.0,2026-03-25T21:24:06.464264+00:00
8e56168a_KNOWN-03,KNOWN-03,2026-03-25T21:34:03.430680+00:00,383.14,150.0,-233.14,31.5,2026-03-25T21:24:06.464264+00:00
8e56168a_KNOWN-04,KNOWN-04,2026-03-25T21:36:03.430680+00:00,404.61,90.0,-314.61,33.75,2026-03-25T21:24:06.464264+00:00
8e56168a_KNOWN-05,KNOWN-05,2026-03-25T21:39:03.430680+00:00,634.5,120.0,-514.5,53.9,2026-03-25T21:24:06.464264+00:00
8e56168a_KNOWN-06,KNOWN-06,2026-03-25T21:42:03.430680+00:00,402.43,180.0,-222.43,33.06,2026-03-25T21:24:06.464264+00:00
8e56168a_KNOWN-07,KNOWN-07,2026-03-25T21:44:03.430680+00:00,271.84,90.0,-181.84,26.0,2026-03-25T21:24:06.464264+00:00
8e56168a_KNOWN-08,KNOWN-08,2026-03-25T21:49:03.430680+00:00,265.68,120.0,-145.68,28.8,2026-03-25T21:24:06.464264+00:00
8e56168a_UNKNOWN-01,UNKNOWN-01,2026-03-25T21:54:03.430680+00:00,632.17,632.17,0.0,43.2,2026-03-25T21:24:06.464264+00:00
8e56168a_UNKNOWN-02,UNKNOWN-02,2026-03-25T21:59:03.430680+00:00,678.59,678.59,0.0,38.5,2026-03-25T21:24:06.464264+00:00
8e56168a_UNKNOWN-03,UNKNOWN-03,2026-03-25T22:04:03.430680+00:00,262.2,262.2,0.0,27.2,2026-03-25T21:24:06.464264+00:00
8e56168a_UNKNOWN-04,UNKNOWN-04,2026-03-25T22:09:03.430680+00:00,442.73,442.73,0.0,31.5,2026-03-25T21:24:06.464264+00:00
8e56168a_UNKNOWN-05,UNKNOWN-05,2026-03-25T22:14:03.430680+00:00,686.47,686.47,0.0,40.6,2026-03-25T21:24:06.464264+00:00
8e56168a_UNKNOWN-06,UNKNOWN-06,2026-03-25T22:19:03.430680+00:00,686.47,686.47,0.0,40.85,2026-03-25T21:24:06.464264+00:00
8e56168a_UNKNOWN-07,UNKNOWN-07,2026-03-25T22:24:03.430680+00:00,486.07,486.07,0.0,32.0,2026-03-25T21:24:06.464264+00:00
8e56168a_UNKNOWN-08,UNKNOWN-08,2026-03-25T22:29:03.430680+00:00,355.88,355.88,0.0,28.0,2026-03-25T21:24:06.464264+00:00
8e56168a_UNKNOWN-09,UNKNOWN-09,2026-03-25T22:34:03.430680+00:00,733.29,733.29,0.0,43.89,2026-03-25T21:24:06.464264+00:00
8e56168a_UNKNOWN-10,UNKNOWN-10,2026-03-25T22:39:03.430680+00:00,762.31,762.31,0.0,58.32,2026-03-25T21:24:06.464264+00:00
8e56168a_UNKNOWN-11,UNKNOWN-11,2026-03-25T22:44:03.430680+00:00,356.23,356.23,0.0,15.18,2026-03-25T21:24:06.464264+00:00
8e56168a_UNKNOWN-12,UNKNOWN-12,2026-03-25T22:54:03.430680+00:00,494.7,494.7,0.0,30.6,2026-03-25T21:24:06.464264+00:00
a99de447_EV-001,EV-001,2026-03-25T21:24:28.447065+00:00,280.87,280.87,0.0,20.13,2026-03-25T21:24:28.447065+00:00
a99de447_EV-002,EV-002,2026-03-25T21:24:28.447065+00:00,280.2,280.2,0.0,22.8,2026-03-25T21:24:28.447065+00:00
a99de447_EV-003,EV-003,2026-03-25T21:24:28.447065+00:00,280.2,280.2,0.0,23.43,2026-03-25T21:24:28.447065+00:00
a99de447_EV-004,EV-004,2026-03-25T21:24:28.447065+00:00,683.13,683.13,0.0,39.0,2026-03-25T21:24:28.447065+00:00
a99de447_EV-005,EV-005,2026-03-25T21:24:28.447065+00:00,620.6,620.6,0.0,42.0,2026-03-25T21:24:28.447065+00:00
a99de447_EV-006,EV-006,2026-03-25T21:24:28.447065+00:00,653.16,653.16,0.0,50.25,2026-03-25T21:24:28.447065+00:00
a99de447_EV-007,EV-007,2026-03-25T21:24:28.447065+00:00,284.86,284.86,0.0,29.26,2026-03-25T21:24:28.447065+00:00
a99de447_EV-008,EV-008,2026-03-25T21:24:28.447065+00:00,620.6,620.6,0.0,43.5,2026-03-25T21:24:28.447065+00:00
a99de447_EV-009,EV-009,2026-03-25T21:24:28.447065+00:00,620.6,620.6,0.0,45.75,2026-03-25T21:24:28.447065+00:00
a99de447_EV-010,EV-010,2026-03-25T21:24:28.447065+00:00,392.26,392.26,0.0,31.68,2026-03-25T21:24:28.447065+00:00
44058076_EV-001,EV-001,2026-03-25T21:24:35.575717+00:00,280.87,280.87,0.0,20.13,2026-03-25T21:24:35.575717+00:00
44058076_EV-002,EV-002,2026-03-25T21:24:35.575717+00:00,280.2,280.2,0.0,22.8,2026-03-25T21:24:35.575717+00:00
44058076_EV-003,EV-003,2026-03-25T21:24:35.575717+00:00,280.2,280.2,0.0,23.43,2026-03-25T21:24:35.575717+00:00
44058076_EV-004,EV-004,2026-03-25T21:24:35.575717+00:00,683.13,683.13,0.0,39.0,2026-03-25T21:24:35.575717+00:00
44058076_EV-005,EV-005,2026-03-25T21:24:35.575717+00:00,620.6,620.6,0.0,42.0,2026-03-25T21:24:35.575717+00:00
44058076_EV-006,EV-006,2026-03-25T21:24:35.575717+00:00,653.16,653.16,0.0,50.25,2026-03-25T21:24:35.575717+00:00
44058076_EV-007,EV-007,2026-03-25T21:24:35.575717+00:00,284.86,284.86,0.0,29.26,2026-03-25T21:24:35.575717+00:00
44058076_EV-008,EV-008,2026-03-25T21:24:35.575717+00:00,620.6,620.6,0.0,43.5,2026-03-25T21:24:35.575717+00:00
44058076_EV-009,EV-009,2026-03-25T21:24:35.575717+00:00,620.6,620.6,0.0,45.75,2026-03-25T21:24:35.575717+00:00
44058076_EV-010,EV-010,2026-03-25T21:24:35.575717+00:00,392.26,392.26,0.0,31.68,2026-03-25T21:24:35.575717+00:00
44058076_EV-011,EV-011,2026-03-25T21:24:35.575717+00:00,653.16,653.16,0.0,62.25,2026-03-25T21:24:35.575717+00:00
44058076_EV-012,EV-012,2026-03-25T21:24:35.575717+00:00,683.13,683.13,0.0,36.72,2026-03-25T21:24:35.575717+00:00
44058076_EV-013,EV-013,2026-03-25T21:24:35.575717+00:00,653.16,653.16,0.0,51.12,2026-03-25T21:24:35.575717+00:00
44058076_EV-014,EV-014,2026-03-25T21:24:35.575717+00:00,280.2,280.2,0.0,23.6,2026-03-25T21:24:35.575717+00:00
44058076_EV-015,EV-015,2026-03-25T21:24:35.575717+00:00,286.8,286.8,0.0,26.5,2026-03-25T21:24:35.575717+00:00
44058076_EV-016,EV-016,2026-03-25T21:24:35.575717+00:00,653.16,653.16,0.0,66.0,2026-03-25T21:24:35.575717+00:00
44058076_EV-017,EV-017,2026-03-25T21:24:35.575717+00:00,418.06,418.06,0.0,33.06,2026-03-25T21:24:35.575717+00:00
44058076_EV-018,EV-018,2026-03-25T21:24:35.575717+00:00,620.6,620.6,0.0,42.35,2026-03-25T21:24:35.575717+00:00
44058076_EV-019,EV-019,2026-03-25T21:24:35.575717+00:00,620.6,620.6,0.0,47.4,2026-03-25T21:24:35.575717+00:00
44058076_EV-020,EV-020,2026-03-25T21:24:35.575717+00:00,653.16,653.16,0.0,81.7,2026-03-25T21:24:35.575717+00:00
44058076_EV-021,EV-021,2026-03-25T21:24:35.575717+00:00,282.39,282.39,0.0,24.0,2026-03-25T21:24:35.575717+00:00
44058076_EV-022,EV-022,2026-03-25T21:24:35.575717+00:00,418.06,418.06,0.0,35.4,2026-03-25T21:24:35.575717+00:00
44058076_EV-023,EV-023,2026-03-25T21:24:35.575717+00:00,653.16,653.16,0.0,56.8,2026-03-25T21:24:35.575717+00:00
44058076_EV-024,EV-024,2026-03-25T21:24:35.575717+00:00,620.6,620.6,0.0,44.8,2026-03-25T21:24:35.575717+00:00
44058076_EV-025,EV-025,2026-03-25T21:24:35.575717+00:00,418.06,418.06,0.0,33.0,2026-03-25T21:24:35.575717+00:00
44058076_EV-026,EV-026,2026-03-25T21:24:35.575717+00:00,653.16,653.16,0.0,60.06,2026-03-25T21:24:35.575717+00:00
44058076_EV-027,EV-027,2026-03-25T21:24:35.575717+00:00,418.06,418.06,0.0,33.0,2026-03-25T21:24:35.575717+00:00
44058076_EV-028,EV-028,2026-03-25T21:24:35.575717+00:00,620.6,620.6,0.0,47.5,2026-03-25T21:24:35.575717+00:00
44058076_EV-029,EV-029,2026-03-25T21:24:35.575717+00:00,277.36,277.36,0.0,14.5,2026-03-25T21:24:35.575717+00:00
44058076_EV-030,EV-030,2026-03-25T21:24:35.575717+00:00,653.16,653.16,0.0,60.83,2026-03-25T21:24:35.575717+00:00
44058076_EV-031,EV-031,2026-03-25T21:24:35.575717+00:00,653.16,653.16,0.0,56.21,2026-03-25T21:24:35.575717+00:00
44058076_EV-032,EV-032,2026-03-25T21:24:35.575717+00:00,271.44,271.44,0.0,18.0,2026-03-25T21:24:35.575717+00:00
44058076_EV-033,EV-033,2026-03-25T21:24:35.575717+00:00,392.26,392.26,0.0,31.5,2026-03-25T21:24:35.575717+00:00
44058076_EV-034,EV-034,2026-03-25T21:24:35.575717+00:00,653.16,653.16,0.0,61.5,2026-03-25T21:24:35.575717+00:00
44058076_EV-035,EV-035,2026-03-25T21:24:35.575717+00:00,653.16,653.16,0.0,52.36,2026-03-25T21:24:35.575717+00:00
44058076_EV-036,EV-036,2026-03-25T21:24:35.575717+00:00,620.6,620.6,0.0,42.35,2026-03-25T21:24:35.575717+00:00
44058076_EV-037,EV-037,2026-03-25T21:24:35.575717+00:00,646.31,646.31,0.0,40.02,2026-03-25T21:24:35.575717+00:00
44058076_EV-038,EV-038,2026-03-25T21:24:35.575717+00:00,418.06,418.06,0.0,34.2,2026-03-25T21:24:35.575717+00:00
44058076_EV-039,EV-039,2026-03-25T21:24:35.575717+00:00,653.16,653.16,0.0,56.05,2026-03-25T21:24:35.575717+00:00
44058076_EV-040,EV-040,2026-03-25T21:24:35.575717+00:00,653.16,653.16,0.0,51.0,2026-03-25T21:24:35.575717+00:00
44058076_EV-041,EV-041,2026-03-25T21:24:35.575717+00:00,683.13,683.13,0.0,36.72,2026-03-25T21:24:35.575717+00:00
aaa2d6a9_EV-001,EV-001,2026-03-25T21:24:51.898654+00:00,280.87,280.87,0.0,20.13,2026-03-25T21:24:51.898654+00:00
aaa2d6a9_EV-002,EV-002,2026-03-25T21:24:51.898654+00:00,280.2,280.2,0.0,22.8,2026-03-25T21:24:51.898654+00:00
aaa2d6a9_EV-003,EV-003,2026-03-25T21:24:51.898654+00:00,280.2,280.2,0.0,23.43,2026-03-25T21:24:51.898654+00:00
aaa2d6a9_EV-004,EV-004,2026-03-25T21:24:51.898654+00:00,683.13,683.13,0.0,39.0,2026-03-25T21:24:51.898654+00:00
aaa2d6a9_EV-005,EV-005,2026-03-25T21:24:51.898654+00:00,620.6,620.6,0.0,42.0,2026-03-25T21:24:51.898654+00:00
aaa2d6a9_EV-006,EV-006,2026-03-25T21:24:51.898654+00:00,653.16,653.16,0.0,50.25,2026-03-25T21:24:51.898654+00:00
aaa2d6a9_EV-007,EV-007,2026-03-25T21:24:51.898654+00:00,284.86,284.86,0.0,29.26,2026-03-25T21:24:51.898654+00:00
aaa2d6a9_EV-008,EV-008,2026-03-25T21:24:51.898654+00:00,620.6,620.6,0.0,43.5,2026-03-25T21:24:51.898654+00:00
aaa2d6a9_EV-009,EV-009,2026-03-25T21:24:51.898654+00:00,620.6,620.6,0.0,45.75,2026-03-25T21:24:51.898654+00:00
aaa2d6a9_EV-010,EV-010,2026-03-25T21:24:51.898654+00:00,392.26,392.26,0.0,31.68,2026-03-25T21:24:51.898654+00:00
aaa2d6a9_EV-011,EV-011,2026-03-25T21:24:51.898654+00:00,653.16,653.16,0.0,62.25,2026-03-25T21:24:51.898654+00:00
aaa2d6a9_EV-012,EV-012,2026-03-25T21:24:51.898654+00:00,683.13,683.13,0.0,36.72,2026-03-25T21:24:51.898654+00:00
aaa2d6a9_EV-013,EV-013,2026-03-25T21:24:51.898654+00:00,653.16,653.16,0.0,51.12,2026-03-25T21:24:51.898654+00:00
aaa2d6a9_EV-014,EV-014,2026-03-25T21:24:51.898654+00:00,280.2,280.2,0.0,23.6,2026-03-25T21:24:51.898654+00:00
aaa2d6a9_EV-015,EV-015,2026-03-25T21:24:51.898654+00:00,286.8,286.8,0.0,26.5,2026-03-25T21:24:51.898654+00:00
aaa2d6a9_EV-016,EV-016,2026-03-25T21:24:51.898654+00:00,653.16,653.16,0.0,66.0,2026-03-25T21:24:51.898654+00:00
aaa2d6a9_EV-017,EV-017,2026-03-25T21:24:51.898654+00:00,418.06,418.06,0.0,33.06,2026-03-25T21:24:51.898654+00:00
aaa2d6a9_EV-018,EV-018,2026-03-25T21:24:51.898654+00:00,620.6,620.6,0.0,42.35,2026-03-25T21:24:51.898654+00:00
aaa2d6a9_EV-019,EV-019,2026-03-25T21:24:51.898654+00:00,620.6,620.6,0.0,47.4,2026-03-25T21:24:51.898654+00:00
aaa2d6a9_EV-020,EV-020,2026-03-25T21:24:51.898654+00:00,653.16,653.16,0.0,81.7,2026-03-25T21:24:51.898654+00:00
aaa2d6a9_EV-021,EV-021,2026-03-25T21:24:51.898654+00:00,282.39,282.39,0.0,24.0,2026-03-25T21:24:51.898654+00:00
aaa2d6a9_EV-022,EV-022,2026-03-25T21:24:51.898654+00:00,418.06,418.06,0.0,35.4,2026-03-25T21:24:51.898654+00:00
aaa2d6a9_EV-023,EV-023,2026-03-25T21:24:51.898654+00:00,653.16,653.16,0.0,56.8,2026-03-25T21:24:51.898654+00:00
aaa2d6a9_EV-024,EV-024,2026-03-25T21:24:51.898654+00:00,620.6,620.6,0.0,44.8,2026-03-25T21:24:51.898654+00:00
aaa2d6a9_EV-025,EV-025,2026-03-25T21:24:51.898654+00:00,418.06,418.06,0.0,33.0,2026-03-25T21:24:51.898654+00:00
aaa2d6a9_EV-026,EV-026,2026-03-25T21:24:51.898654+00:00,653.16,653.16,0.0,60.06,2026-03-25T21:24:51.898654+00:00
aaa2d6a9_EV-027,EV-027,2026-03-25T21:24:51.898654+00:00,418.06,418.06,0.0,33.0,2026-03-25T21:24:51.898654+00:00
aaa2d6a9_EV-028,EV-028,2026-03-25T21:24:51.898654+00:00,620.6,620.6,0.0,47.5,2026-03-25T21:24:51.898654+00:00
aaa2d6a9_EV-029,EV-029,2026-03-25T21:24:51.898654+00:00,277.36,277.36,0.0,14.5,2026-03-25T21:24:51.898654+00:00
aaa2d6a9_EV-030,EV-030,2026-03-25T21:24:51.898654+00:00,653.16,653.16,0.0,60.83,2026-03-25T21:24:51.898654+00:00
aaa2d6a9_EV-031,EV-031,2026-03-25T21:24:51.898654+00:00,653.16,653.16,0.0,56.21,2026-03-25T21:24:51.898654+00:00
aaa2d6a9_EV-032,EV-032,2026-03-25T21:24:51.898654+00:00,271.44,271.44,0.0,18.0,2026-03-25T21:24:51.898654+00:00
aaa2d6a9_EV-033,EV-033,2026-03-25T21:24:51.898654+00:00,392.26,392.26,0.0,31.5,2026-03-25T21:24:51.898654+00:00
aaa2d6a9_EV-034,EV-034,2026-03-25T21:24:51.898654+00:00,653.16,653.16,0.0,61.5,2026-03-25T21:24:51.898654+00:00
aaa2d6a9_EV-035,EV-035,2026-03-25T21:24:51.898654+00:00,653.16,653.16,0.0,52.36,2026-03-25T21:24:51.898654+00:00
aaa2d6a9_EV-036,EV-036,2026-03-25T21:24:51.898654+00:00,620.6,620.6,0.0,42.35,2026-03-25T21:24:51.898654+00:00
aaa2d6a9_EV-037,EV-037,2026-03-25T21:24:51.898654+00:00,646.31,646.31,0.0,40.02,2026-03-25T21:24:51.898654+00:00
aaa2d6a9_EV-038,EV-038,2026-03-25T21:24:51.898654+00:00,418.06,418.06,0.0,34.2,2026-03-25T21:24:51.898654+00:00
aaa2d6a9_EV-039,EV-039,2026-03-25T21:24:51.898654+00:00,653.16,653.16,0.0,56.05,2026-03-25T21:24:51.898654+00:00
aaa2d6a9_EV-040,EV-040,2026-03-25T21:24:51.898654+00:00,653.16,653.16,0.0,51.0,2026-03-25T21:24:51.898654+00:00
aaa2d6a9_EV-041,EV-041,2026-03-25T21:24:51.898654+00:00,683.13,683.13,0.0,36.72,2026-03-25T21:24:51.898654+00:00
aaa2d6a9_EV-042,EV-042,2026-03-25T21:24:51.898654+00:00,620.6,620.6,0.0,44.66,2026-03-25T21:24:51.898654+00:00
aaa2d6a9_EV-043,EV-043,2026-03-25T21:24:51.898654+00:00,653.16,653.16,0.0,61.75,2026-03-25T21:24:51.898654+00:00
aaa2d6a9_EV-044,EV-044,2026-03-25T21:24:51.898654+00:00,280.2,280.2,0.0,23.2,2026-03-25T21:24:51.898654+00:00
aaa2d6a9_EV-045,EV-045,2026-03-25T21:24:51.898654+00:00,620.6,620.6,0.0,43.12,2026-03-25T21:24:51.898654+00:00
aaa2d6a9_EV-046,EV-046,2026-03-25T21:24:51.898654+00:00,282.39,282.39,0.0,24.4,2026-03-25T21:24:51.898654+00:00
aaa2d6a9_EV-047,EV-047,2026-03-25T21:24:51.898654+00:00,653.16,653.16,0.0,64.0,2026-03-25T21:24:51.898654+00:00
aaa2d6a9_EV-048,EV-048,2026-03-25T21:24:51.898654+00:00,620.6,620.6,0.0,46.98,2026-03-25T21:24:51.898654+00:00
aaa2d6a9_EV-049,EV-049,2026-03-25T21:24:51.898654+00:00,620.6,620.6,0.0,43.12,2026-03-25T21:24:51.898654+00:00
aaa2d6a9_EV-050,EV-050,2026-03-25T21:24:51.898654+00:00,392.26,392.26,0.0,31.5,2026-03-25T21:24:51.898654+00:00
faeb61d2_EV-001,EV-001,2026-03-25T21:25:07.464247+00:00,280.87,280.87,0.0,20.13,2026-03-25T21:25:07.464247+00:00
faeb61d2_EV-002,EV-002,2026-03-25T21:25:07.464247+00:00,280.2,280.2,0.0,22.8,2026-03-25T21:25:07.464247+00:00
faeb61d2_EV-003,EV-003,2026-03-25T21:25:07.464247+00:00,280.2,280.2,0.0,23.43,2026-03-25T21:25:07.464247+00:00
faeb61d2_EV-004,EV-004,2026-03-25T21:25:07.464247+00:00,683.13,683.13,0.0,39.0,2026-03-25T21:25:07.464247+00:00
faeb61d2_EV-005,EV-005,2026-03-25T21:25:07.464247+00:00,620.6,620.6,0.0,42.0,2026-03-25T21:25:07.464247+00:00
faeb61d2_EV-006,EV-006,2026-03-25T21:25:07.464247+00:00,653.16,653.16,0.0,50.25,2026-03-25T21:25:07.464247+00:00
faeb61d2_EV-007,EV-007,2026-03-25T21:25:07.464247+00:00,284.86,284.86,0.0,29.26,2026-03-25T21:25:07.464247+00:00
faeb61d2_EV-008,EV-008,2026-03-25T21:25:07.464247+00:00,620.6,620.6,0.0,43.5,2026-03-25T21:25:07.464247+00:00
faeb61d2_EV-009,EV-009,2026-03-25T21:25:07.464247+00:00,620.6,620.6,0.0,45.75,2026-03-25T21:25:07.464247+00:00
faeb61d2_EV-010,EV-010,2026-03-25T21:25:07.464247+00:00,392.26,392.26,0.0,31.68,2026-03-25T21:25:07.464247+00:00
faeb61d2_EV-011,EV-011,2026-03-25T21:25:07.464247+00:00,653.16,653.16,0.0,62.25,2026-03-25T21:25:07.464247+00:00
faeb61d2_EV-012,EV-012,2026-03-25T21:25:07.464247+00:00,683.13,683.13,0.0,36.72,2026-03-25T21:25:07.464247+00:00
faeb61d2_EV-013,EV-013,2026-03-25T21:25:07.464247+00:00,653.16,653.16,0.0,51.12,2026-03-25T21:25:07.464247+00:00
faeb61d2_EV-014,EV-014,2026-03-25T21:25:07.464247+00:00,280.2,280.2,0.0,23.6,2026-03-25T21:25:07.464247+00:00
faeb61d2_EV-015,EV-015,2026-03-25T21:25:07.464247+00:00,286.8,286.8,0.0,26.5,2026-03-25T21:25:07.464247+00:00
faeb61d2_EV-016,EV-016,2026-03-25T21:25:07.464247+00:00,653.16,653.16,0.0,66.0,2026-03-25T21:25:07.464247+00:00
faeb61d2_EV-017,EV-017,2026-03-25T21:25:07.464247+00:00,418.06,418.06,0.0,33.06,2026-03-25T21:25:07.464247+00:00
faeb61d2_EV-018,EV-018,2026-03-25T21:25:07.464247+00:00,620.6,620.6,0.0,42.35,2026-03-25T21:25:07.464247+00:00
faeb61d2_EV-019,EV-019,2026-03-25T21:25:07.464247+00:00,620.6,620.6,0.0,47.4,2026-03-25T21:25:07.464247+00:00
faeb61d2_EV-020,EV-020,2026-03-25T21:25:07.464247+00:00,653.16,653.16,0.0,81.7,2026-03-25T21:25:07.464247+00:00
faeb61d2_EV-021,EV-021,2026-03-25T21:25:07.464247+00:00,282.39,282.39,0.0,24.0,2026-03-25T21:25:07.464247+00:00
faeb61d2_EV-022,EV-022,2026-03-25T21:25:07.464247+00:00,418.06,418.06,0.0,35.4,2026-03-25T21:25:07.464247+00:00
faeb61d2_EV-023,EV-023,2026-03-25T21:25:07.464247+00:00,653.16,653.16,0.0,56.8,2026-03-25T21:25:07.464247+00:00
faeb61d2_EV-024,EV-024,2026-03-25T21:25:07.464247+00:00,620.6,620.6,0.0,44.8,2026-03-25T21:25:07.464247+00:00
faeb61d2_EV-025,EV-025,2026-03-25T21:25:07.464247+00:00,418.06,418.06,0.0,33.0,2026-03-25T21:25:07.464247+00:00
faeb61d2_EV-026,EV-026,2026-03-25T21:25:07.464247+00:00,653.16,653.16,0.0,60.06,2026-03-25T21:25:07.464247+00:00
faeb61d2_EV-027,EV-027,2026-03-25T21:25:07.464247+00:00,418.06,418.06,0.0,33.0,2026-03-25T21:25:07.464247+00:00
faeb61d2_EV-028,EV-028,2026-03-25T21:25:07.464247+00:00,620.6,620.6,0.0,47.5,2026-03-25T21:25:07.464247+00:00
faeb61d2_EV-029,EV-029,2026-03-25T21:25:07.464247+00:00,277.36,277.36,0.0,14.5,2026-03-25T21:25:07.464247+00:00
faeb61d2_EV-030,EV-030,2026-03-25T21:25:07.464247+00:00,653.16,653.16,0.0,60.83,2026-03-25T21:25:07.464247+00:00
faeb61d2_EV-031,EV-031,2026-03-25T21:25:07.464247+00:00,653.16,653.16,0.0,56.21,2026-03-25T21:25:07.464247+00:00
faeb61d2_EV-032,EV-032,2026-03-25T21:25:07.464247+00:00,271.44,271.44,0.0,18.0,2026-03-25T21:25:07.464247+00:00
faeb61d2_EV-033,EV-033,2026-03-25T21:25:07.464247+00:00,392.26,392.26,0.0,31.5,2026-03-25T21:25:07.464247+00:00
faeb61d2_EV-034,EV-034,2026-03-25T21:25:07.464247+00:00,653.16,653.16,0.0,61.5,2026-03-25T21:25:07.464247+00:00
faeb61d2_EV-035,EV-035,2026-03-25T21:25:07.464247+00:00,653.16,653.16,0.0,52.36,2026-03-25T21:25:07.464247+00:00
faeb61d2_EV-036,EV-036,2026-03-25T21:25:07.464247+00:00,620.6,620.6,0.0,42.35,2026-03-25T21:25:07.464247+00:00
faeb61d2_EV-037,EV-037,2026-03-25T21:25:07.464247+00:00,646.31,646.31,0.0,40.02,2026-03-25T21:25:07.464247+00:00
faeb61d2_EV-038,EV-038,2026-03-25T21:25:07.464247+00:00,418.06,418.06,0.0,34.2,2026-03-25T21:25:07.464247+00:00
faeb61d2_EV-039,EV-039,2026-03-25T21:25:07.464247+00:00,653.16,653.16,0.0,56.05,2026-03-25T21:25:07.464247+00:00
faeb61d2_EV-040,EV-040,2026-03-25T21:25:07.464247+00:00,653.16,653.16,0.0,51.0,2026-03-25T21:25:07.464247+00:00
faeb61d2_EV-041,EV-041,2026-03-25T21:25:07.464247+00:00,683.13,683.13,0.0,36.72,2026-03-25T21:25:07.464247+00:00
faeb61d2_EV-042,EV-042,2026-03-25T21:25:07.464247+00:00,620.6,620.6,0.0,44.66,2026-03-25T21:25:07.464247+00:00
faeb61d2_EV-043,EV-043,2026-03-25T21:25:07.464247+00:00,653.16,653.16,0.0,61.75,2026-03-25T21:25:07.464247+00:00
faeb61d2_EV-044,EV-044,2026-03-25T21:25:07.464247+00:00,280.2,280.2,0.0,23.2,2026-03-25T21:25:07.464247+00:00
faeb61d2_EV-045,EV-045,2026-03-25T21:25:07.464247+00:00,620.6,620.6,0.0,43.12,2026-03-25T21:25:07.464247+00:00
faeb61d2_EV-046,EV-046,2026-03-25T21:25:07.464247+00:00,282.39,282.39,0.0,24.4,2026-03-25T21:25:07.464247+00:00
faeb61d2_EV-047,EV-047,2026-03-25T21:25:07.464247+00:00,653.16,653.16,0.0,64.0,2026-03-25T21:25:07.464247+00:00
faeb61d2_EV-048,EV-048,2026-03-25T21:25:07.464247+00:00,620.6,620.6,0.0,46.98,2026-03-25T21:25:07.464247+00:00
faeb61d2_EV-049,EV-049,2026-03-25T21:25:07.464247+00:00,620.6,620.6,0.0,43.12,2026-03-25T21:25:07.464247+00:00
faeb61d2_EV-050,EV-050,2026-03-25T21:25:07.464247+00:00,392.26,392.26,0.0,31.5,2026-03-25T21:25:07.464247+00:00
e7f97b51_EV-001,EV-001,2026-03-25T21:27:28.844582+00:00,278.29,278.29,0.0,20.13,2026-03-25T21:27:28.844582+00:00
e7f97b51_EV-002,EV-002,2026-03-25T21:27:28.844582+00:00,277.63,277.63,0.0,22.8,2026-03-25T21:27:28.844582+00:00
e7f97b51_EV-003,EV-003,2026-03-25T21:27:28.844582+00:00,277.63,277.63,0.0,23.43,2026-03-25T21:27:28.844582+00:00
e7f97b51_EV-004,EV-004,2026-03-25T21:27:28.844582+00:00,680.56,680.56,0.0,39.0,2026-03-25T21:27:28.844582+00:00
e7f97b51_EV-005,EV-005,2026-03-25T21:27:28.844582+00:00,618.03,618.03,0.0,42.0,2026-03-25T21:27:28.844582+00:00
e7f97b51_EV-006,EV-006,2026-03-25T21:27:28.844582+00:00,650.59,650.59,0.0,50.25,2026-03-25T21:27:28.844582+00:00
e7f97b51_EV-007,EV-007,2026-03-25T21:27:28.844582+00:00,282.29,282.29,0.0,29.26,2026-03-25T21:27:28.844582+00:00
e7f97b51_EV-008,EV-008,2026-03-25T21:27:28.844582+00:00,618.03,618.03,0.0,43.5,2026-03-25T21:27:28.844582+00:00
e7f97b51_EV-009,EV-009,2026-03-25T21:27:28.844582+00:00,618.03,618.03,0.0,45.75,2026-03-25T21:27:28.844582+00:00
e7f97b51_EV-010,EV-010,2026-03-25T21:27:28.844582+00:00,389.69,389.69,0.0,31.68,2026-03-25T21:27:28.844582+00:00
e7f97b51_EV-011,EV-011,2026-03-25T21:27:28.844582+00:00,650.59,650.59,0.0,62.25,2026-03-25T21:27:28.844582+00:00
e7f97b51_EV-012,EV-012,2026-03-25T21:27:28.844582+00:00,680.56,680.56,0.0,36.72,2026-03-25T21:27:28.844582+00:00
e7f97b51_EV-013,EV-013,2026-03-25T21:27:28.844582+00:00,650.59,650.59,0.0,51.12,2026-03-25T21:27:28.844582+00:00
e7f97b51_EV-014,EV-014,2026-03-25T21:27:28.844582+00:00,277.63,277.63,0.0,23.6,2026-03-25T21:27:28.844582+00:00
e7f97b51_EV-015,EV-015,2026-03-25T21:27:28.844582+00:00,284.23,284.23,0.0,26.5,2026-03-25T21:27:28.844582+00:00
e7f97b51_EV-016,EV-016,2026-03-25T21:27:28.844582+00:00,650.59,650.59,0.0,66.0,2026-03-25T21:27:28.844582+00:00
e7f97b51_EV-017,EV-017,2026-03-25T21:27:28.844582+00:00,415.49,415.49,0.0,33.06,2026-03-25T21:27:28.844582+00:00
e7f97b51_EV-018,EV-018,2026-03-25T21:27:28.844582+00:00,618.03,618.03,0.0,42.35,2026-03-25T21:27:28.844582+00:00
e7f97b51_EV-019,EV-019,2026-03-25T21:27:28.844582+00:00,618.03,618.03,0.0,47.4,2026-03-25T21:27:28.844582+00:00
e7f97b51_EV-020,EV-020,2026-03-25T21:27:28.844582+00:00,650.59,650.59,0.0,81.7,2026-03-25T21:27:28.844582+00:00
e7f97b51_EV-021,EV-021,2026-03-25T21:27:28.844582+00:00,279.82,279.82,0.0,24.0,2026-03-25T21:27:28.844582+00:00
e7f97b51_EV-022,EV-022,2026-03-25T21:27:28.844582+00:00,415.49,415.49,0.0,35.4,2026-03-25T21:27:28.844582+00:00
e7f97b51_EV-023,EV-023,2026-03-25T21:27:28.844582+00:00,650.59,650.59,0.0,56.8,2026-03-25T21:27:28.844582+00:00
e7f97b51_EV-024,EV-024,2026-03-25T21:27:28.844582+00:00,618.03,618.03,0.0,44.8,2026-03-25T21:27:28.844582+00:00
e7f97b51_EV-025,EV-025,2026-03-25T21:27:28.844582+00:00,415.49,415.49,0.0,33.0,2026-03-25T21:27:28.844582+00:00
e7f97b51_EV-026,EV-026,2026-03-25T21:27:28.844582+00:00,650.59,650.59,0.0,60.06,2026-03-25T21:27:28.844582+00:00
e7f97b51_EV-027,EV-027,2026-03-25T21:27:28.844582+00:00,415.49,415.49,0.0,33.0,2026-03-25T21:27:28.844582+00:00
e7f97b51_EV-028,EV-028,2026-03-25T21:27:28.844582+00:00,618.03,618.03,0.0,47.5,2026-03-25T21:27:28.844582+00:00
e7f97b51_EV-029,EV-029,2026-03-25T21:27:28.844582+00:00,274.79,274.79,0.0,14.5,2026-03-25T21:27:28.844582+00:00
e7f97b51_EV-030,EV-030,2026-03-25T21:27:28.844582+00:00,650.59,650.59,0.0,60.83,2026-03-25T21:27:28.844582+00:00
e7f97b51_EV-031,EV-031,2026-03-25T21:27:28.844582+00:00,650.59,650.59,0.0,56.21,2026-03-25T21:27:28.844582+00:00
e7f97b51_EV-032,EV-032,2026-03-25T21:27:28.844582+00:00,268.87,268.87,0.0,18.0,2026-03-25T21:27:28.844582+00:00
e7f97b51_EV-033,EV-033,2026-03-25T21:27:28.844582+00:00,389.69,389.69,0.0,31.5,2026-03-25T21:27:28.844582+00:00
e7f97b51_EV-034,EV-034,2026-03-25T21:27:28.844582+00:00,650.59,650.59,0.0,61.5,2026-03-25T21:27:28.844582+00:00
e7f97b51_EV-035,EV-035,2026-03-25T21:27:28.844582+00:00,650.59,650.59,0.0,52.36,2026-03-25T21:27:28.844582+00:00
e7f97b51_EV-036,EV-036,2026-03-25T21:27:28.844582+00:00,618.03,618.03,0.0,42.35,2026-03-25T21:27:28.844582+00:00
e7f97b51_EV-037,EV-037,2026-03-25T21:27:28.844582+00:00,643.74,643.74,0.0,40.02,2026-03-25T21:27:28.844582+00:00
e7f97b51_EV-038,EV-038,2026-03-25T21:27:28.844582+00:00,415.49,415.49,0.0,34.2,2026-03-25T21:27:28.844582+00:00
e7f97b51_EV-039,EV-039,2026-03-25T21:27:28.844582+00:00,650.59,650.59,0.0,56.05,2026-03-25T21:27:28.844582+00:00
e7f97b51_EV-040,EV-040,2026-03-25T21:27:28.844582+00:00,650.59,650.59,0.0,51.0,2026-03-25T21:27:28.844582+00:00
e7f97b51_EV-041,EV-041,2026-03-25T21:27:28.844582+00:00,680.56,680.56,0.0,36.72,2026-03-25T21:27:28.844582+00:00
e7f97b51_EV-042,EV-042,2026-03-25T21:27:28.844582+00:00,618.03,618.03,0.0,44.66,2026-03-25T21:27:28.844582+00:00
e7f97b51_EV-043,EV-043,2026-03-25T21:27:28.844582+00:00,650.59,650.59,0.0,61.75,2026-03-25T21:27:28.844582+00:00
e7f97b51_EV-044,EV-044,2026-03-25T21:27:28.844582+00:00,277.63,277.63,0.0,23.2,2026-03-25T21:27:28.844582+00:00
e7f97b51_EV-045,EV-045,2026-03-25T21:27:28.844582+00:00,618.03,618.03,0.0,43.12,2026-03-25T21:27:28.844582+00:00
e7f97b51_EV-046,EV-046,2026-03-25T21:27:28.844582+00:00,279.82,279.82,0.0,24.4,2026-03-25T21:27:28.844582+00:00
e7f97b51_EV-047,EV-047,2026-03-25T21:27:28.844582+00:00,650.59,650.59,0.0,64.0,2026-03-25T21:27:28.844582+00:00
e7f97b51_EV-048,EV-048,2026-03-25T21:27:28.844582+00:00,618.03,618.03,0.0,46.98,2026-03-25T21:27:28.844582+00:00
e7f97b51_EV-049,EV-049,2026-03-25T21:27:28.844582+00:00,618.03,618.03,0.0,43.12,2026-03-25T21:27:28.844582+00:00
e7f97b51_EV-050,EV-050,2026-03-25T21:27:28.844582+00:00,389.69,389.69,0.0,31.5,2026-03-25T21:27:28.844582+00:00
57c63465_EV-001,EV-001,2026-03-25T21:29:08.977501+00:00,270.37,270.37,0.0,22.0,2026-03-25T21:29:09.032194+00:00
57c63465_EV-002,EV-002,2026-03-25T21:29:08.977501+00:00,403.95,403.95,0.0,34.0,2026-03-25T21:29:09.032194+00:00
57c63465_EV-003,EV-003,2026-03-25T21:29:08.977501+00:00,632.2,632.2,0.0,40.2,2026-03-25T21:29:09.032194+00:00
57c63465_EV-004,EV-004,2026-03-25T21:29:08.977501+00:00,632.2,632.2,0.0,41.25,2026-03-25T21:29:09.032194+00:00
57c63465_EV-005,EV-005,2026-03-25T21:29:08.977501+00:00,270.75,270.75,0.0,27.2,2026-03-25T21:29:09.032194+00:00
57c63465_EV-006,EV-006,2026-03-25T21:29:08.977501+00:00,269.03,269.03,0.0,23.2,2026-03-25T21:29:09.032194+00:00
57c63465_EV-007,EV-007,2026-03-25T21:29:08.977501+00:00,606.49,606.49,0.0,43.89,2026-03-25T21:29:09.032194+00:00
57c63465_EV-008,EV-008,2026-03-25T21:29:08.977501+00:00,403.95,403.95,0.0,36.0,2026-03-25T21:29:09.032194+00:00
57c63465_EV-009,EV-009,2026-03-25T21:29:08.977501+00:00,639.05,639.05,0.0,53.9,2026-03-25T21:29:09.032194+00:00
57c63465_EV-010,EV-010,2026-03-25T21:29:08.977501+00:00,606.49,606.49,0.0,42.75,2026-03-25T21:29:09.032194+00:00
57c63465_EV-011,EV-011,2026-03-25T21:29:08.977501+00:00,270.75,270.75,0.0,28.5,2026-03-25T21:29:09.032194+00:00
57c63465_EV-012,EV-012,2026-03-25T21:29:08.977501+00:00,403.95,403.95,0.0,35.0,2026-03-25T21:29:09.032194+00:00
57c63465_EV-013,EV-013,2026-03-25T21:29:08.977501+00:00,639.05,639.05,0.0,53.9,2026-03-25T21:29:09.032194+00:00
57c63465_EV-014,EV-014,2026-03-25T21:29:08.977501+00:00,264.29,264.29,0.0,17.49,2026-03-25T21:29:09.032194+00:00
57c63465_EV-015,EV-015,2026-03-25T21:29:08.977501+00:00,639.05,639.05,0.0,48.0,2026-03-25T21:29:09.032194+00:00
57c63465_EV-016,EV-016,2026-03-25T21:29:08.977501+00:00,270.75,270.75,0.0,28.8,2026-03-25T21:29:09.032194+00:00
57c63465_EV-017,EV-017,2026-03-25T21:29:08.977501+00:00,403.95,403.95,0.0,36.0,2026-03-25T21:29:09.032194+00:00
57c63465_EV-018,EV-018,2026-03-25T21:29:08.977501+00:00,270.75,270.75,0.0,30.24,2026-03-25T21:29:09.032194+00:00
57c63465_EV-019,EV-019,2026-03-25T21:29:08.977501+00:00,669.02,669.02,0.0,39.5,2026-03-25T21:29:09.032194+00:00
57c63465_EV-020,EV-020,2026-03-25T21:29:08.977501+00:00,403.95,403.95,0.0,35.25,2026-03-25T21:29:09.032194+00:00
990c583b_HEAVY-01,HEAVY-01,2026-03-25T21:29:08.977501+00:00,378.14,378.14,0.0,31.2,2026-03-25T21:29:10.044359+00:00
990c583b_HEAVY-02,HEAVY-02,2026-03-25T21:34:08.977501+00:00,408.95,408.95,0.0,34.2,2026-03-25T21:29:10.044359+00:00
990c583b_HEAVY-03,HEAVY-03,2026-03-25T21:37:08.977501+00:00,404.61,404.61,0.0,33.75,2026-03-25T21:29:10.044359+00:00
990c583b_HEAVY-04,HEAVY-04,2026-03-25T21:39:08.977501+00:00,634.5,634.5,0.0,53.9,2026-03-25T21:29:10.044359+00:00
990c583b_HEAVY-05,HEAVY-05,2026-03-25T21:44:08.977501+00:00,373.25,373.25,0.0,31.0,2026-03-25T21:29:10.044359+00:00
990c583b_HEAVY-06,HEAVY-06,2026-03-25T21:47:08.977501+00:00,663.93,663.93,0.0,38.86,2026-03-25T21:29:10.044359+00:00
990c583b_HEAVY-07,HEAVY-07,2026-03-25T21:49:08.977501+00:00,265.68,265.68,0.0,27.36,2026-03-25T21:29:10.044359+00:00
990c583b_HEAVY-08,HEAVY-08,2026-03-25T21:54:08.977501+00:00,632.17,632.17,0.0,44.66,2026-03-25T21:29:10.044359+00:00
990c583b_HEAVY-09,HEAVY-09,2026-03-25T21:57:08.977501+00:00,372.71,372.71,0.0,32.8,2026-03-25T21:29:10.044359+00:00
990c583b_HEAVY-10,HEAVY-10,2026-03-25T21:59:08.977501+00:00,262.35,262.35,0.0,27.0,2026-03-25T21:29:10.044359+00:00
990c583b_HEAVY-11,HEAVY-11,2026-03-25T22:04:08.977501+00:00,689.75,689.75,0.0,60.0,2026-03-25T21:29:10.044359+00:00
990c583b_HEAVY-12,HEAVY-12,2026-03-25T22:07:08.977501+00:00,667.69,667.69,0.0,42.75,2026-03-25T21:29:10.044359+00:00
990c583b_HEAVY-13,HEAVY-13,2026-03-25T22:09:08.977501+00:00,281.03,281.03,0.0,23.1,2026-03-25T21:29:10.044359+00:00
990c583b_HEAVY-14,HEAVY-14,2026-03-25T22:14:08.977501+00:00,289.45,289.45,0.0,29.6,2026-03-25T21:29:10.044359+00:00
990c583b_HEAVY-15,HEAVY-15,2026-03-25T22:17:08.977501+00:00,295.32,295.32,0.0,26.0,2026-03-25T21:29:10.044359+00:00
990c583b_HEAVY-16,HEAVY-16,2026-03-25T22:19:08.977501+00:00,445.86,445.86,0.0,34.5,2026-03-25T21:29:10.044359+00:00
990c583b_HEAVY-17,HEAVY-17,2026-03-25T22:24:08.977501+00:00,771.35,771.35,0.0,38.16,2026-03-25T21:29:10.044359+00:00
990c583b_HEAVY-18,HEAVY-18,2026-03-25T22:27:08.977501+00:00,337.37,337.37,0.0,22.5,2026-03-25T21:29:10.044359+00:00
990c583b_HEAVY-19,HEAVY-19,2026-03-25T22:29:08.977501+00:00,487.19,487.19,0.0,32.4,2026-03-25T21:29:10.044359+00:00
990c583b_HEAVY-20,HEAVY-20,2026-03-25T22:34:08.977501+00:00,360.2,360.2,0.0,30.0,2026-03-25T21:29:10.044359+00:00
990c583b_HEAVY-21,HEAVY-21,2026-03-25T22:39:08.977501+00:00,773.24,773.24,0.0,36.96,2026-03-25T21:29:10.044359+00:00
990c583b_HEAVY-22,HEAVY-22,2026-03-25T22:44:08.977501+00:00,772.07,772.07,0.0,58.52,2026-03-25T21:29:10.044359+00:00
990c583b_HEAVY-23,HEAVY-23,2026-03-25T22:49:08.977501+00:00,489.53,489.53,0.0,32.0,2026-03-25T21:29:10.044359+00:00
990c583b_HEAVY-24,HEAVY-24,2026-03-25T22:54:08.977501+00:00,332.75,332.75,0.0,17.4,2026-03-25T21:29:10.044359+00:00
990c583b_HEAVY-25,HEAVY-25,2026-03-25T22:59:08.977501+00:00,810.32,810.32,0.0,58.5,2026-03-25T21:29:10.044359+00:00
8fa6b792_KNOWN-01,KNOWN-01,2026-03-25T21:29:08.977501+00:00,272.69,90.0,-182.69,26.0,2026-03-25T21:29:11.036721+00:00
8fa6b792_KNOWN-02,KNOWN-02,2026-03-25T21:34:08.977501+00:00,408.95,120.0,-288.95,36.0,2026-03-25T21:29:11.036721+00:00
8fa6b792_KNOWN-03,KNOWN-03,2026-03-25T21:39:08.977501+00:00,373.6,150.0,-223.6,31.5,2026-03-25T21:29:11.036721+00:00
8fa6b792_KNOWN-04,KNOWN-04,2026-03-25T21:41:08.977501+00:00,402.43,90.0,-312.43,33.75,2026-03-25T21:29:11.036721+00:00
8fa6b792_KNOWN-05,KNOWN-05,2026-03-25T21:44:08.977501+00:00,639.34,120.0,-519.34,53.9,2026-03-25T21:29:11.036721+00:00
8fa6b792_KNOWN-06,KNOWN-06,2026-03-25T21:47:08.977501+00:00,410.79,180.0,-230.79,33.06,2026-03-25T21:29:11.036721+00:00
8fa6b792_KNOWN-07,KNOWN-07,2026-03-25T21:49:08.977501+00:00,267.62,90.0,-177.62,26.0,2026-03-25T21:29:11.036721+00:00
8fa6b792_KNOWN-08,KNOWN-08,2026-03-25T21:54:08.977501+00:00,276.35,120.0,-156.35,28.8,2026-03-25T21:29:11.036721+00:00
8fa6b792_UNKNOWN-01,UNKNOWN-01,2026-03-25T21:59:08.977501+00:00,634.66,634.66,0.0,43.2,2026-03-25T21:29:11.036721+00:00
8fa6b792_UNKNOWN-02,UNKNOWN-02,2026-03-25T22:04:08.977501+00:00,678.44,678.44,0.0,38.5,2026-03-25T21:29:11.036721+00:00
8fa6b792_UNKNOWN-03,UNKNOWN-03,2026-03-25T22:09:08.977501+00:00,293.13,293.13,0.0,27.2,2026-03-25T21:29:11.036721+00:00
8fa6b792_UNKNOWN-04,UNKNOWN-04,2026-03-25T22:14:08.977501+00:00,420.76,420.76,0.0,31.5,2026-03-25T21:29:11.036721+00:00
8fa6b792_UNKNOWN-05,UNKNOWN-05,2026-03-25T22:19:08.977501+00:00,686.47,686.47,0.0,40.6,2026-03-25T21:29:11.036721+00:00
8fa6b792_UNKNOWN-06,UNKNOWN-06,2026-03-25T22:24:08.977501+00:00,739.62,739.62,0.0,40.85,2026-03-25T21:29:11.036721+00:00
8fa6b792_UNKNOWN-07,UNKNOWN-07,2026-03-25T22:29:08.977501+00:00,487.19,487.19,0.0,32.0,2026-03-25T21:29:11.036721+00:00
8fa6b792_UNKNOWN-08,UNKNOWN-08,2026-03-25T22:34:08.977501+00:00,360.2,360.2,0.0,28.0,2026-03-25T21:29:11.036721+00:00
8fa6b792_UNKNOWN-09,UNKNOWN-09,2026-03-25T22:39:08.977501+00:00,734.77,734.77,0.0,43.89,2026-03-25T21:29:11.036721+00:00
8fa6b792_UNKNOWN-10,UNKNOWN-10,2026-03-25T22:44:08.977501+00:00,772.07,772.07,0.0,58.32,2026-03-25T21:29:11.036721+00:00
8fa6b792_UNKNOWN-11,UNKNOWN-11,2026-03-25T22:49:08.977501+00:00,354.34,354.34,0.0,15.18,2026-03-25T21:29:11.036721+00:00
8fa6b792_UNKNOWN-12,UNKNOWN-12,2026-03-25T22:59:08.977501+00:00,499.92,499.92,0.0,30.6,2026-03-25T21:29:11.036721+00:00
fdda6b92_EV-001,EV-001,2026-03-25T21:30:25.270889+00:00,285.47,285.47,0.0,22.0,2026-03-25T21:30:25.309601+00:00
fdda6b92_EV-002,EV-002,2026-03-25T21:30:25.270889+00:00,419.04,419.04,0.0,34.0,2026-03-25T21:30:25.309601+00:00
fdda6b92_EV-003,EV-003,2026-03-25T21:30:25.270889+00:00,647.29,647.29,0.0,40.2,2026-03-25T21:30:25.309601+00:00
fdda6b92_EV-004,EV-004,2026-03-25T21:30:25.270889+00:00,647.29,647.29,0.0,41.25,2026-03-25T21:30:25.309601+00:00
fdda6b92_EV-005,EV-005,2026-03-25T21:30:25.270889+00:00,285.84,285.84,0.0,27.2,2026-03-25T21:30:25.309601+00:00
fdda6b92_EV-006,EV-006,2026-03-25T21:30:25.270889+00:00,284.12,284.12,0.0,23.2,2026-03-25T21:30:25.309601+00:00
fdda6b92_EV-007,EV-007,2026-03-25T21:30:25.270889+00:00,621.58,621.58,0.0,43.89,2026-03-25T21:30:25.309601+00:00
fdda6b92_EV-008,EV-008,2026-03-25T21:30:25.270889+00:00,419.04,419.04,0.0,36.0,2026-03-25T21:30:25.309601+00:00
fdda6b92_EV-009,EV-009,2026-03-25T21:30:25.270889+00:00,654.14,654.14,0.0,53.9,2026-03-25T21:30:25.309601+00:00
fdda6b92_EV-010,EV-010,2026-03-25T21:30:25.270889+00:00,621.58,621.58,0.0,42.75,2026-03-25T21:30:25.309601+00:00
fdda6b92_EV-011,EV-011,2026-03-25T21:30:25.270889+00:00,285.84,285.84,0.0,28.5,2026-03-25T21:30:25.309601+00:00
fdda6b92_EV-012,EV-012,2026-03-25T21:30:25.270889+00:00,419.04,419.04,0.0,35.0,2026-03-25T21:30:25.309601+00:00
fdda6b92_EV-013,EV-013,2026-03-25T21:30:25.270889+00:00,654.14,654.14,0.0,53.9,2026-03-25T21:30:25.309601+00:00
fdda6b92_EV-014,EV-014,2026-03-25T21:30:25.270889+00:00,279.38,279.38,0.0,17.49,2026-03-25T21:30:25.309601+00:00
fdda6b92_EV-015,EV-015,2026-03-25T21:30:25.270889+00:00,654.14,654.14,0.0,48.0,2026-03-25T21:30:25.309601+00:00
fdda6b92_EV-016,EV-016,2026-03-25T21:30:25.270889+00:00,285.84,285.84,0.0,28.8,2026-03-25T21:30:25.309601+00:00
fdda6b92_EV-017,EV-017,2026-03-25T21:30:25.270889+00:00,419.04,419.04,0.0,36.0,2026-03-25T21:30:25.309601+00:00
fdda6b92_EV-018,EV-018,2026-03-25T21:30:25.270889+00:00,285.84,285.84,0.0,30.24,2026-03-25T21:30:25.309601+00:00
fdda6b92_EV-019,EV-019,2026-03-25T21:30:25.270889+00:00,684.11,684.11,0.0,39.5,2026-03-25T21:30:25.309601+00:00
fdda6b92_EV-020,EV-020,2026-03-25T21:30:25.270889+00:00,419.04,419.04,0.0,35.25,2026-03-25T21:30:25.309601+00:00
2479b547_HEAVY-01,HEAVY-01,2026-03-25T21:30:25.270889+00:00,393.23,393.23,0.0,31.2,2026-03-25T21:30:26.245402+00:00
2479b547_HEAVY-02,HEAVY-02,2026-03-25T21:35:25.270889+00:00,408.95,408.95,0.0,34.2,2026-03-25T21:30:26.245402+00:00
2479b547_HEAVY-03,HEAVY-03,2026-03-25T21:38:25.270889+00:00,399.4,399.4,0.0,33.75,2026-03-25T21:30:26.245402+00:00
2479b547_HEAVY-04,HEAVY-04,2026-03-25T21:40:25.270889+00:00,634.5,634.5,0.0,53.9,2026-03-25T21:30:26.245402+00:00
2479b547_HEAVY-05,HEAVY-05,2026-03-25T21:45:25.270889+00:00,373.25,373.25,0.0,31.0,2026-03-25T21:30:26.245402+00:00
2479b547_HEAVY-06,HEAVY-06,2026-03-25T21:48:25.270889+00:00,663.93,663.93,0.0,38.86,2026-03-25T21:30:26.245402+00:00
2479b547_HEAVY-07,HEAVY-07,2026-03-25T21:50:25.270889+00:00,263.97,263.97,0.0,27.36,2026-03-25T21:30:26.245402+00:00
2479b547_HEAVY-08,HEAVY-08,2026-03-25T21:55:25.270889+00:00,632.17,632.17,0.0,44.66,2026-03-25T21:30:26.245402+00:00
2479b547_HEAVY-09,HEAVY-09,2026-03-25T21:58:25.270889+00:00,372.71,372.71,0.0,32.8,2026-03-25T21:30:26.245402+00:00
2479b547_HEAVY-10,HEAVY-10,2026-03-25T22:00:25.270889+00:00,257.17,257.17,0.0,27.0,2026-03-25T21:30:26.245402+00:00
2479b547_HEAVY-11,HEAVY-11,2026-03-25T22:05:25.270889+00:00,700.25,700.25,0.0,60.0,2026-03-25T21:30:26.245402+00:00
2479b547_HEAVY-12,HEAVY-12,2026-03-25T22:08:25.270889+00:00,690.06,690.06,0.0,42.75,2026-03-25T21:30:26.245402+00:00
2479b547_HEAVY-13,HEAVY-13,2026-03-25T22:10:25.270889+00:00,281.03,281.03,0.0,23.1,2026-03-25T21:30:26.245402+00:00
2479b547_HEAVY-14,HEAVY-14,2026-03-25T22:15:25.270889+00:00,289.45,289.45,0.0,29.6,2026-03-25T21:30:26.245402+00:00
2479b547_HEAVY-15,HEAVY-15,2026-03-25T22:18:25.270889+00:00,295.32,295.32,0.0,26.0,2026-03-25T21:30:26.245402+00:00
2479b547_HEAVY-16,HEAVY-16,2026-03-25T22:20:25.270889+00:00,445.86,445.86,0.0,34.5,2026-03-25T21:30:26.245402+00:00
2479b547_HEAVY-17,HEAVY-17,2026-03-25T22:25:25.270889+00:00,771.35,771.35,0.0,38.16,2026-03-25T21:30:26.245402+00:00
2479b547_HEAVY-18,HEAVY-18,2026-03-25T22:28:25.270889+00:00,337.37,337.37,0.0,22.5,2026-03-25T21:30:26.245402+00:00
2479b547_HEAVY-19,HEAVY-19,2026-03-25T22:30:25.270889+00:00,493.88,493.88,0.0,32.4,2026-03-25T21:30:26.245402+00:00
2479b547_HEAVY-20,HEAVY-20,2026-03-25T22:35:25.270889+00:00,360.2,360.2,0.0,30.0,2026-03-25T21:30:26.245402+00:00
2479b547_HEAVY-21,HEAVY-21,2026-03-25T22:40:25.270889+00:00,773.24,773.24,0.0,36.96,2026-03-25T21:30:26.245402+00:00
2479b547_HEAVY-22,HEAVY-22,2026-03-25T22:45:25.270889+00:00,772.07,772.07,0.0,58.52,2026-03-25T21:30:26.245402+00:00
2479b547_HEAVY-23,HEAVY-23,2026-03-25T22:50:25.270889+00:00,499.9,499.9,0.0,32.0,2026-03-25T21:30:26.245402+00:00
2479b547_HEAVY-24,HEAVY-24,2026-03-25T22:55:25.270889+00:00,332.75,332.75,0.0,17.4,2026-03-25T21:30:26.245402+00:00
2479b547_HEAVY-25,HEAVY-25,2026-03-25T23:00:25.270889+00:00,810.79,810.79,0.0,58.5,2026-03-25T21:30:26.245402+00:00
1bcd7455_KNOWN-01,KNOWN-01,2026-03-25T21:30:25.270889+00:00,287.78,90.0,-197.78,26.0,2026-03-25T21:30:27.442733+00:00
1bcd7455_KNOWN-02,KNOWN-02,2026-03-25T21:35:25.270889+00:00,408.95,120.0,-288.95,36.0,2026-03-25T21:30:27.442733+00:00
1bcd7455_KNOWN-03,KNOWN-03,2026-03-25T21:40:25.270889+00:00,373.6,150.0,-223.6,31.5,2026-03-25T21:30:27.442733+00:00
1bcd7455_KNOWN-04,KNOWN-04,2026-03-25T21:42:25.270889+00:00,402.43,90.0,-312.43,33.75,2026-03-25T21:30:27.442733+00:00
1bcd7455_KNOWN-05,KNOWN-05,2026-03-25T21:45:25.270889+00:00,639.34,120.0,-519.34,53.9,2026-03-25T21:30:27.442733+00:00
1bcd7455_KNOWN-06,KNOWN-06,2026-03-25T21:48:25.270889+00:00,410.79,180.0,-230.79,33.06,2026-03-25T21:30:27.442733+00:00
1bcd7455_KNOWN-07,KNOWN-07,2026-03-25T21:50:25.270889+00:00,265.91,90.0,-175.91,26.0,2026-03-25T21:30:27.442733+00:00
1bcd7455_KNOWN-08,KNOWN-08,2026-03-25T21:55:25.270889+00:00,276.35,120.0,-156.35,28.8,2026-03-25T21:30:27.442733+00:00
1bcd7455_UNKNOWN-01,UNKNOWN-01,2026-03-25T22:00:25.270889+00:00,652.15,652.15,0.0,43.2,2026-03-25T21:30:27.442733+00:00
1bcd7455_UNKNOWN-02,UNKNOWN-02,2026-03-25T22:05:25.270889+00:00,686.72,686.72,0.0,38.5,2026-03-25T21:30:27.442733+00:00
1bcd7455_UNKNOWN-03,UNKNOWN-03,2026-03-25T22:10:25.270889+00:00,293.13,293.13,0.0,27.2,2026-03-25T21:30:27.442733+00:00
1bcd7455_UNKNOWN-04,UNKNOWN-04,2026-03-25T22:15:25.270889+00:00,420.76,420.76,0.0,31.5,2026-03-25T21:30:27.442733+00:00
1bcd7455_UNKNOWN-05,UNKNOWN-05,2026-03-25T22:20:25.270889+00:00,686.47,686.47,0.0,40.6,2026-03-25T21:30:27.442733+00:00
1bcd7455_UNKNOWN-06,UNKNOWN-06,2026-03-25T22:25:25.270889+00:00,739.62,739.62,0.0,40.85,2026-03-25T21:30:27.442733+00:00
1bcd7455_UNKNOWN-07,UNKNOWN-07,2026-03-25T22:30:25.270889+00:00,493.88,493.88,0.0,32.0,2026-03-25T21:30:27.442733+00:00
1bcd7455_UNKNOWN-08,UNKNOWN-08,2026-03-25T22:35:25.270889+00:00,360.2,360.2,0.0,28.0,2026-03-25T21:30:27.442733+00:00
1bcd7455_UNKNOWN-09,UNKNOWN-09,2026-03-25T22:40:25.270889+00:00,734.77,734.77,0.0,43.89,2026-03-25T21:30:27.442733+00:00
1bcd7455_UNKNOWN-10,UNKNOWN-10,2026-03-25T22:45:25.270889+00:00,772.07,772.07,0.0,58.32,2026-03-25T21:30:27.442733+00:00
1bcd7455_UNKNOWN-11,UNKNOWN-11,2026-03-25T22:50:25.270889+00:00,359.24,359.24,0.0,15.18,2026-03-25T21:30:27.442733+00:00
1bcd7455_UNKNOWN-12,UNKNOWN-12,2026-03-25T23:00:25.270889+00:00,500.39,500.39,0.0,30.6,2026-03-25T21:30:27.442733+00:00
f1e4cf4b_EV-001,EV-001,2026-03-25T21:30:35.381084+00:00,284.79,284.79,0.0,20.13,2026-03-25T21:30:35.381084+00:00
f1e4cf4b_EV-002,EV-002,2026-03-25T21:30:35.381084+00:00,284.12,284.12,0.0,22.8,2026-03-25T21:30:35.381084+00:00
f1e4cf4b_EV-003,EV-003,2026-03-25T21:30:35.381084+00:00,284.12,284.12,0.0,23.43,2026-03-25T21:30:35.381084+00:00
f1e4cf4b_EV-004,EV-004,2026-03-25T21:30:35.381084+00:00,684.11,684.11,0.0,39.0,2026-03-25T21:30:35.381084+00:00
f1e4cf4b_EV-005,EV-005,2026-03-25T21:30:35.381084+00:00,621.58,621.58,0.0,42.0,2026-03-25T21:30:35.381084+00:00
f1e4cf4b_EV-006,EV-006,2026-03-25T21:30:35.381084+00:00,654.14,654.14,0.0,50.25,2026-03-25T21:30:35.381084+00:00
f1e4cf4b_EV-007,EV-007,2026-03-25T21:30:35.381084+00:00,285.84,285.84,0.0,29.26,2026-03-25T21:30:35.381084+00:00
f1e4cf4b_EV-008,EV-008,2026-03-25T21:30:35.381084+00:00,621.58,621.58,0.0,43.5,2026-03-25T21:30:35.381084+00:00
f1e4cf4b_EV-009,EV-009,2026-03-25T21:30:35.381084+00:00,621.58,621.58,0.0,45.75,2026-03-25T21:30:35.381084+00:00
f1e4cf4b_EV-010,EV-010,2026-03-25T21:30:35.381084+00:00,393.23,393.23,0.0,31.68,2026-03-25T21:30:35.381084+00:00
97602b37_EV-001,EV-001,2026-03-25T21:30:51.584030+00:00,284.79,284.79,0.0,20.13,2026-03-25T21:30:51.584030+00:00
97602b37_EV-002,EV-002,2026-03-25T21:30:51.584030+00:00,284.12,284.12,0.0,22.8,2026-03-25T21:30:51.584030+00:00
97602b37_EV-003,EV-003,2026-03-25T21:30:51.584030+00:00,284.12,284.12,0.0,23.43,2026-03-25T21:30:51.584030+00:00
97602b37_EV-004,EV-004,2026-03-25T21:30:51.584030+00:00,684.11,684.11,0.0,39.0,2026-03-25T21:30:51.584030+00:00
97602b37_EV-005,EV-005,2026-03-25T21:30:51.584030+00:00,621.58,621.58,0.0,42.0,2026-03-25T21:30:51.584030+00:00
97602b37_EV-006,EV-006,2026-03-25T21:30:51.584030+00:00,654.14,654.14,0.0,50.25,2026-03-25T21:30:51.584030+00:00
97602b37_EV-007,EV-007,2026-03-25T21:30:51.584030+00:00,285.84,285.84,0.0,29.26,2026-03-25T21:30:51.584030+00:00
97602b37_EV-008,EV-008,2026-03-25T21:30:51.584030+00:00,621.58,621.58,0.0,43.5,2026-03-25T21:30:51.584030+00:00
97602b37_EV-009,EV-009,2026-03-25T21:30:51.584030+00:00,621.58,621.58,0.0,45.75,2026-03-25T21:30:51.584030+00:00
97602b37_EV-010,EV-010,2026-03-25T21:30:51.584030+00:00,393.23,393.23,0.0,31.68,2026-03-25T21:30:51.584030+00:00
97602b37_EV-011,EV-011,2026-03-25T21:30:51.584030+00:00,654.14,654.14,0.0,62.25,2026-03-25T21:30:51.584030+00:00
97602b37_EV-012,EV-012,2026-03-25T21:30:51.584030+00:00,684.11,684.11,0.0,36.72,2026-03-25T21:30:51.584030+00:00
97602b37_EV-013,EV-013,2026-03-25T21:30:51.584030+00:00,654.14,654.14,0.0,51.12,2026-03-25T21:30:51.584030+00:00
97602b37_EV-014,EV-014,2026-03-25T21:30:51.584030+00:00,284.12,284.12,0.0,23.6,2026-03-25T21:30:51.584030+00:00
97602b37_EV-015,EV-015,2026-03-25T21:30:51.584030+00:00,287.78,287.78,0.0,26.5,2026-03-25T21:30:51.584030+00:00
97602b37_EV-016,EV-016,2026-03-25T21:30:51.584030+00:00,654.14,654.14,0.0,66.0,2026-03-25T21:30:51.584030+00:00
97602b37_EV-017,EV-017,2026-03-25T21:30:51.584030+00:00,419.04,419.04,0.0,33.06,2026-03-25T21:30:51.584030+00:00
97602b37_EV-018,EV-018,2026-03-25T21:30:51.584030+00:00,621.58,621.58,0.0,42.35,2026-03-25T21:30:51.584030+00:00
97602b37_EV-019,EV-019,2026-03-25T21:30:51.584030+00:00,621.58,621.58,0.0,47.4,2026-03-25T21:30:51.584030+00:00
97602b37_EV-020,EV-020,2026-03-25T21:30:51.584030+00:00,654.14,654.14,0.0,81.7,2026-03-25T21:30:51.584030+00:00
97602b37_EV-021,EV-021,2026-03-25T21:30:51.584030+00:00,283.37,283.37,0.0,24.0,2026-03-25T21:30:51.584030+00:00
97602b37_EV-022,EV-022,2026-03-25T21:30:51.584030+00:00,419.04,419.04,0.0,35.4,2026-03-25T21:30:51.584030+00:00
97602b37_EV-023,EV-023,2026-03-25T21:30:51.584030+00:00,654.14,654.14,0.0,56.8,2026-03-25T21:30:51.584030+00:00
97602b37_EV-024,EV-024,2026-03-25T21:30:51.584030+00:00,621.58,621.58,0.0,44.8,2026-03-25T21:30:51.584030+00:00
97602b37_EV-025,EV-025,2026-03-25T21:30:51.584030+00:00,419.04,419.04,0.0,33.0,2026-03-25T21:30:51.584030+00:00
97602b37_EV-026,EV-026,2026-03-25T21:30:51.584030+00:00,654.14,654.14,0.0,60.06,2026-03-25T21:30:51.584030+00:00
97602b37_EV-027,EV-027,2026-03-25T21:30:51.584030+00:00,419.04,419.04,0.0,33.0,2026-03-25T21:30:51.584030+00:00
97602b37_EV-028,EV-028,2026-03-25T21:30:51.584030+00:00,621.58,621.58,0.0,47.5,2026-03-25T21:30:51.584030+00:00
97602b37_EV-029,EV-029,2026-03-25T21:30:51.584030+00:00,280.01,280.01,0.0,14.5,2026-03-25T21:30:51.584030+00:00
97602b37_EV-030,EV-030,2026-03-25T21:30:51.584030+00:00,654.14,654.14,0.0,60.83,2026-03-25T21:30:51.584030+00:00
97602b37_EV-031,EV-031,2026-03-25T21:30:51.584030+00:00,654.14,654.14,0.0,56.21,2026-03-25T21:30:51.584030+00:00
97602b37_EV-032,EV-032,2026-03-25T21:30:51.584030+00:00,277.43,277.43,0.0,18.0,2026-03-25T21:30:51.584030+00:00
97602b37_EV-033,EV-033,2026-03-25T21:30:51.584030+00:00,393.23,393.23,0.0,31.5,2026-03-25T21:30:51.584030+00:00
97602b37_EV-034,EV-034,2026-03-25T21:30:51.584030+00:00,654.14,654.14,0.0,61.5,2026-03-25T21:30:51.584030+00:00
97602b37_EV-035,EV-035,2026-03-25T21:30:51.584030+00:00,654.14,654.14,0.0,52.36,2026-03-25T21:30:51.584030+00:00
97602b37_EV-036,EV-036,2026-03-25T21:30:51.584030+00:00,621.58,621.58,0.0,42.35,2026-03-25T21:30:51.584030+00:00
97602b37_EV-037,EV-037,2026-03-25T21:30:51.584030+00:00,647.29,647.29,0.0,40.02,2026-03-25T21:30:51.584030+00:00
97602b37_EV-038,EV-038,2026-03-25T21:30:51.584030+00:00,419.04,419.04,0.0,34.2,2026-03-25T21:30:51.584030+00:00
97602b37_EV-039,EV-039,2026-03-25T21:30:51.584030+00:00,654.14,654.14,0.0,56.05,2026-03-25T21:30:51.584030+00:00
50da23c6_EV-001,EV-001,2026-03-25T21:46:28.160518+00:00,269.53,269.53,0.0,22.0,2026-03-25T21:46:28.199159+00:00
50da23c6_EV-002,EV-002,2026-03-25T21:46:28.160518+00:00,408.21,408.21,0.0,34.0,2026-03-25T21:46:28.199159+00:00
50da23c6_EV-003,EV-003,2026-03-25T21:46:28.160518+00:00,632.49,632.49,0.0,40.2,2026-03-25T21:46:28.199159+00:00
50da23c6_EV-004,EV-004,2026-03-25T21:46:28.160518+00:00,632.49,632.49,0.0,41.25,2026-03-25T21:46:28.199159+00:00
50da23c6_EV-005,EV-005,2026-03-25T21:46:28.160518+00:00,269.9,269.9,0.0,27.2,2026-03-25T21:46:28.199159+00:00
50da23c6_EV-006,EV-006,2026-03-25T21:46:28.160518+00:00,268.19,268.19,0.0,23.2,2026-03-25T21:46:28.199159+00:00
50da23c6_EV-007,EV-007,2026-03-25T21:46:28.160518+00:00,606.78,606.78,0.0,43.89,2026-03-25T21:46:28.199159+00:00
50da23c6_EV-008,EV-008,2026-03-25T21:46:28.160518+00:00,408.21,408.21,0.0,36.0,2026-03-25T21:46:28.199159+00:00
50da23c6_EV-009,EV-009,2026-03-25T21:46:28.160518+00:00,639.34,639.34,0.0,53.9,2026-03-25T21:46:28.199159+00:00
50da23c6_EV-010,EV-010,2026-03-25T21:46:28.160518+00:00,606.78,606.78,0.0,42.75,2026-03-25T21:46:28.199159+00:00
50da23c6_EV-011,EV-011,2026-03-25T21:46:28.160518+00:00,269.9,269.9,0.0,28.5,2026-03-25T21:46:28.199159+00:00
50da23c6_EV-012,EV-012,2026-03-25T21:46:28.160518+00:00,408.21,408.21,0.0,35.0,2026-03-25T21:46:28.199159+00:00
50da23c6_EV-013,EV-013,2026-03-25T21:46:28.160518+00:00,639.34,639.34,0.0,53.9,2026-03-25T21:46:28.199159+00:00
50da23c6_EV-014,EV-014,2026-03-25T21:46:28.160518+00:00,269.52,269.52,0.0,17.49,2026-03-25T21:46:28.199159+00:00
50da23c6_EV-015,EV-015,2026-03-25T21:46:28.160518+00:00,639.34,639.34,0.0,48.0,2026-03-25T21:46:28.199159+00:00
50da23c6_EV-016,EV-016,2026-03-25T21:46:28.160518+00:00,269.9,269.9,0.0,28.8,2026-03-25T21:46:28.199159+00:00
50da23c6_EV-017,EV-017,2026-03-25T21:46:28.160518+00:00,408.21,408.21,0.0,36.0,2026-03-25T21:46:28.199159+00:00
50da23c6_EV-018,EV-018,2026-03-25T21:46:28.160518+00:00,269.9,269.9,0.0,30.24,2026-03-25T21:46:28.199159+00:00
50da23c6_EV-019,EV-019,2026-03-25T21:46:28.160518+00:00,661.36,661.36,0.0,39.5,2026-03-25T21:46:28.199159+00:00
50da23c6_EV-020,EV-020,2026-03-25T21:46:28.160518+00:00,408.21,408.21,0.0,35.25,2026-03-25T21:46:28.199159+00:00
efb3a913_HEAVY-01,HEAVY-01,2026-03-25T21:46:28.160518+00:00,373.25,373.25,0.0,31.2,2026-03-25T21:46:28.470761+00:00
efb3a913_HEAVY-02,HEAVY-02,2026-03-25T21:51:28.160518+00:00,410.57,410.57,0.0,34.2,2026-03-25T21:46:28.470761+00:00
efb3a913_HEAVY-03,HEAVY-03,2026-03-25T21:54:28.160518+00:00,422.95,422.95,0.0,33.75,2026-03-25T21:46:28.470761+00:00
efb3a913_HEAVY-04,HEAVY-04,2026-03-25T21:56:28.160518+00:00,664.73,664.73,0.0,53.9,2026-03-25T21:46:28.470761+00:00
efb3a913_HEAVY-05,HEAVY-05,2026-03-25T22:01:28.160518+00:00,368.81,368.81,0.0,31.0,2026-03-25T21:46:28.470761+00:00
efb3a913_HEAVY-06,HEAVY-06,2026-03-25T22:04:28.160518+00:00,678.44,678.44,0.0,38.86,2026-03-25T21:46:28.470761+00:00
efb3a913_HEAVY-07,HEAVY-07,2026-03-25T22:06:28.160518+00:00,268.12,268.12,0.0,27.36,2026-03-25T21:46:28.470761+00:00
efb3a913_HEAVY-08,HEAVY-08,2026-03-25T22:11:28.160518+00:00,717.7,717.7,0.0,44.66,2026-03-25T21:46:28.470761+00:00
efb3a913_HEAVY-09,HEAVY-09,2026-03-25T22:14:28.160518+00:00,420.76,420.76,0.0,32.8,2026-03-25T21:46:28.470761+00:00
efb3a913_HEAVY-10,HEAVY-10,2026-03-25T22:16:28.160518+00:00,289.45,289.45,0.0,27.0,2026-03-25T21:46:28.470761+00:00
efb3a913_HEAVY-11,HEAVY-11,2026-03-25T22:21:28.160518+00:00,683.32,683.32,0.0,60.0,2026-03-25T21:46:28.470761+00:00
efb3a913_HEAVY-12,HEAVY-12,2026-03-25T22:24:28.160518+00:00,732.88,732.88,0.0,42.75,2026-03-25T21:46:28.470761+00:00
efb3a913_HEAVY-13,HEAVY-13,2026-03-25T22:26:28.160518+00:00,337.37,337.37,0.0,23.1,2026-03-25T21:46:28.470761+00:00
efb3a913_HEAVY-14,HEAVY-14,2026-03-25T22:31:28.160518+00:00,362.57,362.57,0.0,29.6,2026-03-25T21:46:28.470761+00:00
efb3a913_HEAVY-15,HEAVY-15,2026-03-25T22:34:28.160518+00:00,366.08,366.08,0.0,26.0,2026-03-25T21:46:28.470761+00:00
efb3a913_HEAVY-16,HEAVY-16,2026-03-25T22:36:28.160518+00:00,508.99,508.99,0.0,34.5,2026-03-25T21:46:28.470761+00:00
efb3a913_HEAVY-17,HEAVY-17,2026-03-25T22:41:28.160518+00:00,763.25,763.25,0.0,38.16,2026-03-25T21:46:28.470761+00:00
efb3a913_HEAVY-18,HEAVY-18,2026-03-25T22:44:28.160518+00:00,336.76,336.76,0.0,22.5,2026-03-25T21:46:28.470761+00:00
efb3a913_HEAVY-19,HEAVY-19,2026-03-25T22:46:28.160518+00:00,480.62,480.62,0.0,32.4,2026-03-25T21:46:28.470761+00:00
efb3a913_HEAVY-20,HEAVY-20,2026-03-25T22:51:28.160518+00:00,378.16,378.16,0.0,30.0,2026-03-25T21:46:28.470761+00:00
efb3a913_HEAVY-21,HEAVY-21,2026-03-25T22:56:28.160518+00:00,799.39,799.39,0.0,36.96,2026-03-25T21:46:28.470761+00:00
efb3a913_HEAVY-22,HEAVY-22,2026-03-25T23:01:28.160518+00:00,810.79,810.79,0.0,58.52,2026-03-25T21:46:28.470761+00:00
efb3a913_HEAVY-23,HEAVY-23,2026-03-25T23:06:28.160518+00:00,447.67,447.67,0.0,32.0,2026-03-25T21:46:28.470761+00:00
efb3a913_HEAVY-24,HEAVY-24,2026-03-25T23:11:28.160518+00:00,293.96,293.96,0.0,17.4,2026-03-25T21:46:28.470761+00:00
efb3a913_HEAVY-25,HEAVY-25,2026-03-25T23:16:28.160518+00:00,782.38,782.38,0.0,58.5,2026-03-25T21:46:28.470761+00:00
8ff1f734_KNOWN-01,KNOWN-01,2026-03-25T21:46:28.160518+00:00,271.84,90.0,-181.84,26.0,2026-03-25T21:46:28.979323+00:00
8ff1f734_KNOWN-02,KNOWN-02,2026-03-25T21:51:28.160518+00:00,410.57,120.0,-290.57,36.0,2026-03-25T21:46:28.979323+00:00
8ff1f734_KNOWN-03,KNOWN-03,2026-03-25T21:56:28.160518+00:00,387.99,150.0,-237.99,31.5,2026-03-25T21:46:28.979323+00:00
8ff1f734_KNOWN-04,KNOWN-04,2026-03-25T21:58:28.160518+00:00,407.67,90.0,-317.67,33.75,2026-03-25T21:46:28.979323+00:00
8ff1f734_KNOWN-05,KNOWN-05,2026-03-25T22:01:28.160518+00:00,684.71,120.0,-564.71,53.9,2026-03-25T21:46:28.979323+00:00
8ff1f734_KNOWN-06,KNOWN-06,2026-03-25T22:04:28.160518+00:00,408.81,180.0,-228.81,33.06,2026-03-25T21:46:28.979323+00:00
8ff1f734_KNOWN-07,KNOWN-07,2026-03-25T22:06:28.160518+00:00,269.15,90.0,-179.15,26.0,2026-03-25T21:46:28.979323+00:00
8ff1f734_KNOWN-08,KNOWN-08,2026-03-25T22:11:28.160518+00:00,313.3,120.0,-193.3,28.8,2026-03-25T21:46:28.979323+00:00
8ff1f734_UNKNOWN-01,UNKNOWN-01,2026-03-25T22:16:28.160518+00:00,679.73,679.73,0.0,43.2,2026-03-25T21:46:28.979323+00:00
8ff1f734_UNKNOWN-02,UNKNOWN-02,2026-03-25T22:21:28.160518+00:00,688.01,688.01,0.0,38.5,2026-03-25T21:46:28.979323+00:00
8ff1f734_UNKNOWN-03,UNKNOWN-03,2026-03-25T22:26:28.160518+00:00,355.88,355.88,0.0,27.2,2026-03-25T21:46:28.979323+00:00
8ff1f734_UNKNOWN-04,UNKNOWN-04,2026-03-25T22:31:28.160518+00:00,493.88,493.88,0.0,31.5,2026-03-25T21:46:28.979323+00:00
8ff1f734_UNKNOWN-05,UNKNOWN-05,2026-03-25T22:36:28.160518+00:00,741.51,741.51,0.0,40.6,2026-03-25T21:46:28.979323+00:00
8ff1f734_UNKNOWN-06,UNKNOWN-06,2026-03-25T22:41:28.160518+00:00,725.4,725.4,0.0,40.85,2026-03-25T21:46:28.979323+00:00
8ff1f734_UNKNOWN-07,UNKNOWN-07,2026-03-25T22:46:28.160518+00:00,480.62,480.62,0.0,32.0,2026-03-25T21:46:28.979323+00:00
8ff1f734_UNKNOWN-08,UNKNOWN-08,2026-03-25T22:51:28.160518+00:00,378.16,378.16,0.0,28.0,2026-03-25T21:46:28.979323+00:00
8ff1f734_UNKNOWN-09,UNKNOWN-09,2026-03-25T22:56:28.160518+00:00,776.45,776.45,0.0,43.89,2026-03-25T21:46:28.979323+00:00
8ff1f734_UNKNOWN-10,UNKNOWN-10,2026-03-25T23:01:28.160518+00:00,810.79,810.79,0.0,58.32,2026-03-25T21:46:28.979323+00:00
8ff1f734_UNKNOWN-11,UNKNOWN-11,2026-03-25T23:06:28.160518+00:00,299.37,299.37,0.0,15.18,2026-03-25T21:46:28.979323+00:00
8ff1f734_UNKNOWN-12,UNKNOWN-12,2026-03-25T23:16:28.160518+00:00,457.79,457.79,0.0,30.6,2026-03-25T21:46:28.979323+00:00
67dec46c_v1,v1,2026-03-25T21:48:44.109132+00:00,621.43,621.43,0.0,42.0,2026-03-25T21:48:44.109132+00:00
67dec46c_v2,v2,2026-03-25T21:48:44.109132+00:00,653.99,653.99,0.0,53.3,2026-03-25T21:48:44.109132+00:00
c79f0e27_v1,v1,2026-03-25T21:51:35.502726+00:00,621.21,621.21,0.0,42.0,2026-03-25T21:51:35.502726+00:00
c79f0e27_v2,v2,2026-03-25T21:51:35.502726+00:00,653.77,653.77,0.0,53.3,2026-03-25T21:51:35.502726+00:00
1fc3a4d7_EV-001,EV-001,2026-03-25T21:51:57.361062+00:00,263.59,263.59,0.0,22.0,2026-03-25T21:51:57.388869+00:00
1fc3a4d7_EV-002,EV-002,2026-03-25T21:51:57.361062+00:00,410.57,410.57,0.0,34.0,2026-03-25T21:51:57.388869+00:00
1fc3a4d7_EV-003,EV-003,2026-03-25T21:51:57.361062+00:00,634.85,634.85,0.0,40.2,2026-03-25T21:51:57.388869+00:00
1fc3a4d7_EV-004,EV-004,2026-03-25T21:51:57.361062+00:00,634.85,634.85,0.0,41.25,2026-03-25T21:51:57.388869+00:00
1fc3a4d7_EV-005,EV-005,2026-03-25T21:51:57.361062+00:00,263.97,263.97,0.0,27.2,2026-03-25T21:51:57.388869+00:00
1fc3a4d7_EV-006,EV-006,2026-03-25T21:51:57.361062+00:00,262.25,262.25,0.0,23.2,2026-03-25T21:51:57.388869+00:00
1fc3a4d7_EV-007,EV-007,2026-03-25T21:51:57.361062+00:00,621.21,621.21,0.0,43.89,2026-03-25T21:51:57.388869+00:00
1fc3a4d7_EV-008,EV-008,2026-03-25T21:51:57.361062+00:00,410.57,410.57,0.0,36.0,2026-03-25T21:51:57.388869+00:00
1fc3a4d7_EV-009,EV-009,2026-03-25T21:51:57.361062+00:00,653.77,653.77,0.0,53.9,2026-03-25T21:51:57.388869+00:00
1fc3a4d7_EV-010,EV-010,2026-03-25T21:51:57.361062+00:00,621.21,621.21,0.0,42.75,2026-03-25T21:51:57.388869+00:00
1fc3a4d7_EV-011,EV-011,2026-03-25T21:51:57.361062+00:00,263.97,263.97,0.0,28.5,2026-03-25T21:51:57.388869+00:00
1fc3a4d7_EV-012,EV-012,2026-03-25T21:51:57.361062+00:00,410.57,410.57,0.0,35.0,2026-03-25T21:51:57.388869+00:00
1fc3a4d7_EV-013,EV-013,2026-03-25T21:51:57.361062+00:00,653.77,653.77,0.0,53.9,2026-03-25T21:51:57.388869+00:00
1fc3a4d7_EV-014,EV-014,2026-03-25T21:51:57.361062+00:00,263.58,263.58,0.0,17.49,2026-03-25T21:51:57.388869+00:00
1fc3a4d7_EV-015,EV-015,2026-03-25T21:51:57.361062+00:00,653.77,653.77,0.0,48.0,2026-03-25T21:51:57.388869+00:00
1fc3a4d7_EV-016,EV-016,2026-03-25T21:51:57.361062+00:00,263.97,263.97,0.0,28.8,2026-03-25T21:51:57.388869+00:00
1fc3a4d7_EV-017,EV-017,2026-03-25T21:51:57.361062+00:00,410.57,410.57,0.0,36.0,2026-03-25T21:51:57.388869+00:00
1fc3a4d7_EV-018,EV-018,2026-03-25T21:51:57.361062+00:00,263.97,263.97,0.0,30.24,2026-03-25T21:51:57.388869+00:00
1fc3a4d7_EV-019,EV-019,2026-03-25T21:51:57.361062+00:00,663.71,663.71,0.0,39.5,2026-03-25T21:51:57.388869+00:00
1fc3a4d7_EV-020,EV-020,2026-03-25T21:51:57.361062+00:00,410.57,410.57,0.0,35.25,2026-03-25T21:51:57.388869+00:00
161000ee_HEAVY-01,HEAVY-01,2026-03-25T21:51:57.361062+00:00,375.61,375.61,0.0,31.2,2026-03-25T21:51:57.977805+00:00
161000ee_HEAVY-02,HEAVY-02,2026-03-25T21:56:57.361062+00:00,422.95,422.95,0.0,34.2,2026-03-25T21:51:57.977805+00:00
161000ee_HEAVY-03,HEAVY-03,2026-03-25T21:59:57.361062+00:00,408.96,408.96,0.0,33.75,2026-03-25T21:51:57.977805+00:00
161000ee_HEAVY-04,HEAVY-04,2026-03-25T22:01:57.361062+00:00,684.71,684.71,0.0,53.9,2026-03-25T21:51:57.977805+00:00
161000ee_HEAVY-05,HEAVY-05,2026-03-25T22:06:57.361062+00:00,379.76,379.76,0.0,31.0,2026-03-25T21:51:57.977805+00:00
161000ee_HEAVY-06,HEAVY-06,2026-03-25T22:09:57.361062+00:00,749.69,749.69,0.0,38.86,2026-03-25T21:51:57.977805+00:00
161000ee_HEAVY-07,HEAVY-07,2026-03-25T22:11:57.361062+00:00,313.3,313.3,0.0,27.36,2026-03-25T21:51:57.977805+00:00
161000ee_HEAVY-08,HEAVY-08,2026-03-25T22:16:57.361062+00:00,679.73,679.73,0.0,44.66,2026-03-25T21:51:57.977805+00:00
161000ee_HEAVY-09,HEAVY-09,2026-03-25T22:19:57.361062+00:00,420.76,420.76,0.0,32.8,2026-03-25T21:51:57.977805+00:00
161000ee_HEAVY-10,HEAVY-10,2026-03-25T22:21:57.361062+00:00,259.26,259.26,0.0,27.0,2026-03-25T21:51:57.977805+00:00
161000ee_HEAVY-11,HEAVY-11,2026-03-25T22:26:57.361062+00:00,767.78,767.78,0.0,60.0,2026-03-25T21:51:57.977805+00:00
161000ee_HEAVY-12,HEAVY-12,2026-03-25T22:29:57.361062+00:00,734.0,734.0,0.0,42.75,2026-03-25T21:51:57.977805+00:00
161000ee_HEAVY-13,HEAVY-13,2026-03-25T22:31:57.361062+00:00,344.06,344.06,0.0,23.1,2026-03-25T21:51:57.977805+00:00
161000ee_HEAVY-14,HEAVY-14,2026-03-25T22:36:57.361062+00:00,371.05,371.05,0.0,29.6,2026-03-25T21:51:57.977805+00:00
161000ee_HEAVY-15,HEAVY-15,2026-03-25T22:39:57.361062+00:00,376.92,376.92,0.0,26.0,2026-03-25T21:51:57.977805+00:00
161000ee_HEAVY-16,HEAVY-16,2026-03-25T22:41:57.361062+00:00,499.0,499.0,0.0,34.5,2026-03-25T21:51:57.977805+00:00
161000ee_HEAVY-17,HEAVY-17,2026-03-25T22:46:57.361062+00:00,767.97,767.97,0.0,38.16,2026-03-25T21:51:57.977805+00:00
161000ee_HEAVY-18,HEAVY-18,2026-03-25T22:49:57.361062+00:00,334.87,334.87,0.0,22.5,2026-03-25T21:51:57.977805+00:00
161000ee_HEAVY-19,HEAVY-19,2026-03-25T22:51:57.361062+00:00,499.9,499.9,0.0,32.4,2026-03-25T21:51:57.977805+00:00
161000ee_HEAVY-20,HEAVY-20,2026-03-25T22:56:57.361062+00:00,367.09,367.09,0.0,30.0,2026-03-25T21:51:57.977805+00:00
161000ee_HEAVY-21,HEAVY-21,2026-03-25T23:01:57.361062+00:00,805.09,805.09,0.0,36.96,2026-03-25T21:51:57.977805+00:00
161000ee_HEAVY-22,HEAVY-22,2026-03-25T23:06:57.361062+00:00,743.84,743.84,0.0,58.52,2026-03-25T21:51:57.977805+00:00
161000ee_HEAVY-23,HEAVY-23,2026-03-25T23:11:57.361062+00:00,457.79,457.79,0.0,32.0,2026-03-25T21:51:57.977805+00:00
161000ee_HEAVY-24,HEAVY-24,2026-03-25T23:16:57.361062+00:00,293.96,293.96,0.0,17.4,2026-03-25T21:51:57.977805+00:00
161000ee_HEAVY-25,HEAVY-25,2026-03-25T23:21:57.361062+00:00,808.17,808.17,0.0,58.5,2026-03-25T21:51:57.977805+00:00
df667fa1_KNOWN-01,KNOWN-01,2026-03-25T21:51:57.361062+00:00,265.91,90.0,-175.91,26.0,2026-03-25T21:51:58.425703+00:00
df667fa1_KNOWN-02,KNOWN-02,2026-03-25T21:56:57.361062+00:00,422.95,120.0,-302.95,36.0,2026-03-25T21:51:58.425703+00:00
df667fa1_KNOWN-03,KNOWN-03,2026-03-25T22:01:57.361062+00:00,368.81,150.0,-218.81,31.5,2026-03-25T21:51:58.425703+00:00
df667fa1_KNOWN-04,KNOWN-04,2026-03-25T22:03:57.361062+00:00,408.81,90.0,-318.81,33.75,2026-03-25T21:51:58.425703+00:00
df667fa1_KNOWN-05,KNOWN-05,2026-03-25T22:06:57.361062+00:00,700.25,120.0,-580.25,53.9,2026-03-25T21:51:58.425703+00:00
df667fa1_KNOWN-06,KNOWN-06,2026-03-25T22:09:57.361062+00:00,477.68,180.0,-297.68,33.06,2026-03-25T21:51:58.425703+00:00
df667fa1_KNOWN-07,KNOWN-07,2026-03-25T22:11:57.361062+00:00,319.18,90.0,-229.18,26.0,2026-03-25T21:51:58.425703+00:00
df667fa1_KNOWN-08,KNOWN-08,2026-03-25T22:16:57.361062+00:00,289.45,120.0,-169.45,28.8,2026-03-25T21:51:58.425703+00:00
df667fa1_UNKNOWN-01,UNKNOWN-01,2026-03-25T22:21:57.361062+00:00,649.54,649.54,0.0,43.2,2026-03-25T21:51:58.425703+00:00
df667fa1_UNKNOWN-02,UNKNOWN-02,2026-03-25T22:26:57.361062+00:00,772.47,772.47,0.0,38.5,2026-03-25T21:51:58.425703+00:00
df667fa1_UNKNOWN-03,UNKNOWN-03,2026-03-25T22:31:57.361062+00:00,362.57,362.57,0.0,27.2,2026-03-25T21:51:58.425703+00:00
df667fa1_UNKNOWN-04,UNKNOWN-04,2026-03-25T22:36:57.361062+00:00,492.78,492.78,0.0,31.5,2026-03-25T21:51:58.425703+00:00
df667fa1_UNKNOWN-05,UNKNOWN-05,2026-03-25T22:41:57.361062+00:00,725.4,725.4,0.0,40.6,2026-03-25T21:51:58.425703+00:00
df667fa1_UNKNOWN-06,UNKNOWN-06,2026-03-25T22:46:57.361062+00:00,745.15,745.15,0.0,40.85,2026-03-25T21:51:58.425703+00:00
df667fa1_UNKNOWN-07,UNKNOWN-07,2026-03-25T22:51:57.361062+00:00,499.9,499.9,0.0,32.0,2026-03-25T21:51:58.425703+00:00
df667fa1_UNKNOWN-08,UNKNOWN-08,2026-03-25T22:56:57.361062+00:00,367.09,367.09,0.0,28.0,2026-03-25T21:51:58.425703+00:00
df667fa1_UNKNOWN-09,UNKNOWN-09,2026-03-25T23:01:57.361062+00:00,782.14,782.14,0.0,43.89,2026-03-25T21:51:58.425703+00:00
df667fa1_UNKNOWN-10,UNKNOWN-10,2026-03-25T23:06:57.361062+00:00,743.84,743.84,0.0,58.32,2026-03-25T21:51:58.425703+00:00
df667fa1_UNKNOWN-11,UNKNOWN-11,2026-03-25T23:11:57.361062+00:00,296.34,296.34,0.0,15.18,2026-03-25T21:51:58.425703+00:00
df667fa1_UNKNOWN-12,UNKNOWN-12,2026-03-25T23:21:57.361062+00:00,492.38,492.38,0.0,30.6,2026-03-25T21:51:58.425703+00:00
bcd06133_EV-001,EV-001,2026-03-25T21:52:24.735183+00:00,262.92,262.92,0.0,20.13,2026-03-25T21:52:24.735183+00:00
bcd06133_EV-002,EV-002,2026-03-25T21:52:24.735183+00:00,262.25,262.25,0.0,22.8,2026-03-25T21:52:24.735183+00:00
bcd06133_EV-003,EV-003,2026-03-25T21:52:24.735183+00:00,262.25,262.25,0.0,23.43,2026-03-25T21:52:24.735183+00:00
bcd06133_EV-004,EV-004,2026-03-25T21:52:24.735183+00:00,663.71,663.71,0.0,39.0,2026-03-25T21:52:24.735183+00:00
bcd06133_EV-005,EV-005,2026-03-25T21:52:24.735183+00:00,621.21,621.21,0.0,42.0,2026-03-25T21:52:24.735183+00:00
bcd06133_EV-006,EV-006,2026-03-25T21:52:24.735183+00:00,653.77,653.77,0.0,50.25,2026-03-25T21:52:24.735183+00:00
bcd06133_EV-007,EV-007,2026-03-25T21:52:24.735183+00:00,263.97,263.97,0.0,29.26,2026-03-25T21:52:24.735183+00:00
bcd06133_EV-008,EV-008,2026-03-25T21:52:24.735183+00:00,621.21,621.21,0.0,43.5,2026-03-25T21:52:24.735183+00:00
bcd06133_EV-009,EV-009,2026-03-25T21:52:24.735183+00:00,621.21,621.21,0.0,45.75,2026-03-25T21:52:24.735183+00:00
bcd06133_EV-010,EV-010,2026-03-25T21:52:24.735183+00:00,375.61,375.61,0.0,31.68,2026-03-25T21:52:24.735183+00:00
62159cab_EV-001,EV-001,2026-03-25T21:52:30.139920+00:00,262.92,262.92,0.0,20.13,2026-03-25T21:52:30.139920+00:00
62159cab_EV-002,EV-002,2026-03-25T21:52:30.139920+00:00,262.25,262.25,0.0,22.8,2026-03-25T21:52:30.139920+00:00
62159cab_EV-003,EV-003,2026-03-25T21:52:30.139920+00:00,262.25,262.25,0.0,23.43,2026-03-25T21:52:30.139920+00:00
62159cab_EV-004,EV-004,2026-03-25T21:52:30.139920+00:00,663.71,663.71,0.0,39.0,2026-03-25T21:52:30.139920+00:00
62159cab_EV-005,EV-005,2026-03-25T21:52:30.139920+00:00,621.21,621.21,0.0,42.0,2026-03-25T21:52:30.139920+00:00
62159cab_EV-006,EV-006,2026-03-25T21:52:30.139920+00:00,653.77,653.77,0.0,50.25,2026-03-25T21:52:30.139920+00:00
62159cab_EV-007,EV-007,2026-03-25T21:52:30.139920+00:00,263.97,263.97,0.0,29.26,2026-03-25T21:52:30.139920+00:00
62159cab_EV-008,EV-008,2026-03-25T21:52:30.139920+00:00,621.21,621.21,0.0,43.5,2026-03-25T21:52:30.139920+00:00
62159cab_EV-009,EV-009,2026-03-25T21:52:30.139920+00:00,621.21,621.21,0.0,45.75,2026-03-25T21:52:30.139920+00:00
62159cab_EV-010,EV-010,2026-03-25T21:52:30.139920+00:00,375.61,375.61,0.0,31.68,2026-03-25T21:52:30.139920+00:00
62159cab_EV-011,EV-011,2026-03-25T21:52:30.139920+00:00,653.77,653.77,0.0,62.25,2026-03-25T21:52:30.139920+00:00
62159cab_EV-012,EV-012,2026-03-25T21:52:30.139920+00:00,663.71,663.71,0.0,36.72,2026-03-25T21:52:30.139920+00:00
62159cab_EV-013,EV-013,2026-03-25T21:52:30.139920+00:00,653.77,653.77,0.0,51.12,2026-03-25T21:52:30.139920+00:00
62159cab_EV-014,EV-014,2026-03-25T21:52:30.139920+00:00,262.25,262.25,0.0,23.6,2026-03-25T21:52:30.139920+00:00
62159cab_EV-015,EV-015,2026-03-25T21:52:30.139920+00:00,265.91,265.91,0.0,26.5,2026-03-25T21:52:30.139920+00:00
62159cab_EV-016,EV-016,2026-03-25T21:52:30.139920+00:00,653.77,653.77,0.0,66.0,2026-03-25T21:52:30.139920+00:00
62159cab_EV-017,EV-017,2026-03-25T21:52:30.139920+00:00,410.57,410.57,0.0,33.06,2026-03-25T21:52:30.139920+00:00
62159cab_EV-018,EV-018,2026-03-25T21:52:30.139920+00:00,621.21,621.21,0.0,42.35,2026-03-25T21:52:30.139920+00:00
62159cab_EV-019,EV-019,2026-03-25T21:52:30.139920+00:00,621.21,621.21,0.0,47.4,2026-03-25T21:52:30.139920+00:00
62159cab_EV-020,EV-020,2026-03-25T21:52:30.139920+00:00,653.77,653.77,0.0,81.7,2026-03-25T21:52:30.139920+00:00
62159cab_EV-021,EV-021,2026-03-25T21:52:30.139920+00:00,261.49,261.49,0.0,24.0,2026-03-25T21:52:30.139920+00:00
62159cab_EV-022,EV-022,2026-03-25T21:52:30.139920+00:00,410.57,410.57,0.0,35.4,2026-03-25T21:52:30.139920+00:00
62159cab_EV-023,EV-023,2026-03-25T21:52:30.139920+00:00,653.77,653.77,0.0,56.8,2026-03-25T21:52:30.139920+00:00
62159cab_EV-024,EV-024,2026-03-25T21:52:30.139920+00:00,621.21,621.21,0.0,44.8,2026-03-25T21:52:30.139920+00:00
62159cab_EV-025,EV-025,2026-03-25T21:52:30.139920+00:00,410.57,410.57,0.0,33.0,2026-03-25T21:52:30.139920+00:00
62159cab_EV-026,EV-026,2026-03-25T21:52:30.139920+00:00,653.77,653.77,0.0,60.06,2026-03-25T21:52:30.139920+00:00
62159cab_EV-027,EV-027,2026-03-25T21:52:30.139920+00:00,410.57,410.57,0.0,33.0,2026-03-25T21:52:30.139920+00:00
62159cab_EV-028,EV-028,2026-03-25T21:52:30.139920+00:00,621.21,621.21,0.0,47.5,2026-03-25T21:52:30.139920+00:00
62159cab_EV-029,EV-029,2026-03-25T21:52:30.139920+00:00,267.09,267.09,0.0,14.5,2026-03-25T21:52:30.139920+00:00
62159cab_EV-030,EV-030,2026-03-25T21:52:30.139920+00:00,653.77,653.77,0.0,60.83,2026-03-25T21:52:30.139920+00:00
62159cab_EV-031,EV-031,2026-03-25T21:52:30.139920+00:00,653.77,653.77,0.0,56.21,2026-03-25T21:52:30.139920+00:00
62159cab_EV-032,EV-032,2026-03-25T21:52:30.139920+00:00,261.64,261.64,0.0,18.0,2026-03-25T21:52:30.139920+00:00
62159cab_EV-033,EV-033,2026-03-25T21:52:30.139920+00:00,375.61,375.61,0.0,31.5,2026-03-25T21:52:30.139920+00:00
62159cab_EV-034,EV-034,2026-03-25T21:52:30.139920+00:00,653.77,653.77,0.0,61.5,2026-03-25T21:52:30.139920+00:00
62159cab_EV-035,EV-035,2026-03-25T21:52:30.139920+00:00,653.77,653.77,0.0,52.36,2026-03-25T21:52:30.139920+00:00
62159cab_EV-036,EV-036,2026-03-25T21:52:30.139920+00:00,621.21,621.21,0.0,42.35,2026-03-25T21:52:30.139920+00:00
62159cab_EV-037,EV-037,2026-03-25T21:52:30.139920+00:00,634.85,634.85,0.0,40.02,2026-03-25T21:52:30.139920+00:00
62159cab_EV-038,EV-038,2026-03-25T21:52:30.139920+00:00,410.57,410.57,0.0,34.2,2026-03-25T21:52:30.139920+00:00
62159cab_EV-039,EV-039,2026-03-25T21:52:30.139920+00:00,653.77,653.77,0.0,56.05,2026-03-25T21:52:30.139920+00:00
62159cab_EV-040,EV-040,2026-03-25T21:52:30.139920+00:00,653.77,653.77,0.0,51.0,2026-03-25T21:52:30.139920+00:00
62159cab_EV-041,EV-041,2026-03-25T21:52:30.139920+00:00,663.71,663.71,0.0,36.72,2026-03-25T21:52:30.139920+00:00
62159cab_EV-042,EV-042,2026-03-25T21:52:30.139920+00:00,621.21,621.21,0.0,44.66,2026-03-25T21:52:30.139920+00:00
62159cab_EV-043,EV-043,2026-03-25T21:52:30.139920+00:00,653.77,653.77,0.0,61.75,2026-03-25T21:52:30.139920+00:00
62159cab_EV-044,EV-044,2026-03-25T21:52:30.139920+00:00,262.25,262.25,0.0,23.2,2026-03-25T21:52:30.139920+00:00
62159cab_EV-045,EV-045,2026-03-25T21:52:30.139920+00:00,621.21,621.21,0.0,43.12,2026-03-25T21:52:30.139920+00:00
62159cab_EV-046,EV-046,2026-03-25T21:52:30.139920+00:00,261.49,261.49,0.0,24.4,2026-03-25T21:52:30.139920+00:00
62159cab_EV-047,EV-047,2026-03-25T21:52:30.139920+00:00,653.77,653.77,0.0,64.0,2026-03-25T21:52:30.139920+00:00
62159cab_EV-048,EV-048,2026-03-25T21:52:30.139920+00:00,621.21,621.21,0.0,46.98,2026-03-25T21:52:30.139920+00:00
62159cab_EV-049,EV-049,2026-03-25T21:52:30.139920+00:00,621.21,621.21,0.0,43.12,2026-03-25T21:52:30.139920+00:00
62159cab_EV-050,EV-050,2026-03-25T21:52:30.139920+00:00,375.61,375.61,0.0,31.5,2026-03-25T21:52:30.139920+00:00
5b606200_v1,v1,2026-03-27T23:27:28.901790+00:00,763.94,763.94,0.0,42.0,2026-03-27T23:27:28.901790+00:00
5b606200_v2,v2,2026-03-27T23:27:28.901790+00:00,792.93,792.93,0.0,53.3,2026-03-27T23:27:28.901790+00:00
13afc166_v1,v1,2026-03-27T23:27:30.503965+00:00,763.94,763.94,0.0,42.0,2026-03-27T23:27:30.503965+00:00
13afc166_v2,v2,2026-03-27T23:27:30.503965+00:00,792.93,792.93,0.0,53.3,2026-03-27T23:27:30.503965+00:00
e46c56fe_EV-001,EV-001,2026-03-27T23:27:49.238953+00:00,381.16,381.16,0.0,22.0,2026-03-27T23:27:49.256718+00:00
e46c56fe_EV-002,EV-002,2026-03-27T23:27:49.238953+00:00,521.62,521.62,0.0,34.0,2026-03-27T23:27:49.256718+00:00
e46c56fe_EV-003,EV-003,2026-03-27T23:27:49.238953+00:00,767.62,767.62,0.0,40.2,2026-03-27T23:27:49.256718+00:00
e46c56fe_EV-004,EV-004,2026-03-27T23:27:49.238953+00:00,767.62,767.62,0.0,41.25,2026-03-27T23:27:49.256718+00:00
e46c56fe_EV-005,EV-005,2026-03-27T23:27:49.238953+00:00,398.11,398.11,0.0,27.2,2026-03-27T23:27:49.256718+00:00
e46c56fe_EV-006,EV-006,2026-03-27T23:27:49.238953+00:00,395.29,395.29,0.0,23.2,2026-03-27T23:27:49.256718+00:00
e46c56fe_EV-007,EV-007,2026-03-27T23:27:49.238953+00:00,763.94,763.94,0.0,43.89,2026-03-27T23:27:49.256718+00:00
e46c56fe_EV-008,EV-008,2026-03-27T23:27:49.238953+00:00,521.62,521.62,0.0,36.0,2026-03-27T23:27:49.256718+00:00
e46c56fe_EV-009,EV-009,2026-03-27T23:27:49.238953+00:00,792.93,792.93,0.0,53.9,2026-03-27T23:27:49.256718+00:00
e46c56fe_EV-010,EV-010,2026-03-27T23:27:49.238953+00:00,763.94,763.94,0.0,42.75,2026-03-27T23:27:49.256718+00:00
e46c56fe_EV-011,EV-011,2026-03-27T23:27:49.238953+00:00,398.11,398.11,0.0,28.5,2026-03-27T23:27:49.256718+00:00
e46c56fe_EV-012,EV-012,2026-03-27T23:27:49.238953+00:00,521.62,521.62,0.0,35.0,2026-03-27T23:27:49.256718+00:00
e46c56fe_EV-013,EV-013,2026-03-27T23:27:49.238953+00:00,792.93,792.93,0.0,53.9,2026-03-27T23:27:49.256718+00:00
e46c56fe_EV-014,EV-014,2026-03-27T23:27:49.238953+00:00,377.28,377.28,0.0,17.49,2026-03-27T23:27:49.256718+00:00
e46c56fe_EV-015,EV-015,2026-03-27T23:27:49.238953+00:00,792.93,792.93,0.0,48.0,2026-03-27T23:27:49.256718+00:00
e46c56fe_EV-016,EV-016,2026-03-27T23:27:49.238953+00:00,398.11,398.11,0.0,28.8,2026-03-27T23:27:49.256718+00:00
e46c56fe_EV-017,EV-017,2026-03-27T23:27:49.238953+00:00,521.62,521.62,0.0,36.0,2026-03-27T23:27:49.256718+00:00
e46c56fe_EV-018,EV-018,2026-03-27T23:27:49.238953+00:00,398.11,398.11,0.0,30.24,2026-03-27T23:27:49.256718+00:00
e46c56fe_EV-019,EV-019,2026-03-27T23:27:49.238953+00:00,794.62,794.62,0.0,39.5,2026-03-27T23:27:49.256718+00:00
e46c56fe_EV-020,EV-020,2026-03-27T23:27:49.238953+00:00,521.62,521.62,0.0,35.25,2026-03-27T23:27:49.256718+00:00
880a40d4_HEAVY-01,HEAVY-01,2026-03-27T23:27:49.238953+00:00,509.4,509.4,0.0,31.2,2026-03-27T23:27:50.781855+00:00
880a40d4_HEAVY-02,HEAVY-02,2026-03-27T23:32:49.238953+00:00,512.03,512.03,0.0,34.2,2026-03-27T23:27:50.781855+00:00
880a40d4_HEAVY-03,HEAVY-03,2026-03-27T23:35:49.238953+00:00,519.25,519.25,0.0,33.75,2026-03-27T23:27:50.781855+00:00
880a40d4_HEAVY-04,HEAVY-04,2026-03-27T23:37:49.238953+00:00,792.4,792.4,0.0,53.9,2026-03-27T23:27:50.781855+00:00
880a40d4_HEAVY-05,HEAVY-05,2026-03-27T23:42:49.238953+00:00,580.76,580.76,0.0,31.0,2026-03-27T23:27:50.781855+00:00
880a40d4_HEAVY-06,HEAVY-06,2026-03-27T23:45:49.238953+00:00,856.0,856.0,0.0,38.86,2026-03-27T23:27:50.781855+00:00
880a40d4_HEAVY-07,HEAVY-07,2026-03-27T23:47:49.238953+00:00,455.1,455.1,0.0,27.36,2026-03-27T23:27:50.781855+00:00
880a40d4_HEAVY-08,HEAVY-08,2026-03-27T23:52:49.238953+00:00,822.13,822.13,0.0,44.66,2026-03-27T23:27:50.781855+00:00
880a40d4_HEAVY-09,HEAVY-09,2026-03-27T23:55:49.238953+00:00,787.19,787.19,0.0,32.8,2026-03-27T23:27:50.781855+00:00
880a40d4_HEAVY-10,HEAVY-10,2026-03-27T23:57:49.238953+00:00,783.79,783.79,0.0,27.0,2026-03-27T23:27:50.781855+00:00
880a40d4_HEAVY-11,HEAVY-11,2026-03-28T00:02:49.238953+00:00,1320.7,1320.7,0.0,60.0,2026-03-27T23:27:50.781855+00:00
880a40d4_HEAVY-12,HEAVY-12,2026-03-28T00:05:49.238953+00:00,1299.4,1299.4,0.0,42.75,2026-03-27T23:27:50.781855+00:00
880a40d4_HEAVY-13,HEAVY-13,2026-03-28T00:07:49.238953+00:00,907.68,907.68,0.0,23.1,2026-03-27T23:27:50.781855+00:00
880a40d4_HEAVY-14,HEAVY-14,2026-03-28T00:12:49.238953+00:00,616.46,616.46,0.0,29.6,2026-03-27T23:27:50.781855+00:00
880a40d4_HEAVY-15,HEAVY-15,2026-03-28T00:15:49.238953+00:00,628.78,628.78,0.0,26.0,2026-03-27T23:27:50.781855+00:00
880a40d4_HEAVY-16,HEAVY-16,2026-03-28T00:17:49.238953+00:00,883.57,883.57,0.0,34.5,2026-03-27T23:27:50.781855+00:00
880a40d4_HEAVY-17,HEAVY-17,2026-03-28T00:22:49.238953+00:00,1094.46,1094.46,0.0,38.16,2026-03-27T23:27:50.781855+00:00
880a40d4_HEAVY-18,HEAVY-18,2026-03-28T00:25:49.238953+00:00,552.92,552.92,0.0,22.5,2026-03-27T23:27:50.781855+00:00
880a40d4_HEAVY-19,HEAVY-19,2026-03-28T00:27:49.238953+00:00,812.4,812.4,0.0,32.4,2026-03-27T23:27:50.781855+00:00
880a40d4_HEAVY-20,HEAVY-20,2026-03-28T00:32:49.238953+00:00,565.26,565.26,0.0,30.0,2026-03-27T23:27:50.781855+00:00
880a40d4_HEAVY-21,HEAVY-21,2026-03-28T00:37:49.238953+00:00,1072.47,1072.47,0.0,36.96,2026-03-27T23:27:50.781855+00:00
880a40d4_HEAVY-22,HEAVY-22,2026-03-28T00:42:49.238953+00:00,1135.21,1135.21,0.0,58.52,2026-03-27T23:27:50.781855+00:00
880a40d4_HEAVY-23,HEAVY-23,2026-03-28T00:47:49.238953+00:00,834.81,834.81,0.0,32.0,2026-03-27T23:27:50.781855+00:00
880a40d4_HEAVY-24,HEAVY-24,2026-03-28T00:52:49.238953+00:00,522.39,522.39,0.0,17.4,2026-03-27T23:27:50.781855+00:00
880a40d4_HEAVY-25,HEAVY-25,2026-03-28T00:57:49.238953+00:00,1385.22,1385.22,0.0,58.5,2026-03-27T23:27:50.781855+00:00
8afa2518_KNOWN-01,KNOWN-01,2026-03-27T23:27:49.238953+00:00,397.35,90.0,-307.35,26.0,2026-03-27T23:27:52.410512+00:00
8afa2518_KNOWN-02,KNOWN-02,2026-03-27T23:32:49.238953+00:00,512.03,120.0,-392.03,36.0,2026-03-27T23:27:52.410512+00:00
8afa2518_KNOWN-03,KNOWN-03,2026-03-27T23:37:49.238953+00:00,507.04,150.0,-357.04,31.5,2026-03-27T23:27:52.410512+00:00
8afa2518_KNOWN-04,KNOWN-04,2026-03-27T23:39:49.238953+00:00,573.55,90.0,-483.55,33.75,2026-03-27T23:27:52.410512+00:00
8afa2518_KNOWN-05,KNOWN-05,2026-03-27T23:42:49.238953+00:00,850.43,120.0,-730.43,53.9,2026-03-27T23:27:52.410512+00:00
8afa2518_KNOWN-06,KNOWN-06,2026-03-27T23:45:49.238953+00:00,603.44,180.0,-423.44,33.06,2026-03-27T23:27:52.410512+00:00
8afa2518_KNOWN-07,KNOWN-07,2026-03-27T23:47:49.238953+00:00,453.44,90.0,-363.44,26.0,2026-03-27T23:27:52.410512+00:00
8afa2518_KNOWN-08,KNOWN-08,2026-03-27T23:52:49.238953+00:00,470.1,120.0,-350.1,28.8,2026-03-27T23:27:52.410512+00:00
8afa2518_UNKNOWN-01,UNKNOWN-01,2026-03-27T23:57:49.238953+00:00,957.92,957.92,0.0,43.2,2026-03-27T23:27:52.410512+00:00
8afa2518_UNKNOWN-02,UNKNOWN-02,2026-03-28T00:02:49.238953+00:00,1358.95,1358.95,0.0,38.5,2026-03-27T23:27:52.410512+00:00
8afa2518_UNKNOWN-03,UNKNOWN-03,2026-03-28T00:07:49.238953+00:00,912.54,912.54,0.0,27.2,2026-03-27T23:27:52.410512+00:00
8afa2518_UNKNOWN-04,UNKNOWN-04,2026-03-28T00:12:49.238953+00:00,859.38,859.38,0.0,31.5,2026-03-27T23:27:52.410512+00:00
8afa2518_UNKNOWN-05,UNKNOWN-05,2026-03-28T00:17:49.238953+00:00,1165.67,1165.67,0.0,40.6,2026-03-27T23:27:52.410512+00:00
8afa2518_UNKNOWN-06,UNKNOWN-06,2026-03-28T00:22:49.238953+00:00,1117.43,1117.43,0.0,40.85,2026-03-27T23:27:52.410512+00:00
8afa2518_UNKNOWN-07,UNKNOWN-07,2026-03-28T00:27:49.238953+00:00,812.4,812.4,0.0,32.0,2026-03-27T23:27:52.410512+00:00
8afa2518_UNKNOWN-08,UNKNOWN-08,2026-03-28T00:32:49.238953+00:00,565.26,565.26,0.0,28.0,2026-03-27T23:27:52.410512+00:00
8afa2518_UNKNOWN-09,UNKNOWN-09,2026-03-28T00:37:49.238953+00:00,1101.84,1101.84,0.0,43.89,2026-03-27T23:27:52.410512+00:00
8afa2518_UNKNOWN-10,UNKNOWN-10,2026-03-28T00:42:49.238953+00:00,1135.21,1135.21,0.0,58.32,2026-03-27T23:27:52.410512+00:00
8afa2518_UNKNOWN-11,UNKNOWN-11,2026-03-28T00:47:49.238953+00:00,550.27,550.27,0.0,15.18,2026-03-27T23:27:52.410512+00:00
8afa2518_UNKNOWN-12,UNKNOWN-12,2026-03-28T00:57:49.238953+00:00,1015.59,1015.59,0.0,30.6,2026-03-27T23:27:52.410512+00:00
e6f093e4_EV-001,EV-001,2026-03-27T23:31:38.454250+00:00,372.96,372.96,0.0,22.0,2026-03-27T23:31:38.459911+00:00
e6f093e4_EV-002,EV-002,2026-03-27T23:31:38.454250+00:00,517.66,517.66,0.0,34.0,2026-03-27T23:31:38.459911+00:00
e6f093e4_EV-003,EV-003,2026-03-27T23:31:38.454250+00:00,763.67,763.67,0.0,40.2,2026-03-27T23:31:38.459911+00:00
e6f093e4_EV-004,EV-004,2026-03-27T23:31:38.454250+00:00,763.67,763.67,0.0,41.25,2026-03-27T23:31:38.459911+00:00
e6f093e4_EV-005,EV-005,2026-03-27T23:31:38.454250+00:00,394.15,394.15,0.0,27.2,2026-03-27T23:31:38.459911+00:00
e6f093e4_EV-006,EV-006,2026-03-27T23:31:38.454250+00:00,387.1,387.1,0.0,23.2,2026-03-27T23:31:38.459911+00:00
e6f093e4_EV-007,EV-007,2026-03-27T23:31:38.454250+00:00,759.98,759.98,0.0,43.89,2026-03-27T23:31:38.459911+00:00
e6f093e4_EV-008,EV-008,2026-03-27T23:31:38.454250+00:00,517.66,517.66,0.0,36.0,2026-03-27T23:31:38.459911+00:00
e6f093e4_EV-009,EV-009,2026-03-27T23:31:38.454250+00:00,788.97,788.97,0.0,53.9,2026-03-27T23:31:38.459911+00:00
e6f093e4_EV-010,EV-010,2026-03-27T23:31:38.454250+00:00,759.98,759.98,0.0,42.75,2026-03-27T23:31:38.459911+00:00
e6f093e4_EV-011,EV-011,2026-03-27T23:31:38.454250+00:00,394.15,394.15,0.0,28.5,2026-03-27T23:31:38.459911+00:00
e6f093e4_EV-012,EV-012,2026-03-27T23:31:38.454250+00:00,517.66,517.66,0.0,35.0,2026-03-27T23:31:38.459911+00:00
e6f093e4_EV-013,EV-013,2026-03-27T23:31:38.454250+00:00,788.97,788.97,0.0,53.9,2026-03-27T23:31:38.459911+00:00
e6f093e4_EV-014,EV-014,2026-03-27T23:31:38.454250+00:00,369.08,369.08,0.0,17.49,2026-03-27T23:31:38.459911+00:00
e6f093e4_EV-015,EV-015,2026-03-27T23:31:38.454250+00:00,788.97,788.97,0.0,48.0,2026-03-27T23:31:38.459911+00:00
e6f093e4_EV-016,EV-016,2026-03-27T23:31:38.454250+00:00,394.15,394.15,0.0,28.8,2026-03-27T23:31:38.459911+00:00
e6f093e4_EV-017,EV-017,2026-03-27T23:31:38.454250+00:00,517.66,517.66,0.0,36.0,2026-03-27T23:31:38.459911+00:00
e6f093e4_EV-018,EV-018,2026-03-27T23:31:38.454250+00:00,394.15,394.15,0.0,30.24,2026-03-27T23:31:38.459911+00:00
e6f093e4_EV-019,EV-019,2026-03-27T23:31:38.454250+00:00,790.66,790.66,0.0,39.5,2026-03-27T23:31:38.459911+00:00
e6f093e4_EV-020,EV-020,2026-03-27T23:31:38.454250+00:00,517.66,517.66,0.0,35.25,2026-03-27T23:31:38.459911+00:00
0ed633d5_HEAVY-01,HEAVY-01,2026-03-27T23:31:38.454250+00:00,505.45,505.45,0.0,31.2,2026-03-27T23:31:39.922259+00:00
0ed633d5_HEAVY-02,HEAVY-02,2026-03-27T23:36:38.454250+00:00,519.25,519.25,0.0,34.2,2026-03-27T23:31:39.922259+00:00
0ed633d5_HEAVY-03,HEAVY-03,2026-03-27T23:39:38.454250+00:00,573.55,573.55,0.0,33.75,2026-03-27T23:31:39.922259+00:00
0ed633d5_HEAVY-04,HEAVY-04,2026-03-27T23:41:38.454250+00:00,839.33,839.33,0.0,53.9,2026-03-27T23:31:39.922259+00:00
0ed633d5_HEAVY-05,HEAVY-05,2026-03-27T23:46:38.454250+00:00,586.41,586.41,0.0,31.0,2026-03-27T23:31:39.922259+00:00
0ed633d5_HEAVY-06,HEAVY-06,2026-03-27T23:49:38.454250+00:00,852.57,852.57,0.0,38.86,2026-03-27T23:31:39.922259+00:00
0ed633d5_HEAVY-07,HEAVY-07,2026-03-27T23:51:38.454250+00:00,462.27,462.27,0.0,27.36,2026-03-27T23:31:39.922259+00:00
0ed633d5_HEAVY-08,HEAVY-08,2026-03-27T23:56:38.454250+00:00,917.03,917.03,0.0,44.66,2026-03-27T23:31:39.922259+00:00
0ed633d5_HEAVY-09,HEAVY-09,2026-03-27T23:59:38.454250+00:00,834.62,834.62,0.0,32.8,2026-03-27T23:31:39.922259+00:00
0ed633d5_HEAVY-10,HEAVY-10,2026-03-28T00:01:38.454250+00:00,967.71,967.71,0.0,27.0,2026-03-27T23:31:39.922259+00:00
0ed633d5_HEAVY-11,HEAVY-11,2026-03-28T00:06:38.454250+00:00,1271.91,1271.91,0.0,60.0,2026-03-27T23:31:39.922259+00:00
0ed633d5_HEAVY-12,HEAVY-12,2026-03-28T00:09:38.454250+00:00,1142.36,1142.36,0.0,42.75,2026-03-27T23:31:39.922259+00:00
0ed633d5_HEAVY-13,HEAVY-13,2026-03-28T00:11:38.454250+00:00,584.24,584.24,0.0,23.1,2026-03-27T23:31:39.922259+00:00
0ed633d5_HEAVY-14,HEAVY-14,2026-03-28T00:16:38.454250+00:00,629.66,629.66,0.0,29.6,2026-03-27T23:31:39.922259+00:00
0ed633d5_HEAVY-15,HEAVY-15,2026-03-28T00:19:38.454250+00:00,591.61,591.61,0.0,26.0,2026-03-27T23:31:39.922259+00:00
0ed633d5_HEAVY-16,HEAVY-16,2026-03-28T00:21:38.454250+00:00,858.42,858.42,0.0,34.5,2026-03-27T23:31:39.922259+00:00
0ed633d5_HEAVY-17,HEAVY-17,2026-03-28T00:26:38.454250+00:00,1088.8,1088.8,0.0,38.16,2026-03-27T23:31:39.922259+00:00
0ed633d5_HEAVY-18,HEAVY-18,2026-03-28T00:29:38.454250+00:00,552.57,552.57,0.0,22.5,2026-03-27T23:31:39.922259+00:00
0ed633d5_HEAVY-19,HEAVY-19,2026-03-28T00:31:38.454250+00:00,799.7,799.7,0.0,32.4,2026-03-27T23:31:39.922259+00:00
0ed633d5_HEAVY-20,HEAVY-20,2026-03-28T00:36:38.454250+00:00,546.1,546.1,0.0,30.0,2026-03-27T23:31:39.922259+00:00
0ed633d5_HEAVY-21,HEAVY-21,2026-03-28T00:41:38.454250+00:00,1074.58,1074.58,0.0,36.96,2026-03-27T23:31:39.922259+00:00
0ed633d5_HEAVY-22,HEAVY-22,2026-03-28T00:46:38.454250+00:00,1189.9,1189.9,0.0,58.52,2026-03-27T23:31:39.922259+00:00
0ed633d5_HEAVY-23,HEAVY-23,2026-03-28T00:51:38.454250+00:00,808.72,808.72,0.0,32.0,2026-03-27T23:31:39.922259+00:00
0ed633d5_HEAVY-24,HEAVY-24,2026-03-28T00:56:38.454250+00:00,705.08,705.08,0.0,17.4,2026-03-27T23:31:39.922259+00:00
0ed633d5_HEAVY-25,HEAVY-25,2026-03-28T01:01:38.454250+00:00,1405.54,1405.54,0.0,58.5,2026-03-27T23:31:39.922259+00:00
ddd211cb_KNOWN-01,KNOWN-01,2026-03-27T23:31:38.454250+00:00,389.16,90.0,-299.16,26.0,2026-03-27T23:31:41.437118+00:00
ddd211cb_KNOWN-02,KNOWN-02,2026-03-27T23:36:38.454250+00:00,519.25,120.0,-399.25,36.0,2026-03-27T23:31:41.437118+00:00
ddd211cb_KNOWN-03,KNOWN-03,2026-03-27T23:41:38.454250+00:00,556.52,150.0,-406.52,31.5,2026-03-27T23:31:41.437118+00:00
ddd211cb_KNOWN-04,KNOWN-04,2026-03-27T23:43:38.454250+00:00,597.8,90.0,-507.8,33.75,2026-03-27T23:31:41.437118+00:00
ddd211cb_KNOWN-05,KNOWN-05,2026-03-27T23:46:38.454250+00:00,849.22,120.0,-729.22,53.9,2026-03-27T23:31:41.437118+00:00
ddd211cb_KNOWN-06,KNOWN-06,2026-03-27T23:49:38.454250+00:00,607.74,180.0,-427.74,33.06,2026-03-27T23:31:41.437118+00:00
ddd211cb_KNOWN-07,KNOWN-07,2026-03-27T23:51:38.454250+00:00,460.61,90.0,-370.61,26.0,2026-03-27T23:31:41.437118+00:00
ddd211cb_KNOWN-08,KNOWN-08,2026-03-27T23:56:38.454250+00:00,737.33,120.0,-617.33,28.8,2026-03-27T23:31:41.437118+00:00
ddd211cb_UNKNOWN-01,UNKNOWN-01,2026-03-28T00:01:38.454250+00:00,1315.42,1315.42,0.0,43.2,2026-03-27T23:31:41.437118+00:00
ddd211cb_UNKNOWN-02,UNKNOWN-02,2026-03-28T00:06:38.454250+00:00,1310.16,1310.16,0.0,38.5,2026-03-27T23:31:41.437118+00:00
ddd211cb_UNKNOWN-03,UNKNOWN-03,2026-03-28T00:11:38.454250+00:00,608.62,608.62,0.0,27.2,2026-03-27T23:31:41.437118+00:00
ddd211cb_UNKNOWN-04,UNKNOWN-04,2026-03-28T00:16:38.454250+00:00,872.59,872.59,0.0,31.5,2026-03-27T23:31:41.437118+00:00
ddd211cb_UNKNOWN-05,UNKNOWN-05,2026-03-28T00:21:38.454250+00:00,1140.52,1140.52,0.0,40.6,2026-03-27T23:31:41.437118+00:00
ddd211cb_UNKNOWN-06,UNKNOWN-06,2026-03-28T00:26:38.454250+00:00,1111.77,1111.77,0.0,40.85,2026-03-27T23:31:41.437118+00:00
ddd211cb_UNKNOWN-07,UNKNOWN-07,2026-03-28T00:31:38.454250+00:00,799.7,799.7,0.0,32.0,2026-03-27T23:31:41.437118+00:00
ddd211cb_UNKNOWN-08,UNKNOWN-08,2026-03-28T00:36:38.454250+00:00,546.1,546.1,0.0,28.0,2026-03-27T23:31:41.437118+00:00
ddd211cb_UNKNOWN-09,UNKNOWN-09,2026-03-28T00:41:38.454250+00:00,1128.43,1128.43,0.0,43.89,2026-03-27T23:31:41.437118+00:00
ddd211cb_UNKNOWN-10,UNKNOWN-10,2026-03-28T00:46:38.454250+00:00,1189.9,1189.9,0.0,58.32,2026-03-27T23:31:41.437118+00:00
ddd211cb_UNKNOWN-11,UNKNOWN-11,2026-03-28T00:51:38.454250+00:00,564.43,564.43,0.0,15.18,2026-03-27T23:31:41.437118+00:00
ddd211cb_UNKNOWN-12,UNKNOWN-12,2026-03-28T01:01:38.454250+00:00,1026.72,1026.72,0.0,30.6,2026-03-27T23:31:41.437118+00:00
925711d9_EV-001,EV-001,2026-03-27T23:33:19.428293+00:00,368.64,368.64,0.0,20.13,2026-03-27T23:33:19.428293+00:00
925711d9_EV-002,EV-002,2026-03-27T23:33:19.428293+00:00,384.81,384.81,0.0,22.8,2026-03-27T23:33:19.428293+00:00
925711d9_EV-003,EV-003,2026-03-27T23:33:19.428293+00:00,384.81,384.81,0.0,23.43,2026-03-27T23:33:19.428293+00:00
925711d9_EV-004,EV-004,2026-03-27T23:33:19.428293+00:00,785.03,785.03,0.0,39.0,2026-03-27T23:33:19.428293+00:00
925711d9_EV-005,EV-005,2026-03-27T23:33:19.428293+00:00,754.35,754.35,0.0,42.0,2026-03-27T23:33:19.428293+00:00
925711d9_EV-006,EV-006,2026-03-27T23:33:19.428293+00:00,785.18,785.18,0.0,50.25,2026-03-27T23:33:19.428293+00:00
925711d9_EV-007,EV-007,2026-03-27T23:33:19.428293+00:00,388.53,388.53,0.0,29.26,2026-03-27T23:33:19.428293+00:00
925711d9_EV-008,EV-008,2026-03-27T23:33:19.428293+00:00,754.35,754.35,0.0,43.5,2026-03-27T23:33:19.428293+00:00
925711d9_EV-009,EV-009,2026-03-27T23:33:19.428293+00:00,754.35,754.35,0.0,45.75,2026-03-27T23:33:19.428293+00:00
925711d9_EV-010,EV-010,2026-03-27T23:33:19.428293+00:00,499.82,499.82,0.0,31.68,2026-03-27T23:33:19.428293+00:00
c5bffde4_EV-001,EV-001,2026-03-27T23:33:33.171004+00:00,368.64,368.64,0.0,20.13,2026-03-27T23:33:33.171004+00:00
c5bffde4_EV-002,EV-002,2026-03-27T23:33:33.171004+00:00,384.81,384.81,0.0,22.8,2026-03-27T23:33:33.171004+00:00
c5bffde4_EV-003,EV-003,2026-03-27T23:33:33.171004+00:00,384.81,384.81,0.0,23.43,2026-03-27T23:33:33.171004+00:00
c5bffde4_EV-004,EV-004,2026-03-27T23:33:33.171004+00:00,785.03,785.03,0.0,39.0,2026-03-27T23:33:33.171004+00:00
c5bffde4_EV-005,EV-005,2026-03-27T23:33:33.171004+00:00,754.35,754.35,0.0,42.0,2026-03-27T23:33:33.171004+00:00
c5bffde4_EV-006,EV-006,2026-03-27T23:33:33.171004+00:00,785.18,785.18,0.0,50.25,2026-03-27T23:33:33.171004+00:00
c5bffde4_EV-007,EV-007,2026-03-27T23:33:33.171004+00:00,388.53,388.53,0.0,29.26,2026-03-27T23:33:33.171004+00:00
c5bffde4_EV-008,EV-008,2026-03-27T23:33:33.171004+00:00,754.35,754.35,0.0,43.5,2026-03-27T23:33:33.171004+00:00
c5bffde4_EV-009,EV-009,2026-03-27T23:33:33.171004+00:00,754.35,754.35,0.0,45.75,2026-03-27T23:33:33.171004+00:00
c5bffde4_EV-010,EV-010,2026-03-27T23:33:33.171004+00:00,499.82,499.82,0.0,31.68,2026-03-27T23:33:33.171004+00:00
c5bffde4_EV-011,EV-011,2026-03-27T23:33:33.171004+00:00,785.18,785.18,0.0,62.25,2026-03-27T23:33:33.171004+00:00
c5bffde4_EV-012,EV-012,2026-03-27T23:33:33.171004+00:00,785.03,785.03,0.0,36.72,2026-03-27T23:33:33.171004+00:00
c5bffde4_EV-013,EV-013,2026-03-27T23:33:33.171004+00:00,785.18,785.18,0.0,51.12,2026-03-27T23:33:33.171004+00:00
c5bffde4_EV-014,EV-014,2026-03-27T23:33:33.171004+00:00,384.81,384.81,0.0,23.6,2026-03-27T23:33:33.171004+00:00
c5bffde4_EV-015,EV-015,2026-03-27T23:33:33.171004+00:00,386.87,386.87,0.0,26.5,2026-03-27T23:33:33.171004+00:00
c5bffde4_EV-016,EV-016,2026-03-27T23:33:33.171004+00:00,785.18,785.18,0.0,66.0,2026-03-27T23:33:33.171004+00:00
c5bffde4_EV-017,EV-017,2026-03-27T23:33:33.171004+00:00,512.03,512.03,0.0,33.06,2026-03-27T23:33:33.171004+00:00
c5bffde4_EV-018,EV-018,2026-03-27T23:33:33.171004+00:00,754.35,754.35,0.0,42.35,2026-03-27T23:33:33.171004+00:00
c5bffde4_EV-019,EV-019,2026-03-27T23:33:33.171004+00:00,754.35,754.35,0.0,47.4,2026-03-27T23:33:33.171004+00:00
c5bffde4_EV-020,EV-020,2026-03-27T23:33:33.171004+00:00,785.18,785.18,0.0,81.7,2026-03-27T23:33:33.171004+00:00
c5bffde4_EV-021,EV-021,2026-03-27T23:33:33.171004+00:00,382.34,382.34,0.0,24.0,2026-03-27T23:33:33.171004+00:00
c5bffde4_EV-022,EV-022,2026-03-27T23:33:33.171004+00:00,512.03,512.03,0.0,35.4,2026-03-27T23:33:33.171004+00:00
c5bffde4_EV-023,EV-023,2026-03-27T23:33:33.171004+00:00,785.18,785.18,0.0,56.8,2026-03-27T23:33:33.171004+00:00
c5bffde4_EV-024,EV-024,2026-03-27T23:33:33.171004+00:00,754.35,754.35,0.0,44.8,2026-03-27T23:33:33.171004+00:00
c5bffde4_EV-025,EV-025,2026-03-27T23:33:33.171004+00:00,512.03,512.03,0.0,33.0,2026-03-27T23:33:33.171004+00:00
c5bffde4_EV-026,EV-026,2026-03-27T23:33:33.171004+00:00,785.18,785.18,0.0,60.06,2026-03-27T23:33:33.171004+00:00
c5bffde4_EV-027,EV-027,2026-03-27T23:33:33.171004+00:00,512.03,512.03,0.0,33.0,2026-03-27T23:33:33.171004+00:00
c5bffde4_EV-028,EV-028,2026-03-27T23:33:33.171004+00:00,754.35,754.35,0.0,47.5,2026-03-27T23:33:33.171004+00:00
c5bffde4_EV-029,EV-029,2026-03-27T23:33:33.171004+00:00,330.74,330.74,0.0,14.5,2026-03-27T23:33:33.171004+00:00
c5bffde4_EV-030,EV-030,2026-03-27T23:33:33.171004+00:00,785.18,785.18,0.0,60.83,2026-03-27T23:33:33.171004+00:00
c5bffde4_EV-031,EV-031,2026-03-27T23:33:33.171004+00:00,785.18,785.18,0.0,56.21,2026-03-27T23:33:33.171004+00:00
c5bffde4_EV-032,EV-032,2026-03-27T23:33:33.171004+00:00,364.85,364.85,0.0,18.0,2026-03-27T23:33:33.171004+00:00
c5bffde4_EV-033,EV-033,2026-03-27T23:33:33.171004+00:00,499.82,499.82,0.0,31.5,2026-03-27T23:33:33.171004+00:00
c5bffde4_EV-034,EV-034,2026-03-27T23:33:33.171004+00:00,785.18,785.18,0.0,61.5,2026-03-27T23:33:33.171004+00:00
c5bffde4_EV-035,EV-035,2026-03-27T23:33:33.171004+00:00,785.18,785.18,0.0,52.36,2026-03-27T23:33:33.171004+00:00
c5bffde4_EV-036,EV-036,2026-03-27T23:33:33.171004+00:00,754.35,754.35,0.0,42.35,2026-03-27T23:33:33.171004+00:00
c5bffde4_EV-037,EV-037,2026-03-27T23:33:33.171004+00:00,758.04,758.04,0.0,40.02,2026-03-27T23:33:33.171004+00:00
c5bffde4_EV-038,EV-038,2026-03-27T23:33:33.171004+00:00,512.03,512.03,0.0,34.2,2026-03-27T23:33:33.171004+00:00
c5bffde4_EV-039,EV-039,2026-03-27T23:33:33.171004+00:00,785.18,785.18,0.0,56.05,2026-03-27T23:33:33.171004+00:00
c5bffde4_EV-040,EV-040,2026-03-27T23:33:33.171004+00:00,785.18,785.18,0.0,51.0,2026-03-27T23:33:33.171004+00:00
c5bffde4_EV-041,EV-041,2026-03-27T23:33:33.171004+00:00,785.03,785.03,0.0,36.72,2026-03-27T23:33:33.171004+00:00
c5bffde4_EV-042,EV-042,2026-03-27T23:33:33.171004+00:00,754.35,754.35,0.0,44.66,2026-03-27T23:33:33.171004+00:00
c5bffde4_EV-043,EV-043,2026-03-27T23:33:33.171004+00:00,785.18,785.18,0.0,61.75,2026-03-27T23:33:33.171004+00:00
c5bffde4_EV-044,EV-044,2026-03-27T23:33:33.171004+00:00,384.81,384.81,0.0,23.2,2026-03-27T23:33:33.171004+00:00
c5bffde4_EV-045,EV-045,2026-03-27T23:33:33.171004+00:00,754.35,754.35,0.0,43.12,2026-03-27T23:33:33.171004+00:00
c5bffde4_EV-046,EV-046,2026-03-27T23:33:33.171004+00:00,382.34,382.34,0.0,24.4,2026-03-27T23:33:33.171004+00:00
c5bffde4_EV-047,EV-047,2026-03-27T23:33:33.171004+00:00,785.18,785.18,0.0,64.0,2026-03-27T23:33:33.171004+00:00
c5bffde4_EV-048,EV-048,2026-03-27T23:33:33.171004+00:00,754.35,754.35,0.0,46.98,2026-03-27T23:33:33.171004+00:00
c5bffde4_EV-049,EV-049,2026-03-27T23:33:33.171004+00:00,754.35,754.35,0.0,43.12,2026-03-27T23:33:33.171004+00:00
b1400531_EV-001,EV-001,2026-03-27T23:33:42.547409+00:00,368.64,368.64,0.0,20.13,2026-03-27T23:33:42.547409+00:00
b1400531_EV-002,EV-002,2026-03-27T23:33:42.547409+00:00,384.81,384.81,0.0,22.8,2026-03-27T23:33:42.547409+00:00
b1400531_EV-003,EV-003,2026-03-27T23:33:42.547409+00:00,384.81,384.81,0.0,23.43,2026-03-27T23:33:42.547409+00:00
b1400531_EV-004,EV-004,2026-03-27T23:33:42.547409+00:00,785.03,785.03,0.0,39.0,2026-03-27T23:33:42.547409+00:00
b1400531_EV-005,EV-005,2026-03-27T23:33:42.547409+00:00,754.35,754.35,0.0,42.0,2026-03-27T23:33:42.547409+00:00
b1400531_EV-006,EV-006,2026-03-27T23:33:42.547409+00:00,785.18,785.18,0.0,50.25,2026-03-27T23:33:42.547409+00:00
b1400531_EV-007,EV-007,2026-03-27T23:33:42.547409+00:00,388.53,388.53,0.0,29.26,2026-03-27T23:33:42.547409+00:00
b1400531_EV-008,EV-008,2026-03-27T23:33:42.547409+00:00,754.35,754.35,0.0,43.5,2026-03-27T23:33:42.547409+00:00
b1400531_EV-009,EV-009,2026-03-27T23:33:42.547409+00:00,754.35,754.35,0.0,45.75,2026-03-27T23:33:42.547409+00:00
b1400531_EV-010,EV-010,2026-03-27T23:33:42.547409+00:00,499.82,499.82,0.0,31.68,2026-03-27T23:33:42.547409+00:00
b1400531_EV-011,EV-011,2026-03-27T23:33:42.547409+00:00,785.18,785.18,0.0,62.25,2026-03-27T23:33:42.547409+00:00
b1400531_EV-012,EV-012,2026-03-27T23:33:42.547409+00:00,785.03,785.03,0.0,36.72,2026-03-27T23:33:42.547409+00:00
b1400531_EV-013,EV-013,2026-03-27T23:33:42.547409+00:00,785.18,785.18,0.0,51.12,2026-03-27T23:33:42.547409+00:00
b1400531_EV-014,EV-014,2026-03-27T23:33:42.547409+00:00,384.81,384.81,0.0,23.6,2026-03-27T23:33:42.547409+00:00
b1400531_EV-015,EV-015,2026-03-27T23:33:42.547409+00:00,386.87,386.87,0.0,26.5,2026-03-27T23:33:42.547409+00:00
b1400531_EV-016,EV-016,2026-03-27T23:33:42.547409+00:00,785.18,785.18,0.0,66.0,2026-03-27T23:33:42.547409+00:00
b1400531_EV-017,EV-017,2026-03-27T23:33:42.547409+00:00,512.03,512.03,0.0,33.06,2026-03-27T23:33:42.547409+00:00
b1400531_EV-018,EV-018,2026-03-27T23:33:42.547409+00:00,754.35,754.35,0.0,42.35,2026-03-27T23:33:42.547409+00:00
b1400531_EV-019,EV-019,2026-03-27T23:33:42.547409+00:00,754.35,754.35,0.0,47.4,2026-03-27T23:33:42.547409+00:00
b1400531_EV-020,EV-020,2026-03-27T23:33:42.547409+00:00,785.18,785.18,0.0,81.7,2026-03-27T23:33:42.547409+00:00
b1400531_EV-021,EV-021,2026-03-27T23:33:42.547409+00:00,382.34,382.34,0.0,24.0,2026-03-27T23:33:42.547409+00:00
b1400531_EV-022,EV-022,2026-03-27T23:33:42.547409+00:00,512.03,512.03,0.0,35.4,2026-03-27T23:33:42.547409+00:00
b1400531_EV-023,EV-023,2026-03-27T23:33:42.547409+00:00,785.18,785.18,0.0,56.8,2026-03-27T23:33:42.547409+00:00
b1400531_EV-024,EV-024,2026-03-27T23:33:42.547409+00:00,754.35,754.35,0.0,44.8,2026-03-27T23:33:42.547409+00:00
b1400531_EV-025,EV-025,2026-03-27T23:33:42.547409+00:00,512.03,512.03,0.0,33.0,2026-03-27T23:33:42.547409+00:00
b1400531_EV-026,EV-026,2026-03-27T23:33:42.547409+00:00,785.18,785.18,0.0,60.06,2026-03-27T23:33:42.547409+00:00
b1400531_EV-027,EV-027,2026-03-27T23:33:42.547409+00:00,512.03,512.03,0.0,33.0,2026-03-27T23:33:42.547409+00:00
b1400531_EV-028,EV-028,2026-03-27T23:33:42.547409+00:00,754.35,754.35,0.0,47.5,2026-03-27T23:33:42.547409+00:00
b1400531_EV-029,EV-029,2026-03-27T23:33:42.547409+00:00,330.74,330.74,0.0,14.5,2026-03-27T23:33:42.547409+00:00
b1400531_EV-030,EV-030,2026-03-27T23:33:42.547409+00:00,785.18,785.18,0.0,60.83,2026-03-27T23:33:42.547409+00:00
b1400531_EV-031,EV-031,2026-03-27T23:33:42.547409+00:00,785.18,785.18,0.0,56.21,2026-03-27T23:33:42.547409+00:00
b1400531_EV-032,EV-032,2026-03-27T23:33:42.547409+00:00,364.85,364.85,0.0,18.0,2026-03-27T23:33:42.547409+00:00
b1400531_EV-033,EV-033,2026-03-27T23:33:42.547409+00:00,499.82,499.82,0.0,31.5,2026-03-27T23:33:42.547409+00:00
b1400531_EV-034,EV-034,2026-03-27T23:33:42.547409+00:00,785.18,785.18,0.0,61.5,2026-03-27T23:33:42.547409+00:00
b1400531_EV-035,EV-035,2026-03-27T23:33:42.547409+00:00,785.18,785.18,0.0,52.36,2026-03-27T23:33:42.547409+00:00
b1400531_EV-036,EV-036,2026-03-27T23:33:42.547409+00:00,754.35,754.35,0.0,42.35,2026-03-27T23:33:42.547409+00:00
b1400531_EV-037,EV-037,2026-03-27T23:33:42.547409+00:00,758.04,758.04,0.0,40.02,2026-03-27T23:33:42.547409+00:00
b1400531_EV-038,EV-038,2026-03-27T23:33:42.547409+00:00,512.03,512.03,0.0,34.2,2026-03-27T23:33:42.547409+00:00
b1400531_EV-039,EV-039,2026-03-27T23:33:42.547409+00:00,785.18,785.18,0.0,56.05,2026-03-27T23:33:42.547409+00:00
b1400531_EV-040,EV-040,2026-03-27T23:33:42.547409+00:00,785.18,785.18,0.0,51.0,2026-03-27T23:33:42.547409+00:00
b1400531_EV-041,EV-041,2026-03-27T23:33:42.547409+00:00,785.03,785.03,0.0,36.72,2026-03-27T23:33:42.547409+00:00
b1400531_EV-042,EV-042,2026-03-27T23:33:42.547409+00:00,754.35,754.35,0.0,44.66,2026-03-27T23:33:42.547409+00:00
b1400531_EV-043,EV-043,2026-03-27T23:33:42.547409+00:00,785.18,785.18,0.0,61.75,2026-03-27T23:33:42.547409+00:00
b1400531_EV-044,EV-044,2026-03-27T23:33:42.547409+00:00,384.81,384.81,0.0,23.2,2026-03-27T23:33:42.547409+00:00
b1400531_EV-045,EV-045,2026-03-27T23:33:42.547409+00:00,754.35,754.35,0.0,43.12,2026-03-27T23:33:42.547409+00:00
b1400531_EV-046,EV-046,2026-03-27T23:33:42.547409+00:00,382.34,382.34,0.0,24.4,2026-03-27T23:33:42.547409+00:00
b1400531_EV-047,EV-047,2026-03-27T23:33:42.547409+00:00,785.18,785.18,0.0,64.0,2026-03-27T23:33:42.547409+00:00
b1400531_EV-048,EV-048,2026-03-27T23:33:42.547409+00:00,754.35,754.35,0.0,46.98,2026-03-27T23:33:42.547409+00:00
b1400531_EV-049,EV-049,2026-03-27T23:33:42.547409+00:00,754.35,754.35,0.0,43.12,2026-03-27T23:33:42.547409+00:00
91874e2f_EV-001,EV-001,2026-03-27T23:33:48.399628+00:00,368.64,368.64,0.0,20.13,2026-03-27T23:33:48.399628+00:00
91874e2f_EV-002,EV-002,2026-03-27T23:33:48.399628+00:00,384.81,384.81,0.0,22.8,2026-03-27T23:33:48.399628+00:00
91874e2f_EV-003,EV-003,2026-03-27T23:33:48.399628+00:00,384.81,384.81,0.0,23.43,2026-03-27T23:33:48.399628+00:00
91874e2f_EV-004,EV-004,2026-03-27T23:33:48.399628+00:00,785.03,785.03,0.0,39.0,2026-03-27T23:33:48.399628+00:00
91874e2f_EV-005,EV-005,2026-03-27T23:33:48.399628+00:00,754.35,754.35,0.0,42.0,2026-03-27T23:33:48.399628+00:00
91874e2f_EV-006,EV-006,2026-03-27T23:33:48.399628+00:00,785.18,785.18,0.0,50.25,2026-03-27T23:33:48.399628+00:00
91874e2f_EV-007,EV-007,2026-03-27T23:33:48.399628+00:00,388.53,388.53,0.0,29.26,2026-03-27T23:33:48.399628+00:00
91874e2f_EV-008,EV-008,2026-03-27T23:33:48.399628+00:00,754.35,754.35,0.0,43.5,2026-03-27T23:33:48.399628+00:00
91874e2f_EV-009,EV-009,2026-03-27T23:33:48.399628+00:00,754.35,754.35,0.0,45.75,2026-03-27T23:33:48.399628+00:00
91874e2f_EV-010,EV-010,2026-03-27T23:33:48.399628+00:00,499.82,499.82,0.0,31.68,2026-03-27T23:33:48.399628+00:00
91874e2f_EV-011,EV-011,2026-03-27T23:33:48.399628+00:00,785.18,785.18,0.0,62.25,2026-03-27T23:33:48.399628+00:00
91874e2f_EV-012,EV-012,2026-03-27T23:33:48.399628+00:00,785.03,785.03,0.0,36.72,2026-03-27T23:33:48.399628+00:00
91874e2f_EV-013,EV-013,2026-03-27T23:33:48.399628+00:00,785.18,785.18,0.0,51.12,2026-03-27T23:33:48.399628+00:00
91874e2f_EV-014,EV-014,2026-03-27T23:33:48.399628+00:00,384.81,384.81,0.0,23.6,2026-03-27T23:33:48.399628+00:00
91874e2f_EV-015,EV-015,2026-03-27T23:33:48.399628+00:00,386.87,386.87,0.0,26.5,2026-03-27T23:33:48.399628+00:00
91874e2f_EV-016,EV-016,2026-03-27T23:33:48.399628+00:00,785.18,785.18,0.0,66.0,2026-03-27T23:33:48.399628+00:00
91874e2f_EV-017,EV-017,2026-03-27T23:33:48.399628+00:00,512.03,512.03,0.0,33.06,2026-03-27T23:33:48.399628+00:00
91874e2f_EV-018,EV-018,2026-03-27T23:33:48.399628+00:00,754.35,754.35,0.0,42.35,2026-03-27T23:33:48.399628+00:00
91874e2f_EV-019,EV-019,2026-03-27T23:33:48.399628+00:00,754.35,754.35,0.0,47.4,2026-03-27T23:33:48.399628+00:00
91874e2f_EV-020,EV-020,2026-03-27T23:33:48.399628+00:00,785.18,785.18,0.0,81.7,2026-03-27T23:33:48.399628+00:00
91874e2f_EV-021,EV-021,2026-03-27T23:33:48.399628+00:00,382.34,382.34,0.0,24.0,2026-03-27T23:33:48.399628+00:00
7cfb059e_EV-001,EV-001,2026-03-27T23:33:54.713044+00:00,368.64,368.64,0.0,20.13,2026-03-27T23:33:54.713044+00:00
7cfb059e_EV-002,EV-002,2026-03-27T23:33:54.713044+00:00,384.81,384.81,0.0,22.8,2026-03-27T23:33:54.713044+00:00
7cfb059e_EV-003,EV-003,2026-03-27T23:33:54.713044+00:00,384.81,384.81,0.0,23.43,2026-03-27T23:33:54.713044+00:00
7cfb059e_EV-004,EV-004,2026-03-27T23:33:54.713044+00:00,785.03,785.03,0.0,39.0,2026-03-27T23:33:54.713044+00:00
7cfb059e_EV-005,EV-005,2026-03-27T23:33:54.713044+00:00,754.35,754.35,0.0,42.0,2026-03-27T23:33:54.713044+00:00
7cfb059e_EV-006,EV-006,2026-03-27T23:33:54.713044+00:00,785.18,785.18,0.0,50.25,2026-03-27T23:33:54.713044+00:00
7cfb059e_EV-007,EV-007,2026-03-27T23:33:54.713044+00:00,388.53,388.53,0.0,29.26,2026-03-27T23:33:54.713044+00:00
7cfb059e_EV-008,EV-008,2026-03-27T23:33:54.713044+00:00,754.35,754.35,0.0,43.5,2026-03-27T23:33:54.713044+00:00
7cfb059e_EV-009,EV-009,2026-03-27T23:33:54.713044+00:00,754.35,754.35,0.0,45.75,2026-03-27T23:33:54.713044+00:00
7cfb059e_EV-010,EV-010,2026-03-27T23:33:54.713044+00:00,499.82,499.82,0.0,31.68,2026-03-27T23:33:54.713044+00:00
7cfb059e_EV-011,EV-011,2026-03-27T23:33:54.713044+00:00,785.18,785.18,0.0,62.25,2026-03-27T23:33:54.713044+00:00
7cfb059e_EV-012,EV-012,2026-03-27T23:33:54.713044+00:00,785.03,785.03,0.0,36.72,2026-03-27T23:33:54.713044+00:00
7cfb059e_EV-013,EV-013,2026-03-27T23:33:54.713044+00:00,785.18,785.18,0.0,51.12,2026-03-27T23:33:54.713044+00:00
7cfb059e_EV-014,EV-014,2026-03-27T23:33:54.713044+00:00,384.81,384.81,0.0,23.6,2026-03-27T23:33:54.713044+00:00
7cfb059e_EV-015,EV-015,2026-03-27T23:33:54.713044+00:00,386.87,386.87,0.0,26.5,2026-03-27T23:33:54.713044+00:00
7cfb059e_EV-016,EV-016,2026-03-27T23:33:54.713044+00:00,785.18,785.18,0.0,66.0,2026-03-27T23:33:54.713044+00:00
7cfb059e_EV-017,EV-017,2026-03-27T23:33:54.713044+00:00,512.03,512.03,0.0,33.06,2026-03-27T23:33:54.713044+00:00
7cfb059e_EV-018,EV-018,2026-03-27T23:33:54.713044+00:00,754.35,754.35,0.0,42.35,2026-03-27T23:33:54.713044+00:00
7cfb059e_EV-019,EV-019,2026-03-27T23:33:54.713044+00:00,754.35,754.35,0.0,47.4,2026-03-27T23:33:54.713044+00:00
7cfb059e_EV-020,EV-020,2026-03-27T23:33:54.713044+00:00,785.18,785.18,0.0,81.7,2026-03-27T23:33:54.713044+00:00
7cfb059e_EV-021,EV-021,2026-03-27T23:33:54.713044+00:00,382.34,382.34,0.0,24.0,2026-03-27T23:33:54.713044+00:00
7cfb059e_EV-022,EV-022,2026-03-27T23:33:54.713044+00:00,512.03,512.03,0.0,35.4,2026-03-27T23:33:54.713044+00:00
7cfb059e_EV-023,EV-023,2026-03-27T23:33:54.713044+00:00,785.18,785.18,0.0,56.8,2026-03-27T23:33:54.713044+00:00
7cfb059e_EV-024,EV-024,2026-03-27T23:33:54.713044+00:00,754.35,754.35,0.0,44.8,2026-03-27T23:33:54.713044+00:00
7cfb059e_EV-025,EV-025,2026-03-27T23:33:54.713044+00:00,512.03,512.03,0.0,33.0,2026-03-27T23:33:54.713044+00:00
7cfb059e_EV-026,EV-026,2026-03-27T23:33:54.713044+00:00,785.18,785.18,0.0,60.06,2026-03-27T23:33:54.713044+00:00
7cfb059e_EV-027,EV-027,2026-03-27T23:33:54.713044+00:00,512.03,512.03,0.0,33.0,2026-03-27T23:33:54.713044+00:00
7cfb059e_EV-028,EV-028,2026-03-27T23:33:54.713044+00:00,754.35,754.35,0.0,47.5,2026-03-27T23:33:54.713044+00:00
7cfb059e_EV-029,EV-029,2026-03-27T23:33:54.713044+00:00,330.74,330.74,0.0,14.5,2026-03-27T23:33:54.713044+00:00
7cfb059e_EV-030,EV-030,2026-03-27T23:33:54.713044+00:00,785.18,785.18,0.0,60.83,2026-03-27T23:33:54.713044+00:00
7cfb059e_EV-031,EV-031,2026-03-27T23:33:54.713044+00:00,785.18,785.18,0.0,56.21,2026-03-27T23:33:54.713044+00:00
7cfb059e_EV-032,EV-032,2026-03-27T23:33:54.713044+00:00,364.85,364.85,0.0,18.0,2026-03-27T23:33:54.713044+00:00
7cfb059e_EV-033,EV-033,2026-03-27T23:33:54.713044+00:00,499.82,499.82,0.0,31.5,2026-03-27T23:33:54.713044+00:00
7cfb059e_EV-034,EV-034,2026-03-27T23:33:54.713044+00:00,785.18,785.18,0.0,61.5,2026-03-27T23:33:54.713044+00:00
c9d1f231_EV-001,EV-001,2026-03-27T23:34:00.244043+00:00,368.64,368.64,0.0,20.13,2026-03-27T23:34:00.244043+00:00
c9d1f231_EV-002,EV-002,2026-03-27T23:34:00.244043+00:00,384.81,384.81,0.0,22.8,2026-03-27T23:34:00.244043+00:00
c9d1f231_EV-003,EV-003,2026-03-27T23:34:00.244043+00:00,384.81,384.81,0.0,23.43,2026-03-27T23:34:00.244043+00:00
c9d1f231_EV-004,EV-004,2026-03-27T23:34:00.244043+00:00,785.03,785.03,0.0,39.0,2026-03-27T23:34:00.244043+00:00
c9d1f231_EV-005,EV-005,2026-03-27T23:34:00.244043+00:00,754.35,754.35,0.0,42.0,2026-03-27T23:34:00.244043+00:00
c9d1f231_EV-006,EV-006,2026-03-27T23:34:00.244043+00:00,785.18,785.18,0.0,50.25,2026-03-27T23:34:00.244043+00:00
c9d1f231_EV-007,EV-007,2026-03-27T23:34:00.244043+00:00,388.53,388.53,0.0,29.26,2026-03-27T23:34:00.244043+00:00
c9d1f231_EV-008,EV-008,2026-03-27T23:34:00.244043+00:00,754.35,754.35,0.0,43.5,2026-03-27T23:34:00.244043+00:00
c9d1f231_EV-009,EV-009,2026-03-27T23:34:00.244043+00:00,754.35,754.35,0.0,45.75,2026-03-27T23:34:00.244043+00:00
c9d1f231_EV-010,EV-010,2026-03-27T23:34:00.244043+00:00,499.82,499.82,0.0,31.68,2026-03-27T23:34:00.244043+00:00
c9d1f231_EV-011,EV-011,2026-03-27T23:34:00.244043+00:00,785.18,785.18,0.0,62.25,2026-03-27T23:34:00.244043+00:00
c9d1f231_EV-012,EV-012,2026-03-27T23:34:00.244043+00:00,785.03,785.03,0.0,36.72,2026-03-27T23:34:00.244043+00:00
c9d1f231_EV-013,EV-013,2026-03-27T23:34:00.244043+00:00,785.18,785.18,0.0,51.12,2026-03-27T23:34:00.244043+00:00
c9d1f231_EV-014,EV-014,2026-03-27T23:34:00.244043+00:00,384.81,384.81,0.0,23.6,2026-03-27T23:34:00.244043+00:00
c9d1f231_EV-015,EV-015,2026-03-27T23:34:00.244043+00:00,386.87,386.87,0.0,26.5,2026-03-27T23:34:00.244043+00:00
c9d1f231_EV-016,EV-016,2026-03-27T23:34:00.244043+00:00,785.18,785.18,0.0,66.0,2026-03-27T23:34:00.244043+00:00
c9d1f231_EV-017,EV-017,2026-03-27T23:34:00.244043+00:00,512.03,512.03,0.0,33.06,2026-03-27T23:34:00.244043+00:00
c9d1f231_EV-018,EV-018,2026-03-27T23:34:00.244043+00:00,754.35,754.35,0.0,42.35,2026-03-27T23:34:00.244043+00:00
c9d1f231_EV-019,EV-019,2026-03-27T23:34:00.244043+00:00,754.35,754.35,0.0,47.4,2026-03-27T23:34:00.244043+00:00
c9d1f231_EV-020,EV-020,2026-03-27T23:34:00.244043+00:00,785.18,785.18,0.0,81.7,2026-03-27T23:34:00.244043+00:00
c9d1f231_EV-021,EV-021,2026-03-27T23:34:00.244043+00:00,382.34,382.34,0.0,24.0,2026-03-27T23:34:00.244043+00:00
c9d1f231_EV-022,EV-022,2026-03-27T23:34:00.244043+00:00,512.03,512.03,0.0,35.4,2026-03-27T23:34:00.244043+00:00
c9d1f231_EV-023,EV-023,2026-03-27T23:34:00.244043+00:00,785.18,785.18,0.0,56.8,2026-03-27T23:34:00.244043+00:00
c9d1f231_EV-024,EV-024,2026-03-27T23:34:00.244043+00:00,754.35,754.35,0.0,44.8,2026-03-27T23:34:00.244043+00:00
c9d1f231_EV-025,EV-025,2026-03-27T23:34:00.244043+00:00,512.03,512.03,0.0,33.0,2026-03-27T23:34:00.244043+00:00
c9d1f231_EV-026,EV-026,2026-03-27T23:34:00.244043+00:00,785.18,785.18,0.0,60.06,2026-03-27T23:34:00.244043+00:00
c9d1f231_EV-027,EV-027,2026-03-27T23:34:00.244043+00:00,512.03,512.03,0.0,33.0,2026-03-27T23:34:00.244043+00:00
c9d1f231_EV-028,EV-028,2026-03-27T23:34:00.244043+00:00,754.35,754.35,0.0,47.5,2026-03-27T23:34:00.244043+00:00
c9d1f231_EV-029,EV-029,2026-03-27T23:34:00.244043+00:00,330.74,330.74,0.0,14.5,2026-03-27T23:34:00.244043+00:00
c9d1f231_EV-030,EV-030,2026-03-27T23:34:00.244043+00:00,785.18,785.18,0.0,60.83,2026-03-27T23:34:00.244043+00:00
c9d1f231_EV-031,EV-031,2026-03-27T23:34:00.244043+00:00,785.18,785.18,0.0,56.21,2026-03-27T23:34:00.244043+00:00
c9d1f231_EV-032,EV-032,2026-03-27T23:34:00.244043+00:00,364.85,364.85,0.0,18.0,2026-03-27T23:34:00.244043+00:00
c9d1f231_EV-033,EV-033,2026-03-27T23:34:00.244043+00:00,499.82,499.82,0.0,31.5,2026-03-27T23:34:00.244043+00:00
c9d1f231_EV-034,EV-034,2026-03-27T23:34:00.244043+00:00,785.18,785.18,0.0,61.5,2026-03-27T23:34:00.244043+00:00
c9d1f231_EV-035,EV-035,2026-03-27T23:34:00.244043+00:00,785.18,785.18,0.0,52.36,2026-03-27T23:34:00.244043+00:00
c9d1f231_EV-036,EV-036,2026-03-27T23:34:00.244043+00:00,754.35,754.35,0.0,42.35,2026-03-27T23:34:00.244043+00:00
c9d1f231_EV-037,EV-037,2026-03-27T23:34:00.244043+00:00,758.04,758.04,0.0,40.02,2026-03-27T23:34:00.244043+00:00
c9d1f231_EV-038,EV-038,2026-03-27T23:34:00.244043+00:00,512.03,512.03,0.0,34.2,2026-03-27T23:34:00.244043+00:00
c9d1f231_EV-039,EV-039,2026-03-27T23:34:00.244043+00:00,785.18,785.18,0.0,56.05,2026-03-27T23:34:00.244043+00:00
c9d1f231_EV-040,EV-040,2026-03-27T23:34:00.244043+00:00,785.18,785.18,0.0,51.0,2026-03-27T23:34:00.244043+00:00
c9d1f231_EV-041,EV-041,2026-03-27T23:34:00.244043+00:00,785.03,785.03,0.0,36.72,2026-03-27T23:34:00.244043+00:00
c9d1f231_EV-042,EV-042,2026-03-27T23:34:00.244043+00:00,754.35,754.35,0.0,44.66,2026-03-27T23:34:00.244043+00:00
c9d1f231_EV-043,EV-043,2026-03-27T23:34:00.244043+00:00,785.18,785.18,0.0,61.75,2026-03-27T23:34:00.244043+00:00
c9d1f231_EV-044,EV-044,2026-03-27T23:34:00.244043+00:00,384.81,384.81,0.0,23.2,2026-03-27T23:34:00.244043+00:00
c9d1f231_EV-045,EV-045,2026-03-27T23:34:00.244043+00:00,754.35,754.35,0.0,43.12,2026-03-27T23:34:00.244043+00:00
c9d1f231_EV-046,EV-046,2026-03-27T23:34:00.244043+00:00,382.34,382.34,0.0,24.4,2026-03-27T23:34:00.244043+00:00
c9d1f231_EV-047,EV-047,2026-03-27T23:34:00.244043+00:00,785.18,785.18,0.0,64.0,2026-03-27T23:34:00.244043+00:00
c9d1f231_EV-048,EV-048,2026-03-27T23:34:00.244043+00:00,754.35,754.35,0.0,46.98,2026-03-27T23:34:00.244043+00:00
c9d1f231_EV-049,EV-049,2026-03-27T23:34:00.244043+00:00,754.35,754.35,0.0,43.12,2026-03-27T23:34:00.244043+00:00
c9d1f231_EV-050,EV-050,2026-03-27T23:34:00.244043+00:00,499.82,499.82,0.0,31.5,2026-03-27T23:34:00.244043+00:00
2b43aa08_EV-001,EV-001,2026-03-27T23:34:08.081799+00:00,368.64,368.64,0.0,20.13,2026-03-27T23:34:08.081799+00:00
2b43aa08_EV-002,EV-002,2026-03-27T23:34:08.081799+00:00,384.81,384.81,0.0,22.8,2026-03-27T23:34:08.081799+00:00
2b43aa08_EV-003,EV-003,2026-03-27T23:34:08.081799+00:00,384.81,384.81,0.0,23.43,2026-03-27T23:34:08.081799+00:00
2b43aa08_EV-004,EV-004,2026-03-27T23:34:08.081799+00:00,785.03,785.03,0.0,39.0,2026-03-27T23:34:08.081799+00:00
2b43aa08_EV-005,EV-005,2026-03-27T23:34:08.081799+00:00,754.35,754.35,0.0,42.0,2026-03-27T23:34:08.081799+00:00
2b43aa08_EV-006,EV-006,2026-03-27T23:34:08.081799+00:00,785.18,785.18,0.0,50.25,2026-03-27T23:34:08.081799+00:00
2b43aa08_EV-007,EV-007,2026-03-27T23:34:08.081799+00:00,388.53,388.53,0.0,29.26,2026-03-27T23:34:08.081799+00:00
2b43aa08_EV-008,EV-008,2026-03-27T23:34:08.081799+00:00,754.35,754.35,0.0,43.5,2026-03-27T23:34:08.081799+00:00
2b43aa08_EV-009,EV-009,2026-03-27T23:34:08.081799+00:00,754.35,754.35,0.0,45.75,2026-03-27T23:34:08.081799+00:00
2b43aa08_EV-010,EV-010,2026-03-27T23:34:08.081799+00:00,499.82,499.82,0.0,31.68,2026-03-27T23:34:08.081799+00:00
2b43aa08_EV-011,EV-011,2026-03-27T23:34:08.081799+00:00,785.18,785.18,0.0,62.25,2026-03-27T23:34:08.081799+00:00
2b43aa08_EV-012,EV-012,2026-03-27T23:34:08.081799+00:00,785.03,785.03,0.0,36.72,2026-03-27T23:34:08.081799+00:00
2b43aa08_EV-013,EV-013,2026-03-27T23:34:08.081799+00:00,785.18,785.18,0.0,51.12,2026-03-27T23:34:08.081799+00:00
2b43aa08_EV-014,EV-014,2026-03-27T23:34:08.081799+00:00,384.81,384.81,0.0,23.6,2026-03-27T23:34:08.081799+00:00
2b43aa08_EV-015,EV-015,2026-03-27T23:34:08.081799+00:00,386.87,386.87,0.0,26.5,2026-03-27T23:34:08.081799+00:00
2b43aa08_EV-016,EV-016,2026-03-27T23:34:08.081799+00:00,785.18,785.18,0.0,66.0,2026-03-27T23:34:08.081799+00:00
2b43aa08_EV-017,EV-017,2026-03-27T23:34:08.081799+00:00,512.03,512.03,0.0,33.06,2026-03-27T23:34:08.081799+00:00
2b43aa08_EV-018,EV-018,2026-03-27T23:34:08.081799+00:00,754.35,754.35,0.0,42.35,2026-03-27T23:34:08.081799+00:00
2b43aa08_EV-019,EV-019,2026-03-27T23:34:08.081799+00:00,754.35,754.35,0.0,47.4,2026-03-27T23:34:08.081799+00:00
2b43aa08_EV-020,EV-020,2026-03-27T23:34:08.081799+00:00,785.18,785.18,0.0,81.7,2026-03-27T23:34:08.081799+00:00
2b43aa08_EV-021,EV-021,2026-03-27T23:34:08.081799+00:00,382.34,382.34,0.0,24.0,2026-03-27T23:34:08.081799+00:00
2b43aa08_EV-022,EV-022,2026-03-27T23:34:08.081799+00:00,512.03,512.03,0.0,35.4,2026-03-27T23:34:08.081799+00:00
2b43aa08_EV-023,EV-023,2026-03-27T23:34:08.081799+00:00,785.18,785.18,0.0,56.8,2026-03-27T23:34:08.081799+00:00
2b43aa08_EV-024,EV-024,2026-03-27T23:34:08.081799+00:00,754.35,754.35,0.0,44.8,2026-03-27T23:34:08.081799+00:00
2b43aa08_EV-025,EV-025,2026-03-27T23:34:08.081799+00:00,512.03,512.03,0.0,33.0,2026-03-27T23:34:08.081799+00:00
2b43aa08_EV-026,EV-026,2026-03-27T23:34:08.081799+00:00,785.18,785.18,0.0,60.06,2026-03-27T23:34:08.081799+00:00
2b43aa08_EV-027,EV-027,2026-03-27T23:34:08.081799+00:00,512.03,512.03,0.0,33.0,2026-03-27T23:34:08.081799+00:00
2b43aa08_EV-028,EV-028,2026-03-27T23:34:08.081799+00:00,754.35,754.35,0.0,47.5,2026-03-27T23:34:08.081799+00:00
2b43aa08_EV-029,EV-029,2026-03-27T23:34:08.081799+00:00,330.74,330.74,0.0,14.5,2026-03-27T23:34:08.081799+00:00
2b43aa08_EV-030,EV-030,2026-03-27T23:34:08.081799+00:00,785.18,785.18,0.0,60.83,2026-03-27T23:34:08.081799+00:00
2b43aa08_EV-031,EV-031,2026-03-27T23:34:08.081799+00:00,785.18,785.18,0.0,56.21,2026-03-27T23:34:08.081799+00:00
2b43aa08_EV-032,EV-032,2026-03-27T23:34:08.081799+00:00,364.85,364.85,0.0,18.0,2026-03-27T23:34:08.081799+00:00
2b43aa08_EV-033,EV-033,2026-03-27T23:34:08.081799+00:00,499.82,499.82,0.0,31.5,2026-03-27T23:34:08.081799+00:00
2b43aa08_EV-034,EV-034,2026-03-27T23:34:08.081799+00:00,785.18,785.18,0.0,61.5,2026-03-27T23:34:08.081799+00:00
2b43aa08_EV-035,EV-035,2026-03-27T23:34:08.081799+00:00,785.18,785.18,0.0,52.36,2026-03-27T23:34:08.081799+00:00
2b43aa08_EV-036,EV-036,2026-03-27T23:34:08.081799+00:00,754.35,754.35,0.0,42.35,2026-03-27T23:34:08.081799+00:00
2b43aa08_EV-037,EV-037,2026-03-27T23:34:08.081799+00:00,758.04,758.04,0.0,40.02,2026-03-27T23:34:08.081799+00:00
2b43aa08_EV-038,EV-038,2026-03-27T23:34:08.081799+00:00,512.03,512.03,0.0,34.2,2026-03-27T23:34:08.081799+00:00
2b43aa08_EV-039,EV-039,2026-03-27T23:34:08.081799+00:00,785.18,785.18,0.0,56.05,2026-03-27T23:34:08.081799+00:00
2b43aa08_EV-040,EV-040,2026-03-27T23:34:08.081799+00:00,785.18,785.18,0.0,51.0,2026-03-27T23:34:08.081799+00:00
2b43aa08_EV-041,EV-041,2026-03-27T23:34:08.081799+00:00,785.03,785.03,0.0,36.72,2026-03-27T23:34:08.081799+00:00
2b43aa08_EV-042,EV-042,2026-03-27T23:34:08.081799+00:00,754.35,754.35,0.0,44.66,2026-03-27T23:34:08.081799+00:00
2b43aa08_EV-043,EV-043,2026-03-27T23:34:08.081799+00:00,785.18,785.18,0.0,61.75,2026-03-27T23:34:08.081799+00:00
2b43aa08_EV-044,EV-044,2026-03-27T23:34:08.081799+00:00,384.81,384.81,0.0,23.2,2026-03-27T23:34:08.081799+00:00
2b43aa08_EV-045,EV-045,2026-03-27T23:34:08.081799+00:00,754.35,754.35,0.0,43.12,2026-03-27T23:34:08.081799+00:00
2b43aa08_EV-046,EV-046,2026-03-27T23:34:08.081799+00:00,382.34,382.34,0.0,24.4,2026-03-27T23:34:08.081799+00:00
2b43aa08_EV-047,EV-047,2026-03-27T23:34:08.081799+00:00,785.18,785.18,0.0,64.0,2026-03-27T23:34:08.081799+00:00
2b43aa08_EV-048,EV-048,2026-03-27T23:34:08.081799+00:00,754.35,754.35,0.0,46.98,2026-03-27T23:34:08.081799+00:00
2b43aa08_EV-049,EV-049,2026-03-27T23:34:08.081799+00:00,754.35,754.35,0.0,43.12,2026-03-27T23:34:08.081799+00:00
2b43aa08_EV-050,EV-050,2026-03-27T23:34:08.081799+00:00,499.82,499.82,0.0,31.5,2026-03-27T23:34:08.081799+00:00
c9d06f64_EV-001,EV-001,2026-03-27T23:34:19.732281+00:00,368.64,368.64,0.0,20.13,2026-03-27T23:34:19.732281+00:00
c9d06f64_EV-002,EV-002,2026-03-27T23:34:19.732281+00:00,384.81,384.81,0.0,22.8,2026-03-27T23:34:19.732281+00:00
c9d06f64_EV-003,EV-003,2026-03-27T23:34:19.732281+00:00,384.81,384.81,0.0,23.43,2026-03-27T23:34:19.732281+00:00
c9d06f64_EV-004,EV-004,2026-03-27T23:34:19.732281+00:00,785.03,785.03,0.0,39.0,2026-03-27T23:34:19.732281+00:00
c9d06f64_EV-005,EV-005,2026-03-27T23:34:19.732281+00:00,754.35,754.35,0.0,42.0,2026-03-27T23:34:19.732281+00:00
c9d06f64_EV-006,EV-006,2026-03-27T23:34:19.732281+00:00,785.18,785.18,0.0,50.25,2026-03-27T23:34:19.732281+00:00
c9d06f64_EV-007,EV-007,2026-03-27T23:34:19.732281+00:00,388.53,388.53,0.0,29.26,2026-03-27T23:34:19.732281+00:00
c9d06f64_EV-008,EV-008,2026-03-27T23:34:19.732281+00:00,754.35,754.35,0.0,43.5,2026-03-27T23:34:19.732281+00:00
c9d06f64_EV-009,EV-009,2026-03-27T23:34:19.732281+00:00,754.35,754.35,0.0,45.75,2026-03-27T23:34:19.732281+00:00
c9d06f64_EV-010,EV-010,2026-03-27T23:34:19.732281+00:00,499.82,499.82,0.0,31.68,2026-03-27T23:34:19.732281+00:00
c9d06f64_EV-011,EV-011,2026-03-27T23:34:19.732281+00:00,785.18,785.18,0.0,62.25,2026-03-27T23:34:19.732281+00:00
c9d06f64_EV-012,EV-012,2026-03-27T23:34:19.732281+00:00,785.03,785.03,0.0,36.72,2026-03-27T23:34:19.732281+00:00
c9d06f64_EV-013,EV-013,2026-03-27T23:34:19.732281+00:00,785.18,785.18,0.0,51.12,2026-03-27T23:34:19.732281+00:00
c9d06f64_EV-014,EV-014,2026-03-27T23:34:19.732281+00:00,384.81,384.81,0.0,23.6,2026-03-27T23:34:19.732281+00:00
c9d06f64_EV-015,EV-015,2026-03-27T23:34:19.732281+00:00,386.87,386.87,0.0,26.5,2026-03-27T23:34:19.732281+00:00
c9d06f64_EV-016,EV-016,2026-03-27T23:34:19.732281+00:00,785.18,785.18,0.0,66.0,2026-03-27T23:34:19.732281+00:00
c9d06f64_EV-017,EV-017,2026-03-27T23:34:19.732281+00:00,512.03,512.03,0.0,33.06,2026-03-27T23:34:19.732281+00:00
3b8061e1_EV-001,EV-001,2026-03-27T23:34:39.845751+00:00,368.64,368.64,0.0,20.13,2026-03-27T23:34:39.845751+00:00
3b8061e1_EV-002,EV-002,2026-03-27T23:34:39.845751+00:00,384.81,384.81,0.0,22.8,2026-03-27T23:34:39.845751+00:00
3b8061e1_EV-003,EV-003,2026-03-27T23:34:39.845751+00:00,384.81,384.81,0.0,23.43,2026-03-27T23:34:39.845751+00:00
3b8061e1_EV-004,EV-004,2026-03-27T23:34:39.845751+00:00,785.03,785.03,0.0,39.0,2026-03-27T23:34:39.845751+00:00
3b8061e1_EV-005,EV-005,2026-03-27T23:34:39.845751+00:00,754.35,754.35,0.0,42.0,2026-03-27T23:34:39.845751+00:00
3b8061e1_EV-006,EV-006,2026-03-27T23:34:39.845751+00:00,785.18,785.18,0.0,50.25,2026-03-27T23:34:39.845751+00:00
3b8061e1_EV-007,EV-007,2026-03-27T23:34:39.845751+00:00,388.53,388.53,0.0,29.26,2026-03-27T23:34:39.845751+00:00
3b8061e1_EV-008,EV-008,2026-03-27T23:34:39.845751+00:00,754.35,754.35,0.0,43.5,2026-03-27T23:34:39.845751+00:00
3b8061e1_EV-009,EV-009,2026-03-27T23:34:39.845751+00:00,754.35,754.35,0.0,45.75,2026-03-27T23:34:39.845751+00:00
3b8061e1_EV-010,EV-010,2026-03-27T23:34:39.845751+00:00,499.82,499.82,0.0,31.68,2026-03-27T23:34:39.845751+00:00
3b8061e1_EV-011,EV-011,2026-03-27T23:34:39.845751+00:00,785.18,785.18,0.0,62.25,2026-03-27T23:34:39.845751+00:00
3b8061e1_EV-012,EV-012,2026-03-27T23:34:39.845751+00:00,785.03,785.03,0.0,36.72,2026-03-27T23:34:39.845751+00:00
3b8061e1_EV-013,EV-013,2026-03-27T23:34:39.845751+00:00,785.18,785.18,0.0,51.12,2026-03-27T23:34:39.845751+00:00
3b8061e1_EV-014,EV-014,2026-03-27T23:34:39.845751+00:00,384.81,384.81,0.0,23.6,2026-03-27T23:34:39.845751+00:00
3b8061e1_EV-015,EV-015,2026-03-27T23:34:39.845751+00:00,386.87,386.87,0.0,26.5,2026-03-27T23:34:39.845751+00:00
3b8061e1_EV-016,EV-016,2026-03-27T23:34:39.845751+00:00,785.18,785.18,0.0,66.0,2026-03-27T23:34:39.845751+00:00
3b8061e1_EV-017,EV-017,2026-03-27T23:34:39.845751+00:00,512.03,512.03,0.0,33.06,2026-03-27T23:34:39.845751+00:00
3b8061e1_EV-018,EV-018,2026-03-27T23:34:39.845751+00:00,754.35,754.35,0.0,42.35,2026-03-27T23:34:39.845751+00:00
3b8061e1_EV-019,EV-019,2026-03-27T23:34:39.845751+00:00,754.35,754.35,0.0,47.4,2026-03-27T23:34:39.845751+00:00
3b8061e1_EV-020,EV-020,2026-03-27T23:34:39.845751+00:00,785.18,785.18,0.0,81.7,2026-03-27T23:34:39.845751+00:00
3b8061e1_EV-021,EV-021,2026-03-27T23:34:39.845751+00:00,382.34,382.34,0.0,24.0,2026-03-27T23:34:39.845751+00:00
3b8061e1_EV-022,EV-022,2026-03-27T23:34:39.845751+00:00,512.03,512.03,0.0,35.4,2026-03-27T23:34:39.845751+00:00
3b8061e1_EV-023,EV-023,2026-03-27T23:34:39.845751+00:00,785.18,785.18,0.0,56.8,2026-03-27T23:34:39.845751+00:00
3b8061e1_EV-024,EV-024,2026-03-27T23:34:39.845751+00:00,754.35,754.35,0.0,44.8,2026-03-27T23:34:39.845751+00:00
3b8061e1_EV-025,EV-025,2026-03-27T23:34:39.845751+00:00,512.03,512.03,0.0,33.0,2026-03-27T23:34:39.845751+00:00
3b8061e1_EV-026,EV-026,2026-03-27T23:34:39.845751+00:00,785.18,785.18,0.0,60.06,2026-03-27T23:34:39.845751+00:00
3b8061e1_EV-027,EV-027,2026-03-27T23:34:39.845751+00:00,512.03,512.03,0.0,33.0,2026-03-27T23:34:39.845751+00:00
3b8061e1_EV-028,EV-028,2026-03-27T23:34:39.845751+00:00,754.35,754.35,0.0,47.5,2026-03-27T23:34:39.845751+00:00
3b8061e1_EV-029,EV-029,2026-03-27T23:34:39.845751+00:00,330.74,330.74,0.0,14.5,2026-03-27T23:34:39.845751+00:00
3b8061e1_EV-030,EV-030,2026-03-27T23:34:39.845751+00:00,785.18,785.18,0.0,60.83,2026-03-27T23:34:39.845751+00:00
3b8061e1_EV-031,EV-031,2026-03-27T23:34:39.845751+00:00,785.18,785.18,0.0,56.21,2026-03-27T23:34:39.845751+00:00
3b8061e1_EV-032,EV-032,2026-03-27T23:34:39.845751+00:00,364.85,364.85,0.0,18.0,2026-03-27T23:34:39.845751+00:00
3b8061e1_EV-033,EV-033,2026-03-27T23:34:39.845751+00:00,499.82,499.82,0.0,31.5,2026-03-27T23:34:39.845751+00:00
4bb69cf6_EV-001,EV-001,2026-03-27T23:34:58.280920+00:00,368.64,368.64,0.0,20.13,2026-03-27T23:34:58.280920+00:00
4bb69cf6_EV-002,EV-002,2026-03-27T23:34:58.280920+00:00,384.81,384.81,0.0,22.8,2026-03-27T23:34:58.280920+00:00
4bb69cf6_EV-003,EV-003,2026-03-27T23:34:58.280920+00:00,384.81,384.81,0.0,23.43,2026-03-27T23:34:58.280920+00:00
4bb69cf6_EV-004,EV-004,2026-03-27T23:34:58.280920+00:00,785.03,785.03,0.0,39.0,2026-03-27T23:34:58.280920+00:00
4bb69cf6_EV-005,EV-005,2026-03-27T23:34:58.280920+00:00,754.35,754.35,0.0,42.0,2026-03-27T23:34:58.280920+00:00
4bb69cf6_EV-006,EV-006,2026-03-27T23:34:58.280920+00:00,785.18,785.18,0.0,50.25,2026-03-27T23:34:58.280920+00:00
4bb69cf6_EV-007,EV-007,2026-03-27T23:34:58.280920+00:00,388.53,388.53,0.0,29.26,2026-03-27T23:34:58.280920+00:00
4bb69cf6_EV-008,EV-008,2026-03-27T23:34:58.280920+00:00,754.35,754.35,0.0,43.5,2026-03-27T23:34:58.280920+00:00
4bb69cf6_EV-009,EV-009,2026-03-27T23:34:58.280920+00:00,754.35,754.35,0.0,45.75,2026-03-27T23:34:58.280920+00:00
4bb69cf6_EV-010,EV-010,2026-03-27T23:34:58.280920+00:00,499.82,499.82,0.0,31.68,2026-03-27T23:34:58.280920+00:00
4bb69cf6_EV-011,EV-011,2026-03-27T23:34:58.280920+00:00,785.18,785.18,0.0,62.25,2026-03-27T23:34:58.280920+00:00
4bb69cf6_EV-012,EV-012,2026-03-27T23:34:58.280920+00:00,785.03,785.03,0.0,36.72,2026-03-27T23:34:58.280920+00:00
4bb69cf6_EV-013,EV-013,2026-03-27T23:34:58.280920+00:00,785.18,785.18,0.0,51.12,2026-03-27T23:34:58.280920+00:00
4bb69cf6_EV-014,EV-014,2026-03-27T23:34:58.280920+00:00,384.81,384.81,0.0,23.6,2026-03-27T23:34:58.280920+00:00
4bb69cf6_EV-015,EV-015,2026-03-27T23:34:58.280920+00:00,386.87,386.87,0.0,26.5,2026-03-27T23:34:58.280920+00:00
4bb69cf6_EV-016,EV-016,2026-03-27T23:34:58.280920+00:00,785.18,785.18,0.0,66.0,2026-03-27T23:34:58.280920+00:00
4bb69cf6_EV-017,EV-017,2026-03-27T23:34:58.280920+00:00,512.03,512.03,0.0,33.06,2026-03-27T23:34:58.280920+00:00
4bb69cf6_EV-018,EV-018,2026-03-27T23:34:58.280920+00:00,754.35,754.35,0.0,42.35,2026-03-27T23:34:58.280920+00:00
4bb69cf6_EV-019,EV-019,2026-03-27T23:34:58.280920+00:00,754.35,754.35,0.0,47.4,2026-03-27T23:34:58.280920+00:00
4bb69cf6_EV-020,EV-020,2026-03-27T23:34:58.280920+00:00,785.18,785.18,0.0,81.7,2026-03-27T23:34:58.280920+00:00
4bb69cf6_EV-021,EV-021,2026-03-27T23:34:58.280920+00:00,382.34,382.34,0.0,24.0,2026-03-27T23:34:58.280920+00:00
4bb69cf6_EV-022,EV-022,2026-03-27T23:34:58.280920+00:00,512.03,512.03,0.0,35.4,2026-03-27T23:34:58.280920+00:00
4bb69cf6_EV-023,EV-023,2026-03-27T23:34:58.280920+00:00,785.18,785.18,0.0,56.8,2026-03-27T23:34:58.280920+00:00
4bb69cf6_EV-024,EV-024,2026-03-27T23:34:58.280920+00:00,754.35,754.35,0.0,44.8,2026-03-27T23:34:58.280920+00:00
4bb69cf6_EV-025,EV-025,2026-03-27T23:34:58.280920+00:00,512.03,512.03,0.0,33.0,2026-03-27T23:34:58.280920+00:00
4bb69cf6_EV-026,EV-026,2026-03-27T23:34:58.280920+00:00,785.18,785.18,0.0,60.06,2026-03-27T23:34:58.280920+00:00
4bb69cf6_EV-027,EV-027,2026-03-27T23:34:58.280920+00:00,512.03,512.03,0.0,33.0,2026-03-27T23:34:58.280920+00:00
4bb69cf6_EV-028,EV-028,2026-03-27T23:34:58.280920+00:00,754.35,754.35,0.0,47.5,2026-03-27T23:34:58.280920+00:00
4bb69cf6_EV-029,EV-029,2026-03-27T23:34:58.280920+00:00,330.74,330.74,0.0,14.5,2026-03-27T23:34:58.280920+00:00
4bb69cf6_EV-030,EV-030,2026-03-27T23:34:58.280920+00:00,785.18,785.18,0.0,60.83,2026-03-27T23:34:58.280920+00:00
4bb69cf6_EV-031,EV-031,2026-03-27T23:34:58.280920+00:00,785.18,785.18,0.0,56.21,2026-03-27T23:34:58.280920+00:00
4bb69cf6_EV-032,EV-032,2026-03-27T23:34:58.280920+00:00,364.85,364.85,0.0,18.0,2026-03-27T23:34:58.280920+00:00
4bb69cf6_EV-033,EV-033,2026-03-27T23:34:58.280920+00:00,499.82,499.82,0.0,31.5,2026-03-27T23:34:58.280920+00:00
9a570bf8_T1,T1,2026-03-28T09:00:00+00:00,721.39,721.39,0.0,42.0,2026-03-28T00:33:17.182226+00:00
93dd5f81_T1,T1,2026-03-28T00:33:33.910728+00:00,1085.52,1085.52,0.0,42.0,2026-03-28T00:33:33.910728+00:00
06624990_T1,T1,2026-03-28T09:00:00+00:00,721.39,721.39,0.0,42.0,2026-03-28T00:33:57.122422+00:00
90602233_T1,T1,2026-03-28T09:00:00+00:00,721.39,721.39,0.0,42.0,2026-03-28T00:38:02.035368+00:00
8a65cd18_T1,T1,2026-03-27T09:00:00+00:00,562.16,562.16,0.0,42.0,2026-03-27T09:00:00+00:00
04f8337a_EV-001,EV-001,2026-03-27T09:00:00+00:00,433.7,433.7,0.0,22.0,2026-03-27T09:00:00+00:00
04f8337a_EV-002,EV-002,2026-03-27T09:00:00+00:00,505.65,505.65,0.0,34.0,2026-03-27T09:00:00+00:00
04f8337a_EV-003,EV-003,2026-03-27T09:00:00+00:00,561.92,561.92,0.0,40.2,2026-03-27T09:00:00+00:00
04f8337a_EV-004,EV-004,2026-03-27T09:00:00+00:00,561.92,561.92,0.0,41.25,2026-03-27T09:00:00+00:00
04f8337a_EV-005,EV-005,2026-03-27T09:00:00+00:00,473.7,473.7,0.0,27.2,2026-03-27T09:00:00+00:00
04f8337a_EV-006,EV-006,2026-03-27T09:00:00+00:00,448.6,448.6,0.0,23.2,2026-03-27T09:00:00+00:00
04f8337a_EV-007,EV-007,2026-03-27T09:00:00+00:00,562.16,562.16,0.0,43.89,2026-03-27T09:00:00+00:00
04f8337a_EV-008,EV-008,2026-03-27T09:00:00+00:00,505.65,505.65,0.0,36.0,2026-03-27T09:00:00+00:00
04f8337a_EV-009,EV-009,2026-03-27T09:00:00+00:00,592.92,592.92,0.0,53.9,2026-03-27T09:00:00+00:00
04f8337a_EV-010,EV-010,2026-03-27T09:00:00+00:00,562.16,562.16,0.0,42.75,2026-03-27T09:00:00+00:00
04f8337a_EV-011,EV-011,2026-03-27T09:00:00+00:00,473.7,473.7,0.0,28.5,2026-03-27T09:00:00+00:00
04f8337a_EV-012,EV-012,2026-03-27T09:00:00+00:00,505.65,505.65,0.0,35.0,2026-03-27T09:00:00+00:00
04f8337a_EV-013,EV-013,2026-03-27T09:00:00+00:00,592.92,592.92,0.0,53.9,2026-03-27T09:00:00+00:00
04f8337a_EV-014,EV-014,2026-03-27T09:00:00+00:00,417.05,417.05,0.0,17.49,2026-03-27T09:00:00+00:00
04f8337a_EV-015,EV-015,2026-03-27T09:00:00+00:00,592.92,592.92,0.0,48.0,2026-03-27T09:00:00+00:00
04f8337a_EV-016,EV-016,2026-03-27T09:00:00+00:00,473.7,473.7,0.0,28.8,2026-03-27T09:00:00+00:00
04f8337a_EV-017,EV-017,2026-03-27T09:00:00+00:00,505.65,505.65,0.0,36.0,2026-03-27T09:00:00+00:00
04f8337a_EV-018,EV-018,2026-03-27T09:00:00+00:00,473.7,473.7,0.0,30.24,2026-03-27T09:00:00+00:00
04f8337a_EV-019,EV-019,2026-03-27T09:00:00+00:00,570.86,570.86,0.0,39.5,2026-03-27T09:00:00+00:00
04f8337a_EV-020,EV-020,2026-03-27T09:00:00+00:00,505.65,505.65,0.0,35.25,2026-03-27T09:00:00+00:00
2ae4b0a4_HEAVY-01,HEAVY-01,2026-03-27T09:00:00+00:00,492.37,492.37,0.0,31.2,2026-03-27T09:00:00+00:00
2ae4b0a4_HEAVY-02,HEAVY-02,2026-03-27T09:05:00+00:00,490.33,490.33,0.0,34.2,2026-03-27T09:00:00+00:00
2ae4b0a4_HEAVY-03,HEAVY-03,2026-03-27T09:08:00+00:00,484.62,484.62,0.0,33.75,2026-03-27T09:00:00+00:00
2ae4b0a4_HEAVY-04,HEAVY-04,2026-03-27T09:10:00+00:00,577.93,577.93,0.0,53.9,2026-03-27T09:00:00+00:00
2ae4b0a4_HEAVY-05,HEAVY-05,2026-03-27T09:15:00+00:00,446.75,446.75,0.0,31.0,2026-03-27T09:00:00+00:00
2ae4b0a4_HEAVY-06,HEAVY-06,2026-03-27T09:18:00+00:00,552.54,552.54,0.0,38.86,2026-03-27T09:00:00+00:00
2ae4b0a4_HEAVY-07,HEAVY-07,2026-03-27T09:20:00+00:00,445.06,445.06,0.0,27.36,2026-03-27T09:00:00+00:00
2ae4b0a4_HEAVY-08,HEAVY-08,2026-03-27T09:25:00+00:00,585.58,585.58,0.0,44.66,2026-03-27T09:00:00+00:00
2ae4b0a4_HEAVY-09,HEAVY-09,2026-03-27T09:28:00+00:00,482.08,482.08,0.0,32.8,2026-03-27T09:00:00+00:00
2ae4b0a4_HEAVY-10,HEAVY-10,2026-03-27T09:30:00+00:00,468.08,468.08,0.0,27.0,2026-03-27T09:00:00+00:00
2ae4b0a4_HEAVY-11,HEAVY-11,2026-03-27T09:35:00+00:00,650.8,650.8,0.0,60.0,2026-03-27T09:00:00+00:00
2ae4b0a4_HEAVY-12,HEAVY-12,2026-03-27T09:38:00+00:00,602.84,602.84,0.0,42.75,2026-03-27T09:00:00+00:00
2ae4b0a4_HEAVY-13,HEAVY-13,2026-03-27T09:40:00+00:00,438.89,438.89,0.0,23.1,2026-03-27T09:00:00+00:00
2ae4b0a4_HEAVY-14,HEAVY-14,2026-03-27T09:45:00+00:00,455.63,455.63,0.0,29.6,2026-03-27T09:00:00+00:00
2ae4b0a4_HEAVY-15,HEAVY-15,2026-03-27T09:48:00+00:00,421.93,421.93,0.0,26.0,2026-03-27T09:00:00+00:00
2ae4b0a4_HEAVY-16,HEAVY-16,2026-03-27T09:50:00+00:00,446.19,446.19,0.0,34.5,2026-03-27T09:00:00+00:00
2ae4b0a4_HEAVY-17,HEAVY-17,2026-03-27T09:55:00+00:00,534.67,534.67,0.0,38.16,2026-03-27T09:00:00+00:00
2ae4b0a4_HEAVY-18,HEAVY-18,2026-03-27T09:58:00+00:00,393.87,393.87,0.0,22.5,2026-03-27T09:00:00+00:00
2ae4b0a4_HEAVY-19,HEAVY-19,2026-03-27T10:00:00+00:00,455.34,455.34,0.0,32.4,2026-03-27T09:00:00+00:00
2ae4b0a4_HEAVY-20,HEAVY-20,2026-03-27T10:05:00+00:00,425.08,425.08,0.0,30.0,2026-03-27T09:00:00+00:00
2ae4b0a4_HEAVY-21,HEAVY-21,2026-03-27T10:10:00+00:00,553.71,553.71,0.0,36.96,2026-03-27T09:00:00+00:00
2ae4b0a4_HEAVY-22,HEAVY-22,2026-03-27T10:15:00+00:00,595.15,595.15,0.0,58.52,2026-03-27T09:00:00+00:00
2ae4b0a4_HEAVY-23,HEAVY-23,2026-03-27T10:20:00+00:00,409.12,409.12,0.0,32.0,2026-03-27T09:00:00+00:00
2ae4b0a4_HEAVY-24,HEAVY-24,2026-03-27T10:25:00+00:00,342.94,342.94,0.0,17.4,2026-03-27T09:00:00+00:00
2ae4b0a4_HEAVY-25,HEAVY-25,2026-03-27T10:30:00+00:00,598.96,598.96,0.0,58.5,2026-03-27T09:00:00+00:00
b3361696_KNOWN-01,KNOWN-01,2026-03-27T09:00:00+00:00,468.86,90.0,-378.86,26.0,2026-03-27T09:00:00+00:00
b3361696_KNOWN-02,KNOWN-02,2026-03-27T09:05:00+00:00,490.33,120.0,-370.33,36.0,2026-03-27T09:00:00+00:00
b3361696_KNOWN-03,KNOWN-03,2026-03-27T09:10:00+00:00,469.84,150.0,-319.84,31.5,2026-03-27T09:00:00+00:00
b3361696_KNOWN-04,KNOWN-04,2026-03-27T09:12:00+00:00,483.13,90.0,-393.13,33.75,2026-03-27T09:00:00+00:00
b3361696_KNOWN-05,KNOWN-05,2026-03-27T09:15:00+00:00,568.28,120.0,-448.28,53.9,2026-03-27T09:00:00+00:00
b3361696_KNOWN-06,KNOWN-06,2026-03-27T09:18:00+00:00,473.9,180.0,-293.9,33.06,2026-03-27T09:00:00+00:00
b3361696_KNOWN-07,KNOWN-07,2026-03-27T09:20:00+00:00,440.22,90.0,-350.22,26.0,2026-03-27T09:00:00+00:00
b3361696_KNOWN-08,KNOWN-08,2026-03-27T09:25:00+00:00,457.75,120.0,-337.75,28.8,2026-03-27T09:00:00+00:00
b3361696_UNKNOWN-01,UNKNOWN-01,2026-03-27T09:30:00+00:00,600.54,600.54,0.0,43.2,2026-03-27T09:00:00+00:00
b3361696_UNKNOWN-02,UNKNOWN-02,2026-03-27T09:35:00+00:00,607.92,607.92,0.0,38.5,2026-03-27T09:00:00+00:00
b3361696_UNKNOWN-03,UNKNOWN-03,2026-03-27T09:40:00+00:00,464.0,464.0,0.0,27.2,2026-03-27T09:00:00+00:00
b3361696_UNKNOWN-04,UNKNOWN-04,2026-03-27T09:45:00+00:00,484.79,484.79,0.0,31.5,2026-03-27T09:00:00+00:00
b3361696_UNKNOWN-05,UNKNOWN-05,2026-03-27T09:50:00+00:00,543.77,543.77,0.0,40.6,2026-03-27T09:00:00+00:00
b3361696_UNKNOWN-06,UNKNOWN-06,2026-03-27T09:55:00+00:00,548.7,548.7,0.0,40.85,2026-03-27T09:00:00+00:00
b3361696_UNKNOWN-07,UNKNOWN-07,2026-03-27T10:00:00+00:00,455.34,455.34,0.0,32.0,2026-03-27T09:00:00+00:00
b3361696_UNKNOWN-08,UNKNOWN-08,2026-03-27T10:05:00+00:00,425.08,425.08,0.0,28.0,2026-03-27T09:00:00+00:00
b3361696_UNKNOWN-09,UNKNOWN-09,2026-03-27T10:10:00+00:00,581.17,581.17,0.0,43.89,2026-03-27T09:00:00+00:00
b3361696_UNKNOWN-10,UNKNOWN-10,2026-03-27T10:15:00+00:00,595.15,595.15,0.0,58.32,2026-03-27T09:00:00+00:00
b3361696_UNKNOWN-11,UNKNOWN-11,2026-03-27T10:20:00+00:00,383.67,383.67,0.0,15.18,2026-03-27T09:00:00+00:00
b3361696_UNKNOWN-12,UNKNOWN-12,2026-03-27T10:30:00+00:00,419.01,419.01,0.0,30.6,2026-03-27T09:00:00+00:00
36715b56_T1,T1,2026-03-27T07:00:00+00:00,556.1,556.1,0.0,42.0,2026-03-27T07:00:00+00:00
56909adb_T1,T1,2026-03-27T08:00:00+00:00,597.67,597.67,0.0,42.0,2026-03-27T08:00:00+00:00
db732fd5_T1,T1,2026-03-27T09:00:00+00:00,562.16,562.16,0.0,42.0,2026-03-27T09:00:00+00:00
328216cd_T1,T1,2026-03-27T10:00:00+00:00,572.21,572.21,0.0,42.0,2026-03-27T10:00:00+00:00
32839e87_T1,T1,2026-03-27T11:00:00+00:00,598.22,598.22,0.0,42.0,2026-03-27T11:00:00+00:00
8f23242f_T1,T1,2026-03-27T12:00:00+00:00,587.05,587.05,0.0,42.0,2026-03-27T12:00:00+00:00
790cd621_T1,T1,2026-03-27T13:00:00+00:00,505.09,505.09,0.0,42.0,2026-03-27T13:00:00+00:00
3e820fb5_T1,T1,2026-03-27T14:00:00+00:00,444.32,444.32,0.0,42.0,2026-03-27T14:00:00+00:00
b3373592_T1,T1,2026-03-27T15:00:00+00:00,474.83,474.83,0.0,42.0,2026-03-27T15:00:00+00:00
63ca0c13_T1,T1,2026-03-27T16:00:00+00:00,485.71,485.71,0.0,42.0,2026-03-27T16:00:00+00:00
5186bad8_T1,T1,2026-03-27T17:00:00+00:00,446.61,446.61,0.0,42.0,2026-03-27T17:00:00+00:00
ad508ebf_EV-001,EV-001,2026-03-27T09:00:00+00:00,433.7,433.7,0.0,22.0,2026-03-27T09:00:00+00:00
ad508ebf_EV-002,EV-002,2026-03-27T09:00:00+00:00,505.65,505.65,0.0,34.0,2026-03-27T09:00:00+00:00
ad508ebf_EV-003,EV-003,2026-03-27T09:00:00+00:00,561.92,561.92,0.0,40.2,2026-03-27T09:00:00+00:00
ad508ebf_EV-004,EV-004,2026-03-27T09:00:00+00:00,561.92,561.92,0.0,41.25,2026-03-27T09:00:00+00:00
ad508ebf_EV-005,EV-005,2026-03-27T09:00:00+00:00,473.7,473.7,0.0,27.2,2026-03-27T09:00:00+00:00
ad508ebf_EV-006,EV-006,2026-03-27T09:00:00+00:00,448.6,448.6,0.0,23.2,2026-03-27T09:00:00+00:00
ad508ebf_EV-007,EV-007,2026-03-27T09:00:00+00:00,562.16,562.16,0.0,43.89,2026-03-27T09:00:00+00:00
ad508ebf_EV-008,EV-008,2026-03-27T09:00:00+00:00,505.65,505.65,0.0,36.0,2026-03-27T09:00:00+00:00
ad508ebf_EV-009,EV-009,2026-03-27T09:00:00+00:00,592.92,592.92,0.0,53.9,2026-03-27T09:00:00+00:00
ad508ebf_EV-010,EV-010,2026-03-27T09:00:00+00:00,562.16,562.16,0.0,42.75,2026-03-27T09:00:00+00:00
ad508ebf_EV-011,EV-011,2026-03-27T09:00:00+00:00,473.7,473.7,0.0,28.5,2026-03-27T09:00:00+00:00
ad508ebf_EV-012,EV-012,2026-03-27T09:00:00+00:00,505.65,505.65,0.0,35.0,2026-03-27T09:00:00+00:00
ad508ebf_EV-013,EV-013,2026-03-27T09:00:00+00:00,592.92,592.92,0.0,53.9,2026-03-27T09:00:00+00:00
ad508ebf_EV-014,EV-014,2026-03-27T09:00:00+00:00,417.05,417.05,0.0,17.49,2026-03-27T09:00:00+00:00
ad508ebf_EV-015,EV-015,2026-03-27T09:00:00+00:00,592.92,592.92,0.0,48.0,2026-03-27T09:00:00+00:00
ad508ebf_EV-016,EV-016,2026-03-27T09:00:00+00:00,473.7,473.7,0.0,28.8,2026-03-27T09:00:00+00:00
ad508ebf_EV-017,EV-017,2026-03-27T09:00:00+00:00,505.65,505.65,0.0,36.0,2026-03-27T09:00:00+00:00
ad508ebf_EV-018,EV-018,2026-03-27T09:00:00+00:00,473.7,473.7,0.0,30.24,2026-03-27T09:00:00+00:00
ad508ebf_EV-019,EV-019,2026-03-27T09:00:00+00:00,570.86,570.86,0.0,39.5,2026-03-27T09:00:00+00:00
ad508ebf_EV-020,EV-020,2026-03-27T09:00:00+00:00,505.65,505.65,0.0,35.25,2026-03-27T09:00:00+00:00
bee53954_HEAVY-01,HEAVY-01,2026-03-27T09:00:00+00:00,492.37,492.37,0.0,31.2,2026-03-27T09:00:00+00:00
bee53954_HEAVY-02,HEAVY-02,2026-03-27T09:05:00+00:00,490.33,490.33,0.0,34.2,2026-03-27T09:00:00+00:00
bee53954_HEAVY-03,HEAVY-03,2026-03-27T09:08:00+00:00,484.62,484.62,0.0,33.75,2026-03-27T09:00:00+00:00
bee53954_HEAVY-04,HEAVY-04,2026-03-27T09:10:00+00:00,577.93,577.93,0.0,53.9,2026-03-27T09:00:00+00:00
bee53954_HEAVY-05,HEAVY-05,2026-03-27T09:15:00+00:00,446.75,446.75,0.0,31.0,2026-03-27T09:00:00+00:00
bee53954_HEAVY-06,HEAVY-06,2026-03-27T09:18:00+00:00,552.54,552.54,0.0,38.86,2026-03-27T09:00:00+00:00
bee53954_HEAVY-07,HEAVY-07,2026-03-27T09:20:00+00:00,445.06,445.06,0.0,27.36,2026-03-27T09:00:00+00:00
bee53954_HEAVY-08,HEAVY-08,2026-03-27T09:25:00+00:00,585.58,585.58,0.0,44.66,2026-03-27T09:00:00+00:00
bee53954_HEAVY-09,HEAVY-09,2026-03-27T09:28:00+00:00,482.08,482.08,0.0,32.8,2026-03-27T09:00:00+00:00
bee53954_HEAVY-10,HEAVY-10,2026-03-27T09:30:00+00:00,468.08,468.08,0.0,27.0,2026-03-27T09:00:00+00:00
bee53954_HEAVY-11,HEAVY-11,2026-03-27T09:35:00+00:00,650.8,650.8,0.0,60.0,2026-03-27T09:00:00+00:00
bee53954_HEAVY-12,HEAVY-12,2026-03-27T09:38:00+00:00,602.84,602.84,0.0,42.75,2026-03-27T09:00:00+00:00
bee53954_HEAVY-13,HEAVY-13,2026-03-27T09:40:00+00:00,438.89,438.89,0.0,23.1,2026-03-27T09:00:00+00:00
bee53954_HEAVY-14,HEAVY-14,2026-03-27T09:45:00+00:00,455.63,455.63,0.0,29.6,2026-03-27T09:00:00+00:00
bee53954_HEAVY-15,HEAVY-15,2026-03-27T09:48:00+00:00,421.93,421.93,0.0,26.0,2026-03-27T09:00:00+00:00
bee53954_HEAVY-16,HEAVY-16,2026-03-27T09:50:00+00:00,446.19,446.19,0.0,34.5,2026-03-27T09:00:00+00:00
bee53954_HEAVY-17,HEAVY-17,2026-03-27T09:55:00+00:00,534.67,534.67,0.0,38.16,2026-03-27T09:00:00+00:00
bee53954_HEAVY-18,HEAVY-18,2026-03-27T09:58:00+00:00,393.87,393.87,0.0,22.5,2026-03-27T09:00:00+00:00
bee53954_HEAVY-19,HEAVY-19,2026-03-27T10:00:00+00:00,455.34,455.34,0.0,32.4,2026-03-27T09:00:00+00:00
bee53954_HEAVY-20,HEAVY-20,2026-03-27T10:05:00+00:00,425.08,425.08,0.0,30.0,2026-03-27T09:00:00+00:00
bee53954_HEAVY-21,HEAVY-21,2026-03-27T10:10:00+00:00,553.71,553.71,0.0,36.96,2026-03-27T09:00:00+00:00
bee53954_HEAVY-22,HEAVY-22,2026-03-27T10:15:00+00:00,595.15,595.15,0.0,58.52,2026-03-27T09:00:00+00:00
bee53954_HEAVY-23,HEAVY-23,2026-03-27T10:20:00+00:00,409.12,409.12,0.0,32.0,2026-03-27T09:00:00+00:00
bee53954_HEAVY-24,HEAVY-24,2026-03-27T10:25:00+00:00,342.94,342.94,0.0,17.4,2026-03-27T09:00:00+00:00
bee53954_HEAVY-25,HEAVY-25,2026-03-27T10:30:00+00:00,598.96,598.96,0.0,58.5,2026-03-27T09:00:00+00:00
9a185255_KNOWN-01,KNOWN-01,2026-03-27T09:00:00+00:00,468.86,90.0,-378.86,26.0,2026-03-27T09:00:00+00:00
9a185255_KNOWN-02,KNOWN-02,2026-03-27T09:05:00+00:00,490.33,120.0,-370.33,36.0,2026-03-27T09:00:00+00:00
9a185255_KNOWN-03,KNOWN-03,2026-03-27T09:10:00+00:00,469.84,150.0,-319.84,31.5,2026-03-27T09:00:00+00:00
9a185255_KNOWN-04,KNOWN-04,2026-03-27T09:12:00+00:00,483.13,90.0,-393.13,33.75,2026-03-27T09:00:00+00:00
9a185255_KNOWN-05,KNOWN-05,2026-03-27T09:15:00+00:00,568.28,120.0,-448.28,53.9,2026-03-27T09:00:00+00:00
9a185255_KNOWN-06,KNOWN-06,2026-03-27T09:18:00+00:00,473.9,180.0,-293.9,33.06,2026-03-27T09:00:00+00:00
9a185255_KNOWN-07,KNOWN-07,2026-03-27T09:20:00+00:00,440.22,90.0,-350.22,26.0,2026-03-27T09:00:00+00:00
9a185255_KNOWN-08,KNOWN-08,2026-03-27T09:25:00+00:00,457.75,120.0,-337.75,28.8,2026-03-27T09:00:00+00:00
9a185255_UNKNOWN-01,UNKNOWN-01,2026-03-27T09:30:00+00:00,600.54,600.54,0.0,43.2,2026-03-27T09:00:00+00:00
9a185255_UNKNOWN-02,UNKNOWN-02,2026-03-27T09:35:00+00:00,607.92,607.92,0.0,38.5,2026-03-27T09:00:00+00:00
9a185255_UNKNOWN-03,UNKNOWN-03,2026-03-27T09:40:00+00:00,464.0,464.0,0.0,27.2,2026-03-27T09:00:00+00:00
9a185255_UNKNOWN-04,UNKNOWN-04,2026-03-27T09:45:00+00:00,484.79,484.79,0.0,31.5,2026-03-27T09:00:00+00:00
9a185255_UNKNOWN-05,UNKNOWN-05,2026-03-27T09:50:00+00:00,543.77,543.77,0.0,40.6,2026-03-27T09:00:00+00:00
9a185255_UNKNOWN-06,UNKNOWN-06,2026-03-27T09:55:00+00:00,548.7,548.7,0.0,40.85,2026-03-27T09:00:00+00:00
9a185255_UNKNOWN-07,UNKNOWN-07,2026-03-27T10:00:00+00:00,455.34,455.34,0.0,32.0,2026-03-27T09:00:00+00:00
9a185255_UNKNOWN-08,UNKNOWN-08,2026-03-27T10:05:00+00:00,425.08,425.08,0.0,28.0,2026-03-27T09:00:00+00:00
9a185255_UNKNOWN-09,UNKNOWN-09,2026-03-27T10:10:00+00:00,581.17,581.17,0.0,43.89,2026-03-27T09:00:00+00:00
9a185255_UNKNOWN-10,UNKNOWN-10,2026-03-27T10:15:00+00:00,595.15,595.15,0.0,58.32,2026-03-27T09:00:00+00:00
9a185255_UNKNOWN-11,UNKNOWN-11,2026-03-27T10:20:00+00:00,383.67,383.67,0.0,15.18,2026-03-27T09:00:00+00:00
9a185255_UNKNOWN-12,UNKNOWN-12,2026-03-27T10:30:00+00:00,419.01,419.01,0.0,30.6,2026-03-27T09:00:00+00:00
7b223064_EV-001,EV-001,2026-03-27T09:00:00+00:00,433.7,433.7,0.0,22.0,2026-03-27T09:00:00+00:00
7b223064_EV-002,EV-002,2026-03-27T09:00:00+00:00,505.65,505.65,0.0,34.0,2026-03-27T09:00:00+00:00
7b223064_EV-003,EV-003,2026-03-27T09:00:00+00:00,561.92,561.92,0.0,40.2,2026-03-27T09:00:00+00:00
7b223064_EV-004,EV-004,2026-03-27T09:00:00+00:00,561.92,561.92,0.0,41.25,2026-03-27T09:00:00+00:00
7b223064_EV-005,EV-005,2026-03-27T09:00:00+00:00,473.7,473.7,0.0,27.2,2026-03-27T09:00:00+00:00
7b223064_EV-006,EV-006,2026-03-27T09:00:00+00:00,448.6,448.6,0.0,23.2,2026-03-27T09:00:00+00:00
7b223064_EV-007,EV-007,2026-03-27T09:00:00+00:00,562.16,562.16,0.0,43.89,2026-03-27T09:00:00+00:00
7b223064_EV-008,EV-008,2026-03-27T09:00:00+00:00,505.65,505.65,0.0,36.0,2026-03-27T09:00:00+00:00
7b223064_EV-009,EV-009,2026-03-27T09:00:00+00:00,592.92,592.92,0.0,53.9,2026-03-27T09:00:00+00:00
7b223064_EV-010,EV-010,2026-03-27T09:00:00+00:00,562.16,562.16,0.0,42.75,2026-03-27T09:00:00+00:00
7b223064_EV-011,EV-011,2026-03-27T09:00:00+00:00,473.7,473.7,0.0,28.5,2026-03-27T09:00:00+00:00
7b223064_EV-012,EV-012,2026-03-27T09:00:00+00:00,505.65,505.65,0.0,35.0,2026-03-27T09:00:00+00:00
7b223064_EV-013,EV-013,2026-03-27T09:00:00+00:00,592.92,592.92,0.0,53.9,2026-03-27T09:00:00+00:00
7b223064_EV-014,EV-014,2026-03-27T09:00:00+00:00,417.05,417.05,0.0,17.49,2026-03-27T09:00:00+00:00
7b223064_EV-015,EV-015,2026-03-27T09:00:00+00:00,592.92,592.92,0.0,48.0,2026-03-27T09:00:00+00:00
7b223064_EV-016,EV-016,2026-03-27T09:00:00+00:00,473.7,473.7,0.0,28.8,2026-03-27T09:00:00+00:00
7b223064_EV-017,EV-017,2026-03-27T09:00:00+00:00,505.65,505.65,0.0,36.0,2026-03-27T09:00:00+00:00
7b223064_EV-018,EV-018,2026-03-27T09:00:00+00:00,473.7,473.7,0.0,30.24,2026-03-27T09:00:00+00:00
7b223064_EV-019,EV-019,2026-03-27T09:00:00+00:00,570.86,570.86,0.0,39.5,2026-03-27T09:00:00+00:00
7b223064_EV-020,EV-020,2026-03-27T09:00:00+00:00,505.65,505.65,0.0,35.25,2026-03-27T09:00:00+00:00
3294cf22_HEAVY-01,HEAVY-01,2026-03-27T09:00:00+00:00,492.37,492.37,0.0,31.2,2026-03-27T09:00:00+00:00
3294cf22_HEAVY-02,HEAVY-02,2026-03-27T09:05:00+00:00,490.33,490.33,0.0,34.2,2026-03-27T09:00:00+00:00
3294cf22_HEAVY-03,HEAVY-03,2026-03-27T09:08:00+00:00,484.62,484.62,0.0,33.75,2026-03-27T09:00:00+00:00
3294cf22_HEAVY-04,HEAVY-04,2026-03-27T09:10:00+00:00,577.93,577.93,0.0,53.9,2026-03-27T09:00:00+00:00
3294cf22_HEAVY-05,HEAVY-05,2026-03-27T09:15:00+00:00,446.75,446.75,0.0,31.0,2026-03-27T09:00:00+00:00
3294cf22_HEAVY-06,HEAVY-06,2026-03-27T09:18:00+00:00,552.54,552.54,0.0,38.86,2026-03-27T09:00:00+00:00
3294cf22_HEAVY-07,HEAVY-07,2026-03-27T09:20:00+00:00,445.06,445.06,0.0,27.36,2026-03-27T09:00:00+00:00
3294cf22_HEAVY-08,HEAVY-08,2026-03-27T09:25:00+00:00,585.58,585.58,0.0,44.66,2026-03-27T09:00:00+00:00
3294cf22_HEAVY-09,HEAVY-09,2026-03-27T09:28:00+00:00,482.08,482.08,0.0,32.8,2026-03-27T09:00:00+00:00
3294cf22_HEAVY-10,HEAVY-10,2026-03-27T09:30:00+00:00,468.08,468.08,0.0,27.0,2026-03-27T09:00:00+00:00
3294cf22_HEAVY-11,HEAVY-11,2026-03-27T09:35:00+00:00,650.8,650.8,0.0,60.0,2026-03-27T09:00:00+00:00
3294cf22_HEAVY-12,HEAVY-12,2026-03-27T09:38:00+00:00,602.84,602.84,0.0,42.75,2026-03-27T09:00:00+00:00
3294cf22_HEAVY-13,HEAVY-13,2026-03-27T09:40:00+00:00,438.89,438.89,0.0,23.1,2026-03-27T09:00:00+00:00
3294cf22_HEAVY-14,HEAVY-14,2026-03-27T09:45:00+00:00,455.63,455.63,0.0,29.6,2026-03-27T09:00:00+00:00
3294cf22_HEAVY-15,HEAVY-15,2026-03-27T09:48:00+00:00,421.93,421.93,0.0,26.0,2026-03-27T09:00:00+00:00
3294cf22_HEAVY-16,HEAVY-16,2026-03-27T09:50:00+00:00,446.19,446.19,0.0,34.5,2026-03-27T09:00:00+00:00
3294cf22_HEAVY-17,HEAVY-17,2026-03-27T09:55:00+00:00,534.67,534.67,0.0,38.16,2026-03-27T09:00:00+00:00
3294cf22_HEAVY-18,HEAVY-18,2026-03-27T09:58:00+00:00,393.87,393.87,0.0,22.5,2026-03-27T09:00:00+00:00
3294cf22_HEAVY-19,HEAVY-19,2026-03-27T10:00:00+00:00,455.34,455.34,0.0,32.4,2026-03-27T09:00:00+00:00
3294cf22_HEAVY-20,HEAVY-20,2026-03-27T10:05:00+00:00,425.08,425.08,0.0,30.0,2026-03-27T09:00:00+00:00
3294cf22_HEAVY-21,HEAVY-21,2026-03-27T10:10:00+00:00,553.71,553.71,0.0,36.96,2026-03-27T09:00:00+00:00
3294cf22_HEAVY-22,HEAVY-22,2026-03-27T10:15:00+00:00,595.15,595.15,0.0,58.52,2026-03-27T09:00:00+00:00
3294cf22_HEAVY-23,HEAVY-23,2026-03-27T10:20:00+00:00,409.12,409.12,0.0,32.0,2026-03-27T09:00:00+00:00
3294cf22_HEAVY-24,HEAVY-24,2026-03-27T10:25:00+00:00,342.94,342.94,0.0,17.4,2026-03-27T09:00:00+00:00
3294cf22_HEAVY-25,HEAVY-25,2026-03-27T10:30:00+00:00,598.96,598.96,0.0,58.5,2026-03-27T09:00:00+00:00
ed6baadb_KNOWN-01,KNOWN-01,2026-03-27T09:00:00+00:00,468.86,90.0,-378.86,26.0,2026-03-27T09:00:00+00:00
ed6baadb_KNOWN-02,KNOWN-02,2026-03-27T09:05:00+00:00,490.33,120.0,-370.33,36.0,2026-03-27T09:00:00+00:00
ed6baadb_KNOWN-03,KNOWN-03,2026-03-27T09:10:00+00:00,469.84,150.0,-319.84,31.5,2026-03-27T09:00:00+00:00
ed6baadb_KNOWN-04,KNOWN-04,2026-03-27T09:12:00+00:00,483.13,90.0,-393.13,33.75,2026-03-27T09:00:00+00:00
ed6baadb_KNOWN-05,KNOWN-05,2026-03-27T09:15:00+00:00,568.28,120.0,-448.28,53.9,2026-03-27T09:00:00+00:00
ed6baadb_KNOWN-06,KNOWN-06,2026-03-27T09:18:00+00:00,473.9,180.0,-293.9,33.06,2026-03-27T09:00:00+00:00
ed6baadb_KNOWN-07,KNOWN-07,2026-03-27T09:20:00+00:00,440.22,90.0,-350.22,26.0,2026-03-27T09:00:00+00:00
ed6baadb_KNOWN-08,KNOWN-08,2026-03-27T09:25:00+00:00,457.75,120.0,-337.75,28.8,2026-03-27T09:00:00+00:00
ed6baadb_UNKNOWN-01,UNKNOWN-01,2026-03-27T09:30:00+00:00,600.54,600.54,0.0,43.2,2026-03-27T09:00:00+00:00
ed6baadb_UNKNOWN-02,UNKNOWN-02,2026-03-27T09:35:00+00:00,607.92,607.92,0.0,38.5,2026-03-27T09:00:00+00:00
ed6baadb_UNKNOWN-03,UNKNOWN-03,2026-03-27T09:40:00+00:00,464.0,464.0,0.0,27.2,2026-03-27T09:00:00+00:00
ed6baadb_UNKNOWN-04,UNKNOWN-04,2026-03-27T09:45:00+00:00,484.79,484.79,0.0,31.5,2026-03-27T09:00:00+00:00
ed6baadb_UNKNOWN-05,UNKNOWN-05,2026-03-27T09:50:00+00:00,543.77,543.77,0.0,40.6,2026-03-27T09:00:00+00:00
ed6baadb_UNKNOWN-06,UNKNOWN-06,2026-03-27T09:55:00+00:00,548.7,548.7,0.0,40.85,2026-03-27T09:00:00+00:00
ed6baadb_UNKNOWN-07,UNKNOWN-07,2026-03-27T10:00:00+00:00,455.34,455.34,0.0,32.0,2026-03-27T09:00:00+00:00
ed6baadb_UNKNOWN-08,UNKNOWN-08,2026-03-27T10:05:00+00:00,425.08,425.08,0.0,28.0,2026-03-27T09:00:00+00:00
ed6baadb_UNKNOWN-09,UNKNOWN-09,2026-03-27T10:10:00+00:00,581.17,581.17,0.0,43.89,2026-03-27T09:00:00+00:00
ed6baadb_UNKNOWN-10,UNKNOWN-10,2026-03-27T10:15:00+00:00,595.15,595.15,0.0,58.32,2026-03-27T09:00:00+00:00
ed6baadb_UNKNOWN-11,UNKNOWN-11,2026-03-27T10:20:00+00:00,383.67,383.67,0.0,15.18,2026-03-27T09:00:00+00:00
ed6baadb_UNKNOWN-12,UNKNOWN-12,2026-03-27T10:30:00+00:00,419.01,419.01,0.0,30.6,2026-03-27T09:00:00+00:00
aa259be1_EV-001,EV-001,2026-03-28T00:51:26.856097+00:00,491.78,491.78,0.0,20.13,2026-03-28T00:51:26.856097+00:00
aa259be1_EV-002,EV-002,2026-03-28T00:51:26.856097+00:00,520.2,520.2,0.0,22.8,2026-03-28T00:51:26.856097+00:00
aa259be1_EV-003,EV-003,2026-03-28T00:51:26.856097+00:00,520.2,520.2,0.0,23.43,2026-03-28T00:51:26.856097+00:00
aa259be1_EV-004,EV-004,2026-03-28T00:51:26.856097+00:00,1089.0,1089.0,0.0,39.0,2026-03-28T00:51:26.856097+00:00
aa259be1_EV-005,EV-005,2026-03-28T00:51:26.856097+00:00,1160.2,1160.2,0.0,42.0,2026-03-28T00:51:26.856097+00:00
aa259be1_EV-006,EV-006,2026-03-28T00:51:26.856097+00:00,1166.98,1166.98,0.0,50.25,2026-03-28T00:51:26.856097+00:00
aa259be1_EV-007,EV-007,2026-03-28T00:51:26.856097+00:00,566.9,566.9,0.0,29.26,2026-03-28T00:51:26.856097+00:00
aa259be1_EV-008,EV-008,2026-03-28T00:51:26.856097+00:00,1160.2,1160.2,0.0,43.5,2026-03-28T00:51:26.856097+00:00
aa259be1_EV-009,EV-009,2026-03-28T00:51:26.856097+00:00,1160.2,1160.2,0.0,45.75,2026-03-28T00:51:26.856097+00:00
aa259be1_EV-010,EV-010,2026-03-28T00:51:26.856097+00:00,808.72,808.72,0.0,31.68,2026-03-28T00:51:26.856097+00:00
c436d2d6_EV-001,EV-001,2026-03-28T00:51:35.714489+00:00,491.78,491.78,0.0,20.13,2026-03-28T00:51:35.714489+00:00
c436d2d6_EV-002,EV-002,2026-03-28T00:51:35.714489+00:00,520.2,520.2,0.0,22.8,2026-03-28T00:51:35.714489+00:00
c436d2d6_EV-003,EV-003,2026-03-28T00:51:35.714489+00:00,520.2,520.2,0.0,23.43,2026-03-28T00:51:35.714489+00:00
c436d2d6_EV-004,EV-004,2026-03-28T00:51:35.714489+00:00,1089.0,1089.0,0.0,39.0,2026-03-28T00:51:35.714489+00:00
c436d2d6_EV-005,EV-005,2026-03-28T00:51:35.714489+00:00,1160.2,1160.2,0.0,42.0,2026-03-28T00:51:35.714489+00:00
c436d2d6_EV-006,EV-006,2026-03-28T00:51:35.714489+00:00,1166.98,1166.98,0.0,50.25,2026-03-28T00:51:35.714489+00:00
c436d2d6_EV-007,EV-007,2026-03-28T00:51:35.714489+00:00,566.9,566.9,0.0,29.26,2026-03-28T00:51:35.714489+00:00
c436d2d6_EV-008,EV-008,2026-03-28T00:51:35.714489+00:00,1160.2,1160.2,0.0,43.5,2026-03-28T00:51:35.714489+00:00
c436d2d6_EV-009,EV-009,2026-03-28T00:51:35.714489+00:00,1160.2,1160.2,0.0,45.75,2026-03-28T00:51:35.714489+00:00
c436d2d6_EV-010,EV-010,2026-03-28T00:51:35.714489+00:00,808.72,808.72,0.0,31.68,2026-03-28T00:51:35.714489+00:00
c436d2d6_EV-011,EV-011,2026-03-28T00:51:35.714489+00:00,1166.98,1166.98,0.0,62.25,2026-03-28T00:51:35.714489+00:00
c436d2d6_EV-012,EV-012,2026-03-28T00:51:35.714489+00:00,1089.0,1089.0,0.0,36.72,2026-03-28T00:51:35.714489+00:00
c436d2d6_EV-013,EV-013,2026-03-28T00:51:35.714489+00:00,1166.98,1166.98,0.0,51.12,2026-03-28T00:51:35.714489+00:00
c436d2d6_EV-014,EV-014,2026-03-28T00:51:35.714489+00:00,520.2,520.2,0.0,23.6,2026-03-28T00:51:35.714489+00:00
c436d2d6_EV-015,EV-015,2026-03-28T00:51:35.714489+00:00,578.09,578.09,0.0,26.5,2026-03-28T00:51:35.714489+00:00
c436d2d6_EV-016,EV-016,2026-03-28T00:51:35.714489+00:00,1166.98,1166.98,0.0,66.0,2026-03-28T00:51:35.714489+00:00
c436d2d6_EV-017,EV-017,2026-03-28T00:51:35.714489+00:00,842.27,842.27,0.0,33.06,2026-03-28T00:51:35.714489+00:00
c436d2d6_EV-018,EV-018,2026-03-28T00:51:35.714489+00:00,1160.2,1160.2,0.0,42.35,2026-03-28T00:51:35.714489+00:00
c436d2d6_EV-019,EV-019,2026-03-28T00:51:35.714489+00:00,1160.2,1160.2,0.0,47.4,2026-03-28T00:51:35.714489+00:00
c436d2d6_EV-020,EV-020,2026-03-28T00:51:35.714489+00:00,1166.98,1166.98,0.0,81.7,2026-03-28T00:51:35.714489+00:00
c436d2d6_EV-021,EV-021,2026-03-28T00:51:35.714489+00:00,548.6,548.6,0.0,24.0,2026-03-28T00:51:35.714489+00:00
c436d2d6_EV-022,EV-022,2026-03-28T00:51:35.714489+00:00,842.27,842.27,0.0,35.4,2026-03-28T00:51:35.714489+00:00
c436d2d6_EV-023,EV-023,2026-03-28T00:51:35.714489+00:00,1166.98,1166.98,0.0,56.8,2026-03-28T00:51:35.714489+00:00
c436d2d6_EV-024,EV-024,2026-03-28T00:51:35.714489+00:00,1160.2,1160.2,0.0,44.8,2026-03-28T00:51:35.714489+00:00
c436d2d6_EV-025,EV-025,2026-03-28T00:51:35.714489+00:00,842.27,842.27,0.0,33.0,2026-03-28T00:51:35.714489+00:00
c436d2d6_EV-026,EV-026,2026-03-28T00:51:35.714489+00:00,1166.98,1166.98,0.0,60.06,2026-03-28T00:51:35.714489+00:00
c436d2d6_EV-027,EV-027,2026-03-28T00:51:35.714489+00:00,842.27,842.27,0.0,33.0,2026-03-28T00:51:35.714489+00:00
c436d2d6_EV-028,EV-028,2026-03-28T00:51:35.714489+00:00,1160.2,1160.2,0.0,47.5,2026-03-28T00:51:35.714489+00:00
c436d2d6_EV-029,EV-029,2026-03-28T00:51:35.714489+00:00,477.96,477.96,0.0,14.5,2026-03-28T00:51:35.714489+00:00
c436d2d6_EV-030,EV-030,2026-03-28T00:51:35.714489+00:00,1166.98,1166.98,0.0,60.83,2026-03-28T00:51:35.714489+00:00
c436d2d6_EV-031,EV-031,2026-03-28T00:51:35.714489+00:00,1166.98,1166.98,0.0,56.21,2026-03-28T00:51:35.714489+00:00
c436d2d6_EV-032,EV-032,2026-03-28T00:51:35.714489+00:00,503.92,503.92,0.0,18.0,2026-03-28T00:51:35.714489+00:00
c436d2d6_EV-033,EV-033,2026-03-28T00:51:35.714489+00:00,808.72,808.72,0.0,31.5,2026-03-28T00:51:35.714489+00:00
c436d2d6_EV-034,EV-034,2026-03-28T00:51:35.714489+00:00,1166.98,1166.98,0.0,61.5,2026-03-28T00:51:35.714489+00:00
c436d2d6_EV-035,EV-035,2026-03-28T00:51:35.714489+00:00,1166.98,1166.98,0.0,52.36,2026-03-28T00:51:35.714489+00:00
c436d2d6_EV-036,EV-036,2026-03-28T00:51:35.714489+00:00,1160.2,1160.2,0.0,42.35,2026-03-28T00:51:35.714489+00:00
c436d2d6_EV-037,EV-037,2026-03-28T00:51:35.714489+00:00,1149.53,1149.53,0.0,40.02,2026-03-28T00:51:35.714489+00:00
c436d2d6_EV-038,EV-038,2026-03-28T00:51:35.714489+00:00,842.27,842.27,0.0,34.2,2026-03-28T00:51:35.714489+00:00
c436d2d6_EV-039,EV-039,2026-03-28T00:51:35.714489+00:00,1166.98,1166.98,0.0,56.05,2026-03-28T00:51:35.714489+00:00
c436d2d6_EV-040,EV-040,2026-03-28T00:51:35.714489+00:00,1166.98,1166.98,0.0,51.0,2026-03-28T00:51:35.714489+00:00
c436d2d6_EV-041,EV-041,2026-03-28T00:51:35.714489+00:00,1089.0,1089.0,0.0,36.72,2026-03-28T00:51:35.714489+00:00
c436d2d6_EV-042,EV-042,2026-03-28T00:51:35.714489+00:00,1160.2,1160.2,0.0,44.66,2026-03-28T00:51:35.714489+00:00
75d9fed7_EV-001,EV-001,2026-03-28T00:52:14.027971+00:00,491.78,491.78,0.0,20.13,2026-03-28T00:52:14.027971+00:00
75d9fed7_EV-002,EV-002,2026-03-28T00:52:14.027971+00:00,520.2,520.2,0.0,22.8,2026-03-28T00:52:14.027971+00:00
75d9fed7_EV-003,EV-003,2026-03-28T00:52:14.027971+00:00,520.2,520.2,0.0,23.43,2026-03-28T00:52:14.027971+00:00
75d9fed7_EV-004,EV-004,2026-03-28T00:52:14.027971+00:00,1089.0,1089.0,0.0,39.0,2026-03-28T00:52:14.027971+00:00
75d9fed7_EV-005,EV-005,2026-03-28T00:52:14.027971+00:00,1160.2,1160.2,0.0,42.0,2026-03-28T00:52:14.027971+00:00
75d9fed7_EV-006,EV-006,2026-03-28T00:52:14.027971+00:00,1166.98,1166.98,0.0,50.25,2026-03-28T00:52:14.027971+00:00
75d9fed7_EV-007,EV-007,2026-03-28T00:52:14.027971+00:00,566.9,566.9,0.0,29.26,2026-03-28T00:52:14.027971+00:00
75d9fed7_EV-008,EV-008,2026-03-28T00:52:14.027971+00:00,1160.2,1160.2,0.0,43.5,2026-03-28T00:52:14.027971+00:00
75d9fed7_EV-009,EV-009,2026-03-28T00:52:14.027971+00:00,1160.2,1160.2,0.0,45.75,2026-03-28T00:52:14.027971+00:00
75d9fed7_EV-010,EV-010,2026-03-28T00:52:14.027971+00:00,808.72,808.72,0.0,31.68,2026-03-28T00:52:14.027971+00:00
75d9fed7_EV-011,EV-011,2026-03-28T00:52:14.027971+00:00,1166.98,1166.98,0.0,62.25,2026-03-28T00:52:14.027971+00:00
75d9fed7_EV-012,EV-012,2026-03-28T00:52:14.027971+00:00,1089.0,1089.0,0.0,36.72,2026-03-28T00:52:14.027971+00:00
75d9fed7_EV-013,EV-013,2026-03-28T00:52:14.027971+00:00,1166.98,1166.98,0.0,51.12,2026-03-28T00:52:14.027971+00:00
75d9fed7_EV-014,EV-014,2026-03-28T00:52:14.027971+00:00,520.2,520.2,0.0,23.6,2026-03-28T00:52:14.027971+00:00
75d9fed7_EV-015,EV-015,2026-03-28T00:52:14.027971+00:00,578.09,578.09,0.0,26.5,2026-03-28T00:52:14.027971+00:00
75d9fed7_EV-016,EV-016,2026-03-28T00:52:14.027971+00:00,1166.98,1166.98,0.0,66.0,2026-03-28T00:52:14.027971+00:00
75d9fed7_EV-017,EV-017,2026-03-28T00:52:14.027971+00:00,842.27,842.27,0.0,33.06,2026-03-28T00:52:14.027971+00:00
75d9fed7_EV-018,EV-018,2026-03-28T00:52:14.027971+00:00,1160.2,1160.2,0.0,42.35,2026-03-28T00:52:14.027971+00:00
75d9fed7_EV-019,EV-019,2026-03-28T00:52:14.027971+00:00,1160.2,1160.2,0.0,47.4,2026-03-28T00:52:14.027971+00:00
75d9fed7_EV-020,EV-020,2026-03-28T00:52:14.027971+00:00,1166.98,1166.98,0.0,81.7,2026-03-28T00:52:14.027971+00:00
75d9fed7_EV-021,EV-021,2026-03-28T00:52:14.027971+00:00,548.6,548.6,0.0,24.0,2026-03-28T00:52:14.027971+00:00
75d9fed7_EV-022,EV-022,2026-03-28T00:52:14.027971+00:00,842.27,842.27,0.0,35.4,2026-03-28T00:52:14.027971+00:00
75d9fed7_EV-023,EV-023,2026-03-28T00:52:14.027971+00:00,1166.98,1166.98,0.0,56.8,2026-03-28T00:52:14.027971+00:00
75d9fed7_EV-024,EV-024,2026-03-28T00:52:14.027971+00:00,1160.2,1160.2,0.0,44.8,2026-03-28T00:52:14.027971+00:00
75d9fed7_EV-025,EV-025,2026-03-28T00:52:14.027971+00:00,842.27,842.27,0.0,33.0,2026-03-28T00:52:14.027971+00:00
75d9fed7_EV-026,EV-026,2026-03-28T00:52:14.027971+00:00,1166.98,1166.98,0.0,60.06,2026-03-28T00:52:14.027971+00:00
75d9fed7_EV-027,EV-027,2026-03-28T00:52:14.027971+00:00,842.27,842.27,0.0,33.0,2026-03-28T00:52:14.027971+00:00
75d9fed7_EV-028,EV-028,2026-03-28T00:52:14.027971+00:00,1160.2,1160.2,0.0,47.5,2026-03-28T00:52:14.027971+00:00
75d9fed7_EV-029,EV-029,2026-03-28T00:52:14.027971+00:00,477.96,477.96,0.0,14.5,2026-03-28T00:52:14.027971+00:00
75d9fed7_EV-030,EV-030,2026-03-28T00:52:14.027971+00:00,1166.98,1166.98,0.0,60.83,2026-03-28T00:52:14.027971+00:00
75d9fed7_EV-031,EV-031,2026-03-28T00:52:14.027971+00:00,1166.98,1166.98,0.0,56.21,2026-03-28T00:52:14.027971+00:00
75d9fed7_EV-032,EV-032,2026-03-28T00:52:14.027971+00:00,503.92,503.92,0.0,18.0,2026-03-28T00:52:14.027971+00:00
75d9fed7_EV-033,EV-033,2026-03-28T00:52:14.027971+00:00,808.72,808.72,0.0,31.5,2026-03-28T00:52:14.027971+00:00
75d9fed7_EV-034,EV-034,2026-03-28T00:52:14.027971+00:00,1166.98,1166.98,0.0,61.5,2026-03-28T00:52:14.027971+00:00
75d9fed7_EV-035,EV-035,2026-03-28T00:52:14.027971+00:00,1166.98,1166.98,0.0,52.36,2026-03-28T00:52:14.027971+00:00
75d9fed7_EV-036,EV-036,2026-03-28T00:52:14.027971+00:00,1160.2,1160.2,0.0,42.35,2026-03-28T00:52:14.027971+00:00
75d9fed7_EV-037,EV-037,2026-03-28T00:52:14.027971+00:00,1149.53,1149.53,0.0,40.02,2026-03-28T00:52:14.027971+00:00
75d9fed7_EV-038,EV-038,2026-03-28T00:52:14.027971+00:00,842.27,842.27,0.0,34.2,2026-03-28T00:52:14.027971+00:00
75d9fed7_EV-039,EV-039,2026-03-28T00:52:14.027971+00:00,1166.98,1166.98,0.0,56.05,2026-03-28T00:52:14.027971+00:00
75d9fed7_EV-040,EV-040,2026-03-28T00:52:14.027971+00:00,1166.98,1166.98,0.0,51.0,2026-03-28T00:52:14.027971+00:00
75d9fed7_EV-041,EV-041,2026-03-28T00:52:14.027971+00:00,1089.0,1089.0,0.0,36.72,2026-03-28T00:52:14.027971+00:00
75d9fed7_EV-042,EV-042,2026-03-28T00:52:14.027971+00:00,1160.2,1160.2,0.0,44.66,2026-03-28T00:52:14.027971+00:00
75d9fed7_EV-043,EV-043,2026-03-28T00:52:14.027971+00:00,1166.98,1166.98,0.0,61.75,2026-03-28T00:52:14.027971+00:00
75d9fed7_EV-044,EV-044,2026-03-28T00:52:14.027971+00:00,520.2,520.2,0.0,23.2,2026-03-28T00:52:14.027971+00:00
75d9fed7_EV-045,EV-045,2026-03-28T00:52:14.027971+00:00,1160.2,1160.2,0.0,43.12,2026-03-28T00:52:14.027971+00:00
75d9fed7_EV-046,EV-046,2026-03-28T00:52:14.027971+00:00,548.6,548.6,0.0,24.4,2026-03-28T00:52:14.027971+00:00
75d9fed7_EV-047,EV-047,2026-03-28T00:52:14.027971+00:00,1166.98,1166.98,0.0,64.0,2026-03-28T00:52:14.027971+00:00
75d9fed7_EV-048,EV-048,2026-03-28T00:52:14.027971+00:00,1160.2,1160.2,0.0,46.98,2026-03-28T00:52:14.027971+00:00
75d9fed7_EV-049,EV-049,2026-03-28T00:52:14.027971+00:00,1160.2,1160.2,0.0,43.12,2026-03-28T00:52:14.027971+00:00
75d9fed7_EV-050,EV-050,2026-03-28T00:52:14.027971+00:00,808.72,808.72,0.0,31.5,2026-03-28T00:52:14.027971+00:00
8929a204_EV-001,EV-001,2026-03-28T00:54:36.080503+00:00,512.95,512.95,0.0,20.13,2026-03-28T00:54:36.080503+00:00
8929a204_EV-002,EV-002,2026-03-28T00:54:36.080503+00:00,541.37,541.37,0.0,22.8,2026-03-28T00:54:36.080503+00:00
8929a204_EV-003,EV-003,2026-03-28T00:54:36.080503+00:00,541.37,541.37,0.0,23.43,2026-03-28T00:54:36.080503+00:00
8929a204_EV-004,EV-004,2026-03-28T00:54:36.080503+00:00,1118.59,1118.59,0.0,39.0,2026-03-28T00:54:36.080503+00:00
8929a204_EV-005,EV-005,2026-03-28T00:54:36.080503+00:00,1189.79,1189.79,0.0,42.0,2026-03-28T00:54:36.080503+00:00
8929a204_EV-006,EV-006,2026-03-28T00:54:36.080503+00:00,1196.57,1196.57,0.0,50.25,2026-03-28T00:54:36.080503+00:00
8929a204_EV-007,EV-007,2026-03-28T00:54:36.080503+00:00,596.49,596.49,0.0,29.26,2026-03-28T00:54:36.080503+00:00
8929a204_EV-008,EV-008,2026-03-28T00:54:36.080503+00:00,1189.79,1189.79,0.0,43.5,2026-03-28T00:54:36.080503+00:00
8929a204_EV-009,EV-009,2026-03-28T00:54:36.080503+00:00,1189.79,1189.79,0.0,45.75,2026-03-28T00:54:36.080503+00:00
8929a204_EV-010,EV-010,2026-03-28T00:54:36.080503+00:00,838.31,838.31,0.0,31.68,2026-03-28T00:54:36.080503+00:00
8929a204_EV-011,EV-011,2026-03-28T00:54:36.080503+00:00,1196.57,1196.57,0.0,62.25,2026-03-28T00:54:36.080503+00:00
8929a204_EV-012,EV-012,2026-03-28T00:54:36.080503+00:00,1118.59,1118.59,0.0,36.72,2026-03-28T00:54:36.080503+00:00
8929a204_EV-013,EV-013,2026-03-28T00:54:36.080503+00:00,1196.57,1196.57,0.0,51.12,2026-03-28T00:54:36.080503+00:00
8929a204_EV-014,EV-014,2026-03-28T00:54:36.080503+00:00,541.37,541.37,0.0,23.6,2026-03-28T00:54:36.080503+00:00
8929a204_EV-015,EV-015,2026-03-28T00:54:36.080503+00:00,607.68,607.68,0.0,26.5,2026-03-28T00:54:36.080503+00:00
8929a204_EV-016,EV-016,2026-03-28T00:54:36.080503+00:00,1196.57,1196.57,0.0,66.0,2026-03-28T00:54:36.080503+00:00
8929a204_EV-017,EV-017,2026-03-28T00:54:36.080503+00:00,871.86,871.86,0.0,33.06,2026-03-28T00:54:36.080503+00:00
8929a204_EV-018,EV-018,2026-03-28T00:54:36.080503+00:00,1189.79,1189.79,0.0,42.35,2026-03-28T00:54:36.080503+00:00
8929a204_EV-019,EV-019,2026-03-28T00:54:36.080503+00:00,1189.79,1189.79,0.0,47.4,2026-03-28T00:54:36.080503+00:00
8929a204_EV-020,EV-020,2026-03-28T00:54:36.080503+00:00,1196.57,1196.57,0.0,81.7,2026-03-28T00:54:36.080503+00:00
8929a204_EV-021,EV-021,2026-03-28T00:54:36.080503+00:00,578.19,578.19,0.0,24.0,2026-03-28T00:54:36.080503+00:00
8929a204_EV-022,EV-022,2026-03-28T00:54:36.080503+00:00,871.86,871.86,0.0,35.4,2026-03-28T00:54:36.080503+00:00
8929a204_EV-023,EV-023,2026-03-28T00:54:36.080503+00:00,1196.57,1196.57,0.0,56.8,2026-03-28T00:54:36.080503+00:00
8929a204_EV-024,EV-024,2026-03-28T00:54:36.080503+00:00,1189.79,1189.79,0.0,44.8,2026-03-28T00:54:36.080503+00:00
8929a204_EV-025,EV-025,2026-03-28T00:54:36.080503+00:00,871.86,871.86,0.0,33.0,2026-03-28T00:54:36.080503+00:00
8929a204_EV-026,EV-026,2026-03-28T00:54:36.080503+00:00,1196.57,1196.57,0.0,60.06,2026-03-28T00:54:36.080503+00:00
8929a204_EV-027,EV-027,2026-03-28T00:54:36.080503+00:00,871.86,871.86,0.0,33.0,2026-03-28T00:54:36.080503+00:00
8929a204_EV-028,EV-028,2026-03-28T00:54:36.080503+00:00,1189.79,1189.79,0.0,47.5,2026-03-28T00:54:36.080503+00:00
8929a204_EV-029,EV-029,2026-03-28T00:54:36.080503+00:00,505.75,505.75,0.0,14.5,2026-03-28T00:54:36.080503+00:00
8929a204_EV-030,EV-030,2026-03-28T00:54:36.080503+00:00,1196.57,1196.57,0.0,60.83,2026-03-28T00:54:36.080503+00:00
8929a204_EV-031,EV-031,2026-03-28T00:54:36.080503+00:00,1196.57,1196.57,0.0,56.21,2026-03-28T00:54:36.080503+00:00
8929a204_EV-032,EV-032,2026-03-28T00:54:36.080503+00:00,525.09,525.09,0.0,18.0,2026-03-28T00:54:36.080503+00:00
8929a204_EV-033,EV-033,2026-03-28T00:54:36.080503+00:00,838.31,838.31,0.0,31.5,2026-03-28T00:54:36.080503+00:00
8929a204_EV-034,EV-034,2026-03-28T00:54:36.080503+00:00,1196.57,1196.57,0.0,61.5,2026-03-28T00:54:36.080503+00:00
8929a204_EV-035,EV-035,2026-03-28T00:54:36.080503+00:00,1196.57,1196.57,0.0,52.36,2026-03-28T00:54:36.080503+00:00
8929a204_EV-036,EV-036,2026-03-28T00:54:36.080503+00:00,1189.79,1189.79,0.0,42.35,2026-03-28T00:54:36.080503+00:00
8929a204_EV-037,EV-037,2026-03-28T00:54:36.080503+00:00,1179.13,1179.13,0.0,40.02,2026-03-28T00:54:36.080503+00:00
8929a204_EV-038,EV-038,2026-03-28T00:54:36.080503+00:00,871.86,871.86,0.0,34.2,2026-03-28T00:54:36.080503+00:00
8929a204_EV-039,EV-039,2026-03-28T00:54:36.080503+00:00,1196.57,1196.57,0.0,56.05,2026-03-28T00:54:36.080503+00:00
8929a204_EV-040,EV-040,2026-03-28T00:54:36.080503+00:00,1196.57,1196.57,0.0,51.0,2026-03-28T00:54:36.080503+00:00
8929a204_EV-041,EV-041,2026-03-28T00:54:36.080503+00:00,1118.59,1118.59,0.0,36.72,2026-03-28T00:54:36.080503+00:00
8929a204_EV-042,EV-042,2026-03-28T00:54:36.080503+00:00,1189.79,1189.79,0.0,44.66,2026-03-28T00:54:36.080503+00:00
8929a204_EV-043,EV-043,2026-03-28T00:54:36.080503+00:00,1196.57,1196.57,0.0,61.75,2026-03-28T00:54:36.080503+00:00
8929a204_EV-044,EV-044,2026-03-28T00:54:36.080503+00:00,541.37,541.37,0.0,23.2,2026-03-28T00:54:36.080503+00:00
8929a204_EV-045,EV-045,2026-03-28T00:54:36.080503+00:00,1189.79,1189.79,0.0,43.12,2026-03-28T00:54:36.080503+00:00
8929a204_EV-046,EV-046,2026-03-28T00:54:36.080503+00:00,578.19,578.19,0.0,24.4,2026-03-28T00:54:36.080503+00:00
8929a204_EV-047,EV-047,2026-03-28T00:54:36.080503+00:00,1196.57,1196.57,0.0,64.0,2026-03-28T00:54:36.080503+00:00
8929a204_EV-048,EV-048,2026-03-28T00:54:36.080503+00:00,1189.79,1189.79,0.0,46.98,2026-03-28T00:54:36.080503+00:00
8929a204_EV-049,EV-049,2026-03-28T00:54:36.080503+00:00,1189.79,1189.79,0.0,43.12,2026-03-28T00:54:36.080503+00:00
8929a204_EV-050,EV-050,2026-03-28T00:54:36.080503+00:00,838.31,838.31,0.0,31.5,2026-03-28T00:54:36.080503+00:00
98d57ed5_EV-001,EV-001,2026-03-28T00:55:14.261127+00:00,512.95,512.95,0.0,20.13,2026-03-28T00:55:14.261127+00:00
98d57ed5_EV-002,EV-002,2026-03-28T00:55:14.261127+00:00,541.37,541.37,0.0,22.8,2026-03-28T00:55:14.261127+00:00
98d57ed5_EV-003,EV-003,2026-03-28T00:55:14.261127+00:00,541.37,541.37,0.0,23.43,2026-03-28T00:55:14.261127+00:00
98d57ed5_EV-004,EV-004,2026-03-28T00:55:14.261127+00:00,1118.59,1118.59,0.0,39.0,2026-03-28T00:55:14.261127+00:00
98d57ed5_EV-005,EV-005,2026-03-28T00:55:14.261127+00:00,1189.79,1189.79,0.0,42.0,2026-03-28T00:55:14.261127+00:00
98d57ed5_EV-006,EV-006,2026-03-28T00:55:14.261127+00:00,1196.57,1196.57,0.0,50.25,2026-03-28T00:55:14.261127+00:00
98d57ed5_EV-007,EV-007,2026-03-28T00:55:14.261127+00:00,596.49,596.49,0.0,29.26,2026-03-28T00:55:14.261127+00:00
98d57ed5_EV-008,EV-008,2026-03-28T00:55:14.261127+00:00,1189.79,1189.79,0.0,43.5,2026-03-28T00:55:14.261127+00:00
98d57ed5_EV-009,EV-009,2026-03-28T00:55:14.261127+00:00,1189.79,1189.79,0.0,45.75,2026-03-28T00:55:14.261127+00:00
98d57ed5_EV-010,EV-010,2026-03-28T00:55:14.261127+00:00,838.31,838.31,0.0,31.68,2026-03-28T00:55:14.261127+00:00
98d57ed5_EV-011,EV-011,2026-03-28T00:55:14.261127+00:00,525.09,525.09,0.0,18.0,2026-03-28T00:55:14.261127+00:00
98d57ed5_EV-012,EV-012,2026-03-28T00:55:14.261127+00:00,1118.59,1118.59,0.0,36.72,2026-03-28T00:55:14.261127+00:00
98d57ed5_EV-013,EV-013,2026-03-28T00:55:14.261127+00:00,1196.57,1196.57,0.0,51.12,2026-03-28T00:55:14.261127+00:00
98d57ed5_EV-014,EV-014,2026-03-28T00:55:14.261127+00:00,541.37,541.37,0.0,23.6,2026-03-28T00:55:14.261127+00:00
98d57ed5_EV-015,EV-015,2026-03-28T00:55:14.261127+00:00,607.68,607.68,0.0,26.5,2026-03-28T00:55:14.261127+00:00
98d57ed5_EV-016,EV-016,2026-03-28T00:55:14.261127+00:00,1196.57,1196.57,0.0,66.0,2026-03-28T00:55:14.261127+00:00
98d57ed5_EV-017,EV-017,2026-03-28T00:55:14.261127+00:00,871.86,871.86,0.0,33.06,2026-03-28T00:55:14.261127+00:00
98d57ed5_EV-018,EV-018,2026-03-28T00:55:14.261127+00:00,1189.79,1189.79,0.0,42.35,2026-03-28T00:55:14.261127+00:00
98d57ed5_EV-019,EV-019,2026-03-28T00:55:14.261127+00:00,1189.79,1189.79,0.0,47.4,2026-03-28T00:55:14.261127+00:00
98d57ed5_EV-020,EV-020,2026-03-28T00:55:14.261127+00:00,1196.57,1196.57,0.0,81.7,2026-03-28T00:55:14.261127+00:00
98d57ed5_EV-021,EV-021,2026-03-28T00:55:14.261127+00:00,578.19,578.19,0.0,24.0,2026-03-28T00:55:14.261127+00:00
98d57ed5_EV-022,EV-022,2026-03-28T00:55:14.261127+00:00,871.86,871.86,0.0,35.4,2026-03-28T00:55:14.261127+00:00
98d57ed5_EV-023,EV-023,2026-03-28T00:55:14.261127+00:00,1196.57,1196.57,0.0,56.8,2026-03-28T00:55:14.261127+00:00
98d57ed5_EV-024,EV-024,2026-03-28T00:55:14.261127+00:00,1189.79,1189.79,0.0,44.8,2026-03-28T00:55:14.261127+00:00
98d57ed5_EV-025,EV-025,2026-03-28T00:55:14.261127+00:00,871.86,871.86,0.0,33.0,2026-03-28T00:55:14.261127+00:00
98d57ed5_EV-026,EV-026,2026-03-28T00:55:14.261127+00:00,1196.57,1196.57,0.0,60.06,2026-03-28T00:55:14.261127+00:00
98d57ed5_EV-027,EV-027,2026-03-28T00:55:14.261127+00:00,871.86,871.86,0.0,33.0,2026-03-28T00:55:14.261127+00:00
98d57ed5_EV-028,EV-028,2026-03-28T00:55:14.261127+00:00,1189.79,1189.79,0.0,47.5,2026-03-28T00:55:14.261127+00:00
98d57ed5_EV-029,EV-029,2026-03-28T00:55:14.261127+00:00,505.75,505.75,0.0,14.5,2026-03-28T00:55:14.261127+00:00
98d57ed5_EV-030,EV-030,2026-03-28T00:55:14.261127+00:00,1196.57,1196.57,0.0,60.83,2026-03-28T00:55:14.261127+00:00
98d57ed5_EV-031,EV-031,2026-03-28T00:55:14.261127+00:00,1196.57,1196.57,0.0,56.21,2026-03-28T00:55:14.261127+00:00
98d57ed5_EV-032,EV-032,2026-03-28T00:55:14.261127+00:00,525.09,525.09,0.0,18.0,2026-03-28T00:55:14.261127+00:00
98d57ed5_EV-033,EV-033,2026-03-28T00:55:14.261127+00:00,838.31,838.31,0.0,31.5,2026-03-28T00:55:14.261127+00:00
98d57ed5_EV-034,EV-034,2026-03-28T00:55:14.261127+00:00,1196.57,1196.57,0.0,61.5,2026-03-28T00:55:14.261127+00:00
98d57ed5_EV-035,EV-035,2026-03-28T00:55:14.261127+00:00,1196.57,1196.57,0.0,52.36,2026-03-28T00:55:14.261127+00:00
98d57ed5_EV-036,EV-036,2026-03-28T00:55:14.261127+00:00,1189.79,1189.79,0.0,42.35,2026-03-28T00:55:14.261127+00:00
98d57ed5_EV-037,EV-037,2026-03-28T00:55:14.261127+00:00,1179.13,1179.13,0.0,40.02,2026-03-28T00:55:14.261127+00:00
98d57ed5_EV-038,EV-038,2026-03-28T00:55:14.261127+00:00,871.86,871.86,0.0,34.2,2026-03-28T00:55:14.261127+00:00
98d57ed5_EV-039,EV-039,2026-03-28T00:55:14.261127+00:00,1196.57,1196.57,0.0,56.05,2026-03-28T00:55:14.261127+00:00
98d57ed5_EV-040,EV-040,2026-03-28T00:55:14.261127+00:00,1196.57,1196.57,0.0,51.0,2026-03-28T00:55:14.261127+00:00
98d57ed5_EV-041,EV-041,2026-03-28T00:55:14.261127+00:00,1118.59,1118.59,0.0,36.72,2026-03-28T00:55:14.261127+00:00
98d57ed5_EV-042,EV-042,2026-03-28T00:55:14.261127+00:00,1189.79,1189.79,0.0,44.66,2026-03-28T00:55:14.261127+00:00
98d57ed5_EV-043,EV-043,2026-03-28T00:55:14.261127+00:00,1196.57,1196.57,0.0,61.75,2026-03-28T00:55:14.261127+00:00
98d57ed5_EV-044,EV-044,2026-03-28T00:55:14.261127+00:00,541.37,541.37,0.0,23.2,2026-03-28T00:55:14.261127+00:00
98d57ed5_EV-045,EV-045,2026-03-28T00:55:14.261127+00:00,1189.79,1189.79,0.0,43.12,2026-03-28T00:55:14.261127+00:00
98d57ed5_EV-046,EV-046,2026-03-28T00:55:14.261127+00:00,578.19,578.19,0.0,24.4,2026-03-28T00:55:14.261127+00:00
98d57ed5_EV-047,EV-047,2026-03-28T00:55:14.261127+00:00,1196.57,1196.57,0.0,64.0,2026-03-28T00:55:14.261127+00:00
98d57ed5_EV-048,EV-048,2026-03-28T00:55:14.261127+00:00,1189.79,1189.79,0.0,46.98,2026-03-28T00:55:14.261127+00:00
98d57ed5_EV-049,EV-049,2026-03-28T00:55:14.261127+00:00,1189.79,1189.79,0.0,43.12,2026-03-28T00:55:14.261127+00:00
98d57ed5_EV-050,EV-050,2026-03-28T00:55:14.261127+00:00,838.31,838.31,0.0,31.5,2026-03-28T00:55:14.261127+00:00
74c4dd70_EV-001,EV-001,2026-03-28T00:55:45.538640+00:00,512.95,512.95,0.0,20.13,2026-03-28T00:55:45.538640+00:00
74c4dd70_EV-002,EV-002,2026-03-28T00:55:45.538640+00:00,541.37,541.37,0.0,22.8,2026-03-28T00:55:45.538640+00:00
74c4dd70_EV-003,EV-003,2026-03-28T00:55:45.538640+00:00,541.37,541.37,0.0,23.43,2026-03-28T00:55:45.538640+00:00
74c4dd70_EV-004,EV-004,2026-03-28T00:55:45.538640+00:00,1118.59,1118.59,0.0,39.0,2026-03-28T00:55:45.538640+00:00
74c4dd70_EV-005,EV-005,2026-03-28T00:55:45.538640+00:00,1189.79,1189.79,0.0,42.0,2026-03-28T00:55:45.538640+00:00
74c4dd70_EV-006,EV-006,2026-03-28T00:55:45.538640+00:00,1196.57,1196.57,0.0,50.25,2026-03-28T00:55:45.538640+00:00
74c4dd70_EV-007,EV-007,2026-03-28T00:55:45.538640+00:00,596.49,596.49,0.0,29.26,2026-03-28T00:55:45.538640+00:00
74c4dd70_EV-008,EV-008,2026-03-28T00:55:45.538640+00:00,1189.79,1189.79,0.0,43.5,2026-03-28T00:55:45.538640+00:00
74c4dd70_EV-009,EV-009,2026-03-28T00:55:45.538640+00:00,1189.79,1189.79,0.0,45.75,2026-03-28T00:55:45.538640+00:00
74c4dd70_EV-010,EV-010,2026-03-28T00:55:45.538640+00:00,838.31,838.31,0.0,31.68,2026-03-28T00:55:45.538640+00:00
74c4dd70_EV-011,EV-011,2026-03-28T00:55:45.538640+00:00,525.09,525.09,0.0,18.0,2026-03-28T00:55:45.538640+00:00
74c4dd70_EV-012,EV-012,2026-03-28T00:55:45.538640+00:00,1118.59,1118.59,0.0,36.72,2026-03-28T00:55:45.538640+00:00
74c4dd70_EV-013,EV-013,2026-03-28T00:55:45.538640+00:00,1196.57,1196.57,0.0,51.12,2026-03-28T00:55:45.538640+00:00
74c4dd70_EV-014,EV-014,2026-03-28T00:55:45.538640+00:00,541.37,541.37,0.0,23.6,2026-03-28T00:55:45.538640+00:00
74c4dd70_EV-015,EV-015,2026-03-28T00:55:45.538640+00:00,607.68,607.68,0.0,26.5,2026-03-28T00:55:45.538640+00:00
74c4dd70_EV-016,EV-016,2026-03-28T00:55:45.538640+00:00,1196.57,1196.57,0.0,66.0,2026-03-28T00:55:45.538640+00:00
74c4dd70_EV-017,EV-017,2026-03-28T00:55:45.538640+00:00,871.86,871.86,0.0,33.06,2026-03-28T00:55:45.538640+00:00
74c4dd70_EV-018,EV-018,2026-03-28T00:55:45.538640+00:00,1189.79,1189.79,0.0,42.35,2026-03-28T00:55:45.538640+00:00
74c4dd70_EV-019,EV-019,2026-03-28T00:55:45.538640+00:00,1189.79,1189.79,0.0,47.4,2026-03-28T00:55:45.538640+00:00
74c4dd70_EV-020,EV-020,2026-03-28T00:55:45.538640+00:00,1196.57,1196.57,0.0,81.7,2026-03-28T00:55:45.538640+00:00
74c4dd70_EV-021,EV-021,2026-03-28T00:55:45.538640+00:00,578.19,578.19,0.0,24.0,2026-03-28T00:55:45.538640+00:00
74c4dd70_EV-022,EV-022,2026-03-28T00:55:45.538640+00:00,871.86,871.86,0.0,35.4,2026-03-28T00:55:45.538640+00:00
74c4dd70_EV-023,EV-023,2026-03-28T00:55:45.538640+00:00,1196.57,1196.57,0.0,56.8,2026-03-28T00:55:45.538640+00:00
74c4dd70_EV-024,EV-024,2026-03-28T00:55:45.538640+00:00,1189.79,1189.79,0.0,44.8,2026-03-28T00:55:45.538640+00:00
74c4dd70_EV-025,EV-025,2026-03-28T00:55:45.538640+00:00,871.86,871.86,0.0,33.0,2026-03-28T00:55:45.538640+00:00
b3f03570_EV-001,EV-001,2026-03-28T00:56:03.764677+00:00,691.25,691.25,0.0,20.13,2026-03-28T00:56:03.764677+00:00
b3f03570_EV-002,EV-002,2026-03-28T00:56:03.764677+00:00,719.67,719.67,0.0,22.8,2026-03-28T00:56:03.764677+00:00
b3f03570_EV-003,EV-003,2026-03-28T00:56:03.764677+00:00,719.67,719.67,0.0,23.43,2026-03-28T00:56:03.764677+00:00
b3f03570_EV-004,EV-004,2026-03-28T00:56:03.764677+00:00,1307.25,1307.25,0.0,39.0,2026-03-28T00:56:03.764677+00:00
b3f03570_EV-005,EV-005,2026-03-28T00:56:03.764677+00:00,1378.45,1378.45,0.0,42.0,2026-03-28T00:56:03.764677+00:00
b3f03570_EV-006,EV-006,2026-03-28T00:56:03.764677+00:00,1385.22,1385.22,0.0,50.25,2026-03-28T00:56:03.764677+00:00
b3f03570_EV-007,EV-007,2026-03-28T00:56:03.764677+00:00,773.78,773.78,0.0,29.26,2026-03-28T00:56:03.764677+00:00
b3f03570_EV-008,EV-008,2026-03-28T00:56:03.764677+00:00,1378.45,1378.45,0.0,43.5,2026-03-28T00:56:03.764677+00:00
b3f03570_EV-009,EV-009,2026-03-28T00:56:03.764677+00:00,1378.45,1378.45,0.0,45.75,2026-03-28T00:56:03.764677+00:00
b3f03570_EV-010,EV-010,2026-03-28T00:56:03.764677+00:00,1015.59,1015.59,0.0,31.68,2026-03-28T00:56:03.764677+00:00
b3f03570_EV-011,EV-011,2026-03-28T00:56:03.764677+00:00,686.61,686.61,0.0,18.0,2026-03-28T00:56:03.764677+00:00
b3f03570_EV-012,EV-012,2026-03-28T00:56:03.764677+00:00,1307.25,1307.25,0.0,36.72,2026-03-28T00:56:03.764677+00:00
b3f03570_EV-013,EV-013,2026-03-28T00:56:03.764677+00:00,1385.22,1385.22,0.0,51.12,2026-03-28T00:56:03.764677+00:00
b3f03570_EV-014,EV-014,2026-03-28T00:56:03.764677+00:00,719.67,719.67,0.0,23.6,2026-03-28T00:56:03.764677+00:00
b3f03570_EV-015,EV-015,2026-03-28T00:56:03.764677+00:00,784.97,784.97,0.0,26.5,2026-03-28T00:56:03.764677+00:00
b3f03570_EV-016,EV-016,2026-03-28T00:56:03.764677+00:00,1385.22,1385.22,0.0,66.0,2026-03-28T00:56:03.764677+00:00
b3f03570_EV-017,EV-017,2026-03-28T00:56:03.764677+00:00,1049.14,1049.14,0.0,33.06,2026-03-28T00:56:03.764677+00:00
b3f03570_EV-018,EV-018,2026-03-28T00:56:03.764677+00:00,1378.45,1378.45,0.0,42.35,2026-03-28T00:56:03.764677+00:00
b3f03570_EV-019,EV-019,2026-03-28T00:56:03.764677+00:00,1378.45,1378.45,0.0,47.4,2026-03-28T00:56:03.764677+00:00
b3f03570_EV-020,EV-020,2026-03-28T00:56:03.764677+00:00,1385.22,1385.22,0.0,81.7,2026-03-28T00:56:03.764677+00:00
b3f03570_EV-021,EV-021,2026-03-28T00:56:03.764677+00:00,755.47,755.47,0.0,24.0,2026-03-28T00:56:03.764677+00:00
b3f03570_EV-022,EV-022,2026-03-28T00:56:03.764677+00:00,1049.14,1049.14,0.0,35.4,2026-03-28T00:56:03.764677+00:00
b3f03570_EV-023,EV-023,2026-03-28T00:56:03.764677+00:00,1385.22,1385.22,0.0,56.8,2026-03-28T00:56:03.764677+00:00
b3f03570_EV-024,EV-024,2026-03-28T00:56:03.764677+00:00,1378.45,1378.45,0.0,44.8,2026-03-28T00:56:03.764677+00:00
b3f03570_EV-025,EV-025,2026-03-28T00:56:03.764677+00:00,1049.14,1049.14,0.0,33.0,2026-03-28T00:56:03.764677+00:00
e40e2491_EV-001,EV-001,2026-03-28T00:56:49.648951+00:00,691.25,691.25,0.0,20.13,2026-03-28T00:56:49.648951+00:00
e40e2491_EV-002,EV-002,2026-03-28T00:56:49.648951+00:00,719.67,719.67,0.0,22.8,2026-03-28T00:56:49.648951+00:00
e40e2491_EV-003,EV-003,2026-03-28T00:56:49.648951+00:00,719.67,719.67,0.0,23.43,2026-03-28T00:56:49.648951+00:00
e40e2491_EV-004,EV-004,2026-03-28T00:56:49.648951+00:00,1307.25,1307.25,0.0,39.0,2026-03-28T00:56:49.648951+00:00
e40e2491_EV-005,EV-005,2026-03-28T00:56:49.648951+00:00,1378.45,1378.45,0.0,42.0,2026-03-28T00:56:49.648951+00:00
e40e2491_EV-006,EV-006,2026-03-28T00:56:49.648951+00:00,1385.22,1385.22,0.0,50.25,2026-03-28T00:56:49.648951+00:00
e40e2491_EV-007,EV-007,2026-03-28T00:56:49.648951+00:00,773.78,773.78,0.0,29.26,2026-03-28T00:56:49.648951+00:00
e40e2491_EV-008,EV-008,2026-03-28T00:56:49.648951+00:00,1378.45,1378.45,0.0,43.5,2026-03-28T00:56:49.648951+00:00
e40e2491_EV-009,EV-009,2026-03-28T00:56:49.648951+00:00,1378.45,1378.45,0.0,45.75,2026-03-28T00:56:49.648951+00:00
e40e2491_EV-010,EV-010,2026-03-28T00:56:49.648951+00:00,1015.59,1015.59,0.0,31.68,2026-03-28T00:56:49.648951+00:00
e40e2491_EV-011,EV-011,2026-03-28T00:56:49.648951+00:00,686.61,686.61,0.0,18.0,2026-03-28T00:56:49.648951+00:00
e40e2491_EV-012,EV-012,2026-03-28T00:56:49.648951+00:00,1307.25,1307.25,0.0,36.72,2026-03-28T00:56:49.648951+00:00
e40e2491_EV-013,EV-013,2026-03-28T00:56:49.648951+00:00,1385.22,1385.22,0.0,51.12,2026-03-28T00:56:49.648951+00:00
e40e2491_EV-014,EV-014,2026-03-28T00:56:49.648951+00:00,719.67,719.67,0.0,23.6,2026-03-28T00:56:49.648951+00:00
e40e2491_EV-015,EV-015,2026-03-28T00:56:49.648951+00:00,784.97,784.97,0.0,26.5,2026-03-28T00:56:49.648951+00:00
e40e2491_EV-016,EV-016,2026-03-28T00:56:49.648951+00:00,1385.22,1385.22,0.0,66.0,2026-03-28T00:56:49.648951+00:00
e40e2491_EV-017,EV-017,2026-03-28T00:56:49.648951+00:00,1049.14,1049.14,0.0,33.06,2026-03-28T00:56:49.648951+00:00
e40e2491_EV-018,EV-018,2026-03-28T00:56:49.648951+00:00,1378.45,1378.45,0.0,42.35,2026-03-28T00:56:49.648951+00:00
e40e2491_EV-019,EV-019,2026-03-28T00:56:49.648951+00:00,1378.45,1378.45,0.0,47.4,2026-03-28T00:56:49.648951+00:00
e40e2491_EV-020,EV-020,2026-03-28T00:56:49.648951+00:00,1385.22,1385.22,0.0,81.7,2026-03-28T00:56:49.648951+00:00
e40e2491_EV-021,EV-021,2026-03-28T00:56:49.648951+00:00,755.47,755.47,0.0,24.0,2026-03-28T00:56:49.648951+00:00
e40e2491_EV-022,EV-022,2026-03-28T00:56:49.648951+00:00,1049.14,1049.14,0.0,35.4,2026-03-28T00:56:49.648951+00:00
e40e2491_EV-023,EV-023,2026-03-28T00:56:49.648951+00:00,1385.22,1385.22,0.0,56.8,2026-03-28T00:56:49.648951+00:00
e40e2491_EV-024,EV-024,2026-03-28T00:56:49.648951+00:00,1378.45,1378.45,0.0,44.8,2026-03-28T00:56:49.648951+00:00
e40e2491_EV-025,EV-025,2026-03-28T00:56:49.648951+00:00,1049.14,1049.14,0.0,33.0,2026-03-28T00:56:49.648951+00:00
a8f72988_EV-001,EV-001,2026-03-28T00:57:11.577447+00:00,691.25,691.25,0.0,20.13,2026-03-28T00:57:11.577447+00:00
a8f72988_EV-002,EV-002,2026-03-28T00:57:11.577447+00:00,719.67,719.67,0.0,22.8,2026-03-28T00:57:11.577447+00:00
a8f72988_EV-003,EV-003,2026-03-28T00:57:11.577447+00:00,719.67,719.67,0.0,23.43,2026-03-28T00:57:11.577447+00:00
a8f72988_EV-004,EV-004,2026-03-28T00:57:11.577447+00:00,1307.25,1307.25,0.0,39.0,2026-03-28T00:57:11.577447+00:00
a8f72988_EV-005,EV-005,2026-03-28T00:57:11.577447+00:00,1378.45,1378.45,0.0,42.0,2026-03-28T00:57:11.577447+00:00
a8f72988_EV-006,EV-006,2026-03-28T00:57:11.577447+00:00,1385.22,1385.22,0.0,50.25,2026-03-28T00:57:11.577447+00:00
a8f72988_EV-007,EV-007,2026-03-28T00:57:11.577447+00:00,773.78,773.78,0.0,29.26,2026-03-28T00:57:11.577447+00:00
a8f72988_EV-008,EV-008,2026-03-28T00:57:11.577447+00:00,1378.45,1378.45,0.0,43.5,2026-03-28T00:57:11.577447+00:00
6184e408_EV-001,EV-001,2026-03-28T00:57:18.074479+00:00,691.25,691.25,0.0,20.13,2026-03-28T00:57:18.074479+00:00
6184e408_EV-002,EV-002,2026-03-28T00:57:18.074479+00:00,719.67,719.67,0.0,22.8,2026-03-28T00:57:18.074479+00:00
6184e408_EV-003,EV-003,2026-03-28T00:57:18.074479+00:00,719.67,719.67,0.0,23.43,2026-03-28T00:57:18.074479+00:00
6184e408_EV-004,EV-004,2026-03-28T00:57:18.074479+00:00,1307.25,1307.25,0.0,39.0,2026-03-28T00:57:18.074479+00:00
6184e408_EV-005,EV-005,2026-03-28T00:57:18.074479+00:00,1378.45,1378.45,0.0,42.0,2026-03-28T00:57:18.074479+00:00
6184e408_EV-006,EV-006,2026-03-28T00:57:18.074479+00:00,1385.22,1385.22,0.0,50.25,2026-03-28T00:57:18.074479+00:00
6184e408_EV-007,EV-007,2026-03-28T00:57:18.074479+00:00,773.78,773.78,0.0,29.26,2026-03-28T00:57:18.074479+00:00
6184e408_EV-008,EV-008,2026-03-28T00:57:18.074479+00:00,1378.45,1378.45,0.0,43.5,2026-03-28T00:57:18.074479+00:00
6184e408_EV-009,EV-009,2026-03-28T00:57:18.074479+00:00,1378.45,1378.45,0.0,45.75,2026-03-28T00:57:18.074479+00:00
6184e408_EV-010,EV-010,2026-03-28T00:57:18.074479+00:00,1015.59,1015.59,0.0,31.68,2026-03-28T00:57:18.074479+00:00
6184e408_EV-011,EV-011,2026-03-28T00:57:18.074479+00:00,1385.22,1385.22,0.0,62.25,2026-03-28T00:57:18.074479+00:00
6184e408_EV-012,EV-012,2026-03-28T00:57:18.074479+00:00,1307.25,1307.25,0.0,36.72,2026-03-28T00:57:18.074479+00:00
6184e408_EV-013,EV-013,2026-03-28T00:57:18.074479+00:00,1385.22,1385.22,0.0,51.12,2026-03-28T00:57:18.074479+00:00
6184e408_EV-014,EV-014,2026-03-28T00:57:18.074479+00:00,719.67,719.67,0.0,23.6,2026-03-28T00:57:18.074479+00:00
6184e408_EV-015,EV-015,2026-03-28T00:57:18.074479+00:00,784.97,784.97,0.0,26.5,2026-03-28T00:57:18.074479+00:00
c9e9ece0_EV-01,EV-01,2026-03-28T09:00:00+00:00,721.39,721.39,0.0,45.0,2026-03-28T09:00:00+00:00
c9e9ece0_EV-02,EV-02,2026-03-28T09:00:00+00:00,721.39,721.39,0.0,42.0,2026-03-28T09:00:00+00:00
c9e9ece0_EV-03,EV-03,2026-03-28T09:00:00+00:00,713.03,713.03,0.0,39.0,2026-03-28T09:00:00+00:00
c9e9ece0_EV-04,EV-04,2026-03-28T09:00:00+00:00,588.96,588.96,0.0,36.0,2026-03-28T09:00:00+00:00
c9e9ece0_EV-05,EV-05,2026-03-28T09:00:00+00:00,588.96,588.96,0.0,33.0,2026-03-28T09:00:00+00:00
c9e9ece0_EV-06,EV-06,2026-03-28T09:00:00+00:00,542.29,542.29,0.0,30.0,2026-03-28T09:00:00+00:00
c9e9ece0_EV-07,EV-07,2026-03-28T09:00:00+00:00,542.29,542.29,0.0,27.0,2026-03-28T09:00:00+00:00
c9e9ece0_EV-08,EV-08,2026-03-28T09:00:00+00:00,536.51,536.51,0.0,24.0,2026-03-28T09:00:00+00:00
c9e9ece0_EV-09,EV-09,2026-03-28T09:00:00+00:00,505.39,505.39,0.0,21.0,2026-03-28T09:00:00+00:00
c9e9ece0_EV-10,EV-10,2026-03-28T09:00:00+00:00,493.45,493.45,0.0,18.0,2026-03-28T09:00:00+00:00
f7990101_EV-01,EV-01,2026-03-28T09:00:00+00:00,721.39,590.44,-130.95,45.0,2026-03-28T09:00:00+00:00
f7990101_EV-02,EV-02,2026-03-28T09:00:00+00:00,721.39,878.23,156.84,42.0,2026-03-28T09:00:00+00:00
f7990101_EV-03,EV-03,2026-03-28T09:00:00+00:00,713.03,538.74,-174.29,39.0,2026-03-28T09:00:00+00:00
f7990101_EV-04,EV-04,2026-03-28T09:00:00+00:00,588.96,529.58,-59.38,36.0,2026-03-28T09:00:00+00:00
f7990101_EV-05,EV-05,2026-03-28T09:00:00+00:00,588.96,569.59,-19.37,33.0,2026-03-28T09:00:00+00:00
f7990101_EV-06,EV-06,2026-03-28T09:00:00+00:00,542.29,508.96,-33.33,30.0,2026-03-28T09:00:00+00:00
f7990101_EV-07,EV-07,2026-03-28T09:00:00+00:00,542.29,426.89,-115.4,27.0,2026-03-28T09:00:00+00:00
f7990101_EV-08,EV-08,2026-03-28T09:00:00+00:00,536.51,436.28,-100.23,24.0,2026-03-28T09:00:00+00:00
f7990101_EV-09,EV-09,2026-03-28T09:00:00+00:00,505.39,719.74,214.36,21.0,2026-03-28T09:00:00+00:00
f7990101_EV-10,EV-10,2026-03-28T09:00:00+00:00,493.45,579.69,86.24,18.0,2026-03-28T09:00:00+00:00
f7aeefb6_EV-01,EV-01,2026-03-28T09:00:00+00:00,721.39,796.32,74.93,45.0,2026-03-28T09:00:00+00:00
f7aeefb6_EV-02,EV-02,2026-03-28T09:00:00+00:00,721.39,658.67,-62.71,42.0,2026-03-28T09:00:00+00:00
f7aeefb6_EV-03,EV-03,2026-03-28T09:00:00+00:00,713.03,680.48,-32.55,39.0,2026-03-28T09:00:00+00:00
f7aeefb6_EV-04,EV-04,2026-03-28T09:00:00+00:00,588.96,441.17,-147.79,36.0,2026-03-28T09:00:00+00:00
f7aeefb6_EV-05,EV-05,2026-03-28T09:00:00+00:00,588.96,533.47,-55.49,33.0,2026-03-28T09:00:00+00:00
f7aeefb6_EV-06,EV-06,2026-03-28T09:00:00+00:00,542.29,605.93,63.65,30.0,2026-03-28T09:00:00+00:00
f7aeefb6_EV-07,EV-07,2026-03-28T09:00:00+00:00,542.29,532.46,-9.83,27.0,2026-03-28T09:00:00+00:00
f7aeefb6_EV-08,EV-08,2026-03-28T09:00:00+00:00,536.51,752.36,215.85,24.0,2026-03-28T09:00:00+00:00
f7aeefb6_EV-09,EV-09,2026-03-28T09:00:00+00:00,505.39,564.12,58.73,21.0,2026-03-28T09:00:00+00:00
f7aeefb6_EV-10,EV-10,2026-03-28T09:00:00+00:00,493.45,471.98,-21.47,18.0,2026-03-28T09:00:00+00:00
230ca5ad_EV-01,EV-01,2026-03-28T09:00:00+00:00,721.39,758.78,37.39,45.0,2026-03-28T09:00:00+00:00
230ca5ad_EV-02,EV-02,2026-03-28T09:00:00+00:00,721.39,613.95,-107.44,42.0,2026-03-28T09:00:00+00:00
230ca5ad_EV-03,EV-03,2026-03-28T09:00:00+00:00,713.03,759.76,46.73,39.0,2026-03-28T09:00:00+00:00
230ca5ad_EV-04,EV-04,2026-03-28T09:00:00+00:00,588.96,573.92,-15.04,36.0,2026-03-28T09:00:00+00:00
230ca5ad_EV-05,EV-05,2026-03-28T09:00:00+00:00,588.96,404.92,-184.04,33.0,2026-03-28T09:00:00+00:00
230ca5ad_EV-06,EV-06,2026-03-28T09:00:00+00:00,542.29,599.42,57.13,30.0,2026-03-28T09:00:00+00:00
230ca5ad_EV-07,EV-07,2026-03-28T09:00:00+00:00,542.29,518.34,-23.95,27.0,2026-03-28T09:00:00+00:00
230ca5ad_EV-08,EV-08,2026-03-28T09:00:00+00:00,536.51,556.87,20.36,24.0,2026-03-28T09:00:00+00:00
230ca5ad_EV-09,EV-09,2026-03-28T09:00:00+00:00,505.39,540.63,35.25,21.0,2026-03-28T09:00:00+00:00
230ca5ad_EV-10,EV-10,2026-03-28T09:00:00+00:00,493.45,470.53,-22.92,18.0,2026-03-28T09:00:00+00:00
03334e48_EV-01,EV-01,2026-03-28T09:00:00+00:00,721.39,829.7,108.31,45.0,2026-03-28T09:00:00+00:00
03334e48_EV-02,EV-02,2026-03-28T09:00:00+00:00,721.39,693.31,-28.08,42.0,2026-03-28T09:00:00+00:00
03334e48_EV-03,EV-03,2026-03-28T09:00:00+00:00,713.03,721.21,8.18,39.0,2026-03-28T09:00:00+00:00
03334e48_EV-04,EV-04,2026-03-28T09:00:00+00:00,588.96,616.74,27.78,36.0,2026-03-28T09:00:00+00:00
03334e48_EV-05,EV-05,2026-03-28T09:00:00+00:00,588.96,667.36,78.4,33.0,2026-03-28T09:00:00+00:00
03334e48_EV-06,EV-06,2026-03-28T09:00:00+00:00,542.29,550.7,8.41,30.0,2026-03-28T09:00:00+00:00
03334e48_EV-07,EV-07,2026-03-28T09:00:00+00:00,542.29,651.26,108.97,27.0,2026-03-28T09:00:00+00:00
03334e48_EV-08,EV-08,2026-03-28T09:00:00+00:00,536.51,647.19,110.68,24.0,2026-03-28T09:00:00+00:00
03334e48_EV-09,EV-09,2026-03-28T09:00:00+00:00,505.39,584.15,78.77,21.0,2026-03-28T09:00:00+00:00
03334e48_EV-10,EV-10,2026-03-28T09:00:00+00:00,493.45,458.49,-34.96,18.0,2026-03-28T09:00:00+00:00
e007e59e_EV-001,EV-001,2026-03-28T21:49:32.244540+00:00,342.79,469.23,126.45,20.13,2026-03-28T21:49:32.244540+00:00
e007e59e_EV-002,EV-002,2026-03-28T21:49:32.244540+00:00,351.12,555.98,204.86,22.8,2026-03-28T21:49:32.244540+00:00
e007e59e_EV-003,EV-003,2026-03-28T21:49:32.244540+00:00,351.12,286.75,-64.37,23.43,2026-03-28T21:49:32.244540+00:00
e007e59e_EV-004,EV-004,2026-03-28T21:49:32.244540+00:00,1001.84,1117.57,115.74,39.0,2026-03-28T21:49:32.244540+00:00
e007e59e_EV-005,EV-005,2026-03-28T21:49:32.244540+00:00,996.96,893.46,-103.5,42.0,2026-03-28T21:49:32.244540+00:00
e007e59e_EV-006,EV-006,2026-03-28T21:49:32.244540+00:00,999.95,952.16,-47.79,50.25,2026-03-28T21:49:32.244540+00:00
e007e59e_EV-007,EV-007,2026-03-28T21:49:32.244540+00:00,372.58,246.99,-125.59,29.26,2026-03-28T21:49:32.244540+00:00
e007e59e_EV-008,EV-008,2026-03-28T21:49:32.244540+00:00,996.96,933.29,-63.66,43.5,2026-03-28T21:49:32.244540+00:00
e007e59e_EV-009,EV-009,2026-03-28T21:49:32.244540+00:00,996.96,1023.93,26.97,45.75,2026-03-28T21:49:32.244540+00:00
e007e59e_EV-010,EV-010,2026-03-28T21:49:32.244540+00:00,613.33,681.72,68.39,31.68,2026-03-28T21:49:32.244540+00:00
ff50ec36_EV-001,EV-001,2026-03-28T21:49:44.351773+00:00,342.79,398.61,55.82,20.13,2026-03-28T21:49:44.351773+00:00
ff50ec36_EV-002,EV-002,2026-03-28T21:49:44.351773+00:00,351.12,211.07,-140.05,22.8,2026-03-28T21:49:44.351773+00:00
ff50ec36_EV-003,EV-003,2026-03-28T21:49:44.351773+00:00,351.12,245.36,-105.76,23.43,2026-03-28T21:49:44.351773+00:00
ff50ec36_EV-004,EV-004,2026-03-28T21:49:44.351773+00:00,1001.84,780.47,-221.36,39.0,2026-03-28T21:49:44.351773+00:00
ff50ec36_EV-005,EV-005,2026-03-28T21:49:44.351773+00:00,996.96,1142.58,145.62,42.0,2026-03-28T21:49:44.351773+00:00
ff50ec36_EV-006,EV-006,2026-03-28T21:49:44.351773+00:00,999.95,1029.11,29.16,50.25,2026-03-28T21:49:44.351773+00:00
ff50ec36_EV-007,EV-007,2026-03-28T21:49:44.351773+00:00,372.58,315.73,-56.86,29.26,2026-03-28T21:49:44.351773+00:00
ff50ec36_EV-008,EV-008,2026-03-28T21:49:44.351773+00:00,996.96,1124.35,127.39,43.5,2026-03-28T21:49:44.351773+00:00
ff50ec36_EV-009,EV-009,2026-03-28T21:49:44.351773+00:00,996.96,888.22,-108.74,45.75,2026-03-28T21:49:44.351773+00:00
ff50ec36_EV-010,EV-010,2026-03-28T21:49:44.351773+00:00,613.33,653.34,40.02,31.68,2026-03-28T21:49:44.351773+00:00
ff50ec36_EV-011,EV-011,2026-03-28T21:49:44.351773+00:00,999.95,981.52,-18.43,62.25,2026-03-28T21:49:44.351773+00:00
ff50ec36_EV-012,EV-012,2026-03-28T21:49:44.351773+00:00,1001.84,995.48,-6.36,36.72,2026-03-28T21:49:44.351773+00:00
ff50ec36_EV-013,EV-013,2026-03-28T21:49:44.351773+00:00,999.95,1097.64,97.69,51.12,2026-03-28T21:49:44.351773+00:00
ff50ec36_EV-014,EV-014,2026-03-28T21:49:44.351773+00:00,351.12,525.67,174.55,23.6,2026-03-28T21:49:44.351773+00:00
ff50ec36_EV-015,EV-015,2026-03-28T21:49:44.351773+00:00,374.53,365.62,-8.91,26.5,2026-03-28T21:49:44.351773+00:00
ff50ec36_EV-016,EV-016,2026-03-28T21:49:44.351773+00:00,999.95,1068.61,68.65,66.0,2026-03-28T21:49:44.351773+00:00
ff50ec36_EV-017,EV-017,2026-03-28T21:49:44.351773+00:00,648.28,671.34,23.05,33.06,2026-03-28T21:49:44.351773+00:00
ff50ec36_EV-018,EV-018,2026-03-28T21:49:44.351773+00:00,996.96,787.86,-209.1,42.35,2026-03-28T21:49:44.351773+00:00
ff50ec36_EV-019,EV-019,2026-03-28T21:49:44.351773+00:00,996.96,1033.01,36.05,47.4,2026-03-28T21:49:44.351773+00:00
ff50ec36_EV-020,EV-020,2026-03-28T21:49:44.351773+00:00,999.95,1080.12,80.17,81.7,2026-03-28T21:49:44.351773+00:00
ff50ec36_EV-021,EV-021,2026-03-28T21:49:44.351773+00:00,360.02,340.04,-19.98,24.0,2026-03-28T21:49:44.351773+00:00
ff50ec36_EV-022,EV-022,2026-03-28T21:49:44.351773+00:00,648.28,599.66,-48.62,35.4,2026-03-28T21:49:44.351773+00:00
ff50ec36_EV-023,EV-023,2026-03-28T21:49:44.351773+00:00,999.95,910.59,-89.36,56.8,2026-03-28T21:49:44.351773+00:00
ff50ec36_EV-024,EV-024,2026-03-28T21:49:44.351773+00:00,996.96,1020.0,23.04,44.8,2026-03-28T21:49:44.351773+00:00
ff50ec36_EV-025,EV-025,2026-03-28T21:49:44.351773+00:00,648.28,658.64,10.36,33.0,2026-03-28T21:49:44.351773+00:00
ff50ec36_EV-026,EV-026,2026-03-28T21:49:44.351773+00:00,999.95,1026.38,26.43,60.06,2026-03-28T21:49:44.351773+00:00
ff50ec36_EV-027,EV-027,2026-03-28T21:49:44.351773+00:00,648.28,767.54,119.25,33.0,2026-03-28T21:49:44.351773+00:00
ff50ec36_EV-028,EV-028,2026-03-28T21:49:44.351773+00:00,996.96,1032.41,35.46,47.5,2026-03-28T21:49:44.351773+00:00
ff50ec36_EV-029,EV-029,2026-03-28T21:49:44.351773+00:00,370.45,400.26,29.81,14.5,2026-03-28T21:49:44.351773+00:00
ff50ec36_EV-030,EV-030,2026-03-28T21:49:44.351773+00:00,999.95,978.4,-21.55,60.83,2026-03-28T21:49:44.351773+00:00
ff50ec36_EV-031,EV-031,2026-03-28T21:49:44.351773+00:00,999.95,1147.45,147.5,56.21,2026-03-28T21:49:44.351773+00:00
ff50ec36_EV-032,EV-032,2026-03-28T21:49:44.351773+00:00,338.27,315.77,-22.51,18.0,2026-03-28T21:49:44.351773+00:00
ff50ec36_EV-033,EV-033,2026-03-28T21:49:44.351773+00:00,613.33,636.25,22.92,31.5,2026-03-28T21:49:44.351773+00:00
ff50ec36_EV-034,EV-034,2026-03-28T21:49:44.351773+00:00,999.95,1029.38,29.43,61.5,2026-03-28T21:49:44.351773+00:00
ff50ec36_EV-035,EV-035,2026-03-28T21:49:44.351773+00:00,999.95,1065.09,65.14,52.36,2026-03-28T21:49:44.351773+00:00
ff50ec36_EV-036,EV-036,2026-03-28T21:49:44.351773+00:00,996.96,1003.54,6.59,42.35,2026-03-28T21:49:44.351773+00:00
ff50ec36_EV-037,EV-037,2026-03-28T21:49:44.351773+00:00,1027.26,1030.94,3.68,40.02,2026-03-28T21:49:44.351773+00:00
ff50ec36_EV-038,EV-038,2026-03-28T21:49:44.351773+00:00,648.28,658.54,10.25,34.2,2026-03-28T21:49:44.351773+00:00
ff50ec36_EV-039,EV-039,2026-03-28T21:49:44.351773+00:00,999.95,900.44,-99.51,56.05,2026-03-28T21:49:44.351773+00:00
ff50ec36_EV-040,EV-040,2026-03-28T21:49:44.351773+00:00,999.95,961.47,-38.48,51.0,2026-03-28T21:49:44.351773+00:00
ff50ec36_EV-041,EV-041,2026-03-28T21:49:44.351773+00:00,1001.84,1141.07,139.23,36.72,2026-03-28T21:49:44.351773+00:00
ff50ec36_EV-042,EV-042,2026-03-28T21:49:44.351773+00:00,996.96,1079.98,83.02,44.66,2026-03-28T21:49:44.351773+00:00
ff50ec36_EV-043,EV-043,2026-03-28T21:49:44.351773+00:00,999.95,1157.71,157.76,61.75,2026-03-28T21:49:44.351773+00:00
ff50ec36_EV-044,EV-044,2026-03-28T21:49:44.351773+00:00,351.12,409.57,58.45,23.2,2026-03-28T21:49:44.351773+00:00
ff50ec36_EV-045,EV-045,2026-03-28T21:49:44.351773+00:00,996.96,1038.56,41.61,43.12,2026-03-28T21:49:44.351773+00:00
e7b99924_EV-001,EV-001,2026-03-28T21:49:56.100176+00:00,342.79,366.68,23.9,20.13,2026-03-28T21:49:56.100176+00:00
e7b99924_EV-002,EV-002,2026-03-28T21:49:56.100176+00:00,351.12,292.6,-58.52,22.8,2026-03-28T21:49:56.100176+00:00
e7b99924_EV-003,EV-003,2026-03-28T21:49:56.100176+00:00,351.12,461.08,109.96,23.43,2026-03-28T21:49:56.100176+00:00
e7b99924_EV-004,EV-004,2026-03-28T21:49:56.100176+00:00,1001.84,1064.97,63.13,39.0,2026-03-28T21:49:56.100176+00:00
e7b99924_EV-005,EV-005,2026-03-28T21:49:56.100176+00:00,996.96,858.74,-138.22,42.0,2026-03-28T21:49:56.100176+00:00
e7b99924_EV-006,EV-006,2026-03-28T21:49:56.100176+00:00,999.95,830.41,-169.54,50.25,2026-03-28T21:49:56.100176+00:00
e7b99924_EV-007,EV-007,2026-03-28T21:49:56.100176+00:00,372.58,359.22,-13.36,29.26,2026-03-28T21:49:56.100176+00:00
e7b99924_EV-008,EV-008,2026-03-28T21:49:56.100176+00:00,996.96,915.09,-81.87,43.5,2026-03-28T21:49:56.100176+00:00
e7b99924_EV-009,EV-009,2026-03-28T21:49:56.100176+00:00,996.96,941.61,-55.35,45.75,2026-03-28T21:49:56.100176+00:00
e7b99924_EV-010,EV-010,2026-03-28T21:49:56.100176+00:00,613.33,683.68,70.35,31.68,2026-03-28T21:49:56.100176+00:00
e7b99924_EV-011,EV-011,2026-03-28T21:49:56.100176+00:00,999.95,1074.82,74.87,62.25,2026-03-28T21:49:56.100176+00:00
e7b99924_EV-012,EV-012,2026-03-28T21:49:56.100176+00:00,1001.84,1188.54,186.71,36.72,2026-03-28T21:49:56.100176+00:00
e7b99924_EV-013,EV-013,2026-03-28T21:49:56.100176+00:00,999.95,998.13,-1.82,51.12,2026-03-28T21:49:56.100176+00:00
e7b99924_EV-014,EV-014,2026-03-28T21:49:56.100176+00:00,351.12,274.44,-76.68,23.6,2026-03-28T21:49:56.100176+00:00
e7b99924_EV-015,EV-015,2026-03-28T21:49:56.100176+00:00,374.53,469.25,94.73,26.5,2026-03-28T21:49:56.100176+00:00
e7b99924_EV-016,EV-016,2026-03-28T21:49:56.100176+00:00,999.95,1009.58,9.63,66.0,2026-03-28T21:49:56.100176+00:00
e7b99924_EV-017,EV-017,2026-03-28T21:49:56.100176+00:00,648.28,652.64,4.35,33.06,2026-03-28T21:49:56.100176+00:00
e7b99924_EV-018,EV-018,2026-03-28T21:49:56.100176+00:00,996.96,939.63,-57.32,42.35,2026-03-28T21:49:56.100176+00:00
e7b99924_EV-019,EV-019,2026-03-28T21:49:56.100176+00:00,996.96,925.64,-71.32,47.4,2026-03-28T21:49:56.100176+00:00
e7b99924_EV-020,EV-020,2026-03-28T21:49:56.100176+00:00,999.95,973.66,-26.29,81.7,2026-03-28T21:49:56.100176+00:00
e7b99924_EV-021,EV-021,2026-03-28T21:49:56.100176+00:00,360.02,445.21,85.19,24.0,2026-03-28T21:49:56.100176+00:00
e7b99924_EV-022,EV-022,2026-03-28T21:49:56.100176+00:00,648.28,639.04,-9.25,35.4,2026-03-28T21:49:56.100176+00:00
e7b99924_EV-023,EV-023,2026-03-28T21:49:56.100176+00:00,999.95,1033.89,33.94,56.8,2026-03-28T21:49:56.100176+00:00
e7b99924_EV-024,EV-024,2026-03-28T21:49:56.100176+00:00,996.96,1026.96,30.01,44.8,2026-03-28T21:49:56.100176+00:00
e7b99924_EV-025,EV-025,2026-03-28T21:49:56.100176+00:00,648.28,579.18,-69.11,33.0,2026-03-28T21:49:56.100176+00:00
e7b99924_EV-026,EV-026,2026-03-28T21:49:56.100176+00:00,999.95,957.31,-42.64,60.06,2026-03-28T21:49:56.100176+00:00
e7b99924_EV-027,EV-027,2026-03-28T21:49:56.100176+00:00,648.28,555.11,-93.17,33.0,2026-03-28T21:49:56.100176+00:00
e7b99924_EV-028,EV-028,2026-03-28T21:49:56.100176+00:00,996.96,1020.62,23.66,47.5,2026-03-28T21:49:56.100176+00:00
e7b99924_EV-029,EV-029,2026-03-28T21:49:56.100176+00:00,370.45,356.22,-14.23,14.5,2026-03-28T21:49:56.100176+00:00
e7b99924_EV-030,EV-030,2026-03-28T21:49:56.100176+00:00,999.95,935.59,-64.37,60.83,2026-03-28T21:49:56.100176+00:00
e7b99924_EV-031,EV-031,2026-03-28T21:49:56.100176+00:00,999.95,929.05,-70.9,56.21,2026-03-28T21:49:56.100176+00:00
e7b99924_EV-032,EV-032,2026-03-28T21:49:56.100176+00:00,338.27,530.43,192.16,18.0,2026-03-28T21:49:56.100176+00:00
e7b99924_EV-033,EV-033,2026-03-28T21:49:56.100176+00:00,613.33,702.51,89.18,31.5,2026-03-28T21:49:56.100176+00:00
e7b99924_EV-034,EV-034,2026-03-28T21:49:56.100176+00:00,999.95,1029.53,29.58,61.5,2026-03-28T21:49:56.100176+00:00
e7b99924_EV-035,EV-035,2026-03-28T21:49:56.100176+00:00,999.95,894.35,-105.6,52.36,2026-03-28T21:49:56.100176+00:00
e7b99924_EV-036,EV-036,2026-03-28T21:49:56.100176+00:00,996.96,1053.04,56.08,42.35,2026-03-28T21:49:56.100176+00:00
e7b99924_EV-037,EV-037,2026-03-28T21:49:56.100176+00:00,1027.26,1052.14,24.88,40.02,2026-03-28T21:49:56.100176+00:00
e7b99924_EV-038,EV-038,2026-03-28T21:49:56.100176+00:00,648.28,645.4,-2.88,34.2,2026-03-28T21:49:56.100176+00:00
e7b99924_EV-039,EV-039,2026-03-28T21:49:56.100176+00:00,999.95,971.18,-28.77,56.05,2026-03-28T21:49:56.100176+00:00
e7b99924_EV-040,EV-040,2026-03-28T21:49:56.100176+00:00,999.95,1026.59,26.64,51.0,2026-03-28T21:49:56.100176+00:00
e7b99924_EV-041,EV-041,2026-03-28T21:49:56.100176+00:00,1001.84,1058.72,56.88,36.72,2026-03-28T21:49:56.100176+00:00
e7b99924_EV-042,EV-042,2026-03-28T21:49:56.100176+00:00,996.96,919.96,-77.0,44.66,2026-03-28T21:49:56.100176+00:00
e7b99924_EV-043,EV-043,2026-03-28T21:49:56.100176+00:00,999.95,932.28,-67.67,61.75,2026-03-28T21:49:56.100176+00:00
e7b99924_EV-044,EV-044,2026-03-28T21:49:56.100176+00:00,351.12,483.32,132.2,23.2,2026-03-28T21:49:56.100176+00:00
e7b99924_EV-045,EV-045,2026-03-28T21:49:56.100176+00:00,996.96,1057.56,60.6,43.12,2026-03-28T21:49:56.100176+00:00
a4d55a57_EV-001,EV-001,2026-03-28T21:50:08.053937+00:00,341.08,323.35,-17.73,20.13,2026-03-28T21:50:08.053937+00:00
a4d55a57_EV-002,EV-002,2026-03-28T21:50:08.053937+00:00,349.41,552.5,203.09,22.8,2026-03-28T21:50:08.053937+00:00
a4d55a57_EV-003,EV-003,2026-03-28T21:50:08.053937+00:00,349.41,419.68,70.27,23.43,2026-03-28T21:50:08.053937+00:00
a4d55a57_EV-004,EV-004,2026-03-28T21:50:08.053937+00:00,1001.62,833.2,-168.42,39.0,2026-03-28T21:50:08.053937+00:00
a4d55a57_EV-005,EV-005,2026-03-28T21:50:08.053937+00:00,996.74,1094.62,97.88,42.0,2026-03-28T21:50:08.053937+00:00
a4d55a57_EV-006,EV-006,2026-03-28T21:50:08.053937+00:00,999.73,977.18,-22.56,50.25,2026-03-28T21:50:08.053937+00:00
a4d55a57_EV-007,EV-007,2026-03-28T21:50:08.053937+00:00,370.88,457.43,86.55,29.26,2026-03-28T21:50:08.053937+00:00
a4d55a57_EV-008,EV-008,2026-03-28T21:50:08.053937+00:00,996.74,1065.07,68.33,43.5,2026-03-28T21:50:08.053937+00:00
a4d55a57_EV-009,EV-009,2026-03-28T21:50:08.053937+00:00,996.74,1063.43,66.69,45.75,2026-03-28T21:50:08.053937+00:00
a4d55a57_EV-010,EV-010,2026-03-28T21:50:08.053937+00:00,613.11,612.06,-1.05,31.68,2026-03-28T21:50:08.053937+00:00
a4d55a57_EV-011,EV-011,2026-03-28T21:50:08.053937+00:00,999.73,1003.6,3.86,62.25,2026-03-28T21:50:08.053937+00:00
a4d55a57_EV-012,EV-012,2026-03-28T21:50:08.053937+00:00,1001.62,1053.58,51.96,36.72,2026-03-28T21:50:08.053937+00:00
a4d55a57_EV-013,EV-013,2026-03-28T21:50:08.053937+00:00,999.73,1107.59,107.86,51.12,2026-03-28T21:50:08.053937+00:00
a4d55a57_EV-014,EV-014,2026-03-28T21:50:08.053937+00:00,349.41,284.72,-64.69,23.6,2026-03-28T21:50:08.053937+00:00
a4d55a57_EV-015,EV-015,2026-03-28T21:50:08.053937+00:00,372.82,387.27,14.45,26.5,2026-03-28T21:50:08.053937+00:00
a4d55a57_EV-016,EV-016,2026-03-28T21:50:08.053937+00:00,999.73,1166.5,166.76,66.0,2026-03-28T21:50:08.053937+00:00
a4d55a57_EV-017,EV-017,2026-03-28T21:50:08.053937+00:00,648.07,620.07,-27.99,33.06,2026-03-28T21:50:08.053937+00:00
a4d55a57_EV-018,EV-018,2026-03-28T21:50:08.053937+00:00,996.74,893.88,-102.86,42.35,2026-03-28T21:50:08.053937+00:00
a4d55a57_EV-019,EV-019,2026-03-28T21:50:08.053937+00:00,996.74,1059.64,62.9,47.4,2026-03-28T21:50:08.053937+00:00
a4d55a57_EV-020,EV-020,2026-03-28T21:50:08.053937+00:00,999.73,923.58,-76.16,81.7,2026-03-28T21:50:08.053937+00:00
a4d55a57_EV-021,EV-021,2026-03-28T21:50:08.053937+00:00,358.31,170.64,-187.67,24.0,2026-03-28T21:50:08.053937+00:00
a4d55a57_EV-022,EV-022,2026-03-28T21:50:08.053937+00:00,648.07,575.02,-73.05,35.4,2026-03-28T21:50:08.053937+00:00
a4d55a57_EV-023,EV-023,2026-03-28T21:50:08.053937+00:00,999.73,960.43,-39.3,56.8,2026-03-28T21:50:08.053937+00:00
a4d55a57_EV-024,EV-024,2026-03-28T21:50:08.053937+00:00,996.74,891.06,-105.67,44.8,2026-03-28T21:50:08.053937+00:00
a4d55a57_EV-025,EV-025,2026-03-28T21:50:08.053937+00:00,648.07,712.81,64.74,33.0,2026-03-28T21:50:08.053937+00:00
a4d55a57_EV-026,EV-026,2026-03-28T21:50:08.053937+00:00,999.73,994.78,-4.95,60.06,2026-03-28T21:50:08.053937+00:00
a4d55a57_EV-027,EV-027,2026-03-28T21:50:08.053937+00:00,648.07,773.69,125.63,33.0,2026-03-28T21:50:08.053937+00:00
a4d55a57_EV-028,EV-028,2026-03-28T21:50:08.053937+00:00,996.74,1110.65,113.91,47.5,2026-03-28T21:50:08.053937+00:00
a4d55a57_EV-029,EV-029,2026-03-28T21:50:08.053937+00:00,370.23,437.91,67.67,14.5,2026-03-28T21:50:08.053937+00:00
a4d55a57_EV-030,EV-030,2026-03-28T21:50:08.053937+00:00,999.73,1139.17,139.44,60.83,2026-03-28T21:50:08.053937+00:00
a4d55a57_EV-031,EV-031,2026-03-28T21:50:08.053937+00:00,999.73,1068.12,68.39,56.21,2026-03-28T21:50:08.053937+00:00
a4d55a57_EV-032,EV-032,2026-03-28T21:50:08.053937+00:00,336.57,379.48,42.92,18.0,2026-03-28T21:50:08.053937+00:00
a4d55a57_EV-033,EV-033,2026-03-28T21:50:08.053937+00:00,613.11,665.39,52.28,31.5,2026-03-28T21:50:08.053937+00:00
593130ef_EV-001,EV-001,2026-03-28T21:51:02.916168+00:00,341.08,368.37,27.29,20.13,2026-03-28T21:51:02.916168+00:00
593130ef_EV-002,EV-002,2026-03-28T21:51:02.916168+00:00,349.41,180.74,-168.67,22.8,2026-03-28T21:51:02.916168+00:00
593130ef_EV-003,EV-003,2026-03-28T21:51:02.916168+00:00,349.41,331.09,-18.32,23.43,2026-03-28T21:51:02.916168+00:00
593130ef_EV-004,EV-004,2026-03-28T21:51:02.916168+00:00,1001.62,1011.43,9.81,39.0,2026-03-28T21:51:02.916168+00:00
593130ef_EV-005,EV-005,2026-03-28T21:51:02.916168+00:00,996.74,1080.9,84.16,42.0,2026-03-28T21:51:02.916168+00:00
593130ef_EV-006,EV-006,2026-03-28T21:51:02.916168+00:00,999.73,948.01,-51.72,50.25,2026-03-28T21:51:02.916168+00:00
593130ef_EV-007,EV-007,2026-03-28T21:51:02.916168+00:00,370.88,386.91,16.03,29.26,2026-03-28T21:51:02.916168+00:00
593130ef_EV-008,EV-008,2026-03-28T21:51:02.916168+00:00,996.74,756.43,-240.31,43.5,2026-03-28T21:51:02.916168+00:00
593130ef_EV-009,EV-009,2026-03-28T21:51:02.916168+00:00,996.74,991.5,-5.24,45.75,2026-03-28T21:51:02.916168+00:00
593130ef_EV-010,EV-010,2026-03-28T21:51:02.916168+00:00,613.11,692.9,79.79,31.68,2026-03-28T21:51:02.916168+00:00
593130ef_EV-011,EV-011,2026-03-28T21:51:02.916168+00:00,999.73,1066.98,67.24,62.25,2026-03-28T21:51:02.916168+00:00
593130ef_EV-012,EV-012,2026-03-28T21:51:02.916168+00:00,1001.62,982.89,-18.73,36.72,2026-03-28T21:51:02.916168+00:00
593130ef_EV-013,EV-013,2026-03-28T21:51:02.916168+00:00,999.73,1021.65,21.92,51.12,2026-03-28T21:51:02.916168+00:00
593130ef_EV-014,EV-014,2026-03-28T21:51:02.916168+00:00,349.41,299.85,-49.57,23.6,2026-03-28T21:51:02.916168+00:00
593130ef_EV-015,EV-015,2026-03-28T21:51:02.916168+00:00,372.82,516.35,143.53,26.5,2026-03-28T21:51:02.916168+00:00
593130ef_EV-016,EV-016,2026-03-28T21:51:02.916168+00:00,999.73,984.52,-15.21,66.0,2026-03-28T21:51:02.916168+00:00
593130ef_EV-017,EV-017,2026-03-28T21:51:02.916168+00:00,648.07,471.48,-176.59,33.06,2026-03-28T21:51:02.916168+00:00
593130ef_EV-018,EV-018,2026-03-28T21:51:02.916168+00:00,996.74,941.32,-55.42,42.35,2026-03-28T21:51:02.916168+00:00
593130ef_EV-019,EV-019,2026-03-28T21:51:02.916168+00:00,996.74,1008.65,11.91,47.4,2026-03-28T21:51:02.916168+00:00
593130ef_EV-020,EV-020,2026-03-28T21:51:02.916168+00:00,999.73,966.94,-32.79,81.7,2026-03-28T21:51:02.916168+00:00
593130ef_EV-021,EV-021,2026-03-28T21:51:02.916168+00:00,358.31,340.67,-17.64,24.0,2026-03-28T21:51:02.916168+00:00
593130ef_EV-022,EV-022,2026-03-28T21:51:02.916168+00:00,648.07,691.9,43.84,35.4,2026-03-28T21:51:02.916168+00:00
593130ef_EV-023,EV-023,2026-03-28T21:51:02.916168+00:00,999.73,1077.18,77.44,56.8,2026-03-28T21:51:02.916168+00:00
593130ef_EV-024,EV-024,2026-03-28T21:51:02.916168+00:00,996.74,840.45,-156.29,44.8,2026-03-28T21:51:02.916168+00:00
593130ef_EV-025,EV-025,2026-03-28T21:51:02.916168+00:00,648.07,729.79,81.73,33.0,2026-03-28T21:51:02.916168+00:00
593130ef_EV-026,EV-026,2026-03-28T21:51:02.916168+00:00,999.73,1080.06,80.33,60.06,2026-03-28T21:51:02.916168+00:00
593130ef_EV-027,EV-027,2026-03-28T21:51:02.916168+00:00,648.07,584.96,-63.1,33.0,2026-03-28T21:51:02.916168+00:00
593130ef_EV-028,EV-028,2026-03-28T21:51:02.916168+00:00,996.74,1015.23,18.5,47.5,2026-03-28T21:51:02.916168+00:00
593130ef_EV-029,EV-029,2026-03-28T21:51:02.916168+00:00,370.23,591.37,221.14,14.5,2026-03-28T21:51:02.916168+00:00
593130ef_EV-030,EV-030,2026-03-28T21:51:02.916168+00:00,999.73,1026.25,26.52,60.83,2026-03-28T21:51:02.916168+00:00
593130ef_EV-031,EV-031,2026-03-28T21:51:02.916168+00:00,999.73,931.34,-68.4,56.21,2026-03-28T21:51:02.916168+00:00
593130ef_EV-032,EV-032,2026-03-28T21:51:02.916168+00:00,336.57,416.75,80.18,18.0,2026-03-28T21:51:02.916168+00:00
593130ef_EV-033,EV-033,2026-03-28T21:51:02.916168+00:00,613.11,585.31,-27.79,31.5,2026-03-28T21:51:02.916168+00:00
593130ef_EV-034,EV-034,2026-03-28T21:51:02.916168+00:00,999.73,960.56,-39.17,61.5,2026-03-28T21:51:02.916168+00:00
593130ef_EV-035,EV-035,2026-03-28T21:51:02.916168+00:00,999.73,906.64,-93.1,52.36,2026-03-28T21:51:02.916168+00:00
593130ef_EV-036,EV-036,2026-03-28T21:51:02.916168+00:00,996.74,916.34,-80.4,42.35,2026-03-28T21:51:02.916168+00:00
593130ef_EV-037,EV-037,2026-03-28T21:51:02.916168+00:00,1027.04,990.36,-36.68,40.02,2026-03-28T21:51:02.916168+00:00
593130ef_EV-038,EV-038,2026-03-28T21:51:02.916168+00:00,648.07,724.87,76.8,34.2,2026-03-28T21:51:02.916168+00:00
593130ef_EV-039,EV-039,2026-03-28T21:51:02.916168+00:00,999.73,983.81,-15.92,56.05,2026-03-28T21:51:02.916168+00:00
593130ef_EV-040,EV-040,2026-03-28T21:51:02.916168+00:00,999.73,1179.15,179.41,51.0,2026-03-28T21:51:02.916168+00:00
593130ef_EV-041,EV-041,2026-03-28T21:51:02.916168+00:00,1001.62,1069.01,67.39,36.72,2026-03-28T21:51:02.916168+00:00
593130ef_EV-042,EV-042,2026-03-28T21:51:02.916168+00:00,996.74,843.79,-152.95,44.66,2026-03-28T21:51:02.916168+00:00
593130ef_EV-043,EV-043,2026-03-28T21:51:02.916168+00:00,999.73,959.93,-39.8,61.75,2026-03-28T21:51:02.916168+00:00
593130ef_EV-044,EV-044,2026-03-28T21:51:02.916168+00:00,349.41,334.99,-14.42,23.2,2026-03-28T21:51:02.916168+00:00
593130ef_EV-045,EV-045,2026-03-28T21:51:02.916168+00:00,996.74,1034.78,38.04,43.12,2026-03-28T21:51:02.916168+00:00
593130ef_EV-046,EV-046,2026-03-28T21:51:02.916168+00:00,358.31,345.46,-12.85,24.4,2026-03-28T21:51:02.916168+00:00
593130ef_EV-047,EV-047,2026-03-28T21:51:02.916168+00:00,999.73,922.48,-77.25,64.0,2026-03-28T21:51:02.916168+00:00
593130ef_EV-048,EV-048,2026-03-28T21:51:02.916168+00:00,996.74,1053.21,56.47,46.98,2026-03-28T21:51:02.916168+00:00
593130ef_EV-049,EV-049,2026-03-28T21:51:02.916168+00:00,996.74,1102.32,105.58,43.12,2026-03-28T21:51:02.916168+00:00
593130ef_EV-050,EV-050,2026-03-28T21:51:02.916168+00:00,613.11,619.54,6.44,31.5,2026-03-28T21:51:02.916168+00:00
9cf3b526_EV-001,EV-001,2026-03-28T21:51:10.482714+00:00,341.08,340.76,-0.32,20.13,2026-03-28T21:51:10.482714+00:00
9cf3b526_EV-002,EV-002,2026-03-28T21:51:10.482714+00:00,349.41,441.7,92.29,22.8,2026-03-28T21:51:10.482714+00:00
9cf3b526_EV-003,EV-003,2026-03-28T21:51:10.482714+00:00,349.41,249.7,-99.71,23.43,2026-03-28T21:51:10.482714+00:00
9cf3b526_EV-004,EV-004,2026-03-28T21:51:10.482714+00:00,1001.62,1025.72,24.1,39.0,2026-03-28T21:51:10.482714+00:00
9cf3b526_EV-005,EV-005,2026-03-28T21:51:10.482714+00:00,996.74,1066.53,69.79,42.0,2026-03-28T21:51:10.482714+00:00
9cf3b526_EV-006,EV-006,2026-03-28T21:51:10.482714+00:00,999.73,975.52,-24.21,50.25,2026-03-28T21:51:10.482714+00:00
9cf3b526_EV-007,EV-007,2026-03-28T21:51:10.482714+00:00,370.88,335.41,-35.47,29.26,2026-03-28T21:51:10.482714+00:00
9cf3b526_EV-008,EV-008,2026-03-28T21:51:10.482714+00:00,996.74,836.36,-160.38,43.5,2026-03-28T21:51:10.482714+00:00
9cf3b526_EV-009,EV-009,2026-03-28T21:51:10.482714+00:00,996.74,1084.9,88.16,45.75,2026-03-28T21:51:10.482714+00:00
9cf3b526_EV-010,EV-010,2026-03-28T21:51:10.482714+00:00,613.11,731.85,118.74,31.68,2026-03-28T21:51:10.482714+00:00
9cf3b526_EV-011,EV-011,2026-03-28T21:51:10.482714+00:00,999.73,1044.47,44.74,62.25,2026-03-28T21:51:10.482714+00:00
9cf3b526_EV-012,EV-012,2026-03-28T21:51:10.482714+00:00,1001.62,988.08,-13.54,36.72,2026-03-28T21:51:10.482714+00:00
9cf3b526_EV-013,EV-013,2026-03-28T21:51:10.482714+00:00,999.73,1026.08,26.35,51.12,2026-03-28T21:51:10.482714+00:00
9cf3b526_EV-014,EV-014,2026-03-28T21:51:10.482714+00:00,349.41,381.61,32.19,23.6,2026-03-28T21:51:10.482714+00:00
9cf3b526_EV-015,EV-015,2026-03-28T21:51:10.482714+00:00,372.82,451.21,78.39,26.5,2026-03-28T21:51:10.482714+00:00
9cf3b526_EV-016,EV-016,2026-03-28T21:51:10.482714+00:00,999.73,1022.35,22.62,66.0,2026-03-28T21:51:10.482714+00:00
9cf3b526_EV-017,EV-017,2026-03-28T21:51:10.482714+00:00,648.07,578.63,-69.44,33.06,2026-03-28T21:51:10.482714+00:00
9cf3b526_EV-018,EV-018,2026-03-28T21:51:10.482714+00:00,996.74,984.12,-12.62,42.35,2026-03-28T21:51:10.482714+00:00
9cf3b526_EV-019,EV-019,2026-03-28T21:51:10.482714+00:00,996.74,1099.85,103.11,47.4,2026-03-28T21:51:10.482714+00:00
9cf3b526_EV-020,EV-020,2026-03-28T21:51:10.482714+00:00,999.73,850.86,-148.88,81.7,2026-03-28T21:51:10.482714+00:00
9cf3b526_EV-021,EV-021,2026-03-28T21:51:10.482714+00:00,358.31,296.56,-61.75,24.0,2026-03-28T21:51:10.482714+00:00
9cf3b526_EV-022,EV-022,2026-03-28T21:51:10.482714+00:00,648.07,619.1,-28.96,35.4,2026-03-28T21:51:10.482714+00:00
9cf3b526_EV-023,EV-023,2026-03-28T21:51:10.482714+00:00,999.73,1149.39,149.65,56.8,2026-03-28T21:51:10.482714+00:00
9cf3b526_EV-024,EV-024,2026-03-28T21:51:10.482714+00:00,996.74,1032.4,35.66,44.8,2026-03-28T21:51:10.482714+00:00
9cf3b526_EV-025,EV-025,2026-03-28T21:51:10.482714+00:00,648.07,694.37,46.3,33.0,2026-03-28T21:51:10.482714+00:00
9cf3b526_EV-026,EV-026,2026-03-28T21:51:10.482714+00:00,999.73,942.26,-57.47,60.06,2026-03-28T21:51:10.482714+00:00
9cf3b526_EV-027,EV-027,2026-03-28T21:51:10.482714+00:00,648.07,637.15,-10.91,33.0,2026-03-28T21:51:10.482714+00:00
9cf3b526_EV-028,EV-028,2026-03-28T21:51:10.482714+00:00,996.74,985.88,-10.86,47.5,2026-03-28T21:51:10.482714+00:00
9cf3b526_EV-029,EV-029,2026-03-28T21:51:10.482714+00:00,370.23,448.25,78.01,14.5,2026-03-28T21:51:10.482714+00:00
9cf3b526_EV-030,EV-030,2026-03-28T21:51:10.482714+00:00,999.73,999.2,-0.54,60.83,2026-03-28T21:51:10.482714+00:00
9cf3b526_EV-031,EV-031,2026-03-28T21:51:10.482714+00:00,999.73,1119.86,120.13,56.21,2026-03-28T21:51:10.482714+00:00
9cf3b526_EV-032,EV-032,2026-03-28T21:51:10.482714+00:00,336.57,396.52,59.95,18.0,2026-03-28T21:51:10.482714+00:00
9cf3b526_EV-033,EV-033,2026-03-28T21:51:10.482714+00:00,613.11,579.23,-33.88,31.5,2026-03-28T21:51:10.482714+00:00
9cf3b526_EV-034,EV-034,2026-03-28T21:51:10.482714+00:00,999.73,998.64,-1.1,61.5,2026-03-28T21:51:10.482714+00:00
9cf3b526_EV-035,EV-035,2026-03-28T21:51:10.482714+00:00,999.73,1029.8,30.06,52.36,2026-03-28T21:51:10.482714+00:00
9cf3b526_EV-036,EV-036,2026-03-28T21:51:10.482714+00:00,996.74,1027.53,30.79,42.35,2026-03-28T21:51:10.482714+00:00
9cf3b526_EV-037,EV-037,2026-03-28T21:51:10.482714+00:00,1027.04,1165.57,138.52,40.02,2026-03-28T21:51:10.482714+00:00
9cf3b526_EV-038,EV-038,2026-03-28T21:51:10.482714+00:00,648.07,632.69,-15.37,34.2,2026-03-28T21:51:10.482714+00:00
9cf3b526_EV-039,EV-039,2026-03-28T21:51:10.482714+00:00,999.73,1006.55,6.81,56.05,2026-03-28T21:51:10.482714+00:00
9cf3b526_EV-040,EV-040,2026-03-28T21:51:10.482714+00:00,999.73,949.04,-50.69,51.0,2026-03-28T21:51:10.482714+00:00
9cf3b526_EV-041,EV-041,2026-03-28T21:51:10.482714+00:00,1001.62,950.07,-51.55,36.72,2026-03-28T21:51:10.482714+00:00
9cf3b526_EV-042,EV-042,2026-03-28T21:51:10.482714+00:00,996.74,1005.98,9.24,44.66,2026-03-28T21:51:10.482714+00:00
9cf3b526_EV-043,EV-043,2026-03-28T21:51:10.482714+00:00,999.73,945.14,-54.59,61.75,2026-03-28T21:51:10.482714+00:00
9cf3b526_EV-044,EV-044,2026-03-28T21:51:10.482714+00:00,349.41,421.92,72.5,23.2,2026-03-28T21:51:10.482714+00:00
9cf3b526_EV-045,EV-045,2026-03-28T21:51:10.482714+00:00,996.74,963.77,-32.96,43.12,2026-03-28T21:51:10.482714+00:00
9cf3b526_EV-046,EV-046,2026-03-28T21:51:10.482714+00:00,358.31,473.88,115.58,24.4,2026-03-28T21:51:10.482714+00:00
9cf3b526_EV-047,EV-047,2026-03-28T21:51:10.482714+00:00,999.73,974.16,-25.57,64.0,2026-03-28T21:51:10.482714+00:00
9cf3b526_EV-048,EV-048,2026-03-28T21:51:10.482714+00:00,996.74,853.84,-142.89,46.98,2026-03-28T21:51:10.482714+00:00
9cf3b526_EV-049,EV-049,2026-03-28T21:51:10.482714+00:00,996.74,907.84,-88.9,43.12,2026-03-28T21:51:10.482714+00:00
9cf3b526_EV-050,EV-050,2026-03-28T21:51:10.482714+00:00,613.11,772.08,158.98,31.5,2026-03-28T21:51:10.482714+00:00
d7a82fd5_EV-001,EV-001,2026-03-28T21:51:20.115405+00:00,341.08,321.96,-19.12,20.13,2026-03-28T21:51:20.115405+00:00
d7a82fd5_EV-002,EV-002,2026-03-28T21:51:20.115405+00:00,349.41,326.09,-23.33,22.8,2026-03-28T21:51:20.115405+00:00
d7a82fd5_EV-003,EV-003,2026-03-28T21:51:20.115405+00:00,349.41,463.37,113.96,23.43,2026-03-28T21:51:20.115405+00:00
d7a82fd5_EV-004,EV-004,2026-03-28T21:51:20.115405+00:00,1001.62,1044.38,42.76,39.0,2026-03-28T21:51:20.115405+00:00
d7a82fd5_EV-005,EV-005,2026-03-28T21:51:20.115405+00:00,996.74,1072.12,75.38,42.0,2026-03-28T21:51:20.115405+00:00
d7a82fd5_EV-006,EV-006,2026-03-28T21:51:20.115405+00:00,999.73,1004.86,5.13,50.25,2026-03-28T21:51:20.115405+00:00
d7a82fd5_EV-007,EV-007,2026-03-28T21:51:20.115405+00:00,370.88,342.17,-28.71,29.26,2026-03-28T21:51:20.115405+00:00
d7a82fd5_EV-008,EV-008,2026-03-28T21:51:20.115405+00:00,996.74,937.44,-59.3,43.5,2026-03-28T21:51:20.115405+00:00
d7a82fd5_EV-009,EV-009,2026-03-28T21:51:20.115405+00:00,996.74,1190.61,193.87,45.75,2026-03-28T21:51:20.115405+00:00
d7a82fd5_EV-010,EV-010,2026-03-28T21:51:20.115405+00:00,613.11,556.59,-56.52,31.68,2026-03-28T21:51:20.115405+00:00
d7a82fd5_EV-011,EV-011,2026-03-28T21:51:20.115405+00:00,999.73,1297.67,297.94,62.25,2026-03-28T21:51:20.115405+00:00
d7a82fd5_EV-012,EV-012,2026-03-28T21:51:20.115405+00:00,1001.62,1073.69,72.07,36.72,2026-03-28T21:51:20.115405+00:00
d7a82fd5_EV-013,EV-013,2026-03-28T21:51:20.115405+00:00,999.73,1084.32,84.59,51.12,2026-03-28T21:51:20.115405+00:00
d7a82fd5_EV-014,EV-014,2026-03-28T21:51:20.115405+00:00,349.41,437.72,88.31,23.6,2026-03-28T21:51:20.115405+00:00
d7a82fd5_EV-015,EV-015,2026-03-28T21:51:20.115405+00:00,372.82,418.77,45.95,26.5,2026-03-28T21:51:20.115405+00:00
d7a82fd5_EV-016,EV-016,2026-03-28T21:51:20.115405+00:00,999.73,1026.92,27.19,66.0,2026-03-28T21:51:20.115405+00:00
d7a82fd5_EV-017,EV-017,2026-03-28T21:51:20.115405+00:00,648.07,788.55,140.48,33.06,2026-03-28T21:51:20.115405+00:00
d7a82fd5_EV-018,EV-018,2026-03-28T21:51:20.115405+00:00,996.74,1005.74,9.0,42.35,2026-03-28T21:51:20.115405+00:00
d7a82fd5_EV-019,EV-019,2026-03-28T21:51:20.115405+00:00,996.74,1069.13,72.39,47.4,2026-03-28T21:51:20.115405+00:00
d7a82fd5_EV-020,EV-020,2026-03-28T21:51:20.115405+00:00,999.73,1074.72,74.99,81.7,2026-03-28T21:51:20.115405+00:00
d7a82fd5_EV-021,EV-021,2026-03-28T21:51:20.115405+00:00,358.31,379.71,21.4,24.0,2026-03-28T21:51:20.115405+00:00
d7a82fd5_EV-022,EV-022,2026-03-28T21:51:20.115405+00:00,648.07,604.91,-43.15,35.4,2026-03-28T21:51:20.115405+00:00
d7a82fd5_EV-023,EV-023,2026-03-28T21:51:20.115405+00:00,999.73,1011.12,11.39,56.8,2026-03-28T21:51:20.115405+00:00
d7a82fd5_EV-024,EV-024,2026-03-28T21:51:20.115405+00:00,996.74,877.02,-119.72,44.8,2026-03-28T21:51:20.115405+00:00
d7a82fd5_EV-025,EV-025,2026-03-28T21:51:20.115405+00:00,648.07,619.09,-28.98,33.0,2026-03-28T21:51:20.115405+00:00
d7a82fd5_EV-026,EV-026,2026-03-28T21:51:20.115405+00:00,999.73,1085.9,86.17,60.06,2026-03-28T21:51:20.115405+00:00
d7a82fd5_EV-027,EV-027,2026-03-28T21:51:20.115405+00:00,648.07,687.16,39.09,33.0,2026-03-28T21:51:20.115405+00:00
d7a82fd5_EV-028,EV-028,2026-03-28T21:51:20.115405+00:00,996.74,998.87,2.13,47.5,2026-03-28T21:51:20.115405+00:00
d7a82fd5_EV-029,EV-029,2026-03-28T21:51:20.115405+00:00,370.23,321.59,-48.64,14.5,2026-03-28T21:51:20.115405+00:00
d7a82fd5_EV-030,EV-030,2026-03-28T21:51:20.115405+00:00,999.73,1011.81,12.08,60.83,2026-03-28T21:51:20.115405+00:00
d7a82fd5_EV-031,EV-031,2026-03-28T21:51:20.115405+00:00,999.73,1036.87,37.14,56.21,2026-03-28T21:51:20.115405+00:00
d7a82fd5_EV-032,EV-032,2026-03-28T21:51:20.115405+00:00,336.57,212.59,-123.98,18.0,2026-03-28T21:51:20.115405+00:00
d7a82fd5_EV-033,EV-033,2026-03-28T21:51:20.115405+00:00,613.11,717.35,104.24,31.5,2026-03-28T21:51:20.115405+00:00
d7a82fd5_EV-034,EV-034,2026-03-28T21:51:20.115405+00:00,999.73,957.69,-42.04,61.5,2026-03-28T21:51:20.115405+00:00
d7a82fd5_EV-035,EV-035,2026-03-28T21:51:20.115405+00:00,999.73,863.52,-136.22,52.36,2026-03-28T21:51:20.115405+00:00
d7a82fd5_EV-036,EV-036,2026-03-28T21:51:20.115405+00:00,996.74,861.48,-135.26,42.35,2026-03-28T21:51:20.115405+00:00
d7a82fd5_EV-037,EV-037,2026-03-28T21:51:20.115405+00:00,1027.04,894.44,-132.6,40.02,2026-03-28T21:51:20.115405+00:00
d7a82fd5_EV-038,EV-038,2026-03-28T21:51:20.115405+00:00,648.07,488.36,-159.71,34.2,2026-03-28T21:51:20.115405+00:00
61eaab6c_EV-001,EV-001,2026-03-28T21:51:35.517507+00:00,341.08,245.95,-95.13,20.13,2026-03-28T21:51:35.517507+00:00
61eaab6c_EV-002,EV-002,2026-03-28T21:51:35.517507+00:00,349.41,219.48,-129.94,22.8,2026-03-28T21:51:35.517507+00:00
61eaab6c_EV-003,EV-003,2026-03-28T21:51:35.517507+00:00,349.41,374.14,24.73,23.43,2026-03-28T21:51:35.517507+00:00
61eaab6c_EV-004,EV-004,2026-03-28T21:51:35.517507+00:00,1001.62,877.45,-124.17,39.0,2026-03-28T21:51:35.517507+00:00
61eaab6c_EV-005,EV-005,2026-03-28T21:51:35.517507+00:00,996.74,1025.74,29.01,42.0,2026-03-28T21:51:35.517507+00:00
61eaab6c_EV-006,EV-006,2026-03-28T21:51:35.517507+00:00,999.73,966.07,-33.66,50.25,2026-03-28T21:51:35.517507+00:00
61eaab6c_EV-007,EV-007,2026-03-28T21:51:35.517507+00:00,370.88,449.22,78.34,29.26,2026-03-28T21:51:35.517507+00:00
61eaab6c_EV-008,EV-008,2026-03-28T21:51:35.517507+00:00,996.74,1045.22,48.48,43.5,2026-03-28T21:51:35.517507+00:00
61eaab6c_EV-009,EV-009,2026-03-28T21:51:35.517507+00:00,996.74,1148.33,151.59,45.75,2026-03-28T21:51:35.517507+00:00
61eaab6c_EV-010,EV-010,2026-03-28T21:51:35.517507+00:00,613.11,598.75,-14.36,31.68,2026-03-28T21:51:35.517507+00:00
61eaab6c_EV-011,EV-011,2026-03-28T21:51:35.517507+00:00,999.73,816.97,-182.76,62.25,2026-03-28T21:51:35.517507+00:00
61eaab6c_EV-012,EV-012,2026-03-28T21:51:35.517507+00:00,1001.62,1097.72,96.1,36.72,2026-03-28T21:51:35.517507+00:00
61eaab6c_EV-013,EV-013,2026-03-28T21:51:35.517507+00:00,999.73,1012.09,12.36,51.12,2026-03-28T21:51:35.517507+00:00
61eaab6c_EV-014,EV-014,2026-03-28T21:51:35.517507+00:00,349.41,288.22,-61.19,23.6,2026-03-28T21:51:35.517507+00:00
61eaab6c_EV-015,EV-015,2026-03-28T21:51:35.517507+00:00,372.82,375.99,3.17,26.5,2026-03-28T21:51:35.517507+00:00
61eaab6c_EV-016,EV-016,2026-03-28T21:51:35.517507+00:00,999.73,929.56,-70.17,66.0,2026-03-28T21:51:35.517507+00:00
61eaab6c_EV-017,EV-017,2026-03-28T21:51:35.517507+00:00,648.07,664.41,16.35,33.06,2026-03-28T21:51:35.517507+00:00
61eaab6c_EV-018,EV-018,2026-03-28T21:51:35.517507+00:00,996.74,1135.67,138.94,42.35,2026-03-28T21:51:35.517507+00:00
61eaab6c_EV-019,EV-019,2026-03-28T21:51:35.517507+00:00,996.74,881.47,-115.27,47.4,2026-03-28T21:51:35.517507+00:00
61eaab6c_EV-020,EV-020,2026-03-28T21:51:35.517507+00:00,999.73,1028.92,29.19,81.7,2026-03-28T21:51:35.517507+00:00
61eaab6c_EV-021,EV-021,2026-03-28T21:51:35.517507+00:00,358.31,355.64,-2.67,24.0,2026-03-28T21:51:35.517507+00:00
61eaab6c_EV-022,EV-022,2026-03-28T21:51:35.517507+00:00,648.07,731.05,82.98,35.4,2026-03-28T21:51:35.517507+00:00
61eaab6c_EV-023,EV-023,2026-03-28T21:51:35.517507+00:00,999.73,1035.38,35.65,56.8,2026-03-28T21:51:35.517507+00:00
61eaab6c_EV-024,EV-024,2026-03-28T21:51:35.517507+00:00,996.74,912.59,-84.15,44.8,2026-03-28T21:51:35.517507+00:00
61eaab6c_EV-025,EV-025,2026-03-28T21:51:35.517507+00:00,648.07,605.74,-42.32,33.0,2026-03-28T21:51:35.517507+00:00
61eaab6c_EV-026,EV-026,2026-03-28T21:51:35.517507+00:00,999.73,903.44,-96.29,60.06,2026-03-28T21:51:35.517507+00:00
61eaab6c_EV-027,EV-027,2026-03-28T21:51:35.517507+00:00,648.07,598.15,-49.92,33.0,2026-03-28T21:51:35.517507+00:00
61eaab6c_EV-028,EV-028,2026-03-28T21:51:35.517507+00:00,996.74,949.55,-47.19,47.5,2026-03-28T21:51:35.517507+00:00
61eaab6c_EV-029,EV-029,2026-03-28T21:51:35.517507+00:00,370.23,353.58,-16.65,14.5,2026-03-28T21:51:35.517507+00:00
61eaab6c_EV-030,EV-030,2026-03-28T21:51:35.517507+00:00,999.73,929.69,-70.05,60.83,2026-03-28T21:51:35.517507+00:00
61eaab6c_EV-031,EV-031,2026-03-28T21:51:35.517507+00:00,999.73,1013.9,14.17,56.21,2026-03-28T21:51:35.517507+00:00
61eaab6c_EV-032,EV-032,2026-03-28T21:51:35.517507+00:00,336.57,51.41,-285.15,18.0,2026-03-28T21:51:35.517507+00:00
61eaab6c_EV-033,EV-033,2026-03-28T21:51:35.517507+00:00,613.11,515.11,-97.99,31.5,2026-03-28T21:51:35.517507+00:00
61eaab6c_EV-034,EV-034,2026-03-28T21:51:35.517507+00:00,999.73,987.67,-12.06,61.5,2026-03-28T21:51:35.517507+00:00
61eaab6c_EV-035,EV-035,2026-03-28T21:51:35.517507+00:00,999.73,984.72,-15.01,52.36,2026-03-28T21:51:35.517507+00:00
61eaab6c_EV-036,EV-036,2026-03-28T21:51:35.517507+00:00,996.74,924.43,-72.31,42.35,2026-03-28T21:51:35.517507+00:00
61eaab6c_EV-037,EV-037,2026-03-28T21:51:35.517507+00:00,1027.04,942.62,-84.43,40.02,2026-03-28T21:51:35.517507+00:00
61eaab6c_EV-038,EV-038,2026-03-28T21:51:35.517507+00:00,648.07,598.31,-49.76,34.2,2026-03-28T21:51:35.517507+00:00
1581efde_EV-001,EV-001,2026-03-28T21:51:50.284211+00:00,341.08,571.95,230.87,20.13,2026-03-28T21:51:50.284211+00:00
1581efde_EV-002,EV-002,2026-03-28T21:51:50.284211+00:00,349.41,365.62,16.21,22.8,2026-03-28T21:51:50.284211+00:00
1581efde_EV-003,EV-003,2026-03-28T21:51:50.284211+00:00,349.41,457.87,108.45,23.43,2026-03-28T21:51:50.284211+00:00
1581efde_EV-004,EV-004,2026-03-28T21:51:50.284211+00:00,1001.62,1003.47,1.86,39.0,2026-03-28T21:51:50.284211+00:00
1581efde_EV-005,EV-005,2026-03-28T21:51:50.284211+00:00,996.74,881.01,-115.73,42.0,2026-03-28T21:51:50.284211+00:00
1581efde_EV-006,EV-006,2026-03-28T21:51:50.284211+00:00,999.73,912.97,-86.76,50.25,2026-03-28T21:51:50.284211+00:00
1581efde_EV-007,EV-007,2026-03-28T21:51:50.284211+00:00,370.88,526.45,155.57,29.26,2026-03-28T21:51:50.284211+00:00
1581efde_EV-008,EV-008,2026-03-28T21:51:50.284211+00:00,996.74,1078.88,82.14,43.5,2026-03-28T21:51:50.284211+00:00
1581efde_EV-009,EV-009,2026-03-28T21:51:50.284211+00:00,996.74,893.73,-103.01,45.75,2026-03-28T21:51:50.284211+00:00
1581efde_EV-010,EV-010,2026-03-28T21:51:50.284211+00:00,613.11,447.9,-165.21,31.68,2026-03-28T21:51:50.284211+00:00
1581efde_EV-011,EV-011,2026-03-28T21:51:50.284211+00:00,999.73,917.97,-81.76,62.25,2026-03-28T21:51:50.284211+00:00
1581efde_EV-012,EV-012,2026-03-28T21:51:50.284211+00:00,1001.62,1177.28,175.66,36.72,2026-03-28T21:51:50.284211+00:00
1581efde_EV-013,EV-013,2026-03-28T21:51:50.284211+00:00,999.73,1015.66,15.92,51.12,2026-03-28T21:51:50.284211+00:00
1581efde_EV-014,EV-014,2026-03-28T21:51:50.284211+00:00,349.41,250.27,-99.14,23.6,2026-03-28T21:51:50.284211+00:00
1581efde_EV-015,EV-015,2026-03-28T21:51:50.284211+00:00,372.82,326.96,-45.86,26.5,2026-03-28T21:51:50.284211+00:00
1581efde_EV-016,EV-016,2026-03-28T21:51:50.284211+00:00,999.73,924.61,-75.12,66.0,2026-03-28T21:51:50.284211+00:00
1581efde_EV-017,EV-017,2026-03-28T21:51:50.284211+00:00,648.07,728.13,80.06,33.06,2026-03-28T21:51:50.284211+00:00
1581efde_EV-018,EV-018,2026-03-28T21:51:50.284211+00:00,996.74,1132.31,135.57,42.35,2026-03-28T21:51:50.284211+00:00
1581efde_EV-019,EV-019,2026-03-28T21:51:50.284211+00:00,996.74,1164.23,167.49,47.4,2026-03-28T21:51:50.284211+00:00
1581efde_EV-020,EV-020,2026-03-28T21:51:50.284211+00:00,999.73,1075.52,75.78,81.7,2026-03-28T21:51:50.284211+00:00
1581efde_EV-021,EV-021,2026-03-28T21:51:50.284211+00:00,358.31,271.14,-87.17,24.0,2026-03-28T21:51:50.284211+00:00
1581efde_EV-022,EV-022,2026-03-28T21:51:50.284211+00:00,648.07,593.54,-54.53,35.4,2026-03-28T21:51:50.284211+00:00
1581efde_EV-023,EV-023,2026-03-28T21:51:50.284211+00:00,999.73,1091.12,91.39,56.8,2026-03-28T21:51:50.284211+00:00
1581efde_EV-024,EV-024,2026-03-28T21:51:50.284211+00:00,996.74,1032.25,35.51,44.8,2026-03-28T21:51:50.284211+00:00
1581efde_EV-025,EV-025,2026-03-28T21:51:50.284211+00:00,648.07,682.71,34.64,33.0,2026-03-28T21:51:50.284211+00:00
1581efde_EV-026,EV-026,2026-03-28T21:51:50.284211+00:00,999.73,933.89,-65.84,60.06,2026-03-28T21:51:50.284211+00:00
1581efde_EV-027,EV-027,2026-03-28T21:51:50.284211+00:00,648.07,585.9,-62.17,33.0,2026-03-28T21:51:50.284211+00:00
1581efde_EV-028,EV-028,2026-03-28T21:51:50.284211+00:00,996.74,1059.8,63.06,47.5,2026-03-28T21:51:50.284211+00:00
1581efde_EV-029,EV-029,2026-03-28T21:51:50.284211+00:00,370.23,293.64,-76.6,14.5,2026-03-28T21:51:50.284211+00:00
1581efde_EV-030,EV-030,2026-03-28T21:51:50.284211+00:00,999.73,995.19,-4.54,60.83,2026-03-28T21:51:50.284211+00:00
1581efde_EV-031,EV-031,2026-03-28T21:51:50.284211+00:00,999.73,1029.83,30.1,56.21,2026-03-28T21:51:50.284211+00:00
1581efde_EV-032,EV-032,2026-03-28T21:51:50.284211+00:00,336.57,451.0,114.43,18.0,2026-03-28T21:51:50.284211+00:00
1581efde_EV-033,EV-033,2026-03-28T21:51:50.284211+00:00,613.11,588.16,-24.95,31.5,2026-03-28T21:51:50.284211+00:00
1581efde_EV-034,EV-034,2026-03-28T21:51:50.284211+00:00,999.73,1111.29,111.56,61.5,2026-03-28T21:51:50.284211+00:00
1581efde_EV-035,EV-035,2026-03-28T21:51:50.284211+00:00,999.73,1042.55,42.82,52.36,2026-03-28T21:51:50.284211+00:00
1581efde_EV-036,EV-036,2026-03-28T21:51:50.284211+00:00,996.74,989.42,-7.32,42.35,2026-03-28T21:51:50.284211+00:00
1581efde_EV-037,EV-037,2026-03-28T21:51:50.284211+00:00,1027.04,1006.23,-20.81,40.02,2026-03-28T21:51:50.284211+00:00
1581efde_EV-038,EV-038,2026-03-28T21:51:50.284211+00:00,648.07,678.28,30.22,34.2,2026-03-28T21:51:50.284211+00:00
46f44a34_EV-001,EV-001,2026-03-28T21:52:14.336575+00:00,341.08,388.84,47.76,20.13,2026-03-28T21:52:14.336575+00:00
46f44a34_EV-002,EV-002,2026-03-28T21:52:14.336575+00:00,349.41,350.49,1.08,22.8,2026-03-28T21:52:14.336575+00:00
46f44a34_EV-003,EV-003,2026-03-28T21:52:14.336575+00:00,349.41,328.86,-20.55,23.43,2026-03-28T21:52:14.336575+00:00
46f44a34_EV-004,EV-004,2026-03-28T21:52:14.336575+00:00,1001.62,973.63,-27.99,39.0,2026-03-28T21:52:14.336575+00:00
46f44a34_EV-005,EV-005,2026-03-28T21:52:14.336575+00:00,996.74,929.75,-66.99,42.0,2026-03-28T21:52:14.336575+00:00
46f44a34_EV-006,EV-006,2026-03-28T21:52:14.336575+00:00,999.73,1052.25,52.52,50.25,2026-03-28T21:52:14.336575+00:00
46f44a34_EV-007,EV-007,2026-03-28T21:52:14.336575+00:00,370.88,357.73,-13.14,29.26,2026-03-28T21:52:14.336575+00:00
46f44a34_EV-008,EV-008,2026-03-28T21:52:14.336575+00:00,996.74,1136.75,140.01,43.5,2026-03-28T21:52:14.336575+00:00
46f44a34_EV-009,EV-009,2026-03-28T21:52:14.336575+00:00,996.74,999.24,2.51,45.75,2026-03-28T21:52:14.336575+00:00
46f44a34_EV-010,EV-010,2026-03-28T21:52:14.336575+00:00,613.11,716.95,103.84,31.68,2026-03-28T21:52:14.336575+00:00
46f44a34_EV-011,EV-011,2026-03-28T21:52:14.336575+00:00,999.73,919.93,-79.8,62.25,2026-03-28T21:52:14.336575+00:00
46f44a34_EV-012,EV-012,2026-03-28T21:52:14.336575+00:00,1001.62,950.12,-51.5,36.72,2026-03-28T21:52:14.336575+00:00
46f44a34_EV-013,EV-013,2026-03-28T21:52:14.336575+00:00,999.73,973.63,-26.1,51.12,2026-03-28T21:52:14.336575+00:00
46f44a34_EV-014,EV-014,2026-03-28T21:52:14.336575+00:00,349.41,457.44,108.03,23.6,2026-03-28T21:52:14.336575+00:00
46f44a34_EV-015,EV-015,2026-03-28T21:52:14.336575+00:00,372.82,282.16,-90.66,26.5,2026-03-28T21:52:14.336575+00:00
46f44a34_EV-016,EV-016,2026-03-28T21:52:14.336575+00:00,999.73,1129.31,129.58,66.0,2026-03-28T21:52:14.336575+00:00
46f44a34_EV-017,EV-017,2026-03-28T21:52:14.336575+00:00,648.07,626.16,-21.91,33.06,2026-03-28T21:52:14.336575+00:00
46f44a34_EV-018,EV-018,2026-03-28T21:52:14.336575+00:00,996.74,998.38,1.64,42.35,2026-03-28T21:52:14.336575+00:00
46f44a34_EV-019,EV-019,2026-03-28T21:52:14.336575+00:00,996.74,969.0,-27.73,47.4,2026-03-28T21:52:14.336575+00:00
46f44a34_EV-020,EV-020,2026-03-28T21:52:14.336575+00:00,999.73,923.42,-76.31,81.7,2026-03-28T21:52:14.336575+00:00
46f44a34_EV-021,EV-021,2026-03-28T21:52:14.336575+00:00,358.31,300.49,-57.82,24.0,2026-03-28T21:52:14.336575+00:00
46f44a34_EV-022,EV-022,2026-03-28T21:52:14.336575+00:00,648.07,682.19,34.12,35.4,2026-03-28T21:52:14.336575+00:00
46f44a34_EV-023,EV-023,2026-03-28T21:52:14.336575+00:00,999.73,968.13,-31.6,56.8,2026-03-28T21:52:14.336575+00:00
46f44a34_EV-024,EV-024,2026-03-28T21:52:14.336575+00:00,996.74,1053.53,56.79,44.8,2026-03-28T21:52:14.336575+00:00
46f44a34_EV-025,EV-025,2026-03-28T21:52:14.336575+00:00,648.07,632.28,-15.79,33.0,2026-03-28T21:52:14.336575+00:00
46f44a34_EV-026,EV-026,2026-03-28T21:52:14.336575+00:00,999.73,943.82,-55.91,60.06,2026-03-28T21:52:14.336575+00:00
46f44a34_EV-027,EV-027,2026-03-28T21:52:14.336575+00:00,648.07,624.14,-23.92,33.0,2026-03-28T21:52:14.336575+00:00
46f44a34_EV-028,EV-028,2026-03-28T21:52:14.336575+00:00,996.74,930.04,-66.69,47.5,2026-03-28T21:52:14.336575+00:00
46f44a34_EV-029,EV-029,2026-03-28T21:52:14.336575+00:00,370.23,346.18,-24.05,14.5,2026-03-28T21:52:14.336575+00:00
46f44a34_EV-030,EV-030,2026-03-28T21:52:14.336575+00:00,999.73,1193.53,193.8,60.83,2026-03-28T21:52:14.336575+00:00
46f44a34_EV-031,EV-031,2026-03-28T21:52:14.336575+00:00,999.73,1009.36,9.63,56.21,2026-03-28T21:52:14.336575+00:00
46f44a34_EV-032,EV-032,2026-03-28T21:52:14.336575+00:00,336.57,415.52,78.95,18.0,2026-03-28T21:52:14.336575+00:00
46f44a34_EV-033,EV-033,2026-03-28T21:52:14.336575+00:00,613.11,658.06,44.95,31.5,2026-03-28T21:52:14.336575+00:00
46f44a34_EV-034,EV-034,2026-03-28T21:52:14.336575+00:00,999.73,901.43,-98.3,61.5,2026-03-28T21:52:14.336575+00:00
46f44a34_EV-035,EV-035,2026-03-28T21:52:14.336575+00:00,999.73,1128.36,128.63,52.36,2026-03-28T21:52:14.336575+00:00
46f44a34_EV-036,EV-036,2026-03-28T21:52:14.336575+00:00,996.74,863.89,-132.85,42.35,2026-03-28T21:52:14.336575+00:00
46f44a34_EV-037,EV-037,2026-03-28T21:52:14.336575+00:00,1027.04,1054.37,27.33,40.02,2026-03-28T21:52:14.336575+00:00
46f44a34_EV-038,EV-038,2026-03-28T21:52:14.336575+00:00,648.07,370.34,-277.73,34.2,2026-03-28T21:52:14.336575+00:00
53de3f0e_EV-01,EV-01,2026-03-28T09:00:00+00:00,721.39,729.07,7.68,45.0,2026-03-28T09:00:00+00:00
53de3f0e_EV-02,EV-02,2026-03-28T09:00:00+00:00,721.39,661.47,-59.92,42.0,2026-03-28T09:00:00+00:00
53de3f0e_EV-03,EV-03,2026-03-28T09:00:00+00:00,713.03,716.71,3.68,39.0,2026-03-28T09:00:00+00:00
53de3f0e_EV-04,EV-04,2026-03-28T09:00:00+00:00,588.96,634.85,45.89,36.0,2026-03-28T09:00:00+00:00
53de3f0e_EV-05,EV-05,2026-03-28T09:00:00+00:00,588.96,700.99,112.03,33.0,2026-03-28T09:00:00+00:00
53de3f0e_EV-06,EV-06,2026-03-28T09:00:00+00:00,542.29,495.08,-47.21,30.0,2026-03-28T09:00:00+00:00
53de3f0e_EV-07,EV-07,2026-03-28T09:00:00+00:00,542.29,508.54,-33.74,27.0,2026-03-28T09:00:00+00:00
53de3f0e_EV-08,EV-08,2026-03-28T09:00:00+00:00,536.51,614.98,78.47,24.0,2026-03-28T09:00:00+00:00
53de3f0e_EV-09,EV-09,2026-03-28T09:00:00+00:00,505.39,616.14,110.76,21.0,2026-03-28T09:00:00+00:00
53de3f0e_EV-10,EV-10,2026-03-28T09:00:00+00:00,493.45,398.14,-95.31,18.0,2026-03-28T09:00:00+00:00
49553a49_EV-01,EV-01,2026-03-28T09:00:00+00:00,721.39,715.22,-6.17,45.0,2026-03-28T09:00:00+00:00
49553a49_EV-02,EV-02,2026-03-28T09:00:00+00:00,721.39,672.23,-49.16,42.0,2026-03-28T09:00:00+00:00
49553a49_EV-03,EV-03,2026-03-28T09:00:00+00:00,713.03,675.64,-37.39,39.0,2026-03-28T09:00:00+00:00
49553a49_EV-04,EV-04,2026-03-28T09:00:00+00:00,588.96,480.72,-108.24,36.0,2026-03-28T09:00:00+00:00
49553a49_EV-05,EV-05,2026-03-28T09:00:00+00:00,588.96,508.79,-80.17,33.0,2026-03-28T09:00:00+00:00
49553a49_EV-06,EV-06,2026-03-28T09:00:00+00:00,542.29,550.59,8.3,30.0,2026-03-28T09:00:00+00:00
49553a49_EV-07,EV-07,2026-03-28T09:00:00+00:00,542.29,422.63,-119.65,27.0,2026-03-28T09:00:00+00:00
49553a49_EV-08,EV-08,2026-03-28T09:00:00+00:00,536.51,730.56,194.05,24.0,2026-03-28T09:00:00+00:00
49553a49_EV-09,EV-09,2026-03-28T09:00:00+00:00,505.39,540.75,35.37,21.0,2026-03-28T09:00:00+00:00
49553a49_EV-10,EV-10,2026-03-28T09:00:00+00:00,493.45,702.34,208.89,18.0,2026-03-28T09:00:00+00:00
ed3ba5bb_EV-01,EV-01,2026-03-28T09:00:00+00:00,721.39,560.57,-160.82,45.0,2026-03-28T09:00:00+00:00
ed3ba5bb_EV-02,EV-02,2026-03-28T09:00:00+00:00,721.39,678.48,-42.91,42.0,2026-03-28T09:00:00+00:00
ed3ba5bb_EV-03,EV-03,2026-03-28T09:00:00+00:00,713.03,713.68,0.65,39.0,2026-03-28T09:00:00+00:00
ed3ba5bb_EV-04,EV-04,2026-03-28T09:00:00+00:00,588.96,562.43,-26.53,36.0,2026-03-28T09:00:00+00:00
ed3ba5bb_EV-05,EV-05,2026-03-28T09:00:00+00:00,588.96,582.69,-6.27,33.0,2026-03-28T09:00:00+00:00
ed3ba5bb_EV-06,EV-06,2026-03-28T09:00:00+00:00,542.29,483.12,-59.17,30.0,2026-03-28T09:00:00+00:00
ed3ba5bb_EV-07,EV-07,2026-03-28T09:00:00+00:00,542.29,409.32,-132.97,27.0,2026-03-28T09:00:00+00:00
ed3ba5bb_EV-08,EV-08,2026-03-28T09:00:00+00:00,536.51,575.23,38.72,24.0,2026-03-28T09:00:00+00:00
ed3ba5bb_EV-09,EV-09,2026-03-28T09:00:00+00:00,505.39,437.68,-67.71,21.0,2026-03-28T09:00:00+00:00
ed3ba5bb_EV-10,EV-10,2026-03-28T09:00:00+00:00,493.45,395.4,-98.05,18.0,2026-03-28T09:00:00+00:00
671555d4_EV-01,EV-01,2026-03-28T09:00:00+00:00,721.39,723.48,2.09,45.0,2026-03-28T09:00:00+00:00
671555d4_EV-02,EV-02,2026-03-28T09:00:00+00:00,721.39,724.75,3.36,42.0,2026-03-28T09:00:00+00:00
671555d4_EV-03,EV-03,2026-03-28T09:00:00+00:00,713.03,623.55,-89.48,39.0,2026-03-28T09:00:00+00:00
671555d4_EV-04,EV-04,2026-03-28T09:00:00+00:00,588.96,460.98,-127.97,36.0,2026-03-28T09:00:00+00:00
671555d4_EV-05,EV-05,2026-03-28T09:00:00+00:00,588.96,707.43,118.47,33.0,2026-03-28T09:00:00+00:00
671555d4_EV-06,EV-06,2026-03-28T09:00:00+00:00,542.29,470.41,-71.88,30.0,2026-03-28T09:00:00+00:00
671555d4_EV-07,EV-07,2026-03-28T09:00:00+00:00,542.29,325.72,-216.57,27.0,2026-03-28T09:00:00+00:00
671555d4_EV-08,EV-08,2026-03-28T09:00:00+00:00,536.51,526.03,-10.48,24.0,2026-03-28T09:00:00+00:00
671555d4_EV-09,EV-09,2026-03-28T09:00:00+00:00,505.39,537.38,31.99,21.0,2026-03-28T09:00:00+00:00
671555d4_EV-10,EV-10,2026-03-28T09:00:00+00:00,493.45,527.88,34.43,18.0,2026-03-28T09:00:00+00:00
5eae53b3_EV-01,EV-01,2026-03-28T09:00:00+00:00,721.39,565.29,-156.1,45.0,2026-03-28T09:00:00+00:00
5eae53b3_EV-02,EV-02,2026-03-28T09:00:00+00:00,721.39,612.51,-108.88,42.0,2026-03-28T09:00:00+00:00
5eae53b3_EV-03,EV-03,2026-03-28T09:00:00+00:00,713.03,922.57,209.54,39.0,2026-03-28T09:00:00+00:00
5eae53b3_EV-04,EV-04,2026-03-28T09:00:00+00:00,588.96,613.56,24.6,36.0,2026-03-28T09:00:00+00:00
5eae53b3_EV-05,EV-05,2026-03-28T09:00:00+00:00,588.96,623.0,34.04,33.0,2026-03-28T09:00:00+00:00
5eae53b3_EV-06,EV-06,2026-03-28T09:00:00+00:00,542.29,552.62,10.34,30.0,2026-03-28T09:00:00+00:00
5eae53b3_EV-07,EV-07,2026-03-28T09:00:00+00:00,542.29,508.71,-33.58,27.0,2026-03-28T09:00:00+00:00
5eae53b3_EV-08,EV-08,2026-03-28T09:00:00+00:00,536.51,532.83,-3.68,24.0,2026-03-28T09:00:00+00:00
5eae53b3_EV-09,EV-09,2026-03-28T09:00:00+00:00,505.39,327.48,-177.9,21.0,2026-03-28T09:00:00+00:00
5eae53b3_EV-10,EV-10,2026-03-28T09:00:00+00:00,493.45,413.12,-80.33,18.0,2026-03-28T09:00:00+00:00
d9759d3b_EV-01,EV-01,2026-03-28T09:00:00+00:00,721.39,735.41,14.02,45.0,2026-03-28T09:00:00+00:00
d9759d3b_EV-02,EV-02,2026-03-28T09:00:00+00:00,721.39,956.52,235.13,42.0,2026-03-28T09:00:00+00:00
d9759d3b_EV-03,EV-03,2026-03-28T09:00:00+00:00,713.03,561.29,-151.74,39.0,2026-03-28T09:00:00+00:00
d9759d3b_EV-04,EV-04,2026-03-28T09:00:00+00:00,588.96,547.46,-41.5,36.0,2026-03-28T09:00:00+00:00
d9759d3b_EV-05,EV-05,2026-03-28T09:00:00+00:00,588.96,738.42,149.46,33.0,2026-03-28T09:00:00+00:00
d9759d3b_EV-06,EV-06,2026-03-28T09:00:00+00:00,542.29,590.7,48.41,30.0,2026-03-28T09:00:00+00:00
d9759d3b_EV-07,EV-07,2026-03-28T09:00:00+00:00,542.29,582.64,40.35,27.0,2026-03-28T09:00:00+00:00
d9759d3b_EV-08,EV-08,2026-03-28T09:00:00+00:00,536.51,354.6,-181.91,24.0,2026-03-28T09:00:00+00:00
d9759d3b_EV-09,EV-09,2026-03-28T09:00:00+00:00,505.39,472.4,-32.99,21.0,2026-03-28T09:00:00+00:00
d9759d3b_EV-10,EV-10,2026-03-28T09:00:00+00:00,493.45,440.85,-52.6,18.0,2026-03-28T09:00:00+00:00
2f77cbe9_EV-01,EV-01,2026-03-28T09:00:00+00:00,721.39,765.22,43.83,45.0,2026-03-28T09:00:00+00:00
2f77cbe9_EV-02,EV-02,2026-03-28T09:00:00+00:00,721.39,754.16,32.77,42.0,2026-03-28T09:00:00+00:00
2f77cbe9_EV-03,EV-03,2026-03-28T09:00:00+00:00,713.03,875.6,162.57,39.0,2026-03-28T09:00:00+00:00
2f77cbe9_EV-04,EV-04,2026-03-28T09:00:00+00:00,588.96,655.25,66.29,36.0,2026-03-28T09:00:00+00:00
2f77cbe9_EV-05,EV-05,2026-03-28T09:00:00+00:00,588.96,728.71,139.76,33.0,2026-03-28T09:00:00+00:00
2f77cbe9_EV-06,EV-06,2026-03-28T09:00:00+00:00,542.29,638.84,96.55,30.0,2026-03-28T09:00:00+00:00
2f77cbe9_EV-07,EV-07,2026-03-28T09:00:00+00:00,542.29,607.25,64.96,27.0,2026-03-28T09:00:00+00:00
2f77cbe9_EV-08,EV-08,2026-03-28T09:00:00+00:00,536.51,546.93,10.42,24.0,2026-03-28T09:00:00+00:00
2f77cbe9_EV-09,EV-09,2026-03-28T09:00:00+00:00,505.39,638.73,133.34,21.0,2026-03-28T09:00:00+00:00
2f77cbe9_EV-10,EV-10,2026-03-28T09:00:00+00:00,493.45,482.3,-11.15,18.0,2026-03-28T09:00:00+00:00
3ee79d71_EV-01,EV-01,2026-03-28T09:00:00+00:00,721.39,700.75,-20.64,45.0,2026-03-28T09:00:00+00:00
3ee79d71_EV-02,EV-02,2026-03-28T09:00:00+00:00,721.39,558.84,-162.54,42.0,2026-03-28T09:00:00+00:00
3ee79d71_EV-03,EV-03,2026-03-28T09:00:00+00:00,713.03,676.52,-36.51,39.0,2026-03-28T09:00:00+00:00
3ee79d71_EV-04,EV-04,2026-03-28T09:00:00+00:00,588.96,600.14,11.18,36.0,2026-03-28T09:00:00+00:00
3ee79d71_EV-05,EV-05,2026-03-28T09:00:00+00:00,588.96,749.66,160.7,33.0,2026-03-28T09:00:00+00:00
3ee79d71_EV-06,EV-06,2026-03-28T09:00:00+00:00,542.29,610.67,68.38,30.0,2026-03-28T09:00:00+00:00
3ee79d71_EV-07,EV-07,2026-03-28T09:00:00+00:00,542.29,490.52,-51.77,27.0,2026-03-28T09:00:00+00:00
3ee79d71_EV-08,EV-08,2026-03-28T09:00:00+00:00,536.51,656.87,120.36,24.0,2026-03-28T09:00:00+00:00
3ee79d71_EV-09,EV-09,2026-03-28T09:00:00+00:00,505.39,515.36,9.97,21.0,2026-03-28T09:00:00+00:00
3ee79d71_EV-10,EV-10,2026-03-28T09:00:00+00:00,493.45,377.73,-115.72,18.0,2026-03-28T09:00:00+00:00
fe562d96_EV-01,EV-01,2026-03-28T09:00:00+00:00,721.39,734.1,12.71,45.0,2026-03-28T09:00:00+00:00
fe562d96_EV-02,EV-02,2026-03-28T09:00:00+00:00,721.39,681.64,-39.75,42.0,2026-03-28T09:00:00+00:00
fe562d96_EV-03,EV-03,2026-03-28T09:00:00+00:00,713.03,631.27,-81.75,39.0,2026-03-28T09:00:00+00:00
fe562d96_EV-04,EV-04,2026-03-28T09:00:00+00:00,588.96,784.17,195.21,36.0,2026-03-28T09:00:00+00:00
fe562d96_EV-05,EV-05,2026-03-28T09:00:00+00:00,588.96,644.62,55.66,33.0,2026-03-28T09:00:00+00:00
fe562d96_EV-06,EV-06,2026-03-28T09:00:00+00:00,542.29,458.69,-83.6,30.0,2026-03-28T09:00:00+00:00
fe562d96_EV-07,EV-07,2026-03-28T09:00:00+00:00,542.29,356.78,-185.51,27.0,2026-03-28T09:00:00+00:00
fe562d96_EV-08,EV-08,2026-03-28T09:00:00+00:00,536.51,464.79,-71.72,24.0,2026-03-28T09:00:00+00:00
fe562d96_EV-09,EV-09,2026-03-28T09:00:00+00:00,505.39,356.97,-148.41,21.0,2026-03-28T09:00:00+00:00
fe562d96_EV-10,EV-10,2026-03-28T09:00:00+00:00,493.45,392.81,-100.64,18.0,2026-03-28T09:00:00+00:00
ad513201_EV-01,EV-01,2026-03-28T09:00:00+00:00,721.39,827.22,105.84,45.0,2026-03-28T09:00:00+00:00
ad513201_EV-02,EV-02,2026-03-28T09:00:00+00:00,721.39,792.31,70.92,42.0,2026-03-28T09:00:00+00:00
ad513201_EV-03,EV-03,2026-03-28T09:00:00+00:00,713.03,643.92,-69.11,39.0,2026-03-28T09:00:00+00:00
ad513201_EV-04,EV-04,2026-03-28T09:00:00+00:00,588.96,420.26,-168.7,36.0,2026-03-28T09:00:00+00:00
ad513201_EV-05,EV-05,2026-03-28T09:00:00+00:00,588.96,725.03,136.07,33.0,2026-03-28T09:00:00+00:00
ad513201_EV-06,EV-06,2026-03-28T09:00:00+00:00,542.29,685.25,142.97,30.0,2026-03-28T09:00:00+00:00
ad513201_EV-07,EV-07,2026-03-28T09:00:00+00:00,542.29,518.75,-23.54,27.0,2026-03-28T09:00:00+00:00
ad513201_EV-08,EV-08,2026-03-28T09:00:00+00:00,536.51,553.09,16.58,24.0,2026-03-28T09:00:00+00:00
ad513201_EV-09,EV-09,2026-03-28T09:00:00+00:00,505.39,523.95,18.57,21.0,2026-03-28T09:00:00+00:00
ad513201_EV-10,EV-10,2026-03-28T09:00:00+00:00,493.45,568.28,74.83,18.0,2026-03-28T09:00:00+00:00
e7f2342d_EV-01,EV-01,2026-03-28T09:00:00+00:00,721.39,791.39,70.0,45.0,2026-03-28T09:00:00+00:00
e7f2342d_EV-02,EV-02,2026-03-28T09:00:00+00:00,721.39,689.06,-32.33,42.0,2026-03-28T09:00:00+00:00
e7f2342d_EV-03,EV-03,2026-03-28T09:00:00+00:00,713.03,683.49,-29.54,39.0,2026-03-28T09:00:00+00:00
e7f2342d_EV-04,EV-04,2026-03-28T09:00:00+00:00,588.96,559.22,-29.74,36.0,2026-03-28T09:00:00+00:00
e7f2342d_EV-05,EV-05,2026-03-28T09:00:00+00:00,588.96,492.09,-96.87,33.0,2026-03-28T09:00:00+00:00
e7f2342d_EV-06,EV-06,2026-03-28T09:00:00+00:00,542.29,565.55,23.26,30.0,2026-03-28T09:00:00+00:00
e7f2342d_EV-07,EV-07,2026-03-28T09:00:00+00:00,542.29,429.44,-112.84,27.0,2026-03-28T09:00:00+00:00
e7f2342d_EV-08,EV-08,2026-03-28T09:00:00+00:00,536.51,508.96,-27.55,24.0,2026-03-28T09:00:00+00:00
e7f2342d_EV-09,EV-09,2026-03-28T09:00:00+00:00,505.39,708.28,202.89,21.0,2026-03-28T09:00:00+00:00
e7f2342d_EV-10,EV-10,2026-03-28T09:00:00+00:00,493.45,429.1,-64.35,18.0,2026-03-28T09:00:00+00:00
e80817e6_EV-01,EV-01,2026-03-28T09:00:00+00:00,721.39,710.98,-10.41,45.0,2026-03-28T09:00:00+00:00
e80817e6_EV-02,EV-02,2026-03-28T09:00:00+00:00,721.39,844.15,122.76,42.0,2026-03-28T09:00:00+00:00
e80817e6_EV-03,EV-03,2026-03-28T09:00:00+00:00,713.03,765.5,52.47,39.0,2026-03-28T09:00:00+00:00
e80817e6_EV-04,EV-04,2026-03-28T09:00:00+00:00,588.96,530.49,-58.47,36.0,2026-03-28T09:00:00+00:00
e80817e6_EV-05,EV-05,2026-03-28T09:00:00+00:00,588.96,678.53,89.57,33.0,2026-03-28T09:00:00+00:00
e80817e6_EV-06,EV-06,2026-03-28T09:00:00+00:00,542.29,505.86,-36.43,30.0,2026-03-28T09:00:00+00:00
e80817e6_EV-07,EV-07,2026-03-28T09:00:00+00:00,542.29,570.51,28.22,27.0,2026-03-28T09:00:00+00:00
e80817e6_EV-08,EV-08,2026-03-28T09:00:00+00:00,536.51,501.02,-35.49,24.0,2026-03-28T09:00:00+00:00
e80817e6_EV-09,EV-09,2026-03-28T09:00:00+00:00,505.39,514.65,9.26,21.0,2026-03-28T09:00:00+00:00
e80817e6_EV-10,EV-10,2026-03-28T09:00:00+00:00,493.45,313.04,-180.41,18.0,2026-03-28T09:00:00+00:00
c7f5a8fa_EV-01,EV-01,2026-03-28T09:00:00+00:00,724.72,613.78,-110.93,48.0,2026-03-28T09:00:00+00:00
c7f5a8fa_EV-02,EV-02,2026-03-28T09:00:00+00:00,721.39,714.17,-7.22,42.0,2026-03-28T09:00:00+00:00
c7f5a8fa_EV-03,EV-03,2026-03-28T09:00:00+00:00,588.96,623.53,34.58,36.0,2026-03-28T09:00:00+00:00
c7f5a8fa_EV-04,EV-04,2026-03-28T09:00:00+00:00,542.29,512.19,-30.1,30.0,2026-03-28T09:00:00+00:00
c7f5a8fa_EV-05,EV-05,2026-03-28T09:00:00+00:00,536.51,418.12,-118.39,24.0,2026-03-28T09:00:00+00:00
c7f5a8fa_EV-06,EV-06,2026-03-28T09:00:00+00:00,724.72,810.21,85.49,48.0,2026-03-28T09:00:00+00:00
c7f5a8fa_EV-07,EV-07,2026-03-28T09:00:00+00:00,721.39,809.17,87.78,42.0,2026-03-28T09:00:00+00:00
c7f5a8fa_EV-08,EV-08,2026-03-28T09:00:00+00:00,588.96,651.78,62.82,36.0,2026-03-28T09:00:00+00:00
c7f5a8fa_EV-09,EV-09,2026-03-28T09:00:00+00:00,542.29,572.07,29.78,30.0,2026-03-28T09:00:00+00:00
c7f5a8fa_EV-10,EV-10,2026-03-28T09:00:00+00:00,536.51,554.72,18.21,24.0,2026-03-28T09:00:00+00:00
c7f5a8fa_EV-11,EV-11,2026-03-28T09:00:00+00:00,724.72,868.71,144.0,48.0,2026-03-28T09:00:00+00:00
c7f5a8fa_EV-12,EV-12,2026-03-28T09:00:00+00:00,721.39,628.46,-92.93,42.0,2026-03-28T09:00:00+00:00
c7f5a8fa_EV-13,EV-13,2026-03-28T09:00:00+00:00,588.96,758.86,169.9,36.0,2026-03-28T09:00:00+00:00
c7f5a8fa_EV-14,EV-14,2026-03-28T09:00:00+00:00,542.29,571.77,29.49,30.0,2026-03-28T09:00:00+00:00
c7f5a8fa_EV-15,EV-15,2026-03-28T09:00:00+00:00,536.51,494.99,-41.52,24.0,2026-03-28T09:00:00+00:00
c7f5a8fa_EV-16,EV-16,2026-03-28T09:00:00+00:00,724.72,769.64,44.93,48.0,2026-03-28T09:00:00+00:00
c7f5a8fa_EV-17,EV-17,2026-03-28T09:00:00+00:00,721.39,902.04,180.65,42.0,2026-03-28T09:00:00+00:00
c7f5a8fa_EV-18,EV-18,2026-03-28T09:00:00+00:00,588.96,642.95,53.99,36.0,2026-03-28T09:00:00+00:00
c7f5a8fa_EV-19,EV-19,2026-03-28T09:00:00+00:00,542.29,522.47,-19.82,30.0,2026-03-28T09:00:00+00:00
c7f5a8fa_EV-20,EV-20,2026-03-28T09:00:00+00:00,536.51,650.34,113.83,24.0,2026-03-28T09:00:00+00:00
5382c6a4_EV-01,EV-01,2026-03-28T09:00:00+00:00,724.72,726.01,1.29,48.0,2026-03-28T09:00:00+00:00
5382c6a4_EV-02,EV-02,2026-03-28T09:00:00+00:00,721.39,646.44,-74.95,42.0,2026-03-28T09:00:00+00:00
5382c6a4_EV-03,EV-03,2026-03-28T09:00:00+00:00,588.96,577.89,-11.07,36.0,2026-03-28T09:00:00+00:00
5382c6a4_EV-04,EV-04,2026-03-28T09:00:00+00:00,542.29,467.64,-74.65,30.0,2026-03-28T09:00:00+00:00
5382c6a4_EV-05,EV-05,2026-03-28T09:00:00+00:00,536.51,483.35,-53.16,24.0,2026-03-28T09:00:00+00:00
5382c6a4_EV-06,EV-06,2026-03-28T09:00:00+00:00,724.72,707.29,-17.43,48.0,2026-03-28T09:00:00+00:00
5382c6a4_EV-07,EV-07,2026-03-28T09:00:00+00:00,721.39,802.62,81.23,42.0,2026-03-28T09:00:00+00:00
5382c6a4_EV-08,EV-08,2026-03-28T09:00:00+00:00,588.96,638.75,49.79,36.0,2026-03-28T09:00:00+00:00
5382c6a4_EV-09,EV-09,2026-03-28T09:00:00+00:00,542.29,410.56,-131.73,30.0,2026-03-28T09:00:00+00:00
5382c6a4_EV-10,EV-10,2026-03-28T09:00:00+00:00,536.51,635.66,99.15,24.0,2026-03-28T09:00:00+00:00
5382c6a4_EV-11,EV-11,2026-03-28T09:00:00+00:00,724.72,670.73,-53.99,48.0,2026-03-28T09:00:00+00:00
5382c6a4_EV-12,EV-12,2026-03-28T09:00:00+00:00,721.39,697.41,-23.98,42.0,2026-03-28T09:00:00+00:00
5382c6a4_EV-13,EV-13,2026-03-28T09:00:00+00:00,588.96,679.38,90.42,36.0,2026-03-28T09:00:00+00:00
5382c6a4_EV-14,EV-14,2026-03-28T09:00:00+00:00,542.29,508.89,-33.39,30.0,2026-03-28T09:00:00+00:00
5382c6a4_EV-15,EV-15,2026-03-28T09:00:00+00:00,536.51,446.75,-89.76,24.0,2026-03-28T09:00:00+00:00
5382c6a4_EV-16,EV-16,2026-03-28T09:00:00+00:00,724.72,888.58,163.87,48.0,2026-03-28T09:00:00+00:00
5382c6a4_EV-17,EV-17,2026-03-28T09:00:00+00:00,721.39,699.43,-21.96,42.0,2026-03-28T09:00:00+00:00
5382c6a4_EV-18,EV-18,2026-03-28T09:00:00+00:00,588.96,571.19,-17.77,36.0,2026-03-28T09:00:00+00:00
5382c6a4_EV-19,EV-19,2026-03-28T09:00:00+00:00,542.29,502.61,-39.68,30.0,2026-03-28T09:00:00+00:00
5382c6a4_EV-20,EV-20,2026-03-28T09:00:00+00:00,536.51,315.34,-221.17,24.0,2026-03-28T09:00:00+00:00
aa734fcc_EV-01,EV-01,2026-03-28T09:00:00+00:00,724.72,818.64,93.92,48.0,2026-03-28T09:00:00+00:00
aa734fcc_EV-02,EV-02,2026-03-28T09:00:00+00:00,721.39,754.25,32.86,42.0,2026-03-28T09:00:00+00:00
aa734fcc_EV-03,EV-03,2026-03-28T09:00:00+00:00,588.96,679.27,90.31,36.0,2026-03-28T09:00:00+00:00
aa734fcc_EV-04,EV-04,2026-03-28T09:00:00+00:00,542.29,698.63,156.34,30.0,2026-03-28T09:00:00+00:00
aa734fcc_EV-05,EV-05,2026-03-28T09:00:00+00:00,536.51,598.01,61.5,24.0,2026-03-28T09:00:00+00:00
aa734fcc_EV-06,EV-06,2026-03-28T09:00:00+00:00,724.72,559.21,-165.51,48.0,2026-03-28T09:00:00+00:00
aa734fcc_EV-07,EV-07,2026-03-28T09:00:00+00:00,721.39,564.65,-156.74,42.0,2026-03-28T09:00:00+00:00
aa734fcc_EV-08,EV-08,2026-03-28T09:00:00+00:00,588.96,655.12,66.16,36.0,2026-03-28T09:00:00+00:00
aa734fcc_EV-09,EV-09,2026-03-28T09:00:00+00:00,542.29,485.7,-56.59,30.0,2026-03-28T09:00:00+00:00
aa734fcc_EV-10,EV-10,2026-03-28T09:00:00+00:00,536.51,519.4,-17.11,24.0,2026-03-28T09:00:00+00:00
aa734fcc_EV-11,EV-11,2026-03-28T09:00:00+00:00,724.72,775.85,51.14,48.0,2026-03-28T09:00:00+00:00
aa734fcc_EV-12,EV-12,2026-03-28T09:00:00+00:00,721.39,792.73,71.34,42.0,2026-03-28T09:00:00+00:00
aa734fcc_EV-13,EV-13,2026-03-28T09:00:00+00:00,588.96,547.45,-41.51,36.0,2026-03-28T09:00:00+00:00
aa734fcc_EV-14,EV-14,2026-03-28T09:00:00+00:00,542.29,605.44,63.16,30.0,2026-03-28T09:00:00+00:00
aa734fcc_EV-15,EV-15,2026-03-28T09:00:00+00:00,536.51,450.8,-85.71,24.0,2026-03-28T09:00:00+00:00
aa734fcc_EV-16,EV-16,2026-03-28T09:00:00+00:00,724.72,710.73,-13.99,48.0,2026-03-28T09:00:00+00:00
aa734fcc_EV-17,EV-17,2026-03-28T09:00:00+00:00,721.39,647.16,-74.23,42.0,2026-03-28T09:00:00+00:00
aa734fcc_EV-18,EV-18,2026-03-28T09:00:00+00:00,588.96,574.43,-14.53,36.0,2026-03-28T09:00:00+00:00
aa734fcc_EV-19,EV-19,2026-03-28T09:00:00+00:00,542.29,525.19,-17.1,30.0,2026-03-28T09:00:00+00:00
aa734fcc_EV-20,EV-20,2026-03-28T09:00:00+00:00,536.51,606.65,70.13,24.0,2026-03-28T09:00:00+00:00
fc342a70_EV-01,EV-01,2026-03-28T09:00:00+00:00,724.72,855.26,130.54,48.0,2026-03-28T09:00:00+00:00
fc342a70_EV-02,EV-02,2026-03-28T09:00:00+00:00,721.39,626.03,-95.35,42.0,2026-03-28T09:00:00+00:00
fc342a70_EV-03,EV-03,2026-03-28T09:00:00+00:00,588.96,559.4,-29.56,36.0,2026-03-28T09:00:00+00:00
fc342a70_EV-04,EV-04,2026-03-28T09:00:00+00:00,542.29,587.36,45.07,30.0,2026-03-28T09:00:00+00:00
fc342a70_EV-05,EV-05,2026-03-28T09:00:00+00:00,536.51,684.56,148.05,24.0,2026-03-28T09:00:00+00:00
fc342a70_EV-06,EV-06,2026-03-28T09:00:00+00:00,724.72,766.74,42.03,48.0,2026-03-28T09:00:00+00:00
fc342a70_EV-07,EV-07,2026-03-28T09:00:00+00:00,721.39,748.99,27.6,42.0,2026-03-28T09:00:00+00:00
fc342a70_EV-08,EV-08,2026-03-28T09:00:00+00:00,588.96,652.08,63.12,36.0,2026-03-28T09:00:00+00:00
fc342a70_EV-09,EV-09,2026-03-28T09:00:00+00:00,542.29,431.59,-110.7,30.0,2026-03-28T09:00:00+00:00
fc342a70_EV-10,EV-10,2026-03-28T09:00:00+00:00,536.51,420.42,-116.09,24.0,2026-03-28T09:00:00+00:00
3a9c1a01_EV-01,EV-01,2026-03-28T09:00:00+00:00,724.72,650.16,-74.55,48.0,2026-03-28T09:00:00+00:00
3a9c1a01_EV-02,EV-02,2026-03-28T09:00:00+00:00,721.39,703.22,-18.17,42.0,2026-03-28T09:00:00+00:00
3a9c1a01_EV-03,EV-03,2026-03-28T09:00:00+00:00,588.96,522.98,-65.98,36.0,2026-03-28T09:00:00+00:00
3a9c1a01_EV-04,EV-04,2026-03-28T09:00:00+00:00,542.29,625.92,83.63,30.0,2026-03-28T09:00:00+00:00
3a9c1a01_EV-05,EV-05,2026-03-28T09:00:00+00:00,536.51,501.4,-35.11,24.0,2026-03-28T09:00:00+00:00
3a9c1a01_EV-06,EV-06,2026-03-28T09:00:00+00:00,724.72,652.21,-72.51,48.0,2026-03-28T09:00:00+00:00
3a9c1a01_EV-07,EV-07,2026-03-28T09:00:00+00:00,721.39,777.2,55.81,42.0,2026-03-28T09:00:00+00:00
3a9c1a01_EV-08,EV-08,2026-03-28T09:00:00+00:00,588.96,587.44,-1.51,36.0,2026-03-28T09:00:00+00:00
3a9c1a01_EV-09,EV-09,2026-03-28T09:00:00+00:00,542.29,452.27,-90.02,30.0,2026-03-28T09:00:00+00:00
3a9c1a01_EV-10,EV-10,2026-03-28T09:00:00+00:00,536.51,578.31,41.8,24.0,2026-03-28T09:00:00+00:00
7259094d_EV-01,EV-01,2026-03-28T09:00:00+00:00,724.72,728.8,4.08,48.0,2026-03-28T09:00:00+00:00
7259094d_EV-02,EV-02,2026-03-28T09:00:00+00:00,721.39,725.22,3.83,42.0,2026-03-28T09:00:00+00:00
7259094d_EV-03,EV-03,2026-03-28T09:00:00+00:00,588.96,820.13,231.17,36.0,2026-03-28T09:00:00+00:00
7259094d_EV-04,EV-04,2026-03-28T09:00:00+00:00,542.29,584.36,42.07,30.0,2026-03-28T09:00:00+00:00
7259094d_EV-05,EV-05,2026-03-28T09:00:00+00:00,536.51,463.56,-72.95,24.0,2026-03-28T09:00:00+00:00
7259094d_EV-06,EV-06,2026-03-28T09:00:00+00:00,724.72,777.19,52.47,48.0,2026-03-28T09:00:00+00:00
7259094d_EV-07,EV-07,2026-03-28T09:00:00+00:00,721.39,616.85,-104.54,42.0,2026-03-28T09:00:00+00:00
7259094d_EV-08,EV-08,2026-03-28T09:00:00+00:00,588.96,523.06,-65.9,36.0,2026-03-28T09:00:00+00:00
7259094d_EV-09,EV-09,2026-03-28T09:00:00+00:00,542.29,547.68,5.39,30.0,2026-03-28T09:00:00+00:00
7259094d_EV-10,EV-10,2026-03-28T09:00:00+00:00,536.51,850.34,313.83,24.0,2026-03-28T09:00:00+00:00
d4bb01fc_EV-01,EV-01,2026-03-28T09:00:00+00:00,724.72,809.12,84.41,48.0,2026-03-28T09:00:00+00:00
d4bb01fc_EV-02,EV-02,2026-03-28T09:00:00+00:00,721.39,616.17,-105.21,42.0,2026-03-28T09:00:00+00:00
d4bb01fc_EV-03,EV-03,2026-03-28T09:00:00+00:00,588.96,643.01,54.05,36.0,2026-03-28T09:00:00+00:00
d4bb01fc_EV-04,EV-04,2026-03-28T09:00:00+00:00,542.29,453.52,-88.77,30.0,2026-03-28T09:00:00+00:00
d4bb01fc_EV-05,EV-05,2026-03-28T09:00:00+00:00,536.51,492.19,-44.32,24.0,2026-03-28T09:00:00+00:00
d4bb01fc_EV-06,EV-06,2026-03-28T09:00:00+00:00,724.72,535.6,-189.11,48.0,2026-03-28T09:00:00+00:00
d4bb01fc_EV-07,EV-07,2026-03-28T09:00:00+00:00,721.39,532.16,-189.23,42.0,2026-03-28T09:00:00+00:00
d4bb01fc_EV-08,EV-08,2026-03-28T09:00:00+00:00,588.96,395.27,-193.69,36.0,2026-03-28T09:00:00+00:00
d4bb01fc_EV-09,EV-09,2026-03-28T09:00:00+00:00,542.29,573.39,31.1,30.0,2026-03-28T09:00:00+00:00
d4bb01fc_EV-10,EV-10,2026-03-28T09:00:00+00:00,536.51,507.11,-29.4,24.0,2026-03-28T09:00:00+00:00
407a7dff_EV-01,EV-01,2026-03-28T09:00:00+00:00,724.72,584.53,-140.19,48.0,2026-03-28T09:00:00+00:00
407a7dff_EV-02,EV-02,2026-03-28T09:00:00+00:00,721.39,591.09,-130.3,42.0,2026-03-28T09:00:00+00:00
407a7dff_EV-03,EV-03,2026-03-28T09:00:00+00:00,588.96,496.12,-92.84,36.0,2026-03-28T09:00:00+00:00
407a7dff_EV-04,EV-04,2026-03-28T09:00:00+00:00,542.29,430.72,-111.56,30.0,2026-03-28T09:00:00+00:00
407a7dff_EV-05,EV-05,2026-03-28T09:00:00+00:00,536.51,494.57,-41.94,24.0,2026-03-28T09:00:00+00:00
407a7dff_EV-06,EV-06,2026-03-28T09:00:00+00:00,724.72,786.3,61.58,48.0,2026-03-28T09:00:00+00:00
407a7dff_EV-07,EV-07,2026-03-28T09:00:00+00:00,721.39,759.1,37.71,42.0,2026-03-28T09:00:00+00:00
407a7dff_EV-08,EV-08,2026-03-28T09:00:00+00:00,588.96,634.42,45.46,36.0,2026-03-28T09:00:00+00:00
407a7dff_EV-09,EV-09,2026-03-28T09:00:00+00:00,542.29,488.86,-53.43,30.0,2026-03-28T09:00:00+00:00
407a7dff_EV-10,EV-10,2026-03-28T09:00:00+00:00,536.51,461.9,-74.61,24.0,2026-03-28T09:00:00+00:00
562ef414_EV-01,EV-01,2026-03-28T09:00:00+00:00,724.72,654.61,-70.11,48.0,2026-03-28T09:00:00+00:00
562ef414_EV-02,EV-02,2026-03-28T09:00:00+00:00,721.39,818.8,97.41,42.0,2026-03-28T09:00:00+00:00
562ef414_EV-03,EV-03,2026-03-28T09:00:00+00:00,588.96,614.14,25.18,36.0,2026-03-28T09:00:00+00:00
562ef414_EV-04,EV-04,2026-03-28T09:00:00+00:00,542.29,497.15,-45.13,30.0,2026-03-28T09:00:00+00:00
562ef414_EV-05,EV-05,2026-03-28T09:00:00+00:00,536.51,579.26,42.75,24.0,2026-03-28T09:00:00+00:00
562ef414_EV-06,EV-06,2026-03-28T09:00:00+00:00,724.72,720.49,-4.22,48.0,2026-03-28T09:00:00+00:00
562ef414_EV-07,EV-07,2026-03-28T09:00:00+00:00,721.39,619.23,-102.15,42.0,2026-03-28T09:00:00+00:00
562ef414_EV-08,EV-08,2026-03-28T09:00:00+00:00,588.96,637.71,48.75,36.0,2026-03-28T09:00:00+00:00
562ef414_EV-09,EV-09,2026-03-28T09:00:00+00:00,542.29,513.47,-28.82,30.0,2026-03-28T09:00:00+00:00
562ef414_EV-10,EV-10,2026-03-28T09:00:00+00:00,536.51,531.58,-4.93,24.0,2026-03-28T09:00:00+00:00
f33565c3_EV-001,EV-001,2026-03-28T22:06:32.033388+00:00,340.18,280.78,-59.4,20.13,2026-03-28T22:06:32.033388+00:00
f33565c3_EV-002,EV-002,2026-03-28T22:06:32.033388+00:00,348.51,151.89,-196.62,22.8,2026-03-28T22:06:32.033388+00:00
f33565c3_EV-003,EV-003,2026-03-28T22:06:32.033388+00:00,348.51,394.56,46.05,23.43,2026-03-28T22:06:32.033388+00:00
f33565c3_EV-004,EV-004,2026-03-28T22:06:32.033388+00:00,1009.31,951.25,-58.05,39.0,2026-03-28T22:06:32.033388+00:00
f33565c3_EV-005,EV-005,2026-03-28T22:06:32.033388+00:00,1027.11,1018.47,-8.64,42.0,2026-03-28T22:06:32.033388+00:00
f33565c3_EV-006,EV-006,2026-03-28T22:06:32.033388+00:00,1030.1,1040.27,10.16,50.25,2026-03-28T22:06:32.033388+00:00
f33565c3_EV-007,EV-007,2026-03-28T22:06:32.033388+00:00,378.57,422.32,43.75,29.26,2026-03-28T22:06:32.033388+00:00
f33565c3_EV-008,EV-008,2026-03-28T22:06:32.033388+00:00,1027.11,1022.38,-4.73,43.5,2026-03-28T22:06:32.033388+00:00
f33565c3_EV-009,EV-009,2026-03-28T22:06:32.033388+00:00,1027.11,1086.04,58.94,45.75,2026-03-28T22:06:32.033388+00:00
f33565c3_EV-010,EV-010,2026-03-28T22:06:32.033388+00:00,620.8,711.46,90.66,31.68,2026-03-28T22:06:32.033388+00:00
f33565c3_EV-011,EV-011,2026-03-28T22:06:32.033388+00:00,1030.1,1079.29,49.19,62.25,2026-03-28T22:06:32.033388+00:00
f33565c3_EV-012,EV-012,2026-03-28T22:06:32.033388+00:00,1009.31,901.76,-107.54,36.72,2026-03-28T22:06:32.033388+00:00
f33565c3_EV-013,EV-013,2026-03-28T22:06:32.033388+00:00,1030.1,1034.23,4.13,51.12,2026-03-28T22:06:32.033388+00:00
f33565c3_EV-014,EV-014,2026-03-28T22:06:32.033388+00:00,348.51,272.96,-75.56,23.6,2026-03-28T22:06:32.033388+00:00
f33565c3_EV-015,EV-015,2026-03-28T22:06:32.033388+00:00,379.6,307.71,-71.89,26.5,2026-03-28T22:06:32.033388+00:00
f33565c3_EV-016,EV-016,2026-03-28T22:06:32.033388+00:00,1030.1,1074.31,44.21,66.0,2026-03-28T22:06:32.033388+00:00
f33565c3_EV-017,EV-017,2026-03-28T22:06:32.033388+00:00,655.75,561.37,-94.38,33.06,2026-03-28T22:06:32.033388+00:00
f33565c3_EV-018,EV-018,2026-03-28T22:06:32.033388+00:00,1027.11,985.39,-41.72,42.35,2026-03-28T22:06:32.033388+00:00
f33565c3_EV-019,EV-019,2026-03-28T22:06:32.033388+00:00,1027.11,1067.87,40.76,47.4,2026-03-28T22:06:32.033388+00:00
f33565c3_EV-020,EV-020,2026-03-28T22:06:32.033388+00:00,1030.1,1069.65,39.54,81.7,2026-03-28T22:06:32.033388+00:00
f33565c3_EV-021,EV-021,2026-03-28T22:06:32.033388+00:00,365.09,310.24,-54.85,24.0,2026-03-28T22:06:32.033388+00:00
f33565c3_EV-022,EV-022,2026-03-28T22:06:32.033388+00:00,655.75,637.54,-18.22,35.4,2026-03-28T22:06:32.033388+00:00
f33565c3_EV-023,EV-023,2026-03-28T22:06:32.033388+00:00,1030.1,953.87,-76.23,56.8,2026-03-28T22:06:32.033388+00:00
f33565c3_EV-024,EV-024,2026-03-28T22:06:32.033388+00:00,1027.11,1066.31,39.2,44.8,2026-03-28T22:06:32.033388+00:00
f33565c3_EV-025,EV-025,2026-03-28T22:06:32.033388+00:00,655.75,806.49,150.74,33.0,2026-03-28T22:06:32.033388+00:00
f33565c3_EV-026,EV-026,2026-03-28T22:06:32.033388+00:00,1030.1,865.54,-164.56,60.06,2026-03-28T22:06:32.033388+00:00
f33565c3_EV-027,EV-027,2026-03-28T22:06:32.033388+00:00,655.75,504.65,-151.11,33.0,2026-03-28T22:06:32.033388+00:00
f33565c3_EV-028,EV-028,2026-03-28T22:06:32.033388+00:00,1027.11,911.21,-115.9,47.5,2026-03-28T22:06:32.033388+00:00
f33565c3_EV-029,EV-029,2026-03-28T22:06:32.033388+00:00,367.42,370.29,2.87,14.5,2026-03-28T22:06:32.033388+00:00
f33565c3_EV-030,EV-030,2026-03-28T22:06:32.033388+00:00,1030.1,901.3,-128.8,60.83,2026-03-28T22:06:32.033388+00:00
f33565c3_EV-031,EV-031,2026-03-28T22:06:32.033388+00:00,1030.1,833.79,-196.31,56.21,2026-03-28T22:06:32.033388+00:00
f33565c3_EV-032,EV-032,2026-03-28T22:06:32.033388+00:00,335.67,220.37,-115.3,18.0,2026-03-28T22:06:32.033388+00:00
f33565c3_EV-033,EV-033,2026-03-28T22:06:32.033388+00:00,620.8,649.13,28.34,31.5,2026-03-28T22:06:32.033388+00:00
f33565c3_EV-034,EV-034,2026-03-28T22:06:32.033388+00:00,1030.1,1044.08,13.98,61.5,2026-03-28T22:06:32.033388+00:00
f33565c3_EV-035,EV-035,2026-03-28T22:06:32.033388+00:00,1030.1,924.13,-105.97,52.36,2026-03-28T22:06:32.033388+00:00
f33565c3_EV-036,EV-036,2026-03-28T22:06:32.033388+00:00,1027.11,1055.15,28.04,42.35,2026-03-28T22:06:32.033388+00:00
f33565c3_EV-037,EV-037,2026-03-28T22:06:32.033388+00:00,1050.51,962.2,-88.31,40.02,2026-03-28T22:06:32.033388+00:00
f33565c3_EV-038,EV-038,2026-03-28T22:06:32.033388+00:00,655.75,658.86,3.11,34.2,2026-03-28T22:06:32.033388+00:00
f33565c3_EV-039,EV-039,2026-03-28T22:06:32.033388+00:00,1030.1,1052.48,22.37,56.05,2026-03-28T22:06:32.033388+00:00
f33565c3_EV-040,EV-040,2026-03-28T22:06:32.033388+00:00,1030.1,1019.62,-10.49,51.0,2026-03-28T22:06:32.033388+00:00
f33565c3_EV-041,EV-041,2026-03-28T22:06:32.033388+00:00,1009.31,964.62,-44.69,36.72,2026-03-28T22:06:32.033388+00:00
f33565c3_EV-042,EV-042,2026-03-28T22:06:32.033388+00:00,1027.11,1153.06,125.95,44.66,2026-03-28T22:06:32.033388+00:00
f33565c3_EV-043,EV-043,2026-03-28T22:06:32.033388+00:00,1030.1,915.08,-115.03,61.75,2026-03-28T22:06:32.033388+00:00
f33565c3_EV-044,EV-044,2026-03-28T22:06:32.033388+00:00,348.51,266.91,-81.6,23.2,2026-03-28T22:06:32.033388+00:00
f33565c3_EV-045,EV-045,2026-03-28T22:06:32.033388+00:00,1027.11,900.82,-126.29,43.12,2026-03-28T22:06:32.033388+00:00
f33565c3_EV-046,EV-046,2026-03-28T22:06:32.033388+00:00,365.09,297.22,-67.87,24.4,2026-03-28T22:06:32.033388+00:00
f33565c3_EV-047,EV-047,2026-03-28T22:06:32.033388+00:00,1030.1,1237.75,207.64,64.0,2026-03-28T22:06:32.033388+00:00
f33565c3_EV-048,EV-048,2026-03-28T22:06:32.033388+00:00,1027.11,1165.45,138.34,46.98,2026-03-28T22:06:32.033388+00:00
f33565c3_EV-049,EV-049,2026-03-28T22:06:32.033388+00:00,1027.11,1083.45,56.34,43.12,2026-03-28T22:06:32.033388+00:00
dbdeb2d2_EV-001,EV-001,2026-03-28T22:06:50.105028+00:00,340.18,413.82,73.64,20.13,2026-03-28T22:06:50.105028+00:00
dbdeb2d2_EV-002,EV-002,2026-03-28T22:06:50.105028+00:00,348.51,574.78,226.27,22.8,2026-03-28T22:06:50.105028+00:00
dbdeb2d2_EV-003,EV-003,2026-03-28T22:06:50.105028+00:00,348.51,411.45,62.94,23.43,2026-03-28T22:06:50.105028+00:00
dbdeb2d2_EV-004,EV-004,2026-03-28T22:06:50.105028+00:00,1009.31,1364.53,355.23,39.0,2026-03-28T22:06:50.105028+00:00
dbdeb2d2_EV-005,EV-005,2026-03-28T22:06:50.105028+00:00,1027.11,1039.16,12.05,42.0,2026-03-28T22:06:50.105028+00:00
dbdeb2d2_EV-006,EV-006,2026-03-28T22:06:50.105028+00:00,1030.1,981.19,-48.91,50.25,2026-03-28T22:06:50.105028+00:00
dbdeb2d2_EV-007,EV-007,2026-03-28T22:06:50.105028+00:00,378.57,373.41,-5.16,29.26,2026-03-28T22:06:50.105028+00:00
dbdeb2d2_EV-008,EV-008,2026-03-28T22:06:50.105028+00:00,1027.11,990.97,-36.14,43.5,2026-03-28T22:06:50.105028+00:00
dbdeb2d2_EV-009,EV-009,2026-03-28T22:06:50.105028+00:00,1027.11,1044.46,17.36,45.75,2026-03-28T22:06:50.105028+00:00
dbdeb2d2_EV-010,EV-010,2026-03-28T22:06:50.105028+00:00,620.8,629.63,8.83,31.68,2026-03-28T22:06:50.105028+00:00
dbdeb2d2_EV-011,EV-011,2026-03-28T22:06:50.105028+00:00,1030.1,1056.86,26.75,62.25,2026-03-28T22:06:50.105028+00:00
dbdeb2d2_EV-012,EV-012,2026-03-28T22:06:50.105028+00:00,1009.31,1063.07,53.76,36.72,2026-03-28T22:06:50.105028+00:00
dbdeb2d2_EV-013,EV-013,2026-03-28T22:06:50.105028+00:00,1030.1,1131.12,101.01,51.12,2026-03-28T22:06:50.105028+00:00
dbdeb2d2_EV-014,EV-014,2026-03-28T22:06:50.105028+00:00,348.51,378.04,29.52,23.6,2026-03-28T22:06:50.105028+00:00
dbdeb2d2_EV-015,EV-015,2026-03-28T22:06:50.105028+00:00,379.6,406.12,26.52,26.5,2026-03-28T22:06:50.105028+00:00
dbdeb2d2_EV-016,EV-016,2026-03-28T22:06:50.105028+00:00,1030.1,1075.39,45.28,66.0,2026-03-28T22:06:50.105028+00:00
dbdeb2d2_EV-017,EV-017,2026-03-28T22:06:50.105028+00:00,655.75,607.49,-48.27,33.06,2026-03-28T22:06:50.105028+00:00
dbdeb2d2_EV-018,EV-018,2026-03-28T22:06:50.105028+00:00,1027.11,955.67,-71.44,42.35,2026-03-28T22:06:50.105028+00:00
dbdeb2d2_EV-019,EV-019,2026-03-28T22:06:50.105028+00:00,1027.11,1100.85,73.74,47.4,2026-03-28T22:06:50.105028+00:00
dbdeb2d2_EV-020,EV-020,2026-03-28T22:06:50.105028+00:00,1030.1,1111.16,81.06,81.7,2026-03-28T22:06:50.105028+00:00
dbdeb2d2_EV-021,EV-021,2026-03-28T22:06:50.105028+00:00,365.09,451.82,86.73,24.0,2026-03-28T22:06:50.105028+00:00
dbdeb2d2_EV-022,EV-022,2026-03-28T22:06:50.105028+00:00,655.75,631.45,-24.3,35.4,2026-03-28T22:06:50.105028+00:00
dbdeb2d2_EV-023,EV-023,2026-03-28T22:06:50.105028+00:00,1030.1,1051.24,21.14,56.8,2026-03-28T22:06:50.105028+00:00
dbdeb2d2_EV-024,EV-024,2026-03-28T22:06:50.105028+00:00,1027.11,1042.15,15.04,44.8,2026-03-28T22:06:50.105028+00:00
dbdeb2d2_EV-025,EV-025,2026-03-28T22:06:50.105028+00:00,655.75,593.12,-62.64,33.0,2026-03-28T22:06:50.105028+00:00
dbdeb2d2_EV-026,EV-026,2026-03-28T22:06:50.105028+00:00,1030.1,1068.01,37.91,60.06,2026-03-28T22:06:50.105028+00:00
dbdeb2d2_EV-027,EV-027,2026-03-28T22:06:50.105028+00:00,655.75,603.7,-52.05,33.0,2026-03-28T22:06:50.105028+00:00
dbdeb2d2_EV-028,EV-028,2026-03-28T22:06:50.105028+00:00,1027.11,1051.57,24.46,47.5,2026-03-28T22:06:50.105028+00:00
dbdeb2d2_EV-029,EV-029,2026-03-28T22:06:50.105028+00:00,367.42,374.6,7.17,14.5,2026-03-28T22:06:50.105028+00:00
dbdeb2d2_EV-030,EV-030,2026-03-28T22:06:50.105028+00:00,1030.1,862.91,-167.2,60.83,2026-03-28T22:06:50.105028+00:00
dbdeb2d2_EV-031,EV-031,2026-03-28T22:06:50.105028+00:00,1030.1,1010.61,-19.5,56.21,2026-03-28T22:06:50.105028+00:00
dbdeb2d2_EV-032,EV-032,2026-03-28T22:06:50.105028+00:00,335.67,439.78,104.12,18.0,2026-03-28T22:06:50.105028+00:00
dbdeb2d2_EV-033,EV-033,2026-03-28T22:06:50.105028+00:00,620.8,598.34,-22.46,31.5,2026-03-28T22:06:50.105028+00:00
dbdeb2d2_EV-034,EV-034,2026-03-28T22:06:50.105028+00:00,1030.1,1176.48,146.37,61.5,2026-03-28T22:06:50.105028+00:00
dbdeb2d2_EV-035,EV-035,2026-03-28T22:06:50.105028+00:00,1030.1,908.15,-121.95,52.36,2026-03-28T22:06:50.105028+00:00
dbdeb2d2_EV-036,EV-036,2026-03-28T22:06:50.105028+00:00,1027.11,1139.33,112.22,42.35,2026-03-28T22:06:50.105028+00:00
dbdeb2d2_EV-037,EV-037,2026-03-28T22:06:50.105028+00:00,1050.51,1009.62,-40.89,40.02,2026-03-28T22:06:50.105028+00:00
c948d87e_EV-001,EV-001,2026-03-28T22:06:57.338207+00:00,340.18,365.2,25.02,20.13,2026-03-28T22:06:57.338207+00:00
c948d87e_EV-002,EV-002,2026-03-28T22:06:57.338207+00:00,348.51,370.03,21.52,22.8,2026-03-28T22:06:57.338207+00:00
c948d87e_EV-003,EV-003,2026-03-28T22:06:57.338207+00:00,348.51,422.81,74.29,23.43,2026-03-28T22:06:57.338207+00:00
c948d87e_EV-004,EV-004,2026-03-28T22:06:57.338207+00:00,1009.31,1018.92,9.62,39.0,2026-03-28T22:06:57.338207+00:00
c948d87e_EV-005,EV-005,2026-03-28T22:06:57.338207+00:00,1027.11,889.52,-137.59,42.0,2026-03-28T22:06:57.338207+00:00
c948d87e_EV-006,EV-006,2026-03-28T22:06:57.338207+00:00,1030.1,1028.18,-1.92,50.25,2026-03-28T22:06:57.338207+00:00
c948d87e_EV-007,EV-007,2026-03-28T22:06:57.338207+00:00,378.57,314.47,-64.1,29.26,2026-03-28T22:06:57.338207+00:00
c948d87e_EV-008,EV-008,2026-03-28T22:06:57.338207+00:00,1027.11,1182.03,154.92,43.5,2026-03-28T22:06:57.338207+00:00
c948d87e_EV-009,EV-009,2026-03-28T22:06:57.338207+00:00,1027.11,1066.55,39.44,45.75,2026-03-28T22:06:57.338207+00:00
c948d87e_EV-010,EV-010,2026-03-28T22:06:57.338207+00:00,620.8,726.23,105.43,31.68,2026-03-28T22:06:57.338207+00:00
c948d87e_EV-011,EV-011,2026-03-28T22:06:57.338207+00:00,1030.1,1228.59,198.49,62.25,2026-03-28T22:06:57.338207+00:00
c948d87e_EV-012,EV-012,2026-03-28T22:06:57.338207+00:00,1009.31,1040.26,30.95,36.72,2026-03-28T22:06:57.338207+00:00
c948d87e_EV-013,EV-013,2026-03-28T22:06:57.338207+00:00,1030.1,963.52,-66.58,51.12,2026-03-28T22:06:57.338207+00:00
c948d87e_EV-014,EV-014,2026-03-28T22:06:57.338207+00:00,348.51,412.13,63.61,23.6,2026-03-28T22:06:57.338207+00:00
c948d87e_EV-015,EV-015,2026-03-28T22:06:57.338207+00:00,379.6,262.71,-116.9,26.5,2026-03-28T22:06:57.338207+00:00
c948d87e_EV-016,EV-016,2026-03-28T22:06:57.338207+00:00,1030.1,1016.18,-13.92,66.0,2026-03-28T22:06:57.338207+00:00
c948d87e_EV-017,EV-017,2026-03-28T22:06:57.338207+00:00,655.75,572.32,-83.43,33.06,2026-03-28T22:06:57.338207+00:00
c948d87e_EV-018,EV-018,2026-03-28T22:06:57.338207+00:00,1027.11,1011.59,-15.52,42.35,2026-03-28T22:06:57.338207+00:00
c948d87e_EV-019,EV-019,2026-03-28T22:06:57.338207+00:00,1027.11,1071.74,44.63,47.4,2026-03-28T22:06:57.338207+00:00
c948d87e_EV-020,EV-020,2026-03-28T22:06:57.338207+00:00,1030.1,1094.97,64.87,81.7,2026-03-28T22:06:57.338207+00:00
c948d87e_EV-021,EV-021,2026-03-28T22:06:57.338207+00:00,365.09,323.84,-41.25,24.0,2026-03-28T22:06:57.338207+00:00
c948d87e_EV-022,EV-022,2026-03-28T22:06:57.338207+00:00,655.75,654.01,-1.74,35.4,2026-03-28T22:06:57.338207+00:00
c948d87e_EV-023,EV-023,2026-03-28T22:06:57.338207+00:00,1030.1,1080.85,50.75,56.8,2026-03-28T22:06:57.338207+00:00
c948d87e_EV-024,EV-024,2026-03-28T22:06:57.338207+00:00,1027.11,1052.74,25.63,44.8,2026-03-28T22:06:57.338207+00:00
c948d87e_EV-025,EV-025,2026-03-28T22:06:57.338207+00:00,655.75,720.29,64.54,33.0,2026-03-28T22:06:57.338207+00:00
c948d87e_EV-026,EV-026,2026-03-28T22:06:57.338207+00:00,1030.1,1015.27,-14.83,60.06,2026-03-28T22:06:57.338207+00:00
c948d87e_EV-027,EV-027,2026-03-28T22:06:57.338207+00:00,655.75,702.65,46.9,33.0,2026-03-28T22:06:57.338207+00:00
c948d87e_EV-028,EV-028,2026-03-28T22:06:57.338207+00:00,1027.11,1072.51,45.4,47.5,2026-03-28T22:06:57.338207+00:00
c948d87e_EV-029,EV-029,2026-03-28T22:06:57.338207+00:00,367.42,533.52,166.1,14.5,2026-03-28T22:06:57.338207+00:00
c948d87e_EV-030,EV-030,2026-03-28T22:06:57.338207+00:00,1030.1,966.97,-63.13,60.83,2026-03-28T22:06:57.338207+00:00
c948d87e_EV-031,EV-031,2026-03-28T22:06:57.338207+00:00,1030.1,1066.93,36.83,56.21,2026-03-28T22:06:57.338207+00:00
c948d87e_EV-032,EV-032,2026-03-28T22:06:57.338207+00:00,335.67,316.23,-19.44,18.0,2026-03-28T22:06:57.338207+00:00
c948d87e_EV-033,EV-033,2026-03-28T22:06:57.338207+00:00,620.8,759.53,138.73,31.5,2026-03-28T22:06:57.338207+00:00
c948d87e_EV-034,EV-034,2026-03-28T22:06:57.338207+00:00,1030.1,1138.51,108.41,61.5,2026-03-28T22:06:57.338207+00:00
c948d87e_EV-035,EV-035,2026-03-28T22:06:57.338207+00:00,1030.1,946.73,-83.37,52.36,2026-03-28T22:06:57.338207+00:00
c948d87e_EV-036,EV-036,2026-03-28T22:06:57.338207+00:00,1027.11,933.98,-93.13,42.35,2026-03-28T22:06:57.338207+00:00
c948d87e_EV-037,EV-037,2026-03-28T22:06:57.338207+00:00,1050.51,1055.27,4.76,40.02,2026-03-28T22:06:57.338207+00:00
dabf48e5_EV-001,EV-001,2026-03-28T22:07:13.521610+00:00,340.18,290.83,-49.35,20.13,2026-03-28T22:07:13.521610+00:00
dabf48e5_EV-002,EV-002,2026-03-28T22:07:13.521610+00:00,348.51,361.7,13.19,22.8,2026-03-28T22:07:13.521610+00:00
dabf48e5_EV-003,EV-003,2026-03-28T22:07:13.521610+00:00,348.51,269.13,-79.39,23.43,2026-03-28T22:07:13.521610+00:00
dabf48e5_EV-004,EV-004,2026-03-28T22:07:13.521610+00:00,1009.31,930.18,-79.13,39.0,2026-03-28T22:07:13.521610+00:00
dabf48e5_EV-005,EV-005,2026-03-28T22:07:13.521610+00:00,1027.11,1016.69,-10.41,42.0,2026-03-28T22:07:13.521610+00:00
dabf48e5_EV-006,EV-006,2026-03-28T22:07:13.521610+00:00,1030.1,1102.2,72.1,50.25,2026-03-28T22:07:13.521610+00:00
dabf48e5_EV-007,EV-007,2026-03-28T22:07:13.521610+00:00,378.57,270.36,-108.21,29.26,2026-03-28T22:07:13.521610+00:00
dabf48e5_EV-008,EV-008,2026-03-28T22:07:13.521610+00:00,1027.11,1013.25,-13.86,43.5,2026-03-28T22:07:13.521610+00:00
dabf48e5_EV-009,EV-009,2026-03-28T22:07:13.521610+00:00,1027.11,1047.05,19.94,45.75,2026-03-28T22:07:13.521610+00:00
dabf48e5_EV-010,EV-010,2026-03-28T22:07:13.521610+00:00,620.8,695.61,74.81,31.68,2026-03-28T22:07:13.521610+00:00
dabf48e5_EV-011,EV-011,2026-03-28T22:07:13.521610+00:00,1030.1,991.7,-38.4,62.25,2026-03-28T22:07:13.521610+00:00
dabf48e5_EV-012,EV-012,2026-03-28T22:07:13.521610+00:00,1009.31,1073.55,64.25,36.72,2026-03-28T22:07:13.521610+00:00
dabf48e5_EV-013,EV-013,2026-03-28T22:07:13.521610+00:00,1030.1,1055.13,25.03,51.12,2026-03-28T22:07:13.521610+00:00
dabf48e5_EV-014,EV-014,2026-03-28T22:07:13.521610+00:00,348.51,372.14,23.62,23.6,2026-03-28T22:07:13.521610+00:00
dabf48e5_EV-015,EV-015,2026-03-28T22:07:13.521610+00:00,379.6,422.25,42.65,26.5,2026-03-28T22:07:13.521610+00:00
dabf48e5_EV-016,EV-016,2026-03-28T22:07:13.521610+00:00,1030.1,986.01,-44.09,66.0,2026-03-28T22:07:13.521610+00:00
dabf48e5_EV-017,EV-017,2026-03-28T22:07:13.521610+00:00,655.75,636.87,-18.89,33.06,2026-03-28T22:07:13.521610+00:00
dabf48e5_EV-018,EV-018,2026-03-28T22:07:13.521610+00:00,1027.11,997.04,-30.07,42.35,2026-03-28T22:07:13.521610+00:00
dabf48e5_EV-019,EV-019,2026-03-28T22:07:13.521610+00:00,1027.11,1116.29,89.18,47.4,2026-03-28T22:07:13.521610+00:00
dabf48e5_EV-020,EV-020,2026-03-28T22:07:13.521610+00:00,1030.1,1181.33,151.22,81.7,2026-03-28T22:07:13.521610+00:00
dabf48e5_EV-021,EV-021,2026-03-28T22:07:13.521610+00:00,365.09,324.42,-40.67,24.0,2026-03-28T22:07:13.521610+00:00
dabf48e5_EV-022,EV-022,2026-03-28T22:07:13.521610+00:00,655.75,702.73,46.98,35.4,2026-03-28T22:07:13.521610+00:00
dabf48e5_EV-023,EV-023,2026-03-28T22:07:13.521610+00:00,1030.1,1152.03,121.93,56.8,2026-03-28T22:07:13.521610+00:00
dabf48e5_EV-024,EV-024,2026-03-28T22:07:13.521610+00:00,1027.11,930.91,-96.2,44.8,2026-03-28T22:07:13.521610+00:00
dabf48e5_EV-025,EV-025,2026-03-28T22:07:13.521610+00:00,655.75,706.38,50.63,33.0,2026-03-28T22:07:13.521610+00:00
dabf48e5_EV-026,EV-026,2026-03-28T22:07:13.521610+00:00,1030.1,996.71,-33.4,60.06,2026-03-28T22:07:13.521610+00:00
dabf48e5_EV-027,EV-027,2026-03-28T22:07:13.521610+00:00,655.75,668.93,13.18,33.0,2026-03-28T22:07:13.521610+00:00
dabf48e5_EV-028,EV-028,2026-03-28T22:07:13.521610+00:00,1027.11,1091.17,64.07,47.5,2026-03-28T22:07:13.521610+00:00
dabf48e5_EV-029,EV-029,2026-03-28T22:07:13.521610+00:00,367.42,370.53,3.11,14.5,2026-03-28T22:07:13.521610+00:00
dabf48e5_EV-030,EV-030,2026-03-28T22:07:13.521610+00:00,1030.1,1246.72,216.62,60.83,2026-03-28T22:07:13.521610+00:00
dabf48e5_EV-031,EV-031,2026-03-28T22:07:13.521610+00:00,1030.1,1069.63,39.53,56.21,2026-03-28T22:07:13.521610+00:00
dabf48e5_EV-032,EV-032,2026-03-28T22:07:13.521610+00:00,335.67,399.22,63.55,18.0,2026-03-28T22:07:13.521610+00:00
dabf48e5_EV-033,EV-033,2026-03-28T22:07:13.521610+00:00,620.8,579.22,-41.58,31.5,2026-03-28T22:07:13.521610+00:00
dabf48e5_EV-034,EV-034,2026-03-28T22:07:13.521610+00:00,1030.1,1138.21,108.1,61.5,2026-03-28T22:07:13.521610+00:00
dabf48e5_EV-035,EV-035,2026-03-28T22:07:13.521610+00:00,1030.1,1173.4,143.3,52.36,2026-03-28T22:07:13.521610+00:00
dabf48e5_EV-036,EV-036,2026-03-28T22:07:13.521610+00:00,1027.11,1067.64,40.53,42.35,2026-03-28T22:07:13.521610+00:00
dabf48e5_EV-037,EV-037,2026-03-28T22:07:13.521610+00:00,1050.51,1087.28,36.77,40.02,2026-03-28T22:07:13.521610+00:00
dabf48e5_EV-038,EV-038,2026-03-28T22:07:13.521610+00:00,655.75,744.31,88.56,34.2,2026-03-28T22:07:13.521610+00:00
dabf48e5_EV-039,EV-039,2026-03-28T22:07:13.521610+00:00,1030.1,993.83,-36.27,56.05,2026-03-28T22:07:13.521610+00:00
dabf48e5_EV-040,EV-040,2026-03-28T22:07:13.521610+00:00,1030.1,983.92,-46.18,51.0,2026-03-28T22:07:13.521610+00:00
dabf48e5_EV-041,EV-041,2026-03-28T22:07:13.521610+00:00,1009.31,1040.48,31.18,36.72,2026-03-28T22:07:13.521610+00:00
dabf48e5_EV-042,EV-042,2026-03-28T22:07:13.521610+00:00,1027.11,1018.8,-8.31,44.66,2026-03-28T22:07:13.521610+00:00
dabf48e5_EV-043,EV-043,2026-03-28T22:07:13.521610+00:00,1030.1,920.59,-109.51,61.75,2026-03-28T22:07:13.521610+00:00
dabf48e5_EV-044,EV-044,2026-03-28T22:07:13.521610+00:00,348.51,405.5,56.98,23.2,2026-03-28T22:07:13.521610+00:00
dabf48e5_EV-045,EV-045,2026-03-28T22:07:13.521610+00:00,1027.11,999.4,-27.71,43.12,2026-03-28T22:07:13.521610+00:00
dabf48e5_EV-046,EV-046,2026-03-28T22:07:13.521610+00:00,365.09,297.86,-67.23,24.4,2026-03-28T22:07:13.521610+00:00
dabf48e5_EV-047,EV-047,2026-03-28T22:07:13.521610+00:00,1030.1,961.56,-68.54,64.0,2026-03-28T22:07:13.521610+00:00
dabf48e5_EV-048,EV-048,2026-03-28T22:07:13.521610+00:00,1027.11,864.28,-162.83,46.98,2026-03-28T22:07:13.521610+00:00
dabf48e5_EV-049,EV-049,2026-03-28T22:07:13.521610+00:00,1027.11,913.62,-113.48,43.12,2026-03-28T22:07:13.521610+00:00
dabf48e5_EV-050,EV-050,2026-03-28T22:07:13.521610+00:00,620.8,644.43,23.63,31.5,2026-03-28T22:07:13.521610+00:00
2785cd13_EV-001,EV-001,2026-03-28T22:07:26.205922+00:00,340.18,300.7,-39.48,20.13,2026-03-28T22:07:26.205922+00:00
2785cd13_EV-002,EV-002,2026-03-28T22:07:26.205922+00:00,348.51,418.56,70.05,22.8,2026-03-28T22:07:26.205922+00:00
2785cd13_EV-003,EV-003,2026-03-28T22:07:26.205922+00:00,348.51,348.58,0.06,23.43,2026-03-28T22:07:26.205922+00:00
2785cd13_EV-004,EV-004,2026-03-28T22:07:26.205922+00:00,1009.31,1069.51,60.21,39.0,2026-03-28T22:07:26.205922+00:00
2785cd13_EV-005,EV-005,2026-03-28T22:07:26.205922+00:00,1027.11,1123.21,96.1,42.0,2026-03-28T22:07:26.205922+00:00
2785cd13_EV-006,EV-006,2026-03-28T22:07:26.205922+00:00,1030.1,1052.05,21.94,50.25,2026-03-28T22:07:26.205922+00:00
2785cd13_EV-007,EV-007,2026-03-28T22:07:26.205922+00:00,378.57,332.73,-45.83,29.26,2026-03-28T22:07:26.205922+00:00
2785cd13_EV-008,EV-008,2026-03-28T22:07:26.205922+00:00,1027.11,1022.15,-4.95,43.5,2026-03-28T22:07:26.205922+00:00
2785cd13_EV-009,EV-009,2026-03-28T22:07:26.205922+00:00,1027.11,1004.53,-22.58,45.75,2026-03-28T22:07:26.205922+00:00
2785cd13_EV-010,EV-010,2026-03-28T22:07:26.205922+00:00,620.8,643.52,22.72,31.68,2026-03-28T22:07:26.205922+00:00
2785cd13_EV-011,EV-011,2026-03-28T22:07:26.205922+00:00,1030.1,1223.91,193.81,62.25,2026-03-28T22:07:26.205922+00:00
2785cd13_EV-012,EV-012,2026-03-28T22:07:26.205922+00:00,1009.31,907.72,-101.58,36.72,2026-03-28T22:07:26.205922+00:00
2785cd13_EV-013,EV-013,2026-03-28T22:07:26.205922+00:00,1030.1,1204.13,174.03,51.12,2026-03-28T22:07:26.205922+00:00
2785cd13_EV-014,EV-014,2026-03-28T22:07:26.205922+00:00,348.51,307.14,-41.37,23.6,2026-03-28T22:07:26.205922+00:00
2785cd13_EV-015,EV-015,2026-03-28T22:07:26.205922+00:00,379.6,518.81,139.2,26.5,2026-03-28T22:07:26.205922+00:00
2785cd13_EV-016,EV-016,2026-03-28T22:07:26.205922+00:00,1030.1,1210.2,180.1,66.0,2026-03-28T22:07:26.205922+00:00
2785cd13_EV-017,EV-017,2026-03-28T22:07:26.205922+00:00,655.75,637.37,-18.38,33.06,2026-03-28T22:07:26.205922+00:00
2785cd13_EV-018,EV-018,2026-03-28T22:07:26.205922+00:00,1027.11,991.16,-35.95,42.35,2026-03-28T22:07:26.205922+00:00
2785cd13_EV-019,EV-019,2026-03-28T22:07:26.205922+00:00,1027.11,970.08,-57.03,47.4,2026-03-28T22:07:26.205922+00:00
2785cd13_EV-020,EV-020,2026-03-28T22:07:26.205922+00:00,1030.1,1009.09,-21.01,81.7,2026-03-28T22:07:26.205922+00:00
2785cd13_EV-021,EV-021,2026-03-28T22:07:26.205922+00:00,365.09,405.64,40.55,24.0,2026-03-28T22:07:26.205922+00:00
2785cd13_EV-022,EV-022,2026-03-28T22:07:26.205922+00:00,655.75,713.88,58.12,35.4,2026-03-28T22:07:26.205922+00:00
2785cd13_EV-023,EV-023,2026-03-28T22:07:26.205922+00:00,1030.1,1122.09,91.98,56.8,2026-03-28T22:07:26.205922+00:00
2785cd13_EV-024,EV-024,2026-03-28T22:07:26.205922+00:00,1027.11,1031.23,4.12,44.8,2026-03-28T22:07:26.205922+00:00
2785cd13_EV-025,EV-025,2026-03-28T22:07:26.205922+00:00,655.75,533.82,-121.94,33.0,2026-03-28T22:07:26.205922+00:00
2785cd13_EV-026,EV-026,2026-03-28T22:07:26.205922+00:00,1030.1,1114.08,83.97,60.06,2026-03-28T22:07:26.205922+00:00
2785cd13_EV-027,EV-027,2026-03-28T22:07:26.205922+00:00,655.75,675.5,19.74,33.0,2026-03-28T22:07:26.205922+00:00
2785cd13_EV-028,EV-028,2026-03-28T22:07:26.205922+00:00,1027.11,1011.14,-15.97,47.5,2026-03-28T22:07:26.205922+00:00
2785cd13_EV-029,EV-029,2026-03-28T22:07:26.205922+00:00,367.42,276.45,-90.97,14.5,2026-03-28T22:07:26.205922+00:00
2785cd13_EV-030,EV-030,2026-03-28T22:07:26.205922+00:00,1030.1,1089.99,59.89,60.83,2026-03-28T22:07:26.205922+00:00
2785cd13_EV-031,EV-031,2026-03-28T22:07:26.205922+00:00,1030.1,999.09,-31.02,56.21,2026-03-28T22:07:26.205922+00:00
2785cd13_EV-032,EV-032,2026-03-28T22:07:26.205922+00:00,335.67,345.19,9.52,18.0,2026-03-28T22:07:26.205922+00:00
2785cd13_EV-033,EV-033,2026-03-28T22:07:26.205922+00:00,620.8,619.17,-1.63,31.5,2026-03-28T22:07:26.205922+00:00
2785cd13_EV-034,EV-034,2026-03-28T22:07:26.205922+00:00,1030.1,1029.33,-0.78,61.5,2026-03-28T22:07:26.205922+00:00
2785cd13_EV-035,EV-035,2026-03-28T22:07:26.205922+00:00,1030.1,926.93,-103.17,52.36,2026-03-28T22:07:26.205922+00:00
2785cd13_EV-036,EV-036,2026-03-28T22:07:26.205922+00:00,1027.11,990.47,-36.64,42.35,2026-03-28T22:07:26.205922+00:00
2785cd13_EV-037,EV-037,2026-03-28T22:07:26.205922+00:00,1050.51,942.12,-108.39,40.02,2026-03-28T22:07:26.205922+00:00
2785cd13_EV-038,EV-038,2026-03-28T22:07:26.205922+00:00,655.75,662.16,6.41,34.2,2026-03-28T22:07:26.205922+00:00
2785cd13_EV-039,EV-039,2026-03-28T22:07:26.205922+00:00,1030.1,1078.22,48.12,56.05,2026-03-28T22:07:26.205922+00:00
2785cd13_EV-040,EV-040,2026-03-28T22:07:26.205922+00:00,1030.1,1186.39,156.29,51.0,2026-03-28T22:07:26.205922+00:00
2785cd13_EV-041,EV-041,2026-03-28T22:07:26.205922+00:00,1009.31,851.39,-157.92,36.72,2026-03-28T22:07:26.205922+00:00
2785cd13_EV-042,EV-042,2026-03-28T22:07:26.205922+00:00,1027.11,980.66,-46.45,44.66,2026-03-28T22:07:26.205922+00:00
2785cd13_EV-043,EV-043,2026-03-28T22:07:26.205922+00:00,1030.1,879.13,-150.98,61.75,2026-03-28T22:07:26.205922+00:00
2785cd13_EV-044,EV-044,2026-03-28T22:07:26.205922+00:00,348.51,273.85,-74.66,23.2,2026-03-28T22:07:26.205922+00:00
2785cd13_EV-045,EV-045,2026-03-28T22:07:26.205922+00:00,1027.11,991.3,-35.81,43.12,2026-03-28T22:07:26.205922+00:00
2785cd13_EV-046,EV-046,2026-03-28T22:07:26.205922+00:00,365.09,165.8,-199.29,24.4,2026-03-28T22:07:26.205922+00:00
2785cd13_EV-047,EV-047,2026-03-28T22:07:26.205922+00:00,1030.1,1106.37,76.27,64.0,2026-03-28T22:07:26.205922+00:00
2785cd13_EV-048,EV-048,2026-03-28T22:07:26.205922+00:00,1027.11,1039.7,12.6,46.98,2026-03-28T22:07:26.205922+00:00
2785cd13_EV-049,EV-049,2026-03-28T22:07:26.205922+00:00,1027.11,1007.38,-19.73,43.12,2026-03-28T22:07:26.205922+00:00
2785cd13_EV-050,EV-050,2026-03-28T22:07:26.205922+00:00,620.8,609.01,-11.79,31.5,2026-03-28T22:07:26.205922+00:00
07802dda_EV-01,EV-01,2026-03-28T09:00:00+00:00,721.39,631.4,-89.99,45.0,2026-03-28T09:00:00+00:00
07802dda_EV-02,EV-02,2026-03-28T09:00:00+00:00,721.39,819.81,98.42,42.0,2026-03-28T09:00:00+00:00
07802dda_EV-03,EV-03,2026-03-28T09:00:00+00:00,713.03,903.92,190.89,39.0,2026-03-28T09:00:00+00:00
07802dda_EV-04,EV-04,2026-03-28T09:00:00+00:00,588.96,643.93,54.97,36.0,2026-03-28T09:00:00+00:00
07802dda_EV-05,EV-05,2026-03-28T09:00:00+00:00,588.96,578.93,-10.03,33.0,2026-03-28T09:00:00+00:00
07802dda_EV-06,EV-06,2026-03-28T09:00:00+00:00,542.29,852.91,310.62,30.0,2026-03-28T09:00:00+00:00
07802dda_EV-07,EV-07,2026-03-28T09:00:00+00:00,542.29,570.63,28.34,27.0,2026-03-28T09:00:00+00:00
07802dda_EV-08,EV-08,2026-03-28T09:00:00+00:00,536.51,261.06,-275.45,24.0,2026-03-28T09:00:00+00:00
07802dda_EV-09,EV-09,2026-03-28T09:00:00+00:00,505.39,578.05,72.67,21.0,2026-03-28T09:00:00+00:00
07802dda_EV-10,EV-10,2026-03-28T09:00:00+00:00,493.45,292.62,-200.83,18.0,2026-03-28T09:00:00+00:00
133bfb27_EV-01,EV-01,2026-03-28T09:00:00+00:00,721.39,534.14,-187.25,45.0,2026-03-28T09:00:00+00:00
133bfb27_EV-02,EV-02,2026-03-28T09:00:00+00:00,721.39,895.49,174.1,42.0,2026-03-28T09:00:00+00:00
133bfb27_EV-03,EV-03,2026-03-28T09:00:00+00:00,713.03,782.39,69.36,39.0,2026-03-28T09:00:00+00:00
133bfb27_EV-04,EV-04,2026-03-28T09:00:00+00:00,588.96,808.32,219.36,36.0,2026-03-28T09:00:00+00:00
133bfb27_EV-05,EV-05,2026-03-28T09:00:00+00:00,588.96,530.34,-58.62,33.0,2026-03-28T09:00:00+00:00
133bfb27_EV-06,EV-06,2026-03-28T09:00:00+00:00,542.29,501.47,-40.81,30.0,2026-03-28T09:00:00+00:00
133bfb27_EV-07,EV-07,2026-03-28T09:00:00+00:00,542.29,1003.49,461.2,27.0,2026-03-28T09:00:00+00:00
133bfb27_EV-08,EV-08,2026-03-28T09:00:00+00:00,536.51,398.12,-138.39,24.0,2026-03-28T09:00:00+00:00
133bfb27_EV-09,EV-09,2026-03-28T09:00:00+00:00,505.39,396.58,-108.81,21.0,2026-03-28T09:00:00+00:00
133bfb27_EV-10,EV-10,2026-03-28T09:00:00+00:00,493.45,516.36,22.91,18.0,2026-03-28T09:00:00+00:00
c9c951c5_EV-01,EV-01,2026-03-28T09:00:00+00:00,721.39,770.88,49.49,45.0,2026-03-28T09:00:00+00:00
c9c951c5_EV-02,EV-02,2026-03-28T09:00:00+00:00,721.39,739.48,18.1,42.0,2026-03-28T09:00:00+00:00
c9c951c5_EV-03,EV-03,2026-03-28T09:00:00+00:00,713.03,570.85,-142.18,39.0,2026-03-28T09:00:00+00:00
c9c951c5_EV-04,EV-04,2026-03-28T09:00:00+00:00,588.96,336.09,-252.87,36.0,2026-03-28T09:00:00+00:00
c9c951c5_EV-05,EV-05,2026-03-28T09:00:00+00:00,588.96,677.95,89.0,33.0,2026-03-28T09:00:00+00:00
c9c951c5_EV-06,EV-06,2026-03-28T09:00:00+00:00,542.29,306.94,-235.34,30.0,2026-03-28T09:00:00+00:00
c9c951c5_EV-07,EV-07,2026-03-28T09:00:00+00:00,542.29,420.48,-121.8,27.0,2026-03-28T09:00:00+00:00
c9c951c5_EV-08,EV-08,2026-03-28T09:00:00+00:00,536.51,467.52,-68.99,24.0,2026-03-28T09:00:00+00:00
c9c951c5_EV-09,EV-09,2026-03-28T09:00:00+00:00,505.39,416.74,-88.64,21.0,2026-03-28T09:00:00+00:00
c9c951c5_EV-10,EV-10,2026-03-28T09:00:00+00:00,493.45,602.34,108.89,18.0,2026-03-28T09:00:00+00:00
0604e069_EV-01,EV-01,2026-03-28T09:00:00+00:00,721.39,504.35,-217.04,45.0,2026-03-28T09:00:00+00:00
0604e069_EV-02,EV-02,2026-03-28T09:00:00+00:00,721.39,519.1,-202.29,42.0,2026-03-28T09:00:00+00:00
0604e069_EV-03,EV-03,2026-03-28T09:00:00+00:00,713.03,810.28,97.25,39.0,2026-03-28T09:00:00+00:00
0604e069_EV-04,EV-04,2026-03-28T09:00:00+00:00,588.96,542.05,-46.91,36.0,2026-03-28T09:00:00+00:00
0604e069_EV-05,EV-05,2026-03-28T09:00:00+00:00,588.96,348.87,-240.09,33.0,2026-03-28T09:00:00+00:00
0604e069_EV-06,EV-06,2026-03-28T09:00:00+00:00,542.29,580.03,37.75,30.0,2026-03-28T09:00:00+00:00
0604e069_EV-07,EV-07,2026-03-28T09:00:00+00:00,542.29,732.7,190.41,27.0,2026-03-28T09:00:00+00:00
0604e069_EV-08,EV-08,2026-03-28T09:00:00+00:00,536.51,672.39,135.88,24.0,2026-03-28T09:00:00+00:00
0604e069_EV-09,EV-09,2026-03-28T09:00:00+00:00,505.39,416.63,-88.75,21.0,2026-03-28T09:00:00+00:00
0604e069_EV-10,EV-10,2026-03-28T09:00:00+00:00,493.45,567.88,74.43,18.0,2026-03-28T09:00:00+00:00
51b46924_EV-01,EV-01,2026-03-28T09:00:00+00:00,721.39,555.57,-165.82,45.0,2026-03-28T09:00:00+00:00
51b46924_EV-02,EV-02,2026-03-28T09:00:00+00:00,721.39,811.49,90.1,42.0,2026-03-28T09:00:00+00:00
51b46924_EV-03,EV-03,2026-03-28T09:00:00+00:00,713.03,682.83,-30.2,39.0,2026-03-28T09:00:00+00:00
51b46924_EV-04,EV-04,2026-03-28T09:00:00+00:00,588.96,807.6,218.65,36.0,2026-03-28T09:00:00+00:00
51b46924_EV-05,EV-05,2026-03-28T09:00:00+00:00,588.96,525.54,-63.42,33.0,2026-03-28T09:00:00+00:00
51b46924_EV-06,EV-06,2026-03-28T09:00:00+00:00,542.29,554.47,12.18,30.0,2026-03-28T09:00:00+00:00
51b46924_EV-07,EV-07,2026-03-28T09:00:00+00:00,542.29,579.87,37.58,27.0,2026-03-28T09:00:00+00:00
51b46924_EV-08,EV-08,2026-03-28T09:00:00+00:00,536.51,259.87,-276.64,24.0,2026-03-28T09:00:00+00:00
51b46924_EV-09,EV-09,2026-03-28T09:00:00+00:00,505.39,543.66,38.27,21.0,2026-03-28T09:00:00+00:00
51b46924_EV-10,EV-10,2026-03-28T09:00:00+00:00,493.45,672.01,178.56,18.0,2026-03-28T09:00:00+00:00
56fbfdd8_EV-01,EV-01,2026-03-28T09:00:00+00:00,721.39,966.44,245.06,45.0,2026-03-28T09:00:00+00:00
56fbfdd8_EV-02,EV-02,2026-03-28T09:00:00+00:00,721.39,697.25,-24.14,42.0,2026-03-28T09:00:00+00:00
56fbfdd8_EV-03,EV-03,2026-03-28T09:00:00+00:00,713.03,752.12,39.09,39.0,2026-03-28T09:00:00+00:00
56fbfdd8_EV-04,EV-04,2026-03-28T09:00:00+00:00,588.96,565.91,-23.05,36.0,2026-03-28T09:00:00+00:00
56fbfdd8_EV-05,EV-05,2026-03-28T09:00:00+00:00,588.96,450.86,-138.1,33.0,2026-03-28T09:00:00+00:00
56fbfdd8_EV-06,EV-06,2026-03-28T09:00:00+00:00,542.29,640.19,97.9,30.0,2026-03-28T09:00:00+00:00
56fbfdd8_EV-07,EV-07,2026-03-28T09:00:00+00:00,542.29,549.29,7.0,27.0,2026-03-28T09:00:00+00:00
56fbfdd8_EV-08,EV-08,2026-03-28T09:00:00+00:00,536.51,733.63,197.12,24.0,2026-03-28T09:00:00+00:00
56fbfdd8_EV-09,EV-09,2026-03-28T09:00:00+00:00,505.39,833.31,327.92,21.0,2026-03-28T09:00:00+00:00
56fbfdd8_EV-10,EV-10,2026-03-28T09:00:00+00:00,493.45,437.5,-55.95,18.0,2026-03-28T09:00:00+00:00
658f0e83_EV-01,EV-01,2026-03-28T09:00:00+00:00,724.72,824.57,99.85,48.0,2026-03-28T09:00:00+00:00
658f0e83_EV-02,EV-02,2026-03-28T09:00:00+00:00,721.39,585.69,-135.7,42.0,2026-03-28T09:00:00+00:00
658f0e83_EV-03,EV-03,2026-03-28T09:00:00+00:00,588.96,572.81,-16.15,36.0,2026-03-28T09:00:00+00:00
658f0e83_EV-04,EV-04,2026-03-28T09:00:00+00:00,542.29,639.98,97.69,30.0,2026-03-28T09:00:00+00:00
658f0e83_EV-05,EV-05,2026-03-28T09:00:00+00:00,536.51,795.03,258.52,24.0,2026-03-28T09:00:00+00:00
658f0e83_EV-06,EV-06,2026-03-28T09:00:00+00:00,724.72,911.96,187.25,48.0,2026-03-28T09:00:00+00:00
658f0e83_EV-07,EV-07,2026-03-28T09:00:00+00:00,721.39,685.44,-35.95,42.0,2026-03-28T09:00:00+00:00
658f0e83_EV-08,EV-08,2026-03-28T09:00:00+00:00,588.96,614.69,25.73,36.0,2026-03-28T09:00:00+00:00
658f0e83_EV-09,EV-09,2026-03-28T09:00:00+00:00,542.29,581.48,39.19,30.0,2026-03-28T09:00:00+00:00
658f0e83_EV-10,EV-10,2026-03-28T09:00:00+00:00,536.51,456.3,-80.21,24.0,2026-03-28T09:00:00+00:00
658f0e83_EV-11,EV-11,2026-03-28T09:00:00+00:00,724.72,495.79,-228.93,48.0,2026-03-28T09:00:00+00:00
658f0e83_EV-12,EV-12,2026-03-28T09:00:00+00:00,721.39,696.96,-24.43,42.0,2026-03-28T09:00:00+00:00
658f0e83_EV-13,EV-13,2026-03-28T09:00:00+00:00,588.96,855.72,266.76,36.0,2026-03-28T09:00:00+00:00
658f0e83_EV-14,EV-14,2026-03-28T09:00:00+00:00,542.29,579.99,37.71,30.0,2026-03-28T09:00:00+00:00
658f0e83_EV-15,EV-15,2026-03-28T09:00:00+00:00,536.51,686.18,149.67,24.0,2026-03-28T09:00:00+00:00
658f0e83_EV-16,EV-16,2026-03-28T09:00:00+00:00,724.72,813.33,88.61,48.0,2026-03-28T09:00:00+00:00
658f0e83_EV-17,EV-17,2026-03-28T09:00:00+00:00,721.39,730.25,8.86,42.0,2026-03-28T09:00:00+00:00
658f0e83_EV-18,EV-18,2026-03-28T09:00:00+00:00,588.96,697.85,108.9,36.0,2026-03-28T09:00:00+00:00
658f0e83_EV-19,EV-19,2026-03-28T09:00:00+00:00,542.29,662.57,120.28,30.0,2026-03-28T09:00:00+00:00
658f0e83_EV-20,EV-20,2026-03-28T09:00:00+00:00,536.51,696.28,159.77,24.0,2026-03-28T09:00:00+00:00
fed08a1e_EV-01,EV-01,2026-03-28T09:00:00+00:00,724.72,569.37,-155.34,48.0,2026-03-28T09:00:00+00:00
fed08a1e_EV-02,EV-02,2026-03-28T09:00:00+00:00,721.39,930.83,209.44,42.0,2026-03-28T09:00:00+00:00
fed08a1e_EV-03,EV-03,2026-03-28T09:00:00+00:00,588.96,771.56,182.6,36.0,2026-03-28T09:00:00+00:00
fed08a1e_EV-04,EV-04,2026-03-28T09:00:00+00:00,542.29,404.19,-138.09,30.0,2026-03-28T09:00:00+00:00
fed08a1e_EV-05,EV-05,2026-03-28T09:00:00+00:00,536.51,509.33,-27.18,24.0,2026-03-28T09:00:00+00:00
fed08a1e_EV-06,EV-06,2026-03-28T09:00:00+00:00,724.72,767.18,42.46,48.0,2026-03-28T09:00:00+00:00
fed08a1e_EV-07,EV-07,2026-03-28T09:00:00+00:00,721.39,781.56,60.18,42.0,2026-03-28T09:00:00+00:00
fed08a1e_EV-08,EV-08,2026-03-28T09:00:00+00:00,588.96,601.42,12.46,36.0,2026-03-28T09:00:00+00:00
fed08a1e_EV-09,EV-09,2026-03-28T09:00:00+00:00,542.29,580.64,38.35,30.0,2026-03-28T09:00:00+00:00
fed08a1e_EV-10,EV-10,2026-03-28T09:00:00+00:00,536.51,313.76,-222.76,24.0,2026-03-28T09:00:00+00:00
fed08a1e_EV-11,EV-11,2026-03-28T09:00:00+00:00,724.72,668.15,-56.56,48.0,2026-03-28T09:00:00+00:00
fed08a1e_EV-12,EV-12,2026-03-28T09:00:00+00:00,721.39,264.75,-456.64,42.0,2026-03-28T09:00:00+00:00
fed08a1e_EV-13,EV-13,2026-03-28T09:00:00+00:00,588.96,595.93,6.97,36.0,2026-03-28T09:00:00+00:00
fed08a1e_EV-14,EV-14,2026-03-28T09:00:00+00:00,542.29,484.45,-57.84,30.0,2026-03-28T09:00:00+00:00
fed08a1e_EV-15,EV-15,2026-03-28T09:00:00+00:00,536.51,617.94,81.42,24.0,2026-03-28T09:00:00+00:00
fed08a1e_EV-16,EV-16,2026-03-28T09:00:00+00:00,724.72,972.05,247.34,48.0,2026-03-28T09:00:00+00:00
fed08a1e_EV-17,EV-17,2026-03-28T09:00:00+00:00,721.39,853.92,132.53,42.0,2026-03-28T09:00:00+00:00
fed08a1e_EV-18,EV-18,2026-03-28T09:00:00+00:00,588.96,606.43,17.47,36.0,2026-03-28T09:00:00+00:00
fed08a1e_EV-19,EV-19,2026-03-28T09:00:00+00:00,542.29,730.32,188.03,30.0,2026-03-28T09:00:00+00:00
fed08a1e_EV-20,EV-20,2026-03-28T09:00:00+00:00,536.51,548.23,11.72,24.0,2026-03-28T09:00:00+00:00
cd4126a0_EV-01,EV-01,2026-03-28T09:00:00+00:00,724.72,678.92,-45.8,48.0,2026-03-28T09:00:00+00:00
cd4126a0_EV-02,EV-02,2026-03-28T09:00:00+00:00,721.39,801.44,80.05,42.0,2026-03-28T09:00:00+00:00
cd4126a0_EV-03,EV-03,2026-03-28T09:00:00+00:00,588.96,370.35,-218.6,36.0,2026-03-28T09:00:00+00:00
cd4126a0_EV-04,EV-04,2026-03-28T09:00:00+00:00,542.29,521.33,-20.95,30.0,2026-03-28T09:00:00+00:00
cd4126a0_EV-05,EV-05,2026-03-28T09:00:00+00:00,536.51,317.2,-219.31,24.0,2026-03-28T09:00:00+00:00
cd4126a0_EV-06,EV-06,2026-03-28T09:00:00+00:00,724.72,717.28,-7.43,48.0,2026-03-28T09:00:00+00:00
cd4126a0_EV-07,EV-07,2026-03-28T09:00:00+00:00,721.39,661.63,-59.76,42.0,2026-03-28T09:00:00+00:00
cd4126a0_EV-08,EV-08,2026-03-28T09:00:00+00:00,588.96,601.66,12.71,36.0,2026-03-28T09:00:00+00:00
cd4126a0_EV-09,EV-09,2026-03-28T09:00:00+00:00,542.29,632.15,89.87,30.0,2026-03-28T09:00:00+00:00
cd4126a0_EV-10,EV-10,2026-03-28T09:00:00+00:00,536.51,367.7,-168.81,24.0,2026-03-28T09:00:00+00:00
cd4126a0_EV-11,EV-11,2026-03-28T09:00:00+00:00,724.72,748.65,23.93,48.0,2026-03-28T09:00:00+00:00
cd4126a0_EV-12,EV-12,2026-03-28T09:00:00+00:00,721.39,576.03,-145.36,42.0,2026-03-28T09:00:00+00:00
cd4126a0_EV-13,EV-13,2026-03-28T09:00:00+00:00,588.96,394.72,-194.24,36.0,2026-03-28T09:00:00+00:00
cd4126a0_EV-14,EV-14,2026-03-28T09:00:00+00:00,542.29,379.3,-162.98,30.0,2026-03-28T09:00:00+00:00
cd4126a0_EV-15,EV-15,2026-03-28T09:00:00+00:00,536.51,427.97,-108.54,24.0,2026-03-28T09:00:00+00:00
cd4126a0_EV-16,EV-16,2026-03-28T09:00:00+00:00,724.72,696.46,-28.26,48.0,2026-03-28T09:00:00+00:00
cd4126a0_EV-17,EV-17,2026-03-28T09:00:00+00:00,721.39,544.98,-176.41,42.0,2026-03-28T09:00:00+00:00
cd4126a0_EV-18,EV-18,2026-03-28T09:00:00+00:00,588.96,339.55,-249.41,36.0,2026-03-28T09:00:00+00:00
cd4126a0_EV-19,EV-19,2026-03-28T09:00:00+00:00,542.29,772.07,229.78,30.0,2026-03-28T09:00:00+00:00
cd4126a0_EV-20,EV-20,2026-03-28T09:00:00+00:00,536.51,274.37,-262.14,24.0,2026-03-28T09:00:00+00:00
07a5ef0d_EV-01,EV-01,2026-03-28T09:00:00+00:00,724.72,700.39,-24.33,48.0,2026-03-28T09:00:00+00:00
07a5ef0d_EV-02,EV-02,2026-03-28T09:00:00+00:00,721.39,751.55,30.16,42.0,2026-03-28T09:00:00+00:00
07a5ef0d_EV-03,EV-03,2026-03-28T09:00:00+00:00,588.96,646.9,57.94,36.0,2026-03-28T09:00:00+00:00
07a5ef0d_EV-04,EV-04,2026-03-28T09:00:00+00:00,542.29,730.0,187.72,30.0,2026-03-28T09:00:00+00:00
07a5ef0d_EV-05,EV-05,2026-03-28T09:00:00+00:00,536.51,788.94,252.43,24.0,2026-03-28T09:00:00+00:00
07a5ef0d_EV-06,EV-06,2026-03-28T09:00:00+00:00,724.72,875.51,150.79,48.0,2026-03-28T09:00:00+00:00
07a5ef0d_EV-07,EV-07,2026-03-28T09:00:00+00:00,721.39,483.75,-237.64,42.0,2026-03-28T09:00:00+00:00
07a5ef0d_EV-08,EV-08,2026-03-28T09:00:00+00:00,588.96,487.6,-101.36,36.0,2026-03-28T09:00:00+00:00
07a5ef0d_EV-09,EV-09,2026-03-28T09:00:00+00:00,542.29,729.23,186.94,30.0,2026-03-28T09:00:00+00:00
07a5ef0d_EV-10,EV-10,2026-03-28T09:00:00+00:00,536.51,151.01,-385.5,24.0,2026-03-28T09:00:00+00:00
6961cccc_EV-01,EV-01,2026-03-28T09:00:00+00:00,724.72,640.7,-84.02,48.0,2026-03-28T09:00:00+00:00
6961cccc_EV-02,EV-02,2026-03-28T09:00:00+00:00,721.39,747.99,26.61,42.0,2026-03-28T09:00:00+00:00
6961cccc_EV-03,EV-03,2026-03-28T09:00:00+00:00,588.96,494.19,-94.77,36.0,2026-03-28T09:00:00+00:00
6961cccc_EV-04,EV-04,2026-03-28T09:00:00+00:00,542.29,574.37,32.09,30.0,2026-03-28T09:00:00+00:00
6961cccc_EV-05,EV-05,2026-03-28T09:00:00+00:00,536.51,266.98,-269.53,24.0,2026-03-28T09:00:00+00:00
6961cccc_EV-06,EV-06,2026-03-28T09:00:00+00:00,724.72,599.22,-125.5,48.0,2026-03-28T09:00:00+00:00
6961cccc_EV-07,EV-07,2026-03-28T09:00:00+00:00,721.39,594.69,-126.7,42.0,2026-03-28T09:00:00+00:00
6961cccc_EV-08,EV-08,2026-03-28T09:00:00+00:00,588.96,574.57,-14.39,36.0,2026-03-28T09:00:00+00:00
6961cccc_EV-09,EV-09,2026-03-28T09:00:00+00:00,542.29,424.49,-117.8,30.0,2026-03-28T09:00:00+00:00
6961cccc_EV-10,EV-10,2026-03-28T09:00:00+00:00,536.51,686.47,149.96,24.0,2026-03-28T09:00:00+00:00
c48598a7_EV-01,EV-01,2026-03-28T09:00:00+00:00,724.72,840.81,116.1,48.0,2026-03-28T09:00:00+00:00
c48598a7_EV-02,EV-02,2026-03-28T09:00:00+00:00,721.39,771.74,50.35,42.0,2026-03-28T09:00:00+00:00
c48598a7_EV-03,EV-03,2026-03-28T09:00:00+00:00,588.96,521.95,-67.01,36.0,2026-03-28T09:00:00+00:00
c48598a7_EV-04,EV-04,2026-03-28T09:00:00+00:00,542.29,459.01,-83.28,30.0,2026-03-28T09:00:00+00:00
c48598a7_EV-05,EV-05,2026-03-28T09:00:00+00:00,536.51,701.87,165.36,24.0,2026-03-28T09:00:00+00:00
c48598a7_EV-06,EV-06,2026-03-28T09:00:00+00:00,724.72,729.52,4.8,48.0,2026-03-28T09:00:00+00:00
c48598a7_EV-07,EV-07,2026-03-28T09:00:00+00:00,721.39,525.0,-196.39,42.0,2026-03-28T09:00:00+00:00
c48598a7_EV-08,EV-08,2026-03-28T09:00:00+00:00,588.96,747.54,158.59,36.0,2026-03-28T09:00:00+00:00
c48598a7_EV-09,EV-09,2026-03-28T09:00:00+00:00,542.29,497.63,-44.65,30.0,2026-03-28T09:00:00+00:00
c48598a7_EV-10,EV-10,2026-03-28T09:00:00+00:00,536.51,500.88,-35.63,24.0,2026-03-28T09:00:00+00:00
5c415fcd_EV-01,EV-01,2026-03-28T09:00:00+00:00,724.72,557.15,-167.56,48.0,2026-03-28T09:00:00+00:00
5c415fcd_EV-02,EV-02,2026-03-28T09:00:00+00:00,721.39,458.2,-263.18,42.0,2026-03-28T09:00:00+00:00
5c415fcd_EV-03,EV-03,2026-03-28T09:00:00+00:00,588.96,694.44,105.48,36.0,2026-03-28T09:00:00+00:00
5c415fcd_EV-04,EV-04,2026-03-28T09:00:00+00:00,542.29,597.22,54.94,30.0,2026-03-28T09:00:00+00:00
5c415fcd_EV-05,EV-05,2026-03-28T09:00:00+00:00,536.51,265.42,-271.09,24.0,2026-03-28T09:00:00+00:00
5c415fcd_EV-06,EV-06,2026-03-28T09:00:00+00:00,724.72,806.19,81.47,48.0,2026-03-28T09:00:00+00:00
5c415fcd_EV-07,EV-07,2026-03-28T09:00:00+00:00,721.39,856.18,134.8,42.0,2026-03-28T09:00:00+00:00
5c415fcd_EV-08,EV-08,2026-03-28T09:00:00+00:00,588.96,832.57,243.61,36.0,2026-03-28T09:00:00+00:00
5c415fcd_EV-09,EV-09,2026-03-28T09:00:00+00:00,542.29,802.37,260.09,30.0,2026-03-28T09:00:00+00:00
5c415fcd_EV-10,EV-10,2026-03-28T09:00:00+00:00,536.51,367.21,-169.3,24.0,2026-03-28T09:00:00+00:00
9b0ca139_EV-01,EV-01,2026-03-28T09:00:00+00:00,724.72,690.42,-34.29,48.0,2026-03-28T09:00:00+00:00
9b0ca139_EV-02,EV-02,2026-03-28T09:00:00+00:00,721.39,846.5,125.12,42.0,2026-03-28T09:00:00+00:00
9b0ca139_EV-03,EV-03,2026-03-28T09:00:00+00:00,588.96,553.78,-35.17,36.0,2026-03-28T09:00:00+00:00
9b0ca139_EV-04,EV-04,2026-03-28T09:00:00+00:00,542.29,595.7,53.41,30.0,2026-03-28T09:00:00+00:00
9b0ca139_EV-05,EV-05,2026-03-28T09:00:00+00:00,536.51,564.41,27.9,24.0,2026-03-28T09:00:00+00:00
9b0ca139_EV-06,EV-06,2026-03-28T09:00:00+00:00,724.72,661.11,-63.61,48.0,2026-03-28T09:00:00+00:00
9b0ca139_EV-07,EV-07,2026-03-28T09:00:00+00:00,721.39,758.31,36.93,42.0,2026-03-28T09:00:00+00:00
9b0ca139_EV-08,EV-08,2026-03-28T09:00:00+00:00,588.96,670.8,81.84,36.0,2026-03-28T09:00:00+00:00
9b0ca139_EV-09,EV-09,2026-03-28T09:00:00+00:00,542.29,438.52,-103.76,30.0,2026-03-28T09:00:00+00:00
9b0ca139_EV-10,EV-10,2026-03-28T09:00:00+00:00,536.51,627.64,91.13,24.0,2026-03-28T09:00:00+00:00
b0f5ebd0_EV-01,EV-01,2026-03-28T09:00:00+00:00,724.72,710.2,-14.52,48.0,2026-03-28T09:00:00+00:00
b0f5ebd0_EV-02,EV-02,2026-03-28T09:00:00+00:00,721.39,832.02,110.64,42.0,2026-03-28T09:00:00+00:00
b0f5ebd0_EV-03,EV-03,2026-03-28T09:00:00+00:00,588.96,627.44,38.48,36.0,2026-03-28T09:00:00+00:00
b0f5ebd0_EV-04,EV-04,2026-03-28T09:00:00+00:00,542.29,567.99,25.71,30.0,2026-03-28T09:00:00+00:00
b0f5ebd0_EV-05,EV-05,2026-03-28T09:00:00+00:00,536.51,449.14,-87.37,24.0,2026-03-28T09:00:00+00:00
b0f5ebd0_EV-06,EV-06,2026-03-28T09:00:00+00:00,724.72,897.89,173.18,48.0,2026-03-28T09:00:00+00:00
b0f5ebd0_EV-07,EV-07,2026-03-28T09:00:00+00:00,721.39,373.7,-347.69,42.0,2026-03-28T09:00:00+00:00
b0f5ebd0_EV-08,EV-08,2026-03-28T09:00:00+00:00,588.96,648.86,59.9,36.0,2026-03-28T09:00:00+00:00
b0f5ebd0_EV-09,EV-09,2026-03-28T09:00:00+00:00,542.29,647.62,105.33,30.0,2026-03-28T09:00:00+00:00
b0f5ebd0_EV-10,EV-10,2026-03-28T09:00:00+00:00,536.51,597.01,60.5,24.0,2026-03-28T09:00:00+00:00
f50a4fc6_EV-01,EV-01,2026-03-28T08:00:00+00:00,720.57,725.78,5.21,45.0,2026-03-28T08:00:00+00:00
f50a4fc6_EV-02,EV-02,2026-03-28T08:30:00+00:00,612.38,569.28,-43.09,24.0,2026-03-28T08:00:00+00:00
f50a4fc6_EV-03,EV-03,2026-03-28T08:45:00+00:00,817.05,925.71,108.66,60.0,2026-03-28T08:00:00+00:00
f50a4fc6_EV-04,EV-04,2026-03-28T09:00:00+00:00,542.29,725.76,183.47,27.0,2026-03-28T08:00:00+00:00
f50a4fc6_EV-05,EV-05,2026-03-28T09:15:00+00:00,499.83,145.84,-353.98,30.0,2026-03-28T08:00:00+00:00
f50a4fc6_EV-06,EV-06,2026-03-28T10:00:00+00:00,610.34,500.0,-110.35,33.0,2026-03-28T08:00:00+00:00
f50a4fc6_EV-07,EV-07,2026-03-28T10:30:00+00:00,532.4,578.92,46.52,32.0,2026-03-28T08:00:00+00:00
f50a4fc6_EV-08,EV-08,2026-03-28T11:00:00+00:00,755.09,614.19,-140.9,37.5,2026-03-28T08:00:00+00:00
f50a4fc6_EV-09,EV-09,2026-03-28T11:45:00+00:00,608.72,691.39,82.67,33.0,2026-03-28T08:00:00+00:00
f50a4fc6_EV-10,EV-10,2026-03-28T12:00:00+00:00,568.36,775.85,207.48,35.0,2026-03-28T08:00:00+00:00
d4e92fd5_EV-01,EV-01,2026-03-28T08:00:00+00:00,720.57,945.7,225.13,45.0,2026-03-28T08:00:00+00:00
d4e92fd5_EV-02,EV-02,2026-03-28T08:30:00+00:00,612.38,679.34,66.96,24.0,2026-03-28T08:00:00+00:00
d4e92fd5_EV-03,EV-03,2026-03-28T08:45:00+00:00,817.05,632.13,-184.92,60.0,2026-03-28T08:00:00+00:00
d4e92fd5_EV-04,EV-04,2026-03-28T09:00:00+00:00,542.29,426.7,-115.59,27.0,2026-03-28T08:00:00+00:00
d4e92fd5_EV-05,EV-05,2026-03-28T09:15:00+00:00,499.83,465.51,-34.32,30.0,2026-03-28T08:00:00+00:00
d4e92fd5_EV-06,EV-06,2026-03-28T10:00:00+00:00,610.34,609.87,-0.47,33.0,2026-03-28T08:00:00+00:00
d4e92fd5_EV-07,EV-07,2026-03-28T10:30:00+00:00,532.4,549.9,17.5,32.0,2026-03-28T08:00:00+00:00
d4e92fd5_EV-08,EV-08,2026-03-28T11:00:00+00:00,755.09,790.55,35.46,37.5,2026-03-28T08:00:00+00:00
d4e92fd5_EV-09,EV-09,2026-03-28T11:45:00+00:00,608.72,753.67,144.95,33.0,2026-03-28T08:00:00+00:00
d4e92fd5_EV-10,EV-10,2026-03-28T12:00:00+00:00,568.36,516.76,-51.6,35.0,2026-03-28T08:00:00+00:00
78123159_EV-01,EV-01,2026-03-28T08:00:00+00:00,720.57,569.92,-150.65,45.0,2026-03-28T08:00:00+00:00
78123159_EV-02,EV-02,2026-03-28T08:30:00+00:00,612.38,380.59,-231.78,24.0,2026-03-28T08:00:00+00:00
78123159_EV-03,EV-03,2026-03-28T08:45:00+00:00,817.05,733.59,-83.46,60.0,2026-03-28T08:00:00+00:00
78123159_EV-04,EV-04,2026-03-28T09:00:00+00:00,542.29,706.74,164.45,27.0,2026-03-28T08:00:00+00:00
78123159_EV-05,EV-05,2026-03-28T09:15:00+00:00,499.83,567.74,67.91,30.0,2026-03-28T08:00:00+00:00
78123159_EV-06,EV-06,2026-03-28T10:00:00+00:00,610.34,660.56,50.21,33.0,2026-03-28T08:00:00+00:00
78123159_EV-07,EV-07,2026-03-28T10:30:00+00:00,532.4,602.29,69.89,32.0,2026-03-28T08:00:00+00:00
78123159_EV-08,EV-08,2026-03-28T11:00:00+00:00,755.09,754.11,-0.97,37.5,2026-03-28T08:00:00+00:00
78123159_EV-09,EV-09,2026-03-28T11:45:00+00:00,608.72,649.93,41.22,33.0,2026-03-28T08:00:00+00:00
78123159_EV-10,EV-10,2026-03-28T12:00:00+00:00,568.36,530.96,-37.4,35.0,2026-03-28T08:00:00+00:00
27493a7c_EV-01,EV-01,2026-03-28T08:00:00+00:00,720.57,775.32,54.75,45.0,2026-03-28T08:00:00+00:00
27493a7c_EV-02,EV-02,2026-03-28T08:30:00+00:00,612.38,685.4,73.03,24.0,2026-03-28T08:00:00+00:00
27493a7c_EV-03,EV-03,2026-03-28T08:45:00+00:00,817.05,914.68,97.64,60.0,2026-03-28T08:00:00+00:00
27493a7c_EV-04,EV-04,2026-03-28T09:00:00+00:00,542.29,754.79,212.5,27.0,2026-03-28T08:00:00+00:00
27493a7c_EV-05,EV-05,2026-03-28T09:15:00+00:00,499.83,414.69,-85.14,30.0,2026-03-28T08:00:00+00:00
27493a7c_EV-06,EV-06,2026-03-28T10:00:00+00:00,610.34,589.69,-20.65,33.0,2026-03-28T08:00:00+00:00
27493a7c_EV-07,EV-07,2026-03-28T10:30:00+00:00,532.4,522.37,-10.03,32.0,2026-03-28T08:00:00+00:00
27493a7c_EV-08,EV-08,2026-03-28T11:00:00+00:00,755.09,703.58,-51.51,37.5,2026-03-28T08:00:00+00:00
27493a7c_EV-09,EV-09,2026-03-28T11:45:00+00:00,608.72,557.74,-50.98,33.0,2026-03-28T08:00:00+00:00
27493a7c_EV-10,EV-10,2026-03-28T12:00:00+00:00,568.36,411.47,-156.89,35.0,2026-03-28T08:00:00+00:00
b131523f_EV-01,EV-01,2026-03-28T08:00:00+00:00,720.57,801.2,80.63,45.0,2026-03-28T08:00:00+00:00
b131523f_EV-02,EV-02,2026-03-28T08:30:00+00:00,612.38,847.59,235.22,24.0,2026-03-28T08:00:00+00:00
b131523f_EV-03,EV-03,2026-03-28T08:45:00+00:00,817.05,801.93,-15.12,60.0,2026-03-28T08:00:00+00:00
b131523f_EV-04,EV-04,2026-03-28T09:00:00+00:00,542.29,362.19,-180.09,27.0,2026-03-28T08:00:00+00:00
b131523f_EV-05,EV-05,2026-03-28T09:15:00+00:00,499.83,489.1,-10.73,30.0,2026-03-28T08:00:00+00:00
b131523f_EV-06,EV-06,2026-03-28T10:00:00+00:00,610.34,589.65,-20.69,33.0,2026-03-28T08:00:00+00:00
b131523f_EV-07,EV-07,2026-03-28T10:30:00+00:00,532.4,576.15,43.76,32.0,2026-03-28T08:00:00+00:00
b131523f_EV-08,EV-08,2026-03-28T11:00:00+00:00,755.09,923.02,167.94,37.5,2026-03-28T08:00:00+00:00
b131523f_EV-09,EV-09,2026-03-28T11:45:00+00:00,608.72,568.74,-39.98,33.0,2026-03-28T08:00:00+00:00
b131523f_EV-10,EV-10,2026-03-28T12:00:00+00:00,568.36,578.42,10.06,35.0,2026-03-28T08:00:00+00:00
aefdc4a8_EV-01,EV-01,2026-03-28T08:00:00+00:00,720.57,664.35,-56.22,45.0,2026-03-28T08:00:00+00:00
aefdc4a8_EV-02,EV-02,2026-03-28T08:30:00+00:00,612.38,611.81,-0.57,24.0,2026-03-28T08:00:00+00:00
aefdc4a8_EV-03,EV-03,2026-03-28T08:45:00+00:00,817.05,643.59,-173.46,60.0,2026-03-28T08:00:00+00:00
aefdc4a8_EV-04,EV-04,2026-03-28T09:00:00+00:00,542.29,569.1,26.82,27.0,2026-03-28T08:00:00+00:00
aefdc4a8_EV-05,EV-05,2026-03-28T09:15:00+00:00,499.83,716.49,216.66,30.0,2026-03-28T08:00:00+00:00
aefdc4a8_EV-06,EV-06,2026-03-28T10:00:00+00:00,610.34,553.73,-56.61,33.0,2026-03-28T08:00:00+00:00
aefdc4a8_EV-07,EV-07,2026-03-28T10:30:00+00:00,532.4,598.44,66.04,32.0,2026-03-28T08:00:00+00:00
aefdc4a8_EV-08,EV-08,2026-03-28T11:00:00+00:00,755.09,770.69,15.6,37.5,2026-03-28T08:00:00+00:00
aefdc4a8_EV-09,EV-09,2026-03-28T11:45:00+00:00,608.72,604.28,-4.44,33.0,2026-03-28T08:00:00+00:00
aefdc4a8_EV-10,EV-10,2026-03-28T12:00:00+00:00,568.36,611.59,43.23,35.0,2026-03-28T08:00:00+00:00
605d1919_EV-001,EV-001,2026-03-28T22:22:07.940965+00:00,330.43,254.27,-76.16,20.13,2026-03-28T22:22:07.940965+00:00
605d1919_EV-002,EV-002,2026-03-28T22:22:07.940965+00:00,344.25,406.7,62.45,22.8,2026-03-28T22:22:07.940965+00:00
605d1919_EV-003,EV-003,2026-03-28T22:22:07.940965+00:00,344.25,320.58,-23.67,23.43,2026-03-28T22:22:07.940965+00:00
605d1919_EV-004,EV-004,2026-03-28T22:22:07.940965+00:00,988.64,1049.46,60.82,39.0,2026-03-28T22:22:07.940965+00:00
605d1919_EV-005,EV-005,2026-03-28T22:22:07.940965+00:00,987.0,1000.38,13.38,42.0,2026-03-28T22:22:07.940965+00:00
605d1919_EV-006,EV-006,2026-03-28T22:22:07.940965+00:00,991.21,1040.92,49.71,50.25,2026-03-28T22:22:07.940965+00:00
605d1919_EV-007,EV-007,2026-03-28T22:22:07.940965+00:00,382.51,346.54,-35.97,29.26,2026-03-28T22:22:07.940965+00:00
605d1919_EV-008,EV-008,2026-03-28T22:22:07.940965+00:00,987.0,990.85,3.85,43.5,2026-03-28T22:22:07.940965+00:00
605d1919_EV-009,EV-009,2026-03-28T22:22:07.940965+00:00,987.0,958.2,-28.8,45.75,2026-03-28T22:22:07.940965+00:00
605d1919_EV-010,EV-010,2026-03-28T22:22:07.940965+00:00,631.24,658.17,26.92,31.68,2026-03-28T22:22:07.940965+00:00
b895ec8a_EV-001,EV-001,2026-03-28T22:22:19.765675+00:00,330.43,370.04,39.61,20.13,2026-03-28T22:22:19.765675+00:00
b895ec8a_EV-002,EV-002,2026-03-28T22:22:19.765675+00:00,344.25,365.57,21.32,22.8,2026-03-28T22:22:19.765675+00:00
b895ec8a_EV-003,EV-003,2026-03-28T22:22:19.765675+00:00,344.25,232.34,-111.91,23.43,2026-03-28T22:22:19.765675+00:00
b895ec8a_EV-004,EV-004,2026-03-28T22:22:19.765675+00:00,988.64,1044.37,55.74,39.0,2026-03-28T22:22:19.765675+00:00
b895ec8a_EV-005,EV-005,2026-03-28T22:22:19.765675+00:00,987.0,856.02,-130.98,42.0,2026-03-28T22:22:19.765675+00:00
b895ec8a_EV-006,EV-006,2026-03-28T22:22:19.765675+00:00,991.21,1128.02,136.8,50.25,2026-03-28T22:22:19.765675+00:00
b895ec8a_EV-007,EV-007,2026-03-28T22:22:19.765675+00:00,382.51,425.6,43.1,29.26,2026-03-28T22:22:19.765675+00:00
b895ec8a_EV-008,EV-008,2026-03-28T22:22:19.765675+00:00,987.0,948.94,-38.06,43.5,2026-03-28T22:22:19.765675+00:00
b895ec8a_EV-009,EV-009,2026-03-28T22:22:19.765675+00:00,987.0,1015.59,28.59,45.75,2026-03-28T22:22:19.765675+00:00
b895ec8a_EV-010,EV-010,2026-03-28T22:22:19.765675+00:00,631.24,707.54,76.3,31.68,2026-03-28T22:22:19.765675+00:00
b895ec8a_EV-011,EV-011,2026-03-28T22:22:19.765675+00:00,991.21,963.25,-27.97,62.25,2026-03-28T22:22:19.765675+00:00
b895ec8a_EV-012,EV-012,2026-03-28T22:22:19.765675+00:00,988.64,1018.68,30.04,36.72,2026-03-28T22:22:19.765675+00:00
b895ec8a_EV-013,EV-013,2026-03-28T22:22:19.765675+00:00,991.21,883.37,-107.84,51.12,2026-03-28T22:22:19.765675+00:00
b895ec8a_EV-014,EV-014,2026-03-28T22:22:19.765675+00:00,344.25,444.27,100.02,23.6,2026-03-28T22:22:19.765675+00:00
b895ec8a_EV-015,EV-015,2026-03-28T22:22:19.765675+00:00,388.38,426.49,38.12,26.5,2026-03-28T22:22:19.765675+00:00
b895ec8a_EV-016,EV-016,2026-03-28T22:22:19.765675+00:00,991.21,974.27,-16.95,66.0,2026-03-28T22:22:19.765675+00:00
b895ec8a_EV-017,EV-017,2026-03-28T22:22:19.765675+00:00,656.35,711.47,55.12,33.06,2026-03-28T22:22:19.765675+00:00
b895ec8a_EV-018,EV-018,2026-03-28T22:22:19.765675+00:00,987.0,1080.09,93.09,42.35,2026-03-28T22:22:19.765675+00:00
b895ec8a_EV-019,EV-019,2026-03-28T22:22:19.765675+00:00,987.0,931.42,-55.58,47.4,2026-03-28T22:22:19.765675+00:00
b895ec8a_EV-020,EV-020,2026-03-28T22:22:19.765675+00:00,991.21,1047.26,56.04,81.7,2026-03-28T22:22:19.765675+00:00
b895ec8a_EV-021,EV-021,2026-03-28T22:22:19.765675+00:00,367.24,472.46,105.22,24.0,2026-03-28T22:22:19.765675+00:00
b895ec8a_EV-022,EV-022,2026-03-28T22:22:19.765675+00:00,656.35,536.9,-119.44,35.4,2026-03-28T22:22:19.765675+00:00
b895ec8a_EV-023,EV-023,2026-03-28T22:22:19.765675+00:00,991.21,885.9,-105.32,56.8,2026-03-28T22:22:19.765675+00:00
b895ec8a_EV-024,EV-024,2026-03-28T22:22:19.765675+00:00,987.0,1051.86,64.86,44.8,2026-03-28T22:22:19.765675+00:00
b895ec8a_EV-025,EV-025,2026-03-28T22:22:19.765675+00:00,656.35,581.51,-74.84,33.0,2026-03-28T22:22:19.765675+00:00
b895ec8a_EV-026,EV-026,2026-03-28T22:22:19.765675+00:00,991.21,1059.81,68.59,60.06,2026-03-28T22:22:19.765675+00:00
b895ec8a_EV-027,EV-027,2026-03-28T22:22:19.765675+00:00,656.35,715.37,59.02,33.0,2026-03-28T22:22:19.765675+00:00
b895ec8a_EV-028,EV-028,2026-03-28T22:22:19.765675+00:00,987.0,1005.36,18.36,47.5,2026-03-28T22:22:19.765675+00:00
b895ec8a_EV-029,EV-029,2026-03-28T22:22:19.765675+00:00,352.4,469.14,116.73,14.5,2026-03-28T22:22:19.765675+00:00
b895ec8a_EV-030,EV-030,2026-03-28T22:22:19.765675+00:00,991.21,946.55,-44.66,60.83,2026-03-28T22:22:19.765675+00:00
b895ec8a_EV-031,EV-031,2026-03-28T22:22:19.765675+00:00,991.21,1056.35,65.14,56.21,2026-03-28T22:22:19.765675+00:00
b895ec8a_EV-032,EV-032,2026-03-28T22:22:19.765675+00:00,325.92,338.47,12.55,18.0,2026-03-28T22:22:19.765675+00:00
b895ec8a_EV-033,EV-033,2026-03-28T22:22:19.765675+00:00,631.24,608.25,-22.99,31.5,2026-03-28T22:22:19.765675+00:00
b895ec8a_EV-034,EV-034,2026-03-28T22:22:19.765675+00:00,991.21,942.23,-48.98,61.5,2026-03-28T22:22:19.765675+00:00
b895ec8a_EV-035,EV-035,2026-03-28T22:22:19.765675+00:00,991.21,1018.33,27.12,52.36,2026-03-28T22:22:19.765675+00:00
b895ec8a_EV-036,EV-036,2026-03-28T22:22:19.765675+00:00,987.0,900.98,-86.02,42.35,2026-03-28T22:22:19.765675+00:00
b895ec8a_EV-037,EV-037,2026-03-28T22:22:19.765675+00:00,1010.4,1000.17,-10.23,40.02,2026-03-28T22:22:19.765675+00:00
b895ec8a_EV-038,EV-038,2026-03-28T22:22:19.765675+00:00,656.35,760.51,104.16,34.2,2026-03-28T22:22:19.765675+00:00
b895ec8a_EV-039,EV-039,2026-03-28T22:22:19.765675+00:00,991.21,959.96,-31.26,56.05,2026-03-28T22:22:19.765675+00:00
b895ec8a_EV-040,EV-040,2026-03-28T22:22:19.765675+00:00,991.21,974.87,-16.34,51.0,2026-03-28T22:22:19.765675+00:00
b895ec8a_EV-041,EV-041,2026-03-28T22:22:19.765675+00:00,988.64,1029.16,40.52,36.72,2026-03-28T22:22:19.765675+00:00
b895ec8a_EV-042,EV-042,2026-03-28T22:22:19.765675+00:00,987.0,882.54,-104.46,44.66,2026-03-28T22:22:19.765675+00:00
b895ec8a_EV-043,EV-043,2026-03-28T22:22:19.765675+00:00,991.21,964.69,-26.52,61.75,2026-03-28T22:22:19.765675+00:00
b895ec8a_EV-044,EV-044,2026-03-28T22:22:19.765675+00:00,344.25,374.82,30.57,23.2,2026-03-28T22:22:19.765675+00:00
b895ec8a_EV-045,EV-045,2026-03-28T22:22:19.765675+00:00,987.0,915.28,-71.72,43.12,2026-03-28T22:22:19.765675+00:00
b895ec8a_EV-046,EV-046,2026-03-28T22:22:19.765675+00:00,367.24,525.88,158.64,24.4,2026-03-28T22:22:19.765675+00:00
3b08c817_EV-001,EV-001,2026-03-28T22:22:40.233435+00:00,330.43,360.38,29.95,20.13,2026-03-28T22:22:40.233435+00:00
3b08c817_EV-002,EV-002,2026-03-28T22:22:40.233435+00:00,344.25,400.56,56.31,22.8,2026-03-28T22:22:40.233435+00:00
3b08c817_EV-003,EV-003,2026-03-28T22:22:40.233435+00:00,344.25,360.98,16.73,23.43,2026-03-28T22:22:40.233435+00:00
3b08c817_EV-004,EV-004,2026-03-28T22:22:40.233435+00:00,988.64,1014.86,26.23,39.0,2026-03-28T22:22:40.233435+00:00
3b08c817_EV-005,EV-005,2026-03-28T22:22:40.233435+00:00,987.0,1120.95,133.95,42.0,2026-03-28T22:22:40.233435+00:00
3b08c817_EV-006,EV-006,2026-03-28T22:22:40.233435+00:00,991.21,1226.07,234.86,50.25,2026-03-28T22:22:40.233435+00:00
3b08c817_EV-007,EV-007,2026-03-28T22:22:40.233435+00:00,382.51,481.37,98.86,29.26,2026-03-28T22:22:40.233435+00:00
3b08c817_EV-008,EV-008,2026-03-28T22:22:40.233435+00:00,987.0,1115.49,128.49,43.5,2026-03-28T22:22:40.233435+00:00
3b08c817_EV-009,EV-009,2026-03-28T22:22:40.233435+00:00,987.0,1002.56,15.56,45.75,2026-03-28T22:22:40.233435+00:00
3b08c817_EV-010,EV-010,2026-03-28T22:22:40.233435+00:00,631.24,554.77,-76.48,31.68,2026-03-28T22:22:40.233435+00:00
3b08c817_EV-011,EV-011,2026-03-28T22:22:40.233435+00:00,991.21,889.67,-101.54,62.25,2026-03-28T22:22:40.233435+00:00
3b08c817_EV-012,EV-012,2026-03-28T22:22:40.233435+00:00,988.64,1027.26,38.62,36.72,2026-03-28T22:22:40.233435+00:00
3b08c817_EV-013,EV-013,2026-03-28T22:22:40.233435+00:00,991.21,877.48,-113.73,51.12,2026-03-28T22:22:40.233435+00:00
3b08c817_EV-014,EV-014,2026-03-28T22:22:40.233435+00:00,344.25,333.33,-10.92,23.6,2026-03-28T22:22:40.233435+00:00
3b08c817_EV-015,EV-015,2026-03-28T22:22:40.233435+00:00,388.38,518.89,130.51,26.5,2026-03-28T22:22:40.233435+00:00
3b08c817_EV-016,EV-016,2026-03-28T22:22:40.233435+00:00,991.21,941.83,-49.39,66.0,2026-03-28T22:22:40.233435+00:00
3b08c817_EV-017,EV-017,2026-03-28T22:22:40.233435+00:00,656.35,544.85,-111.49,33.06,2026-03-28T22:22:40.233435+00:00
3b08c817_EV-018,EV-018,2026-03-28T22:22:40.233435+00:00,987.0,966.1,-20.9,42.35,2026-03-28T22:22:40.233435+00:00
3b08c817_EV-019,EV-019,2026-03-28T22:22:40.233435+00:00,987.0,1004.4,17.4,47.4,2026-03-28T22:22:40.233435+00:00
3b08c817_EV-020,EV-020,2026-03-28T22:22:40.233435+00:00,991.21,788.5,-202.72,81.7,2026-03-28T22:22:40.233435+00:00
3b08c817_EV-021,EV-021,2026-03-28T22:22:40.233435+00:00,367.24,339.7,-27.54,24.0,2026-03-28T22:22:40.233435+00:00
3b08c817_EV-022,EV-022,2026-03-28T22:22:40.233435+00:00,656.35,777.34,120.99,35.4,2026-03-28T22:22:40.233435+00:00
3b08c817_EV-023,EV-023,2026-03-28T22:22:40.233435+00:00,991.21,872.52,-118.7,56.8,2026-03-28T22:22:40.233435+00:00
3b08c817_EV-024,EV-024,2026-03-28T22:22:40.233435+00:00,987.0,902.6,-84.4,44.8,2026-03-28T22:22:40.233435+00:00
3b08c817_EV-025,EV-025,2026-03-28T22:22:40.233435+00:00,656.35,609.98,-46.37,33.0,2026-03-28T22:22:40.233435+00:00
3b08c817_EV-026,EV-026,2026-03-28T22:22:40.233435+00:00,991.21,861.36,-129.85,60.06,2026-03-28T22:22:40.233435+00:00
3b08c817_EV-027,EV-027,2026-03-28T22:22:40.233435+00:00,656.35,536.86,-119.49,33.0,2026-03-28T22:22:40.233435+00:00
3b08c817_EV-028,EV-028,2026-03-28T22:22:40.233435+00:00,987.0,1012.26,25.26,47.5,2026-03-28T22:22:40.233435+00:00
3b08c817_EV-029,EV-029,2026-03-28T22:22:40.233435+00:00,352.4,370.3,17.89,14.5,2026-03-28T22:22:40.233435+00:00
3b08c817_EV-030,EV-030,2026-03-28T22:22:40.233435+00:00,991.21,998.84,7.62,60.83,2026-03-28T22:22:40.233435+00:00
3b08c817_EV-031,EV-031,2026-03-28T22:22:40.233435+00:00,991.21,1130.05,138.84,56.21,2026-03-28T22:22:40.233435+00:00
3b08c817_EV-032,EV-032,2026-03-28T22:22:40.233435+00:00,325.92,288.31,-37.61,18.0,2026-03-28T22:22:40.233435+00:00
3b08c817_EV-033,EV-033,2026-03-28T22:22:40.233435+00:00,631.24,589.68,-41.56,31.5,2026-03-28T22:22:40.233435+00:00
3b08c817_EV-034,EV-034,2026-03-28T22:22:40.233435+00:00,991.21,829.03,-162.18,61.5,2026-03-28T22:22:40.233435+00:00
3b08c817_EV-035,EV-035,2026-03-28T22:22:40.233435+00:00,991.21,1003.89,12.67,52.36,2026-03-28T22:22:40.233435+00:00
3b08c817_EV-036,EV-036,2026-03-28T22:22:40.233435+00:00,987.0,1136.05,149.05,42.35,2026-03-28T22:22:40.233435+00:00
3b08c817_EV-037,EV-037,2026-03-28T22:22:40.233435+00:00,1010.4,1049.28,38.88,40.02,2026-03-28T22:22:40.233435+00:00
3b08c817_EV-038,EV-038,2026-03-28T22:22:40.233435+00:00,656.35,742.72,86.37,34.2,2026-03-28T22:22:40.233435+00:00
3b08c817_EV-039,EV-039,2026-03-28T22:22:40.233435+00:00,991.21,1133.83,142.62,56.05,2026-03-28T22:22:40.233435+00:00
3b08c817_EV-040,EV-040,2026-03-28T22:22:40.233435+00:00,991.21,1050.09,58.87,51.0,2026-03-28T22:22:40.233435+00:00
3b08c817_EV-041,EV-041,2026-03-28T22:22:40.233435+00:00,988.64,1077.7,89.06,36.72,2026-03-28T22:22:40.233435+00:00
3b08c817_EV-042,EV-042,2026-03-28T22:22:40.233435+00:00,987.0,1009.06,22.06,44.66,2026-03-28T22:22:40.233435+00:00
3b08c817_EV-043,EV-043,2026-03-28T22:22:40.233435+00:00,991.21,1142.77,151.56,61.75,2026-03-28T22:22:40.233435+00:00
3b08c817_EV-044,EV-044,2026-03-28T22:22:40.233435+00:00,344.25,314.41,-29.84,23.2,2026-03-28T22:22:40.233435+00:00
3b08c817_EV-045,EV-045,2026-03-28T22:22:40.233435+00:00,987.0,974.88,-12.12,43.12,2026-03-28T22:22:40.233435+00:00
3b08c817_EV-046,EV-046,2026-03-28T22:22:40.233435+00:00,367.24,366.07,-1.17,24.4,2026-03-28T22:22:40.233435+00:00
50587822_EV-001,EV-001,2026-03-28T22:22:56.847143+00:00,330.43,371.56,41.13,20.13,2026-03-28T22:22:56.847143+00:00
50587822_EV-002,EV-002,2026-03-28T22:22:56.847143+00:00,344.25,354.14,9.89,22.8,2026-03-28T22:22:56.847143+00:00
50587822_EV-003,EV-003,2026-03-28T22:22:56.847143+00:00,344.25,405.02,60.77,23.43,2026-03-28T22:22:56.847143+00:00
50587822_EV-004,EV-004,2026-03-28T22:22:56.847143+00:00,988.64,946.68,-41.95,39.0,2026-03-28T22:22:56.847143+00:00
50587822_EV-005,EV-005,2026-03-28T22:22:56.847143+00:00,987.0,921.78,-65.22,42.0,2026-03-28T22:22:56.847143+00:00
50587822_EV-006,EV-006,2026-03-28T22:22:56.847143+00:00,991.21,906.61,-84.61,50.25,2026-03-28T22:22:56.847143+00:00
50587822_EV-007,EV-007,2026-03-28T22:22:56.847143+00:00,382.51,377.44,-5.06,29.26,2026-03-28T22:22:56.847143+00:00
50587822_EV-008,EV-008,2026-03-28T22:22:56.847143+00:00,987.0,964.09,-22.91,43.5,2026-03-28T22:22:56.847143+00:00
50587822_EV-009,EV-009,2026-03-28T22:22:56.847143+00:00,987.0,920.7,-66.3,45.75,2026-03-28T22:22:56.847143+00:00
50587822_EV-010,EV-010,2026-03-28T22:22:56.847143+00:00,631.24,652.17,20.93,31.68,2026-03-28T22:22:56.847143+00:00
50587822_EV-011,EV-011,2026-03-28T22:22:56.847143+00:00,991.21,1083.24,92.03,62.25,2026-03-28T22:22:56.847143+00:00
50587822_EV-012,EV-012,2026-03-28T22:22:56.847143+00:00,988.64,975.63,-13.0,36.72,2026-03-28T22:22:56.847143+00:00
50587822_EV-013,EV-013,2026-03-28T22:22:56.847143+00:00,991.21,1050.54,59.32,51.12,2026-03-28T22:22:56.847143+00:00
50587822_EV-014,EV-014,2026-03-28T22:22:56.847143+00:00,344.25,371.31,27.06,23.6,2026-03-28T22:22:56.847143+00:00
50587822_EV-015,EV-015,2026-03-28T22:22:56.847143+00:00,388.38,298.67,-89.71,26.5,2026-03-28T22:22:56.847143+00:00
50587822_EV-016,EV-016,2026-03-28T22:22:56.847143+00:00,991.21,811.23,-179.98,66.0,2026-03-28T22:22:56.847143+00:00
50587822_EV-017,EV-017,2026-03-28T22:22:56.847143+00:00,656.35,576.97,-79.38,33.06,2026-03-28T22:22:56.847143+00:00
50587822_EV-018,EV-018,2026-03-28T22:22:56.847143+00:00,987.0,1074.74,87.74,42.35,2026-03-28T22:22:56.847143+00:00
50587822_EV-019,EV-019,2026-03-28T22:22:56.847143+00:00,987.0,1030.44,43.44,47.4,2026-03-28T22:22:56.847143+00:00
50587822_EV-020,EV-020,2026-03-28T22:22:56.847143+00:00,991.21,893.05,-98.17,81.7,2026-03-28T22:22:56.847143+00:00
50587822_EV-021,EV-021,2026-03-28T22:22:56.847143+00:00,367.24,307.9,-59.34,24.0,2026-03-28T22:22:56.847143+00:00
50587822_EV-022,EV-022,2026-03-28T22:22:56.847143+00:00,656.35,452.18,-204.17,35.4,2026-03-28T22:22:56.847143+00:00
50587822_EV-023,EV-023,2026-03-28T22:22:56.847143+00:00,991.21,958.89,-32.32,56.8,2026-03-28T22:22:56.847143+00:00
50587822_EV-024,EV-024,2026-03-28T22:22:56.847143+00:00,987.0,1065.77,78.77,44.8,2026-03-28T22:22:56.847143+00:00
50587822_EV-025,EV-025,2026-03-28T22:22:56.847143+00:00,656.35,699.51,43.16,33.0,2026-03-28T22:22:56.847143+00:00
50587822_EV-026,EV-026,2026-03-28T22:22:56.847143+00:00,991.21,1101.31,110.1,60.06,2026-03-28T22:22:56.847143+00:00
50587822_EV-027,EV-027,2026-03-28T22:22:56.847143+00:00,656.35,639.66,-16.69,33.0,2026-03-28T22:22:56.847143+00:00
50587822_EV-028,EV-028,2026-03-28T22:22:56.847143+00:00,987.0,1040.34,53.34,47.5,2026-03-28T22:22:56.847143+00:00
50587822_EV-029,EV-029,2026-03-28T22:22:56.847143+00:00,352.4,271.0,-81.41,14.5,2026-03-28T22:22:56.847143+00:00
50587822_EV-030,EV-030,2026-03-28T22:22:56.847143+00:00,991.21,936.22,-54.99,60.83,2026-03-28T22:22:56.847143+00:00
50587822_EV-031,EV-031,2026-03-28T22:22:56.847143+00:00,991.21,917.1,-74.11,56.21,2026-03-28T22:22:56.847143+00:00
50587822_EV-032,EV-032,2026-03-28T22:22:56.847143+00:00,325.92,348.61,22.69,18.0,2026-03-28T22:22:56.847143+00:00
50587822_EV-033,EV-033,2026-03-28T22:22:56.847143+00:00,631.24,458.73,-172.51,31.5,2026-03-28T22:22:56.847143+00:00
50587822_EV-034,EV-034,2026-03-28T22:22:56.847143+00:00,991.21,960.71,-30.51,61.5,2026-03-28T22:22:56.847143+00:00
50587822_EV-035,EV-035,2026-03-28T22:22:56.847143+00:00,991.21,1001.38,10.16,52.36,2026-03-28T22:22:56.847143+00:00
50587822_EV-036,EV-036,2026-03-28T22:22:56.847143+00:00,987.0,926.14,-60.86,42.35,2026-03-28T22:22:56.847143+00:00
50587822_EV-037,EV-037,2026-03-28T22:22:56.847143+00:00,1010.4,978.12,-32.28,40.02,2026-03-28T22:22:56.847143+00:00
50587822_EV-038,EV-038,2026-03-28T22:22:56.847143+00:00,656.35,667.25,10.9,34.2,2026-03-28T22:22:56.847143+00:00
50587822_EV-039,EV-039,2026-03-28T22:22:56.847143+00:00,991.21,1001.07,9.85,56.05,2026-03-28T22:22:56.847143+00:00
50587822_EV-040,EV-040,2026-03-28T22:22:56.847143+00:00,991.21,937.05,-54.16,51.0,2026-03-28T22:22:56.847143+00:00
50587822_EV-041,EV-041,2026-03-28T22:22:56.847143+00:00,988.64,937.6,-51.03,36.72,2026-03-28T22:22:56.847143+00:00
50587822_EV-042,EV-042,2026-03-28T22:22:56.847143+00:00,987.0,1210.72,223.72,44.66,2026-03-28T22:22:56.847143+00:00
50587822_EV-043,EV-043,2026-03-28T22:22:56.847143+00:00,991.21,1013.71,22.49,61.75,2026-03-28T22:22:56.847143+00:00
50587822_EV-044,EV-044,2026-03-28T22:22:56.847143+00:00,344.25,409.62,65.37,23.2,2026-03-28T22:22:56.847143+00:00
50587822_EV-045,EV-045,2026-03-28T22:22:56.847143+00:00,987.0,970.79,-16.21,43.12,2026-03-28T22:22:56.847143+00:00
50587822_EV-046,EV-046,2026-03-28T22:22:56.847143+00:00,367.24,338.07,-29.16,24.4,2026-03-28T22:22:56.847143+00:00
6e81a073_EV-01,EV-01,2026-03-28T08:00:00+00:00,720.57,30,-690.57,45.0,2026-03-28T08:00:00+00:00
6e81a073_EV-02,EV-02,2026-03-28T08:30:00+00:00,612.38,30,-582.38,24.0,2026-03-28T08:00:00+00:00
6e81a073_EV-03,EV-03,2026-03-28T08:45:00+00:00,817.05,1119.36,302.31,60.0,2026-03-28T08:00:00+00:00
6e81a073_EV-04,EV-04,2026-03-28T09:00:00+00:00,542.29,149.11,-393.18,27.0,2026-03-28T08:00:00+00:00
6e81a073_EV-05,EV-05,2026-03-28T09:15:00+00:00,499.83,32.4,-467.43,30.0,2026-03-28T08:00:00+00:00
6e81a073_EV-06,EV-06,2026-03-28T10:00:00+00:00,610.34,82.26,-528.09,33.0,2026-03-28T08:00:00+00:00
6e81a073_EV-07,EV-07,2026-03-28T10:30:00+00:00,532.4,297.25,-235.15,32.0,2026-03-28T08:00:00+00:00
6e81a073_EV-08,EV-08,2026-03-28T11:00:00+00:00,755.09,265.34,-489.74,37.5,2026-03-28T08:00:00+00:00
6e81a073_EV-09,EV-09,2026-03-28T11:45:00+00:00,608.72,307.49,-301.22,33.0,2026-03-28T08:00:00+00:00
6e81a073_EV-10,EV-10,2026-03-28T12:00:00+00:00,568.36,30,-538.36,35.0,2026-03-28T08:00:00+00:00
d6ca4eae_EV-01,EV-01,2026-03-28T08:00:00+00:00,720.57,244.18,-476.39,45.0,2026-03-28T08:00:00+00:00
d6ca4eae_EV-02,EV-02,2026-03-28T08:30:00+00:00,612.38,485.99,-126.38,24.0,2026-03-28T08:00:00+00:00
d6ca4eae_EV-03,EV-03,2026-03-28T08:45:00+00:00,817.05,446.74,-370.31,60.0,2026-03-28T08:00:00+00:00
d6ca4eae_EV-04,EV-04,2026-03-28T09:00:00+00:00,542.29,601.53,59.24,27.0,2026-03-28T08:00:00+00:00
d6ca4eae_EV-05,EV-05,2026-03-28T09:15:00+00:00,499.83,63.47,-436.36,30.0,2026-03-28T08:00:00+00:00
d6ca4eae_EV-06,EV-06,2026-03-28T10:00:00+00:00,610.34,30,-580.34,33.0,2026-03-28T08:00:00+00:00
d6ca4eae_EV-07,EV-07,2026-03-28T10:30:00+00:00,532.4,365.33,-167.07,32.0,2026-03-28T08:00:00+00:00
d6ca4eae_EV-08,EV-08,2026-03-28T11:00:00+00:00,755.09,420.82,-334.27,37.5,2026-03-28T08:00:00+00:00
d6ca4eae_EV-09,EV-09,2026-03-28T11:45:00+00:00,608.72,481.3,-127.42,33.0,2026-03-28T08:00:00+00:00
d6ca4eae_EV-10,EV-10,2026-03-28T12:00:00+00:00,568.36,654.98,86.61,35.0,2026-03-28T08:00:00+00:00
820e398c_EV-01,EV-01,2026-03-28T08:00:00+00:00,720.57,448.52,-272.06,45.0,2026-03-28T08:00:00+00:00
820e398c_EV-02,EV-02,2026-03-28T08:30:00+00:00,612.38,1400.07,787.69,24.0,2026-03-28T08:00:00+00:00
820e398c_EV-03,EV-03,2026-03-28T08:45:00+00:00,817.05,1087.68,270.63,60.0,2026-03-28T08:00:00+00:00
820e398c_EV-04,EV-04,2026-03-28T09:00:00+00:00,542.29,1330.09,787.8,27.0,2026-03-28T08:00:00+00:00
820e398c_EV-05,EV-05,2026-03-28T09:15:00+00:00,499.83,344.26,-155.56,30.0,2026-03-28T08:00:00+00:00
820e398c_EV-06,EV-06,2026-03-28T10:00:00+00:00,610.34,315.88,-294.46,33.0,2026-03-28T08:00:00+00:00
820e398c_EV-07,EV-07,2026-03-28T10:30:00+00:00,532.4,431.98,-100.42,32.0,2026-03-28T08:00:00+00:00
820e398c_EV-08,EV-08,2026-03-28T11:00:00+00:00,755.09,594.73,-160.36,37.5,2026-03-28T08:00:00+00:00
820e398c_EV-09,EV-09,2026-03-28T11:45:00+00:00,608.72,419.92,-188.8,33.0,2026-03-28T08:00:00+00:00
820e398c_EV-10,EV-10,2026-03-28T12:00:00+00:00,568.36,30,-538.36,35.0,2026-03-28T08:00:00+00:00
2477e16d_EV-01,EV-01,2026-03-28T08:00:00+00:00,720.57,794.38,73.81,45.0,2026-03-28T08:00:00+00:00
2477e16d_EV-02,EV-02,2026-03-28T08:30:00+00:00,612.38,198.83,-413.55,24.0,2026-03-28T08:00:00+00:00
2477e16d_EV-03,EV-03,2026-03-28T08:45:00+00:00,817.05,99.48,-717.57,60.0,2026-03-28T08:00:00+00:00
2477e16d_EV-04,EV-04,2026-03-28T09:00:00+00:00,542.29,908.52,366.23,27.0,2026-03-28T08:00:00+00:00
2477e16d_EV-05,EV-05,2026-03-28T09:15:00+00:00,499.83,935.47,435.64,30.0,2026-03-28T08:00:00+00:00
2477e16d_EV-06,EV-06,2026-03-28T10:00:00+00:00,610.34,437.01,-173.33,33.0,2026-03-28T08:00:00+00:00
2477e16d_EV-07,EV-07,2026-03-28T10:30:00+00:00,532.4,229.95,-302.45,32.0,2026-03-28T08:00:00+00:00
2477e16d_EV-08,EV-08,2026-03-28T11:00:00+00:00,755.09,251.59,-503.5,37.5,2026-03-28T08:00:00+00:00
2477e16d_EV-09,EV-09,2026-03-28T11:45:00+00:00,608.72,701.97,93.25,33.0,2026-03-28T08:00:00+00:00
2477e16d_EV-10,EV-10,2026-03-28T12:00:00+00:00,568.36,30,-538.36,35.0,2026-03-28T08:00:00+00:00
1ac3e331_EV-01,EV-01,2026-03-28T08:00:00+00:00,720.57,781.48,60.91,45.0,2026-03-28T08:00:00+00:00
1ac3e331_EV-02,EV-02,2026-03-28T08:30:00+00:00,612.38,742.62,130.24,24.0,2026-03-28T08:00:00+00:00
1ac3e331_EV-03,EV-03,2026-03-28T08:45:00+00:00,817.05,532.69,-284.36,60.0,2026-03-28T08:00:00+00:00
1ac3e331_EV-04,EV-04,2026-03-28T09:00:00+00:00,542.29,264.5,-277.79,27.0,2026-03-28T08:00:00+00:00
1ac3e331_EV-05,EV-05,2026-03-28T09:15:00+00:00,499.83,30,-469.83,30.0,2026-03-28T08:00:00+00:00
1ac3e331_EV-06,EV-06,2026-03-28T10:00:00+00:00,610.34,289.36,-320.99,33.0,2026-03-28T08:00:00+00:00
1ac3e331_EV-07,EV-07,2026-03-28T10:30:00+00:00,532.4,30,-502.4,32.0,2026-03-28T08:00:00+00:00
1ac3e331_EV-08,EV-08,2026-03-28T11:00:00+00:00,755.09,412.19,-342.9,37.5,2026-03-28T08:00:00+00:00
1ac3e331_EV-09,EV-09,2026-03-28T11:45:00+00:00,608.72,306.39,-302.33,33.0,2026-03-28T08:00:00+00:00
1ac3e331_EV-10,EV-10,2026-03-28T12:00:00+00:00,568.36,583.84,15.48,35.0,2026-03-28T08:00:00+00:00
7550ae1f_EV-01,EV-01,2026-03-28T08:00:00+00:00,720.57,59.57,-661.0,45.0,2026-03-28T08:00:00+00:00
7550ae1f_EV-02,EV-02,2026-03-28T08:30:00+00:00,612.38,554.58,-57.8,24.0,2026-03-28T08:00:00+00:00
7550ae1f_EV-03,EV-03,2026-03-28T08:45:00+00:00,817.05,30,-787.05,60.0,2026-03-28T08:00:00+00:00
7550ae1f_EV-04,EV-04,2026-03-28T09:00:00+00:00,542.29,178.75,-363.54,27.0,2026-03-28T08:00:00+00:00
7550ae1f_EV-05,EV-05,2026-03-28T09:15:00+00:00,499.83,99.5,-400.32,30.0,2026-03-28T08:00:00+00:00
7550ae1f_EV-06,EV-06,2026-03-28T10:00:00+00:00,610.34,213.18,-397.16,33.0,2026-03-28T08:00:00+00:00
7550ae1f_EV-07,EV-07,2026-03-28T10:30:00+00:00,532.4,177.57,-354.83,32.0,2026-03-28T08:00:00+00:00
7550ae1f_EV-08,EV-08,2026-03-28T11:00:00+00:00,755.09,30,-725.09,37.5,2026-03-28T08:00:00+00:00
7550ae1f_EV-09,EV-09,2026-03-28T11:45:00+00:00,608.72,164.53,-444.18,33.0,2026-03-28T08:00:00+00:00
7550ae1f_EV-10,EV-10,2026-03-28T12:00:00+00:00,568.36,404.2,-164.16,35.0,2026-03-28T08:00:00+00:00
8eb396d5_EV-01,EV-01,2026-03-28T08:00:00+00:00,720.57,30,-690.57,45.0,2026-03-28T08:00:00+00:00
8eb396d5_EV-02,EV-02,2026-03-28T08:30:00+00:00,612.38,30,-582.38,24.0,2026-03-28T08:00:00+00:00
8eb396d5_EV-03,EV-03,2026-03-28T08:45:00+00:00,817.05,579.39,-237.66,60.0,2026-03-28T08:00:00+00:00
8eb396d5_EV-04,EV-04,2026-03-28T09:00:00+00:00,542.29,550.74,8.45,27.0,2026-03-28T08:00:00+00:00
8eb396d5_EV-05,EV-05,2026-03-28T09:15:00+00:00,499.83,232.32,-267.5,30.0,2026-03-28T08:00:00+00:00
8eb396d5_EV-06,EV-06,2026-03-28T10:00:00+00:00,610.34,207.36,-402.99,33.0,2026-03-28T08:00:00+00:00
8eb396d5_EV-07,EV-07,2026-03-28T10:30:00+00:00,532.4,243.59,-288.81,32.0,2026-03-28T08:00:00+00:00
8eb396d5_EV-08,EV-08,2026-03-28T11:00:00+00:00,755.09,566.16,-188.93,37.5,2026-03-28T08:00:00+00:00
8eb396d5_EV-09,EV-09,2026-03-28T11:45:00+00:00,608.72,287.02,-321.7,33.0,2026-03-28T08:00:00+00:00
8eb396d5_EV-10,EV-10,2026-03-28T12:00:00+00:00,568.36,454.21,-114.15,35.0,2026-03-28T08:00:00+00:00
17a194b6_EV-01,EV-01,2026-03-28T08:00:00+00:00,720.57,92.18,-628.39,45.0,2026-03-28T08:00:00+00:00
17a194b6_EV-02,EV-02,2026-03-28T08:30:00+00:00,612.38,772.98,160.61,24.0,2026-03-28T08:00:00+00:00
17a194b6_EV-03,EV-03,2026-03-28T08:45:00+00:00,817.05,1069.37,252.32,60.0,2026-03-28T08:00:00+00:00
17a194b6_EV-04,EV-04,2026-03-28T09:00:00+00:00,542.29,233.74,-308.54,27.0,2026-03-28T08:00:00+00:00
17a194b6_EV-05,EV-05,2026-03-28T09:15:00+00:00,499.83,909.45,409.62,30.0,2026-03-28T08:00:00+00:00
17a194b6_EV-06,EV-06,2026-03-28T10:00:00+00:00,610.34,166.9,-443.44,33.0,2026-03-28T08:00:00+00:00
17a194b6_EV-07,EV-07,2026-03-28T10:30:00+00:00,532.4,50.02,-482.38,32.0,2026-03-28T08:00:00+00:00
17a194b6_EV-08,EV-08,2026-03-28T11:00:00+00:00,755.09,467.76,-287.33,37.5,2026-03-28T08:00:00+00:00
17a194b6_EV-09,EV-09,2026-03-28T11:45:00+00:00,608.72,578.7,-30.02,33.0,2026-03-28T08:00:00+00:00
17a194b6_EV-10,EV-10,2026-03-28T12:00:00+00:00,568.36,371.23,-197.14,35.0,2026-03-28T08:00:00+00:00
0695962d_EV-01,EV-01,2026-03-28T08:00:00+00:00,720.57,1177.66,457.09,45.0,2026-03-28T08:00:00+00:00
0695962d_EV-02,EV-02,2026-03-28T08:30:00+00:00,612.38,218.6,-393.77,24.0,2026-03-28T08:00:00+00:00
0695962d_EV-03,EV-03,2026-03-28T08:45:00+00:00,817.05,329.89,-487.16,60.0,2026-03-28T08:00:00+00:00
0695962d_EV-04,EV-04,2026-03-28T09:00:00+00:00,542.29,405.34,-136.95,27.0,2026-03-28T08:00:00+00:00
0695962d_EV-05,EV-05,2026-03-28T09:15:00+00:00,499.83,30,-469.83,30.0,2026-03-28T08:00:00+00:00
0695962d_EV-06,EV-06,2026-03-28T10:00:00+00:00,610.34,312.54,-297.81,33.0,2026-03-28T08:00:00+00:00
0695962d_EV-07,EV-07,2026-03-28T10:30:00+00:00,532.4,196.59,-335.81,32.0,2026-03-28T08:00:00+00:00
0695962d_EV-08,EV-08,2026-03-28T11:00:00+00:00,755.09,30,-725.09,37.5,2026-03-28T08:00:00+00:00
0695962d_EV-09,EV-09,2026-03-28T11:45:00+00:00,608.72,574.95,-33.77,33.0,2026-03-28T08:00:00+00:00
0695962d_EV-10,EV-10,2026-03-28T12:00:00+00:00,568.36,162.19,-406.17,35.0,2026-03-28T08:00:00+00:00
025c2b1d_EV-01,EV-01,2026-03-28T08:00:00+00:00,720.57,143.61,-576.96,45.0,2026-03-28T08:00:00+00:00
025c2b1d_EV-02,EV-02,2026-03-28T08:30:00+00:00,612.38,655.82,43.44,24.0,2026-03-28T08:00:00+00:00
025c2b1d_EV-03,EV-03,2026-03-28T08:45:00+00:00,817.05,228.78,-588.27,60.0,2026-03-28T08:00:00+00:00
025c2b1d_EV-04,EV-04,2026-03-28T09:00:00+00:00,542.29,94.83,-447.46,27.0,2026-03-28T08:00:00+00:00
025c2b1d_EV-05,EV-05,2026-03-28T09:15:00+00:00,499.83,614.32,114.49,30.0,2026-03-28T08:00:00+00:00
025c2b1d_EV-06,EV-06,2026-03-28T10:00:00+00:00,610.34,312.51,-297.83,33.0,2026-03-28T08:00:00+00:00
025c2b1d_EV-07,EV-07,2026-03-28T10:30:00+00:00,532.4,307.27,-225.13,32.0,2026-03-28T08:00:00+00:00
025c2b1d_EV-08,EV-08,2026-03-28T11:00:00+00:00,755.09,258.03,-497.06,37.5,2026-03-28T08:00:00+00:00
025c2b1d_EV-09,EV-09,2026-03-28T11:45:00+00:00,608.72,621.45,12.73,33.0,2026-03-28T08:00:00+00:00
025c2b1d_EV-10,EV-10,2026-03-28T12:00:00+00:00,568.36,30,-538.36,35.0,2026-03-28T08:00:00+00:00
65b93554_EV-01,EV-01,2026-03-28T08:00:00+00:00,720.57,244.79,-475.78,45.0,2026-03-28T08:00:00+00:00
65b93554_EV-02,EV-02,2026-03-28T08:30:00+00:00,612.38,216.3,-396.08,24.0,2026-03-28T08:00:00+00:00
65b93554_EV-03,EV-03,2026-03-28T08:45:00+00:00,817.05,290.55,-526.5,60.0,2026-03-28T08:00:00+00:00
65b93554_EV-04,EV-04,2026-03-28T09:00:00+00:00,542.29,957.54,415.26,27.0,2026-03-28T08:00:00+00:00
65b93554_EV-05,EV-05,2026-03-28T09:15:00+00:00,499.83,137.85,-361.98,30.0,2026-03-28T08:00:00+00:00
65b93554_EV-06,EV-06,2026-03-28T10:00:00+00:00,610.34,478.43,-131.92,33.0,2026-03-28T08:00:00+00:00
65b93554_EV-07,EV-07,2026-03-28T10:30:00+00:00,532.4,30,-502.4,32.0,2026-03-28T08:00:00+00:00
65b93554_EV-08,EV-08,2026-03-28T11:00:00+00:00,755.09,410.15,-344.94,37.5,2026-03-28T08:00:00+00:00
65b93554_EV-09,EV-09,2026-03-28T11:45:00+00:00,608.72,148.0,-460.72,33.0,2026-03-28T08:00:00+00:00
65b93554_EV-10,EV-10,2026-03-28T12:00:00+00:00,568.36,54.6,-513.77,35.0,2026-03-28T08:00:00+00:00
ce6cdbe3_EV-01,EV-01,2026-03-28T08:00:00+00:00,720.57,471.83,-248.74,45.0,2026-03-28T08:00:00+00:00
ce6cdbe3_EV-02,EV-02,2026-03-28T08:30:00+00:00,612.38,533.21,-79.17,24.0,2026-03-28T08:00:00+00:00
ce6cdbe3_EV-03,EV-03,2026-03-28T08:45:00+00:00,817.05,30,-787.05,60.0,2026-03-28T08:00:00+00:00
ce6cdbe3_EV-04,EV-04,2026-03-28T09:00:00+00:00,542.29,496.33,-45.96,27.0,2026-03-28T08:00:00+00:00
ce6cdbe3_EV-05,EV-05,2026-03-28T09:15:00+00:00,499.83,706.03,206.21,30.0,2026-03-28T08:00:00+00:00
ce6cdbe3_EV-06,EV-06,2026-03-28T10:00:00+00:00,610.34,341.64,-268.71,33.0,2026-03-28T08:00:00+00:00
ce6cdbe3_EV-07,EV-07,2026-03-28T10:30:00+00:00,532.4,235.98,-296.42,32.0,2026-03-28T08:00:00+00:00
ce6cdbe3_EV-08,EV-08,2026-03-28T11:00:00+00:00,755.09,242.02,-513.06,37.5,2026-03-28T08:00:00+00:00
ce6cdbe3_EV-09,EV-09,2026-03-28T11:45:00+00:00,608.72,362.26,-246.46,33.0,2026-03-28T08:00:00+00:00
ce6cdbe3_EV-10,EV-10,2026-03-28T12:00:00+00:00,568.36,251.68,-316.69,35.0,2026-03-28T08:00:00+00:00
f4e3ead6_EV-01,EV-01,2026-03-28T08:00:00+00:00,720.57,300.67,-419.9,45.0,2026-03-28T08:00:00+00:00
f4e3ead6_EV-02,EV-02,2026-03-28T08:30:00+00:00,612.38,51.63,-560.74,24.0,2026-03-28T08:00:00+00:00
f4e3ead6_EV-03,EV-03,2026-03-28T08:45:00+00:00,817.05,30,-787.05,60.0,2026-03-28T08:00:00+00:00
f4e3ead6_EV-04,EV-04,2026-03-28T09:00:00+00:00,542.29,30,-512.29,27.0,2026-03-28T08:00:00+00:00
f4e3ead6_EV-05,EV-05,2026-03-28T09:15:00+00:00,499.83,30,-469.83,30.0,2026-03-28T08:00:00+00:00
f4e3ead6_EV-06,EV-06,2026-03-28T10:00:00+00:00,610.34,157.51,-452.83,33.0,2026-03-28T08:00:00+00:00
f4e3ead6_EV-07,EV-07,2026-03-28T10:30:00+00:00,532.4,333.05,-199.34,32.0,2026-03-28T08:00:00+00:00
f4e3ead6_EV-08,EV-08,2026-03-28T11:00:00+00:00,755.09,720.68,-34.41,37.5,2026-03-28T08:00:00+00:00
f4e3ead6_EV-09,EV-09,2026-03-28T11:45:00+00:00,608.72,480.18,-128.54,33.0,2026-03-28T08:00:00+00:00
f4e3ead6_EV-10,EV-10,2026-03-28T12:00:00+00:00,568.36,30,-538.36,35.0,2026-03-28T08:00:00+00:00
bb803cd3_EV-01,EV-01,2026-03-28T08:00:00+00:00,720.57,194.88,-525.69,45.0,2026-03-28T08:00:00+00:00
bb803cd3_EV-02,EV-02,2026-03-28T08:30:00+00:00,612.38,77.67,-534.71,24.0,2026-03-28T08:00:00+00:00
bb803cd3_EV-03,EV-03,2026-03-28T08:45:00+00:00,817.05,30,-787.05,60.0,2026-03-28T08:00:00+00:00
bb803cd3_EV-04,EV-04,2026-03-28T09:00:00+00:00,542.29,560.98,18.69,27.0,2026-03-28T08:00:00+00:00
bb803cd3_EV-05,EV-05,2026-03-28T09:15:00+00:00,499.83,560.0,60.17,30.0,2026-03-28T08:00:00+00:00
bb803cd3_EV-06,EV-06,2026-03-28T10:00:00+00:00,610.34,440.6,-169.75,33.0,2026-03-28T08:00:00+00:00
bb803cd3_EV-07,EV-07,2026-03-28T10:30:00+00:00,532.4,207.82,-324.58,32.0,2026-03-28T08:00:00+00:00
bb803cd3_EV-08,EV-08,2026-03-28T11:00:00+00:00,755.09,617.42,-137.67,37.5,2026-03-28T08:00:00+00:00
bb803cd3_EV-09,EV-09,2026-03-28T11:45:00+00:00,608.72,432.88,-175.84,33.0,2026-03-28T08:00:00+00:00
bb803cd3_EV-10,EV-10,2026-03-28T12:00:00+00:00,568.36,30,-538.36,35.0,2026-03-28T08:00:00+00:00
52613cb0_EV-01,EV-01,2026-03-28T08:00:00+00:00,720.57,30,-690.57,45.0,2026-03-28T08:00:00+00:00
52613cb0_EV-02,EV-02,2026-03-28T08:30:00+00:00,612.38,30,-582.38,24.0,2026-03-28T08:00:00+00:00
52613cb0_EV-03,EV-03,2026-03-28T08:45:00+00:00,817.05,30,-787.05,60.0,2026-03-28T08:00:00+00:00
52613cb0_EV-04,EV-04,2026-03-28T09:00:00+00:00,542.29,641.81,99.52,27.0,2026-03-28T08:00:00+00:00
52613cb0_EV-05,EV-05,2026-03-28T09:15:00+00:00,499.83,722.46,222.63,30.0,2026-03-28T08:00:00+00:00
52613cb0_EV-06,EV-06,2026-03-28T10:00:00+00:00,610.34,389.66,-220.69,33.0,2026-03-28T08:00:00+00:00
52613cb0_EV-07,EV-07,2026-03-28T10:30:00+00:00,532.4,287.09,-245.31,32.0,2026-03-28T08:00:00+00:00
52613cb0_EV-08,EV-08,2026-03-28T11:00:00+00:00,755.09,198.96,-556.13,37.5,2026-03-28T08:00:00+00:00
52613cb0_EV-09,EV-09,2026-03-28T11:45:00+00:00,608.72,525.72,-83.0,33.0,2026-03-28T08:00:00+00:00
52613cb0_EV-10,EV-10,2026-03-28T12:00:00+00:00,568.36,109.51,-458.85,35.0,2026-03-28T08:00:00+00:00
eb113ffd_EV-01,EV-01,2026-03-28T08:00:00+00:00,720.57,711.8,-8.78,45.0,2026-03-28T08:00:00+00:00
eb113ffd_EV-02,EV-02,2026-03-28T08:30:00+00:00,612.38,572.86,-39.51,24.0,2026-03-28T08:00:00+00:00
eb113ffd_EV-03,EV-03,2026-03-28T08:45:00+00:00,817.05,771.5,-45.55,60.0,2026-03-28T08:00:00+00:00
eb113ffd_EV-04,EV-04,2026-03-28T09:00:00+00:00,542.29,30,-512.29,27.0,2026-03-28T08:00:00+00:00
eb113ffd_EV-05,EV-05,2026-03-28T09:15:00+00:00,499.83,242.49,-257.34,30.0,2026-03-28T08:00:00+00:00
eb113ffd_EV-06,EV-06,2026-03-28T10:00:00+00:00,610.34,30,-580.34,33.0,2026-03-28T08:00:00+00:00
eb113ffd_EV-07,EV-07,2026-03-28T10:30:00+00:00,532.4,306.64,-225.76,32.0,2026-03-28T08:00:00+00:00
eb113ffd_EV-08,EV-08,2026-03-28T11:00:00+00:00,755.09,485.15,-269.93,37.5,2026-03-28T08:00:00+00:00
eb113ffd_EV-09,EV-09,2026-03-28T11:45:00+00:00,608.72,331.13,-277.59,33.0,2026-03-28T08:00:00+00:00
eb113ffd_EV-10,EV-10,2026-03-28T12:00:00+00:00,568.36,185.0,-383.36,35.0,2026-03-28T08:00:00+00:00
bb376faf_EV-01,EV-01,2026-03-28T08:00:00+00:00,720.57,30,-690.57,45.0,2026-03-28T08:00:00+00:00
bb376faf_EV-02,EV-02,2026-03-28T08:30:00+00:00,612.38,241.8,-370.58,24.0,2026-03-28T08:00:00+00:00
bb376faf_EV-03,EV-03,2026-03-28T08:45:00+00:00,817.05,30,-787.05,60.0,2026-03-28T08:00:00+00:00
bb376faf_EV-04,EV-04,2026-03-28T09:00:00+00:00,542.29,338.41,-203.88,27.0,2026-03-28T08:00:00+00:00
bb376faf_EV-05,EV-05,2026-03-28T09:15:00+00:00,499.83,996.11,496.29,30.0,2026-03-28T08:00:00+00:00
bb376faf_EV-06,EV-06,2026-03-28T10:00:00+00:00,610.34,283.02,-327.33,33.0,2026-03-28T08:00:00+00:00
bb376faf_EV-07,EV-07,2026-03-28T10:30:00+00:00,532.4,230.74,-301.66,32.0,2026-03-28T08:00:00+00:00
bb376faf_EV-08,EV-08,2026-03-28T11:00:00+00:00,755.09,30,-725.09,37.5,2026-03-28T08:00:00+00:00
bb376faf_EV-09,EV-09,2026-03-28T11:45:00+00:00,608.72,758.16,149.45,33.0,2026-03-28T08:00:00+00:00
bb376faf_EV-10,EV-10,2026-03-28T12:00:00+00:00,568.36,30,-538.36,35.0,2026-03-28T08:00:00+00:00
c09984d5_EV-01,EV-01,2026-03-28T08:00:00+00:00,720.57,460.95,-259.62,45.0,2026-03-28T08:00:00+00:00
c09984d5_EV-02,EV-02,2026-03-28T08:30:00+00:00,612.38,195.43,-416.95,24.0,2026-03-28T08:00:00+00:00
c09984d5_EV-03,EV-03,2026-03-28T08:45:00+00:00,817.05,275.58,-541.46,60.0,2026-03-28T08:00:00+00:00
c09984d5_EV-04,EV-04,2026-03-28T09:00:00+00:00,542.29,683.46,141.17,27.0,2026-03-28T08:00:00+00:00
c09984d5_EV-05,EV-05,2026-03-28T09:15:00+00:00,499.83,245.86,-253.96,30.0,2026-03-28T08:00:00+00:00
c09984d5_EV-06,EV-06,2026-03-28T10:00:00+00:00,610.34,61.78,-548.56,33.0,2026-03-28T08:00:00+00:00
c09984d5_EV-07,EV-07,2026-03-28T10:30:00+00:00,532.4,89.36,-443.04,32.0,2026-03-28T08:00:00+00:00
c09984d5_EV-08,EV-08,2026-03-28T11:00:00+00:00,755.09,430.85,-324.24,37.5,2026-03-28T08:00:00+00:00
c09984d5_EV-09,EV-09,2026-03-28T11:45:00+00:00,608.72,330.46,-278.26,33.0,2026-03-28T08:00:00+00:00
c09984d5_EV-10,EV-10,2026-03-28T12:00:00+00:00,568.36,30,-538.36,35.0,2026-03-28T08:00:00+00:00
dd72abb8_EV-001,EV-001,2026-03-28T22:33:38.528596+00:00,484.91,30,-454.91,20.13,2026-03-28T22:33:38.528596+00:00
dd72abb8_EV-002,EV-002,2026-03-28T22:33:38.528596+00:00,498.73,299.28,-199.45,22.8,2026-03-28T22:33:38.528596+00:00
dd72abb8_EV-003,EV-003,2026-03-28T22:33:38.528596+00:00,498.73,198.26,-300.47,23.43,2026-03-28T22:33:38.528596+00:00
dd72abb8_EV-004,EV-004,2026-03-28T22:33:38.528596+00:00,1125.92,199.09,-926.84,39.0,2026-03-28T22:33:38.528596+00:00
dd72abb8_EV-005,EV-005,2026-03-28T22:33:38.528596+00:00,1124.29,30,-1094.29,42.0,2026-03-28T22:33:38.528596+00:00
dd72abb8_EV-006,EV-006,2026-03-28T22:33:38.528596+00:00,1122.26,30,-1092.26,50.25,2026-03-28T22:33:38.528596+00:00
dd72abb8_EV-007,EV-007,2026-03-28T22:33:38.528596+00:00,536.99,167.47,-369.52,29.26,2026-03-28T22:33:38.528596+00:00
dd72abb8_EV-008,EV-008,2026-03-28T22:33:38.528596+00:00,1124.29,30,-1094.29,43.5,2026-03-28T22:33:38.528596+00:00
dd72abb8_EV-009,EV-009,2026-03-28T22:33:38.528596+00:00,1124.29,462.59,-661.7,45.75,2026-03-28T22:33:38.528596+00:00
dd72abb8_EV-010,EV-010,2026-03-28T22:33:38.528596+00:00,785.51,450.09,-335.42,31.68,2026-03-28T22:33:38.528596+00:00
68c1d433_EV-001,EV-001,2026-03-28T22:34:02.863776+00:00,484.91,264.04,-220.87,20.13,2026-03-28T22:34:02.863776+00:00
68c1d433_EV-002,EV-002,2026-03-28T22:34:02.863776+00:00,498.73,295.53,-203.2,22.8,2026-03-28T22:34:02.863776+00:00
68c1d433_EV-003,EV-003,2026-03-28T22:34:02.863776+00:00,498.73,631.66,132.93,23.43,2026-03-28T22:34:02.863776+00:00
68c1d433_EV-004,EV-004,2026-03-28T22:34:02.863776+00:00,1125.92,111.57,-1014.36,39.0,2026-03-28T22:34:02.863776+00:00
68c1d433_EV-005,EV-005,2026-03-28T22:34:02.863776+00:00,1124.29,30,-1094.29,42.0,2026-03-28T22:34:02.863776+00:00
68c1d433_EV-006,EV-006,2026-03-28T22:34:02.863776+00:00,1122.26,115.14,-1007.12,50.25,2026-03-28T22:34:02.863776+00:00
68c1d433_EV-007,EV-007,2026-03-28T22:34:02.863776+00:00,536.99,57.69,-479.29,29.26,2026-03-28T22:34:02.863776+00:00
68c1d433_EV-008,EV-008,2026-03-28T22:34:02.863776+00:00,1124.29,370.41,-753.87,43.5,2026-03-28T22:34:02.863776+00:00
68c1d433_EV-009,EV-009,2026-03-28T22:34:02.863776+00:00,1124.29,30,-1094.29,45.75,2026-03-28T22:34:02.863776+00:00
68c1d433_EV-010,EV-010,2026-03-28T22:34:02.863776+00:00,785.51,30,-755.51,31.68,2026-03-28T22:34:02.863776+00:00
282a7242_EV-001,EV-001,2026-03-28T22:34:13.313427+00:00,484.91,472.67,-12.24,20.13,2026-03-28T22:34:13.313427+00:00
282a7242_EV-002,EV-002,2026-03-28T22:34:13.313427+00:00,498.73,226.18,-272.55,22.8,2026-03-28T22:34:13.313427+00:00
282a7242_EV-003,EV-003,2026-03-28T22:34:13.313427+00:00,498.73,106.91,-391.82,23.43,2026-03-28T22:34:13.313427+00:00
282a7242_EV-004,EV-004,2026-03-28T22:34:13.313427+00:00,1125.92,182.31,-943.61,39.0,2026-03-28T22:34:13.313427+00:00
282a7242_EV-005,EV-005,2026-03-28T22:34:13.313427+00:00,1124.29,30,-1094.29,42.0,2026-03-28T22:34:13.313427+00:00
282a7242_EV-006,EV-006,2026-03-28T22:34:13.313427+00:00,1122.26,30,-1092.26,50.25,2026-03-28T22:34:13.313427+00:00
282a7242_EV-007,EV-007,2026-03-28T22:34:13.313427+00:00,536.99,30,-506.99,29.26,2026-03-28T22:34:13.313427+00:00
282a7242_EV-008,EV-008,2026-03-28T22:34:13.313427+00:00,1124.29,131.22,-993.06,43.5,2026-03-28T22:34:13.313427+00:00
282a7242_EV-009,EV-009,2026-03-28T22:34:13.313427+00:00,1124.29,128.44,-995.84,45.75,2026-03-28T22:34:13.313427+00:00
282a7242_EV-010,EV-010,2026-03-28T22:34:13.313427+00:00,785.51,30,-755.51,31.68,2026-03-28T22:34:13.313427+00:00
282a7242_EV-011,EV-011,2026-03-28T22:34:13.313427+00:00,1122.26,159.63,-962.63,62.25,2026-03-28T22:34:13.313427+00:00
282a7242_EV-012,EV-012,2026-03-28T22:34:13.313427+00:00,1125.92,30,-1095.92,36.72,2026-03-28T22:34:13.313427+00:00
282a7242_EV-013,EV-013,2026-03-28T22:34:13.313427+00:00,1122.26,203.87,-918.39,51.12,2026-03-28T22:34:13.313427+00:00
282a7242_EV-014,EV-014,2026-03-28T22:34:13.313427+00:00,498.73,30,-468.73,23.6,2026-03-28T22:34:13.313427+00:00
282a7242_EV-015,EV-015,2026-03-28T22:34:13.313427+00:00,542.86,140.45,-402.41,26.5,2026-03-28T22:34:13.313427+00:00
282a7242_EV-016,EV-016,2026-03-28T22:34:13.313427+00:00,1122.26,49.18,-1073.08,66.0,2026-03-28T22:34:13.313427+00:00
282a7242_EV-017,EV-017,2026-03-28T22:34:13.313427+00:00,801.72,591.87,-209.85,33.06,2026-03-28T22:34:13.313427+00:00
282a7242_EV-018,EV-018,2026-03-28T22:34:13.313427+00:00,1124.29,30,-1094.29,42.35,2026-03-28T22:34:13.313427+00:00
282a7242_EV-019,EV-019,2026-03-28T22:34:13.313427+00:00,1124.29,99.19,-1025.1,47.4,2026-03-28T22:34:13.313427+00:00
282a7242_EV-020,EV-020,2026-03-28T22:34:13.313427+00:00,1122.26,30,-1092.26,81.7,2026-03-28T22:34:13.313427+00:00
282a7242_EV-021,EV-021,2026-03-28T22:34:13.313427+00:00,521.72,110.95,-410.77,24.0,2026-03-28T22:34:13.313427+00:00
282a7242_EV-022,EV-022,2026-03-28T22:34:13.313427+00:00,801.72,397.06,-404.66,35.4,2026-03-28T22:34:13.313427+00:00
282a7242_EV-023,EV-023,2026-03-28T22:34:13.313427+00:00,1122.26,77.57,-1044.69,56.8,2026-03-28T22:34:13.313427+00:00
282a7242_EV-024,EV-024,2026-03-28T22:34:13.313427+00:00,1124.29,104.98,-1019.31,44.8,2026-03-28T22:34:13.313427+00:00
282a7242_EV-025,EV-025,2026-03-28T22:34:13.313427+00:00,801.72,256.13,-545.59,33.0,2026-03-28T22:34:13.313427+00:00
282a7242_EV-026,EV-026,2026-03-28T22:34:13.313427+00:00,1122.26,232.17,-890.09,60.06,2026-03-28T22:34:13.313427+00:00
282a7242_EV-027,EV-027,2026-03-28T22:34:13.313427+00:00,801.72,384.38,-417.34,33.0,2026-03-28T22:34:13.313427+00:00
282a7242_EV-028,EV-028,2026-03-28T22:34:13.313427+00:00,1124.29,313.49,-810.79,47.5,2026-03-28T22:34:13.313427+00:00
282a7242_EV-029,EV-029,2026-03-28T22:34:13.313427+00:00,469.06,30,-439.06,14.5,2026-03-28T22:34:13.313427+00:00
282a7242_EV-030,EV-030,2026-03-28T22:34:13.313427+00:00,1122.26,435.44,-686.82,60.83,2026-03-28T22:34:13.313427+00:00
282a7242_EV-031,EV-031,2026-03-28T22:34:13.313427+00:00,1122.26,30,-1092.26,56.21,2026-03-28T22:34:13.313427+00:00
282a7242_EV-032,EV-032,2026-03-28T22:34:13.313427+00:00,480.4,175.64,-304.76,18.0,2026-03-28T22:34:13.313427+00:00
282a7242_EV-033,EV-033,2026-03-28T22:34:13.313427+00:00,785.51,42.09,-743.42,31.5,2026-03-28T22:34:13.313427+00:00
282a7242_EV-034,EV-034,2026-03-28T22:34:13.313427+00:00,1122.26,30,-1092.26,61.5,2026-03-28T22:34:13.313427+00:00
282a7242_EV-035,EV-035,2026-03-28T22:34:13.313427+00:00,1122.26,30,-1092.26,52.36,2026-03-28T22:34:13.313427+00:00
282a7242_EV-036,EV-036,2026-03-28T22:34:13.313427+00:00,1124.29,101.48,-1022.8,42.35,2026-03-28T22:34:13.313427+00:00
282a7242_EV-037,EV-037,2026-03-28T22:34:13.313427+00:00,1147.69,474.87,-672.82,40.02,2026-03-28T22:34:13.313427+00:00
282a7242_EV-038,EV-038,2026-03-28T22:34:13.313427+00:00,801.72,30,-771.72,34.2,2026-03-28T22:34:13.313427+00:00
282a7242_EV-039,EV-039,2026-03-28T22:34:13.313427+00:00,1122.26,74.94,-1047.32,56.05,2026-03-28T22:34:13.313427+00:00
282a7242_EV-040,EV-040,2026-03-28T22:34:13.313427+00:00,1122.26,154.21,-968.05,51.0,2026-03-28T22:34:13.313427+00:00
282a7242_EV-041,EV-041,2026-03-28T22:34:13.313427+00:00,1125.92,57.51,-1068.41,36.72,2026-03-28T22:34:13.313427+00:00
282a7242_EV-042,EV-042,2026-03-28T22:34:13.313427+00:00,1124.29,30,-1094.29,44.66,2026-03-28T22:34:13.313427+00:00
282a7242_EV-043,EV-043,2026-03-28T22:34:13.313427+00:00,1122.26,30,-1092.26,61.75,2026-03-28T22:34:13.313427+00:00
282a7242_EV-044,EV-044,2026-03-28T22:34:13.313427+00:00,498.73,113.73,-385.0,23.2,2026-03-28T22:34:13.313427+00:00
282a7242_EV-045,EV-045,2026-03-28T22:34:13.313427+00:00,1124.29,210.61,-913.68,43.12,2026-03-28T22:34:13.313427+00:00
282a7242_EV-046,EV-046,2026-03-28T22:34:13.313427+00:00,521.72,276.07,-245.65,24.4,2026-03-28T22:34:13.313427+00:00
282a7242_EV-047,EV-047,2026-03-28T22:34:13.313427+00:00,1122.26,172.22,-950.04,64.0,2026-03-28T22:34:13.313427+00:00
282a7242_EV-048,EV-048,2026-03-28T22:34:13.313427+00:00,1124.29,126.47,-997.82,46.98,2026-03-28T22:34:13.313427+00:00
282a7242_EV-049,EV-049,2026-03-28T22:34:13.313427+00:00,1124.29,438.95,-685.33,43.12,2026-03-28T22:34:13.313427+00:00
d1ead7f4_EV-001,EV-001,2026-03-28T22:37:24.531964+00:00,511.19,399.73,-111.47,20.13,2026-03-28T22:37:24.531964+00:00
d1ead7f4_EV-002,EV-002,2026-03-28T22:37:24.531964+00:00,525.01,588.24,63.23,22.8,2026-03-28T22:37:24.531964+00:00
d1ead7f4_EV-003,EV-003,2026-03-28T22:37:24.531964+00:00,525.01,173.95,-351.06,23.43,2026-03-28T22:37:24.531964+00:00
d1ead7f4_EV-004,EV-004,2026-03-28T22:37:24.531964+00:00,1142.84,335.35,-807.49,39.0,2026-03-28T22:37:24.531964+00:00
d1ead7f4_EV-005,EV-005,2026-03-28T22:37:24.531964+00:00,1131.8,322.59,-809.21,42.0,2026-03-28T22:37:24.531964+00:00
d1ead7f4_EV-006,EV-006,2026-03-28T22:37:24.531964+00:00,1129.78,30,-1099.78,50.25,2026-03-28T22:37:24.531964+00:00
d1ead7f4_EV-007,EV-007,2026-03-28T22:37:24.531964+00:00,563.27,30,-533.27,29.26,2026-03-28T22:37:24.531964+00:00
d1ead7f4_EV-008,EV-008,2026-03-28T22:37:24.531964+00:00,1131.8,201.13,-930.67,43.5,2026-03-28T22:37:24.531964+00:00
d1ead7f4_EV-009,EV-009,2026-03-28T22:37:24.531964+00:00,1131.8,30,-1101.8,45.75,2026-03-28T22:37:24.531964+00:00
d1ead7f4_EV-010,EV-010,2026-03-28T22:37:24.531964+00:00,802.43,123.29,-679.14,31.68,2026-03-28T22:37:24.531964+00:00
d1ead7f4_EV-011,EV-011,2026-03-28T22:37:24.531964+00:00,1129.78,303.84,-825.94,62.25,2026-03-28T22:37:24.531964+00:00
d1ead7f4_EV-012,EV-012,2026-03-28T22:37:24.531964+00:00,1142.84,30,-1112.84,36.72,2026-03-28T22:37:24.531964+00:00
d1ead7f4_EV-013,EV-013,2026-03-28T22:37:24.531964+00:00,1129.78,240.03,-889.74,51.12,2026-03-28T22:37:24.531964+00:00
d1ead7f4_EV-014,EV-014,2026-03-28T22:37:24.531964+00:00,525.01,30,-495.01,23.6,2026-03-28T22:37:24.531964+00:00
d1ead7f4_EV-015,EV-015,2026-03-28T22:37:24.531964+00:00,569.14,30,-539.14,26.5,2026-03-28T22:37:24.531964+00:00
d1ead7f4_EV-016,EV-016,2026-03-28T22:37:24.531964+00:00,1129.78,82.05,-1047.72,66.0,2026-03-28T22:37:24.531964+00:00
d1ead7f4_EV-017,EV-017,2026-03-28T22:37:24.531964+00:00,818.64,280.74,-537.9,33.06,2026-03-28T22:37:24.531964+00:00
d1ead7f4_EV-018,EV-018,2026-03-28T22:37:24.531964+00:00,1131.8,30,-1101.8,42.35,2026-03-28T22:37:24.531964+00:00
d1ead7f4_EV-019,EV-019,2026-03-28T22:37:24.531964+00:00,1131.8,30,-1101.8,47.4,2026-03-28T22:37:24.531964+00:00
d1ead7f4_EV-020,EV-020,2026-03-28T22:37:24.531964+00:00,1129.78,30,-1099.78,81.7,2026-03-28T22:37:24.531964+00:00
d1ead7f4_EV-021,EV-021,2026-03-28T22:37:24.531964+00:00,548.0,30,-518.0,24.0,2026-03-28T22:37:24.531964+00:00
d1ead7f4_EV-022,EV-022,2026-03-28T22:37:24.531964+00:00,818.64,303.75,-514.88,35.4,2026-03-28T22:37:24.531964+00:00
d1ead7f4_EV-023,EV-023,2026-03-28T22:37:24.531964+00:00,1129.78,193.37,-936.4,56.8,2026-03-28T22:37:24.531964+00:00
d1ead7f4_EV-024,EV-024,2026-03-28T22:37:24.531964+00:00,1131.8,98.76,-1033.05,44.8,2026-03-28T22:37:24.531964+00:00
d1ead7f4_EV-025,EV-025,2026-03-28T22:37:24.531964+00:00,818.64,253.46,-565.17,33.0,2026-03-28T22:37:24.531964+00:00
d1ead7f4_EV-026,EV-026,2026-03-28T22:37:24.531964+00:00,1129.78,30,-1099.78,60.06,2026-03-28T22:37:24.531964+00:00
d1ead7f4_EV-027,EV-027,2026-03-28T22:37:24.531964+00:00,818.64,30,-788.64,33.0,2026-03-28T22:37:24.531964+00:00
d1ead7f4_EV-028,EV-028,2026-03-28T22:37:24.531964+00:00,1131.8,347.24,-784.56,47.5,2026-03-28T22:37:24.531964+00:00
d1ead7f4_EV-029,EV-029,2026-03-28T22:37:24.531964+00:00,495.34,589.76,94.42,14.5,2026-03-28T22:37:24.531964+00:00
d1ead7f4_EV-030,EV-030,2026-03-28T22:37:24.531964+00:00,1129.78,132.93,-996.84,60.83,2026-03-28T22:37:24.531964+00:00
d1ead7f4_EV-031,EV-031,2026-03-28T22:37:24.531964+00:00,1129.78,245.97,-883.8,56.21,2026-03-28T22:37:24.531964+00:00
d1ead7f4_EV-032,EV-032,2026-03-28T22:37:24.531964+00:00,506.68,360.54,-146.14,18.0,2026-03-28T22:37:24.531964+00:00
d1ead7f4_EV-033,EV-033,2026-03-28T22:37:24.531964+00:00,802.43,30,-772.43,31.5,2026-03-28T22:37:24.531964+00:00
d1ead7f4_EV-034,EV-034,2026-03-28T22:37:24.531964+00:00,1129.78,621.66,-508.12,61.5,2026-03-28T22:37:24.531964+00:00
d1ead7f4_EV-035,EV-035,2026-03-28T22:37:24.531964+00:00,1129.78,466.96,-662.81,52.36,2026-03-28T22:37:24.531964+00:00
d1ead7f4_EV-036,EV-036,2026-03-28T22:37:24.531964+00:00,1131.8,300.43,-831.37,42.35,2026-03-28T22:37:24.531964+00:00
d1ead7f4_EV-037,EV-037,2026-03-28T22:37:24.531964+00:00,1155.2,145.03,-1010.17,40.02,2026-03-28T22:37:24.531964+00:00
d1ead7f4_EV-038,EV-038,2026-03-28T22:37:24.531964+00:00,818.64,383.0,-435.64,34.2,2026-03-28T22:37:24.531964+00:00
d1ead7f4_EV-039,EV-039,2026-03-28T22:37:24.531964+00:00,1129.78,361.9,-767.88,56.05,2026-03-28T22:37:24.531964+00:00
d1ead7f4_EV-040,EV-040,2026-03-28T22:37:24.531964+00:00,1129.78,420.69,-709.08,51.0,2026-03-28T22:37:24.531964+00:00
d1ead7f4_EV-041,EV-041,2026-03-28T22:37:24.531964+00:00,1142.84,114.79,-1028.05,36.72,2026-03-28T22:37:24.531964+00:00
d1ead7f4_EV-042,EV-042,2026-03-28T22:37:24.531964+00:00,1131.8,123.95,-1007.85,44.66,2026-03-28T22:37:24.531964+00:00
d1ead7f4_EV-043,EV-043,2026-03-28T22:37:24.531964+00:00,1129.78,30,-1099.78,61.75,2026-03-28T22:37:24.531964+00:00
d1ead7f4_EV-044,EV-044,2026-03-28T22:37:24.531964+00:00,525.01,129.26,-395.75,23.2,2026-03-28T22:37:24.531964+00:00
d1ead7f4_EV-045,EV-045,2026-03-28T22:37:24.531964+00:00,1131.8,435.46,-696.34,43.12,2026-03-28T22:37:24.531964+00:00
d1ead7f4_EV-046,EV-046,2026-03-28T22:37:24.531964+00:00,548.0,246.18,-301.82,24.4,2026-03-28T22:37:24.531964+00:00
d1ead7f4_EV-047,EV-047,2026-03-28T22:37:24.531964+00:00,1129.78,177.75,-952.02,64.0,2026-03-28T22:37:24.531964+00:00
d1ead7f4_EV-048,EV-048,2026-03-28T22:37:24.531964+00:00,1131.8,583.8,-548.0,46.98,2026-03-28T22:37:24.531964+00:00
d1ead7f4_EV-049,EV-049,2026-03-28T22:37:24.531964+00:00,1131.8,30,-1101.8,43.12,2026-03-28T22:37:24.531964+00:00
d0c32d63_EV-01,EV-01,2026-03-28T08:00:00+00:00,720.57,397.73,-322.84,45.0,2026-03-28T08:00:00+00:00
d0c32d63_EV-02,EV-02,2026-03-28T08:30:00+00:00,612.38,129.32,-483.05,24.0,2026-03-28T08:00:00+00:00
d0c32d63_EV-03,EV-03,2026-03-28T08:45:00+00:00,817.05,172.43,-644.62,60.0,2026-03-28T08:00:00+00:00
d0c32d63_EV-04,EV-04,2026-03-28T09:00:00+00:00,542.29,30,-512.29,27.0,2026-03-28T08:00:00+00:00
d0c32d63_EV-05,EV-05,2026-03-28T09:15:00+00:00,499.83,486.07,-13.75,30.0,2026-03-28T08:00:00+00:00
d0c32d63_EV-06,EV-06,2026-03-28T10:00:00+00:00,610.34,188.82,-421.53,33.0,2026-03-28T08:00:00+00:00
d0c32d63_EV-07,EV-07,2026-03-28T10:30:00+00:00,532.4,130.38,-402.02,32.0,2026-03-28T08:00:00+00:00
d0c32d63_EV-08,EV-08,2026-03-28T11:00:00+00:00,755.09,661.84,-93.25,37.5,2026-03-28T08:00:00+00:00
d0c32d63_EV-09,EV-09,2026-03-28T11:45:00+00:00,608.72,540.04,-68.68,33.0,2026-03-28T08:00:00+00:00
d0c32d63_EV-10,EV-10,2026-03-28T12:00:00+00:00,568.36,162.48,-405.89,35.0,2026-03-28T08:00:00+00:00
f5b2a2c8_EV-01,EV-01,2026-03-28T08:00:00+00:00,720.57,30,-690.57,45.0,2026-03-28T08:00:00+00:00
f5b2a2c8_EV-02,EV-02,2026-03-28T08:30:00+00:00,612.38,462.64,-149.74,24.0,2026-03-28T08:00:00+00:00
f5b2a2c8_EV-03,EV-03,2026-03-28T08:45:00+00:00,817.05,685.44,-131.6,60.0,2026-03-28T08:00:00+00:00
f5b2a2c8_EV-04,EV-04,2026-03-28T09:00:00+00:00,542.29,831.97,289.68,27.0,2026-03-28T08:00:00+00:00
f5b2a2c8_EV-05,EV-05,2026-03-28T09:15:00+00:00,499.83,1025.66,525.83,30.0,2026-03-28T08:00:00+00:00
f5b2a2c8_EV-06,EV-06,2026-03-28T10:00:00+00:00,610.34,273.53,-336.81,33.0,2026-03-28T08:00:00+00:00
f5b2a2c8_EV-07,EV-07,2026-03-28T10:30:00+00:00,532.4,129.98,-402.42,32.0,2026-03-28T08:00:00+00:00
f5b2a2c8_EV-08,EV-08,2026-03-28T11:00:00+00:00,755.09,516.89,-238.2,37.5,2026-03-28T08:00:00+00:00
f5b2a2c8_EV-09,EV-09,2026-03-28T11:45:00+00:00,608.72,473.71,-135.01,33.0,2026-03-28T08:00:00+00:00
f5b2a2c8_EV-10,EV-10,2026-03-28T12:00:00+00:00,568.36,829.08,260.72,35.0,2026-03-28T08:00:00+00:00
6d72275d_EV-01,EV-01,2026-03-28T08:00:00+00:00,720.57,626.31,-94.26,45.0,2026-03-28T08:00:00+00:00
6d72275d_EV-02,EV-02,2026-03-28T08:30:00+00:00,612.38,590.25,-22.13,24.0,2026-03-28T08:00:00+00:00
6d72275d_EV-03,EV-03,2026-03-28T08:45:00+00:00,817.05,456.12,-360.93,60.0,2026-03-28T08:00:00+00:00
6d72275d_EV-04,EV-04,2026-03-28T09:00:00+00:00,542.29,447.71,-94.57,27.0,2026-03-28T08:00:00+00:00
6d72275d_EV-05,EV-05,2026-03-28T09:15:00+00:00,499.83,506.21,6.39,30.0,2026-03-28T08:00:00+00:00
6d72275d_EV-06,EV-06,2026-03-28T10:00:00+00:00,610.34,238.51,-371.84,33.0,2026-03-28T08:00:00+00:00
6d72275d_EV-07,EV-07,2026-03-28T10:30:00+00:00,532.4,159.97,-372.43,32.0,2026-03-28T08:00:00+00:00
6d72275d_EV-08,EV-08,2026-03-28T11:00:00+00:00,755.09,200.96,-554.13,37.5,2026-03-28T08:00:00+00:00
6d72275d_EV-09,EV-09,2026-03-28T11:45:00+00:00,608.72,827.78,219.06,33.0,2026-03-28T08:00:00+00:00
6d72275d_EV-10,EV-10,2026-03-28T12:00:00+00:00,568.36,30,-538.36,35.0,2026-03-28T08:00:00+00:00
a67aedaa_EV-01,EV-01,2026-03-28T08:00:00+00:00,720.57,134.93,-585.64,45.0,2026-03-28T08:00:00+00:00
a67aedaa_EV-02,EV-02,2026-03-28T08:30:00+00:00,612.38,457.02,-155.35,24.0,2026-03-28T08:00:00+00:00
a67aedaa_EV-03,EV-03,2026-03-28T08:45:00+00:00,817.05,899.25,82.21,60.0,2026-03-28T08:00:00+00:00
a67aedaa_EV-04,EV-04,2026-03-28T09:00:00+00:00,542.29,920.39,378.1,27.0,2026-03-28T08:00:00+00:00
a67aedaa_EV-05,EV-05,2026-03-28T09:15:00+00:00,499.83,30,-469.83,30.0,2026-03-28T08:00:00+00:00
a67aedaa_EV-06,EV-06,2026-03-28T10:00:00+00:00,610.34,439.18,-171.17,33.0,2026-03-28T08:00:00+00:00
a67aedaa_EV-07,EV-07,2026-03-28T10:30:00+00:00,532.4,36.66,-495.74,32.0,2026-03-28T08:00:00+00:00
a67aedaa_EV-08,EV-08,2026-03-28T11:00:00+00:00,755.09,45.6,-709.49,37.5,2026-03-28T08:00:00+00:00
a67aedaa_EV-09,EV-09,2026-03-28T11:45:00+00:00,608.72,574.8,-33.92,33.0,2026-03-28T08:00:00+00:00
a67aedaa_EV-10,EV-10,2026-03-28T12:00:00+00:00,568.36,515.12,-53.24,35.0,2026-03-28T08:00:00+00:00
dcb2dbfe_EV-01,EV-01,2026-03-28T08:00:00+00:00,720.57,30,-690.57,45.0,2026-03-28T08:00:00+00:00
dcb2dbfe_EV-02,EV-02,2026-03-28T08:30:00+00:00,612.38,1181.77,569.39,24.0,2026-03-28T08:00:00+00:00
dcb2dbfe_EV-03,EV-03,2026-03-28T08:45:00+00:00,817.05,372.18,-444.86,60.0,2026-03-28T08:00:00+00:00
dcb2dbfe_EV-04,EV-04,2026-03-28T09:00:00+00:00,542.29,490.31,-51.98,27.0,2026-03-28T08:00:00+00:00
dcb2dbfe_EV-05,EV-05,2026-03-28T09:15:00+00:00,499.83,941.58,441.75,30.0,2026-03-28T08:00:00+00:00
dcb2dbfe_EV-06,EV-06,2026-03-28T10:00:00+00:00,610.34,186.96,-423.38,33.0,2026-03-28T08:00:00+00:00
dcb2dbfe_EV-07,EV-07,2026-03-28T10:30:00+00:00,532.4,184.53,-347.87,32.0,2026-03-28T08:00:00+00:00
dcb2dbfe_EV-08,EV-08,2026-03-28T11:00:00+00:00,755.09,239.38,-515.71,37.5,2026-03-28T08:00:00+00:00
dcb2dbfe_EV-09,EV-09,2026-03-28T11:45:00+00:00,608.72,122.37,-486.34,33.0,2026-03-28T08:00:00+00:00
dcb2dbfe_EV-10,EV-10,2026-03-28T12:00:00+00:00,568.36,472.08,-96.28,35.0,2026-03-28T08:00:00+00:00
76c34796_EV-01,EV-01,2026-03-28T08:00:00+00:00,720.57,216.09,-504.48,45.0,2026-03-28T08:00:00+00:00
76c34796_EV-02,EV-02,2026-03-28T08:30:00+00:00,612.38,123.92,-488.45,24.0,2026-03-28T08:00:00+00:00
76c34796_EV-03,EV-03,2026-03-28T08:45:00+00:00,817.05,30,-787.05,60.0,2026-03-28T08:00:00+00:00
76c34796_EV-04,EV-04,2026-03-28T09:00:00+00:00,542.29,683.04,140.75,27.0,2026-03-28T08:00:00+00:00
76c34796_EV-05,EV-05,2026-03-28T09:15:00+00:00,499.83,766.19,266.37,30.0,2026-03-28T08:00:00+00:00
76c34796_EV-06,EV-06,2026-03-28T10:00:00+00:00,610.34,52.47,-557.87,33.0,2026-03-28T08:00:00+00:00
76c34796_EV-07,EV-07,2026-03-28T10:30:00+00:00,532.4,390.16,-142.24,32.0,2026-03-28T08:00:00+00:00
76c34796_EV-08,EV-08,2026-03-28T11:00:00+00:00,755.09,263.42,-491.67,37.5,2026-03-28T08:00:00+00:00
76c34796_EV-09,EV-09,2026-03-28T11:45:00+00:00,608.72,606.29,-2.43,33.0,2026-03-28T08:00:00+00:00
76c34796_EV-10,EV-10,2026-03-28T12:00:00+00:00,568.36,403.44,-164.93,35.0,2026-03-28T08:00:00+00:00
85f59bdd_EV-001,EV-001,2026-03-28T08:13:36.544445+00:00,641.66,122.53,-519.14,20.13,2026-03-28T08:13:36.544445+00:00
85f59bdd_EV-002,EV-002,2026-03-28T08:28:22.397425+00:00,594.85,240.58,-354.27,22.8,2026-03-28T08:13:36.544445+00:00
85f59bdd_EV-003,EV-003,2026-03-28T08:34:06.442707+00:00,597.88,536.5,-61.38,23.43,2026-03-28T08:13:36.544445+00:00
85f59bdd_EV-004,EV-004,2026-03-28T08:51:22.274970+00:00,709.11,30,-679.11,39.0,2026-03-28T08:13:36.544445+00:00
85f59bdd_EV-005,EV-005,2026-03-28T08:54:34.041113+00:00,717.35,464.68,-252.66,42.0,2026-03-28T08:13:36.544445+00:00
85f59bdd_EV-006,EV-006,2026-03-28T09:38:45.325433+00:00,774.04,258.61,-515.42,50.25,2026-03-28T08:13:36.544445+00:00
85f59bdd_EV-007,EV-007,2026-03-28T10:19:50.821887+00:00,483.37,294.16,-189.21,29.26,2026-03-28T08:13:36.544445+00:00
85f59bdd_EV-008,EV-008,2026-03-28T10:22:20.672741+00:00,739.23,213.18,-526.04,43.5,2026-03-28T08:13:36.544445+00:00
85f59bdd_EV-009,EV-009,2026-03-28T10:30:15.383820+00:00,734.52,448.05,-286.47,45.75,2026-03-28T08:13:36.544445+00:00
85f59bdd_EV-010,EV-010,2026-03-28T10:39:56.399333+00:00,540.57,335.49,-205.08,31.68,2026-03-28T08:13:36.544445+00:00
d20674d7_EV-001,EV-001,2026-03-28T08:02:15.742799+00:00,666.75,291.41,-375.34,20.13,2026-03-28T08:02:15.742799+00:00
d20674d7_EV-002,EV-002,2026-03-28T08:04:26.609501+00:00,657.3,30,-627.3,22.8,2026-03-28T08:02:15.742799+00:00
d20674d7_EV-003,EV-003,2026-03-28T08:10:40.309102+00:00,667.44,255.87,-411.56,23.43,2026-03-28T08:02:15.742799+00:00
d20674d7_EV-004,EV-004,2026-03-28T08:12:21.760899+00:00,734.33,462.91,-271.42,39.0,2026-03-28T08:02:15.742799+00:00
d20674d7_EV-005,EV-005,2026-03-28T08:13:36.544445+00:00,711.01,459.47,-251.54,42.0,2026-03-28T08:02:15.742799+00:00
d20674d7_EV-006,EV-006,2026-03-28T08:20:41.225828+00:00,779.14,30,-749.14,50.25,2026-03-28T08:02:15.742799+00:00
d20674d7_EV-007,EV-007,2026-03-28T08:22:31.017293+00:00,747.87,742.98,-4.89,29.26,2026-03-28T08:02:15.742799+00:00
d20674d7_EV-008,EV-008,2026-03-28T08:28:22.397425+00:00,732.71,148.89,-583.82,43.5,2026-03-28T08:02:15.742799+00:00
d20674d7_EV-009,EV-009,2026-03-28T08:32:47.691435+00:00,731.22,485.83,-245.39,45.75,2026-03-28T08:02:15.742799+00:00
d20674d7_EV-010,EV-010,2026-03-28T08:33:10.117795+00:00,626.96,194.41,-432.55,31.68,2026-03-28T08:02:15.742799+00:00
d20674d7_EV-011,EV-011,2026-03-28T08:33:43.388156+00:00,734.54,745.37,10.83,62.25,2026-03-28T08:02:15.742799+00:00
d20674d7_EV-012,EV-012,2026-03-28T08:34:06.442707+00:00,737.27,357.74,-379.53,36.72,2026-03-28T08:02:15.742799+00:00
d20674d7_EV-013,EV-013,2026-03-28T08:37:46.663941+00:00,748.54,30,-718.54,51.12,2026-03-28T08:02:15.742799+00:00
d20674d7_EV-014,EV-014,2026-03-28T08:50:44.490957+00:00,527.99,458.56,-69.43,23.6,2026-03-28T08:02:15.742799+00:00
d20674d7_EV-015,EV-015,2026-03-28T08:51:22.274970+00:00,555.06,30,-525.06,26.5,2026-03-28T08:02:15.742799+00:00
d20674d7_EV-016,EV-016,2026-03-28T08:53:06.850947+00:00,720.67,292.33,-428.34,66.0,2026-03-28T08:02:15.742799+00:00
d20674d7_EV-017,EV-017,2026-03-28T08:54:34.041113+00:00,584.92,532.64,-52.28,33.06,2026-03-28T08:02:15.742799+00:00
d20674d7_EV-018,EV-018,2026-03-28T09:08:53.971705+00:00,702.34,90.02,-612.32,42.35,2026-03-28T08:02:15.742799+00:00
d20674d7_EV-019,EV-019,2026-03-28T09:12:23.181190+00:00,700.85,788.79,87.94,47.4,2026-03-28T08:02:15.742799+00:00
d20674d7_EV-020,EV-020,2026-03-28T09:13:38.220599+00:00,691.68,343.14,-348.54,81.7,2026-03-28T08:02:15.742799+00:00
d20674d7_EV-021,EV-021,2026-03-28T09:25:13.834941+00:00,515.83,292.13,-223.69,24.0,2026-03-28T08:02:15.742799+00:00
d20674d7_EV-022,EV-022,2026-03-28T09:27:29.941420+00:00,568.47,30,-538.47,35.4,2026-03-28T08:02:15.742799+00:00
d20674d7_EV-023,EV-023,2026-03-28T09:34:14.324182+00:00,740.72,654.05,-86.66,56.8,2026-03-28T08:02:15.742799+00:00
d20674d7_EV-024,EV-024,2026-03-28T09:38:45.325433+00:00,770.71,564.26,-206.45,44.8,2026-03-28T08:02:15.742799+00:00
d20674d7_EV-025,EV-025,2026-03-28T09:41:10.648741+00:00,612.73,328.3,-284.43,33.0,2026-03-28T08:02:15.742799+00:00
d20674d7_EV-026,EV-026,2026-03-28T09:41:58.635703+00:00,769.23,472.81,-296.42,60.06,2026-03-28T08:02:15.742799+00:00
d20674d7_EV-027,EV-027,2026-03-28T09:45:09.570118+00:00,607.86,422.52,-185.35,33.0,2026-03-28T08:02:15.742799+00:00
d20674d7_EV-028,EV-028,2026-03-28T09:45:10.546735+00:00,761.04,466.87,-294.17,47.5,2026-03-28T08:02:15.742799+00:00
d20674d7_EV-029,EV-029,2026-03-28T09:52:12.453049+00:00,454.58,167.77,-286.81,14.5,2026-03-28T08:02:15.742799+00:00
d20674d7_EV-030,EV-030,2026-03-28T09:58:45.990461+00:00,773.61,30,-743.61,60.83,2026-03-28T08:02:15.742799+00:00
d20674d7_EV-031,EV-031,2026-03-28T10:06:24.492911+00:00,780.1,250.35,-529.75,56.21,2026-03-28T08:02:15.742799+00:00
d20674d7_EV-032,EV-032,2026-03-28T10:10:34.974322+00:00,466.36,373.68,-92.69,18.0,2026-03-28T08:02:15.742799+00:00
d20674d7_EV-033,EV-033,2026-03-28T10:11:47.215792+00:00,573.39,213.83,-359.56,31.5,2026-03-28T08:02:15.742799+00:00
d20674d7_EV-034,EV-034,2026-03-28T10:19:50.821887+00:00,764.56,178.02,-586.54,61.5,2026-03-28T08:02:15.742799+00:00
d20674d7_EV-035,EV-035,2026-03-28T10:22:20.672741+00:00,759.9,175.31,-584.6,52.36,2026-03-28T08:02:15.742799+00:00
d20674d7_EV-036,EV-036,2026-03-28T10:24:48.191667+00:00,739.23,92.23,-647.0,42.35,2026-03-28T08:02:15.742799+00:00
d20674d7_EV-037,EV-037,2026-03-28T10:30:15.383820+00:00,736.36,89.17,-647.18,40.02,2026-03-28T08:02:15.742799+00:00
d20674d7_EV-038,EV-038,2026-03-28T10:32:04.917131+00:00,554.55,303.62,-250.93,34.2,2026-03-28T08:02:15.742799+00:00
d20674d7_EV-039,EV-039,2026-03-28T10:35:06.520017+00:00,765.32,30,-735.32,56.05,2026-03-28T08:02:15.742799+00:00
d20674d7_EV-040,EV-040,2026-03-28T10:36:28.523271+00:00,765.32,71.55,-693.77,51.0,2026-03-28T08:02:15.742799+00:00
d20674d7_EV-041,EV-041,2026-03-28T10:37:48.987639+00:00,705.69,156.51,-549.19,36.72,2026-03-28T08:02:15.742799+00:00
d20674d7_EV-042,EV-042,2026-03-28T10:39:56.399333+00:00,742.69,249.93,-492.76,44.66,2026-03-28T08:02:15.742799+00:00
d20674d7_EV-043,EV-043,2026-03-28T10:41:21.611521+00:00,745.18,196.24,-548.94,61.75,2026-03-28T08:02:15.742799+00:00
d20674d7_EV-044,EV-044,2026-03-28T10:45:04.652472+00:00,496.28,35.91,-460.37,23.2,2026-03-28T08:02:15.742799+00:00
d20674d7_EV-045,EV-045,2026-03-28T10:47:47.576833+00:00,785.08,388.51,-396.58,43.12,2026-03-28T08:02:15.742799+00:00
d20674d7_EV-046,EV-046,2026-03-28T10:54:36.431548+00:00,538.83,395.11,-143.72,24.4,2026-03-28T08:02:15.742799+00:00
d20674d7_EV-047,EV-047,2026-03-28T10:56:49.586656+00:00,843.92,154.13,-689.79,64.0,2026-03-28T08:02:15.742799+00:00
d20674d7_EV-048,EV-048,2026-03-28T10:57:26.226109+00:00,818.29,125.92,-692.37,46.98,2026-03-28T08:02:15.742799+00:00
d20674d7_EV-049,EV-049,2026-03-28T10:57:43.169647+00:00,818.29,209.23,-609.05,43.12,2026-03-28T08:02:15.742799+00:00
10a537e7_EV-001,EV-001,2026-03-28T08:00:00+00:00,655.52,37.49,-618.03,20.13,2026-03-28T08:00:00+00:00
10a537e7_EV-002,EV-002,2026-03-28T08:03:45+00:00,685.59,884.14,198.55,22.8,2026-03-28T08:00:00+00:00
10a537e7_EV-003,EV-003,2026-03-28T08:07:30+00:00,658.06,654.83,-3.23,23.43,2026-03-28T08:00:00+00:00
10a537e7_EV-004,EV-004,2026-03-28T08:11:15+00:00,734.33,308.16,-426.16,39.0,2026-03-28T08:00:00+00:00
10a537e7_EV-005,EV-005,2026-03-28T08:15:00+00:00,800.4,78.72,-721.68,42.0,2026-03-28T08:00:00+00:00
10a537e7_EV-006,EV-006,2026-03-28T08:18:45+00:00,833.21,607.14,-226.07,50.25,2026-03-28T08:00:00+00:00
10a537e7_EV-007,EV-007,2026-03-28T08:22:30+00:00,747.87,94.95,-652.92,29.26,2026-03-28T08:00:00+00:00
10a537e7_EV-008,EV-008,2026-03-28T08:26:15+00:00,777.08,129.65,-647.43,43.5,2026-03-28T08:00:00+00:00
10a537e7_EV-009,EV-009,2026-03-28T08:30:00+00:00,732.71,30,-702.71,45.75,2026-03-28T08:00:00+00:00
10a537e7_EV-010,EV-010,2026-03-28T08:33:45+00:00,626.96,71.62,-555.34,31.68,2026-03-28T08:00:00+00:00
10a537e7_EV-011,EV-011,2026-03-28T08:37:30+00:00,748.54,170.27,-578.27,62.25,2026-03-28T08:00:00+00:00
10a537e7_EV-012,EV-012,2026-03-28T08:41:15+00:00,800.54,30,-770.54,36.72,2026-03-28T08:00:00+00:00
10a537e7_EV-013,EV-013,2026-03-28T08:45:00+00:00,817.05,298.63,-518.42,51.12,2026-03-28T08:00:00+00:00
10a537e7_EV-014,EV-014,2026-03-28T08:48:45+00:00,626.22,254.83,-371.39,23.6,2026-03-28T08:00:00+00:00
10a537e7_EV-015,EV-015,2026-03-28T08:52:30+00:00,555.06,577.1,22.04,26.5,2026-03-28T08:00:00+00:00
10a537e7_EV-016,EV-016,2026-03-28T08:56:15+00:00,718.11,30,-688.11,66.0,2026-03-28T08:00:00+00:00
10a537e7_EV-017,EV-017,2026-03-28T09:00:00+00:00,588.96,486.23,-102.73,33.06,2026-03-28T08:00:00+00:00
10a537e7_EV-018,EV-018,2026-03-28T09:03:45+00:00,716.85,963.2,246.35,42.35,2026-03-28T08:00:00+00:00
10a537e7_EV-019,EV-019,2026-03-28T09:07:30+00:00,706.07,338.72,-367.35,47.4,2026-03-28T08:00:00+00:00
10a537e7_EV-020,EV-020,2026-03-28T09:11:15+00:00,704.18,680.0,-24.17,81.7,2026-03-28T08:00:00+00:00
10a537e7_EV-021,EV-021,2026-03-28T09:15:00+00:00,494.05,521.25,27.2,24.0,2026-03-28T08:00:00+00:00
10a537e7_EV-022,EV-022,2026-03-28T09:18:45+00:00,559.57,851.58,292.0,35.4,2026-03-28T08:00:00+00:00
10a537e7_EV-023,EV-023,2026-03-28T09:22:30+00:00,718.73,107.31,-611.42,56.8,2026-03-28T08:00:00+00:00
10a537e7_EV-024,EV-024,2026-03-28T09:26:15+00:00,721.64,474.97,-246.68,44.8,2026-03-28T08:00:00+00:00
10a537e7_EV-025,EV-025,2026-03-28T09:30:00+00:00,585.3,785.77,200.47,33.0,2026-03-28T08:00:00+00:00
10a537e7_EV-026,EV-026,2026-03-28T09:33:45+00:00,740.72,348.61,-392.11,60.06,2026-03-28T08:00:00+00:00
10a537e7_EV-027,EV-027,2026-03-28T09:37:30+00:00,604.81,229.18,-375.64,33.0,2026-03-28T08:00:00+00:00
10a537e7_EV-028,EV-028,2026-03-28T09:41:15+00:00,765.91,164.71,-601.2,47.5,2026-03-28T08:00:00+00:00
10a537e7_EV-029,EV-029,2026-03-28T09:45:00+00:00,469.36,59.32,-410.03,14.5,2026-03-28T08:00:00+00:00
10a537e7_EV-030,EV-030,2026-03-28T09:48:45+00:00,750.7,886.53,135.83,60.83,2026-03-28T08:00:00+00:00
10a537e7_EV-031,EV-031,2026-03-28T09:52:30+00:00,751.96,787.98,36.02,56.21,2026-03-28T08:00:00+00:00
10a537e7_EV-032,EV-032,2026-03-28T09:56:15+00:00,471.67,156.62,-315.05,18.0,2026-03-28T08:00:00+00:00
10a537e7_EV-033,EV-033,2026-03-28T10:00:00+00:00,588.2,330.1,-258.1,31.5,2026-03-28T08:00:00+00:00
10a537e7_EV-034,EV-034,2026-03-28T10:03:45+00:00,769.73,132.43,-637.31,61.5,2026-03-28T08:00:00+00:00
10a537e7_EV-035,EV-035,2026-03-28T10:07:30+00:00,780.1,220.69,-559.41,52.36,2026-03-28T08:00:00+00:00
10a537e7_EV-036,EV-036,2026-03-28T10:11:15+00:00,773.53,228.85,-544.68,42.35,2026-03-28T08:00:00+00:00
10a537e7_EV-037,EV-037,2026-03-28T10:15:00+00:00,768.51,322.05,-446.46,40.02,2026-03-28T08:00:00+00:00
10a537e7_EV-038,EV-038,2026-03-28T10:18:45+00:00,560.2,415.47,-144.73,34.2,2026-03-28T08:00:00+00:00
10a537e7_EV-039,EV-039,2026-03-28T10:22:30+00:00,759.9,541.9,-218.0,56.05,2026-03-28T08:00:00+00:00
10a537e7_EV-040,EV-040,2026-03-28T10:26:15+00:00,763.02,41.84,-721.18,51.0,2026-03-28T08:00:00+00:00
10a537e7_EV-041,EV-041,2026-03-28T10:30:00+00:00,695.57,46.98,-648.58,36.72,2026-03-28T08:00:00+00:00
10a537e7_EV-042,EV-042,2026-03-28T10:33:45+00:00,734.52,132.91,-601.61,44.66,2026-03-28T08:00:00+00:00
10a537e7_EV-043,EV-043,2026-03-28T10:37:30+00:00,765.32,129.64,-635.68,61.75,2026-03-28T08:00:00+00:00
10a537e7_EV-044,EV-044,2026-03-28T10:41:15+00:00,433.81,199.05,-234.76,23.2,2026-03-28T08:00:00+00:00
10a537e7_EV-045,EV-045,2026-03-28T10:45:00+00:00,785.08,284.88,-500.2,43.12,2026-03-28T08:00:00+00:00
10a537e7_EV-046,EV-046,2026-03-28T10:48:45+00:00,509.16,299.63,-209.54,24.4,2026-03-28T08:00:00+00:00
10a537e7_EV-047,EV-047,2026-03-28T10:52:30+00:00,832.17,100.54,-731.63,64.0,2026-03-28T08:00:00+00:00
10a537e7_EV-048,EV-048,2026-03-28T10:56:15+00:00,818.29,438.9,-379.39,46.98,2026-03-28T08:00:00+00:00
10a537e7_EV-049,EV-049,2026-03-28T11:00:00+00:00,818.29,30,-788.29,43.12,2026-03-28T08:00:00+00:00
1670c703_EV-001,EV-001,2026-03-28T08:00:00+00:00,655.52,30,-625.52,20.13,2026-03-28T08:00:00+00:00
1670c703_EV-002,EV-002,2026-03-28T08:00:00+00:00,674.37,30,-644.37,22.8,2026-03-28T08:00:00+00:00
1670c703_EV-003,EV-003,2026-03-28T08:00:00+00:00,674.37,253.1,-421.26,23.43,2026-03-28T08:00:00+00:00
1670c703_EV-004,EV-004,2026-03-28T08:00:00+00:00,736.95,470.44,-266.51,39.0,2026-03-28T08:00:00+00:00
1670c703_EV-005,EV-005,2026-03-28T08:00:00+00:00,720.57,371.45,-349.12,42.0,2026-03-28T08:00:00+00:00
1670c703_EV-006,EV-006,2026-03-28T08:00:00+00:00,722.07,715.17,-6.9,50.25,2026-03-28T08:00:00+00:00
1670c703_EV-007,EV-007,2026-03-28T08:00:00+00:00,690.65,33.53,-657.12,29.26,2026-03-28T08:00:00+00:00
1670c703_EV-008,EV-008,2026-03-28T08:00:00+00:00,720.57,427.37,-293.2,43.5,2026-03-28T08:00:00+00:00
1670c703_EV-009,EV-009,2026-03-28T08:00:00+00:00,720.57,1210.84,490.27,45.75,2026-03-28T08:00:00+00:00
1670c703_EV-010,EV-010,2026-03-28T08:00:00+00:00,682.08,501.2,-180.88,31.68,2026-03-28T08:00:00+00:00
1670c703_EV-011,EV-011,2026-03-28T08:00:00+00:00,722.07,555.52,-166.55,62.25,2026-03-28T08:00:00+00:00
1670c703_EV-012,EV-012,2026-03-28T08:00:00+00:00,736.95,540.85,-196.1,36.72,2026-03-28T08:00:00+00:00
1670c703_EV-013,EV-013,2026-03-28T08:00:00+00:00,722.07,30,-692.07,51.12,2026-03-28T08:00:00+00:00
1670c703_EV-014,EV-014,2026-03-28T08:00:00+00:00,674.37,225.23,-449.13,23.6,2026-03-28T08:00:00+00:00
1670c703_EV-015,EV-015,2026-03-28T08:00:00+00:00,692.06,231.54,-460.52,26.5,2026-03-28T08:00:00+00:00
1670c703_EV-016,EV-016,2026-03-28T08:00:00+00:00,722.07,471.57,-250.5,66.0,2026-03-28T08:00:00+00:00
1670c703_EV-017,EV-017,2026-03-28T08:00:00+00:00,693.33,343.52,-349.81,33.06,2026-03-28T08:00:00+00:00
1670c703_EV-018,EV-018,2026-03-28T08:00:00+00:00,720.57,30,-690.57,42.35,2026-03-28T08:00:00+00:00
1670c703_EV-019,EV-019,2026-03-28T08:00:00+00:00,720.57,475.4,-245.18,47.4,2026-03-28T08:00:00+00:00
1670c703_EV-020,EV-020,2026-03-28T08:00:00+00:00,722.07,564.04,-158.03,81.7,2026-03-28T08:00:00+00:00
1670c703_EV-021,EV-021,2026-03-28T08:00:00+00:00,681.26,491.77,-189.49,24.0,2026-03-28T08:00:00+00:00
1670c703_EV-022,EV-022,2026-03-28T08:00:00+00:00,693.33,337.11,-356.22,35.4,2026-03-28T08:00:00+00:00
1670c703_EV-023,EV-023,2026-03-28T08:00:00+00:00,722.07,95.47,-626.6,56.8,2026-03-28T08:00:00+00:00
1670c703_EV-024,EV-024,2026-03-28T08:00:00+00:00,720.57,673.85,-46.72,44.8,2026-03-28T08:00:00+00:00
1670c703_EV-025,EV-025,2026-03-28T08:00:00+00:00,693.33,666.73,-26.59,33.0,2026-03-28T08:00:00+00:00
1670c703_EV-026,EV-026,2026-03-28T08:00:00+00:00,722.07,416.26,-305.81,60.06,2026-03-28T08:00:00+00:00
1670c703_EV-027,EV-027,2026-03-28T08:00:00+00:00,693.33,212.06,-481.27,33.0,2026-03-28T08:00:00+00:00
1670c703_EV-028,EV-028,2026-03-28T08:00:00+00:00,720.57,1067.29,346.72,47.5,2026-03-28T08:00:00+00:00
1670c703_EV-029,EV-029,2026-03-28T08:00:00+00:00,657.18,723.73,66.55,14.5,2026-03-28T08:00:00+00:00
1670c703_EV-030,EV-030,2026-03-28T08:00:00+00:00,722.07,927.63,205.56,60.83,2026-03-28T08:00:00+00:00
1670c703_EV-031,EV-031,2026-03-28T08:00:00+00:00,722.07,847.67,125.61,56.21,2026-03-28T08:00:00+00:00
1670c703_EV-032,EV-032,2026-03-28T08:00:00+00:00,652.98,420.81,-232.18,18.0,2026-03-28T08:00:00+00:00
1670c703_EV-033,EV-033,2026-03-28T08:00:00+00:00,682.08,100.94,-581.14,31.5,2026-03-28T08:00:00+00:00
1670c703_EV-034,EV-034,2026-03-28T08:00:00+00:00,722.07,619.67,-102.4,61.5,2026-03-28T08:00:00+00:00
1670c703_EV-035,EV-035,2026-03-28T08:00:00+00:00,722.07,300.13,-421.93,52.36,2026-03-28T08:00:00+00:00
1670c703_EV-036,EV-036,2026-03-28T08:00:00+00:00,720.57,491.0,-229.57,42.35,2026-03-28T08:00:00+00:00
1670c703_EV-037,EV-037,2026-03-28T08:00:00+00:00,729.51,72.35,-657.16,40.02,2026-03-28T08:00:00+00:00
1670c703_EV-038,EV-038,2026-03-28T08:00:00+00:00,693.33,88.9,-604.42,34.2,2026-03-28T08:00:00+00:00
1670c703_EV-039,EV-039,2026-03-28T08:00:00+00:00,722.07,217.4,-504.66,56.05,2026-03-28T08:00:00+00:00
1670c703_EV-040,EV-040,2026-03-28T08:00:00+00:00,722.07,725.56,3.5,51.0,2026-03-28T08:00:00+00:00
1670c703_EV-041,EV-041,2026-03-28T08:00:00+00:00,736.95,237.04,-499.91,36.72,2026-03-28T08:00:00+00:00
1670c703_EV-042,EV-042,2026-03-28T08:00:00+00:00,720.57,682.23,-38.34,44.66,2026-03-28T08:00:00+00:00
1670c703_EV-043,EV-043,2026-03-28T08:00:00+00:00,722.07,981.5,259.44,61.75,2026-03-28T08:00:00+00:00
1670c703_EV-044,EV-044,2026-03-28T08:00:00+00:00,674.37,30,-644.37,23.2,2026-03-28T08:00:00+00:00
1670c703_EV-045,EV-045,2026-03-28T08:00:00+00:00,720.57,30,-690.57,43.12,2026-03-28T08:00:00+00:00
1670c703_EV-046,EV-046,2026-03-28T08:00:00+00:00,681.26,730.65,49.39,24.4,2026-03-28T08:00:00+00:00
1670c703_EV-047,EV-047,2026-03-28T08:00:00+00:00,722.07,391.5,-330.57,64.0,2026-03-28T08:00:00+00:00
1670c703_EV-048,EV-048,2026-03-28T08:00:00+00:00,720.57,30,-690.57,46.98,2026-03-28T08:00:00+00:00
1670c703_EV-049,EV-049,2026-03-28T08:00:00+00:00,720.57,30,-690.57,43.12,2026-03-28T08:00:00+00:00
020d8344_EV-001,EV-001,2026-03-28T08:02:15.742799+00:00,666.75,386.21,-280.54,20.13,2026-03-28T08:02:15.742799+00:00
020d8344_EV-002,EV-002,2026-03-28T08:04:26.609501+00:00,657.3,277.54,-379.76,22.8,2026-03-28T08:02:15.742799+00:00
020d8344_EV-003,EV-003,2026-03-28T08:10:40.309102+00:00,667.44,300.12,-367.32,23.43,2026-03-28T08:02:15.742799+00:00
020d8344_EV-004,EV-004,2026-03-28T08:12:21.760899+00:00,734.33,610.06,-124.27,39.0,2026-03-28T08:02:15.742799+00:00
020d8344_EV-005,EV-005,2026-03-28T08:13:36.544445+00:00,711.01,482.05,-228.96,42.0,2026-03-28T08:02:15.742799+00:00
020d8344_EV-006,EV-006,2026-03-28T08:20:41.225828+00:00,779.14,477.46,-301.68,50.25,2026-03-28T08:02:15.742799+00:00
020d8344_EV-007,EV-007,2026-03-28T08:22:31.017293+00:00,747.87,88.17,-659.69,29.26,2026-03-28T08:02:15.742799+00:00
020d8344_EV-008,EV-008,2026-03-28T08:28:22.397425+00:00,732.71,679.55,-53.16,43.5,2026-03-28T08:02:15.742799+00:00
020d8344_EV-009,EV-009,2026-03-28T08:32:47.691435+00:00,731.22,449.41,-281.8,45.75,2026-03-28T08:02:15.742799+00:00
020d8344_EV-010,EV-010,2026-03-28T08:33:10.117795+00:00,626.96,529.45,-97.5,31.68,2026-03-28T08:02:15.742799+00:00
020d8344_EV-011,EV-011,2026-03-28T08:33:43.388156+00:00,734.54,30,-704.54,62.25,2026-03-28T08:02:15.742799+00:00
020d8344_EV-012,EV-012,2026-03-28T08:34:06.442707+00:00,737.27,141.03,-596.24,36.72,2026-03-28T08:02:15.742799+00:00
020d8344_EV-013,EV-013,2026-03-28T08:37:46.663941+00:00,748.54,403.76,-344.78,51.12,2026-03-28T08:02:15.742799+00:00
020d8344_EV-014,EV-014,2026-03-28T08:50:44.490957+00:00,527.99,123.84,-404.15,23.6,2026-03-28T08:02:15.742799+00:00
020d8344_EV-015,EV-015,2026-03-28T08:51:22.274970+00:00,555.06,30,-525.06,26.5,2026-03-28T08:02:15.742799+00:00
020d8344_EV-016,EV-016,2026-03-28T08:53:06.850947+00:00,720.67,1180.21,459.54,66.0,2026-03-28T08:02:15.742799+00:00
020d8344_EV-017,EV-017,2026-03-28T08:54:34.041113+00:00,584.92,37.72,-547.19,33.06,2026-03-28T08:02:15.742799+00:00
020d8344_EV-018,EV-018,2026-03-28T09:08:53.971705+00:00,702.34,275.25,-427.08,42.35,2026-03-28T08:02:15.742799+00:00
020d8344_EV-019,EV-019,2026-03-28T09:12:23.181190+00:00,700.85,243.7,-457.15,47.4,2026-03-28T08:02:15.742799+00:00
020d8344_EV-020,EV-020,2026-03-28T09:13:38.220599+00:00,691.68,362.81,-328.88,81.7,2026-03-28T08:02:15.742799+00:00
020d8344_EV-021,EV-021,2026-03-28T09:25:13.834941+00:00,515.83,296.27,-219.56,24.0,2026-03-28T08:02:15.742799+00:00
020d8344_EV-022,EV-022,2026-03-28T09:27:29.941420+00:00,568.47,30,-538.47,35.4,2026-03-28T08:02:15.742799+00:00
020d8344_EV-023,EV-023,2026-03-28T09:34:14.324182+00:00,740.72,581.55,-159.17,56.8,2026-03-28T08:02:15.742799+00:00
020d8344_EV-024,EV-024,2026-03-28T09:38:45.325433+00:00,770.71,1238.27,467.56,44.8,2026-03-28T08:02:15.742799+00:00
020d8344_EV-025,EV-025,2026-03-28T09:41:10.648741+00:00,612.73,297.19,-315.54,33.0,2026-03-28T08:02:15.742799+00:00
020d8344_EV-026,EV-026,2026-03-28T09:41:58.635703+00:00,769.23,336.37,-432.87,60.06,2026-03-28T08:02:15.742799+00:00
020d8344_EV-027,EV-027,2026-03-28T09:45:09.570118+00:00,607.86,172.54,-435.32,33.0,2026-03-28T08:02:15.742799+00:00
020d8344_EV-028,EV-028,2026-03-28T09:45:10.546735+00:00,761.04,30,-731.04,47.5,2026-03-28T08:02:15.742799+00:00
020d8344_EV-029,EV-029,2026-03-28T09:52:12.453049+00:00,454.58,600.74,146.16,14.5,2026-03-28T08:02:15.742799+00:00
020d8344_EV-030,EV-030,2026-03-28T09:58:45.990461+00:00,773.61,153.48,-620.12,60.83,2026-03-28T08:02:15.742799+00:00
020d8344_EV-031,EV-031,2026-03-28T10:06:24.492911+00:00,780.1,133.68,-646.42,56.21,2026-03-28T08:02:15.742799+00:00
020d8344_EV-032,EV-032,2026-03-28T10:10:34.974322+00:00,466.36,197.25,-269.11,18.0,2026-03-28T08:02:15.742799+00:00
020d8344_EV-033,EV-033,2026-03-28T10:11:47.215792+00:00,573.39,399.9,-173.49,31.5,2026-03-28T08:02:15.742799+00:00
020d8344_EV-034,EV-034,2026-03-28T10:19:50.821887+00:00,764.56,409.11,-355.46,61.5,2026-03-28T08:02:15.742799+00:00
020d8344_EV-035,EV-035,2026-03-28T10:22:20.672741+00:00,759.9,340.7,-419.2,52.36,2026-03-28T08:02:15.742799+00:00
020d8344_EV-036,EV-036,2026-03-28T10:24:48.191667+00:00,739.23,424.02,-315.21,42.35,2026-03-28T08:02:15.742799+00:00
020d8344_EV-037,EV-037,2026-03-28T10:30:15.383820+00:00,736.36,50.01,-686.35,40.02,2026-03-28T08:02:15.742799+00:00
020d8344_EV-038,EV-038,2026-03-28T10:32:04.917131+00:00,554.55,72.47,-482.07,34.2,2026-03-28T08:02:15.742799+00:00
020d8344_EV-039,EV-039,2026-03-28T10:35:06.520017+00:00,765.32,157.92,-607.41,56.05,2026-03-28T08:02:15.742799+00:00
020d8344_EV-040,EV-040,2026-03-28T10:36:28.523271+00:00,765.32,470.3,-295.02,51.0,2026-03-28T08:02:15.742799+00:00
020d8344_EV-041,EV-041,2026-03-28T10:37:48.987639+00:00,705.69,72.89,-632.8,36.72,2026-03-28T08:02:15.742799+00:00
020d8344_EV-042,EV-042,2026-03-28T10:39:56.399333+00:00,742.69,208.94,-533.75,44.66,2026-03-28T08:02:15.742799+00:00
020d8344_EV-043,EV-043,2026-03-28T10:41:21.611521+00:00,745.18,389.24,-355.94,61.75,2026-03-28T08:02:15.742799+00:00
020d8344_EV-044,EV-044,2026-03-28T10:45:04.652472+00:00,496.28,434.41,-61.87,23.2,2026-03-28T08:02:15.742799+00:00
020d8344_EV-045,EV-045,2026-03-28T10:47:47.576833+00:00,785.08,217.64,-567.44,43.12,2026-03-28T08:02:15.742799+00:00
020d8344_EV-046,EV-046,2026-03-28T10:54:36.431548+00:00,538.83,281.61,-257.23,24.4,2026-03-28T08:02:15.742799+00:00
020d8344_EV-047,EV-047,2026-03-28T10:56:49.586656+00:00,843.92,469.88,-374.05,64.0,2026-03-28T08:02:15.742799+00:00
020d8344_EV-048,EV-048,2026-03-28T10:57:26.226109+00:00,818.29,30,-788.29,46.98,2026-03-28T08:02:15.742799+00:00
020d8344_EV-049,EV-049,2026-03-28T10:57:43.169647+00:00,818.29,293.17,-525.12,43.12,2026-03-28T08:02:15.742799+00:00
6fa6e729_EV-001,EV-001,2026-03-28T09:00:00+00:00,504.35,433.67,-70.68,22.0,2026-03-28T09:00:00+00:00
6fa6e729_EV-002,EV-002,2026-03-28T09:00:00+00:00,588.96,389.12,-199.84,34.0,2026-03-28T09:00:00+00:00
6fa6e729_EV-003,EV-003,2026-03-28T09:00:00+00:00,732.7,822.01,89.31,40.2,2026-03-28T09:00:00+00:00
6fa6e729_EV-004,EV-004,2026-03-28T09:00:00+00:00,732.7,91.51,-641.18,41.25,2026-03-28T09:00:00+00:00
6fa6e729_EV-005,EV-005,2026-03-28T09:00:00+00:00,542.29,458.44,-83.84,27.2,2026-03-28T09:00:00+00:00
6fa6e729_EV-006,EV-006,2026-03-28T09:00:00+00:00,519.25,369.82,-149.43,23.2,2026-03-28T09:00:00+00:00
6fa6e729_EV-007,EV-007,2026-03-28T09:00:00+00:00,721.39,251.99,-469.4,43.89,2026-03-28T09:00:00+00:00
6fa6e729_EV-008,EV-008,2026-03-28T09:00:00+00:00,588.96,1516.64,927.68,36.0,2026-03-28T09:00:00+00:00
6fa6e729_EV-009,EV-009,2026-03-28T09:00:00+00:00,724.72,718.58,-6.14,53.9,2026-03-28T09:00:00+00:00
6fa6e729_EV-010,EV-010,2026-03-28T09:00:00+00:00,721.39,421.12,-300.27,42.75,2026-03-28T09:00:00+00:00
6fa6e729_EV-011,EV-011,2026-03-28T09:00:00+00:00,542.29,245.06,-297.22,28.5,2026-03-28T09:00:00+00:00
6fa6e729_EV-012,EV-012,2026-03-28T09:00:00+00:00,588.96,228.92,-360.04,35.0,2026-03-28T09:00:00+00:00
6fa6e729_EV-013,EV-013,2026-03-28T09:00:00+00:00,724.72,210.26,-514.45,53.9,2026-03-28T09:00:00+00:00
6fa6e729_EV-014,EV-014,2026-03-28T09:00:00+00:00,491.72,498.76,7.04,17.49,2026-03-28T09:00:00+00:00
6fa6e729_EV-015,EV-015,2026-03-28T09:00:00+00:00,724.72,527.84,-196.88,48.0,2026-03-28T09:00:00+00:00
6fa6e729_EV-016,EV-016,2026-03-28T09:00:00+00:00,542.29,608.09,65.8,28.8,2026-03-28T09:00:00+00:00
6fa6e729_EV-017,EV-017,2026-03-28T09:00:00+00:00,588.96,368.06,-220.9,36.0,2026-03-28T09:00:00+00:00
6fa6e729_EV-018,EV-018,2026-03-28T09:00:00+00:00,542.29,320.4,-221.89,30.24,2026-03-28T09:00:00+00:00
6fa6e729_EV-019,EV-019,2026-03-28T09:00:00+00:00,713.03,30,-683.03,39.5,2026-03-28T09:00:00+00:00
6fa6e729_EV-020,EV-020,2026-03-28T09:00:00+00:00,588.96,361.05,-227.91,35.25,2026-03-28T09:00:00+00:00
4818e1b5_HEAVY-01,HEAVY-01,2026-03-28T09:00:00+00:00,572.21,30,-542.21,31.2,2026-03-28T09:00:00+00:00
4818e1b5_HEAVY-02,HEAVY-02,2026-03-28T09:05:00+00:00,573.64,30,-543.64,34.2,2026-03-28T09:00:00+00:00
4818e1b5_HEAVY-03,HEAVY-03,2026-03-28T09:08:00+00:00,569.91,405.29,-164.62,33.75,2026-03-28T09:00:00+00:00
4818e1b5_HEAVY-04,HEAVY-04,2026-03-28T09:10:00+00:00,704.18,620.9,-83.28,53.9,2026-03-28T09:00:00+00:00
4818e1b5_HEAVY-05,HEAVY-05,2026-03-28T09:15:00+00:00,532.37,492.72,-39.64,31.0,2026-03-28T09:00:00+00:00
4818e1b5_HEAVY-06,HEAVY-06,2026-03-28T09:18:00+00:00,687.02,728.04,41.01,38.86,2026-03-28T09:00:00+00:00
4818e1b5_HEAVY-07,HEAVY-07,2026-03-28T09:20:00+00:00,512.39,30,-482.39,27.36,2026-03-28T09:00:00+00:00
4818e1b5_HEAVY-08,HEAVY-08,2026-03-28T09:25:00+00:00,726.17,30,-696.17,44.66,2026-03-28T09:00:00+00:00
4818e1b5_HEAVY-09,HEAVY-09,2026-03-28T09:28:00+00:00,555.62,1093.27,537.64,32.8,2026-03-28T09:00:00+00:00
4818e1b5_HEAVY-10,HEAVY-10,2026-03-28T09:30:00+00:00,531.03,30,-501.03,27.0,2026-03-28T09:00:00+00:00
4818e1b5_HEAVY-11,HEAVY-11,2026-03-28T09:35:00+00:00,761.32,513.2,-248.12,60.0,2026-03-28T09:00:00+00:00
4818e1b5_HEAVY-12,HEAVY-12,2026-03-28T09:38:00+00:00,770.71,1417.2,646.49,42.75,2026-03-28T09:00:00+00:00
4818e1b5_HEAVY-13,HEAVY-13,2026-03-28T09:40:00+00:00,528.3,982.21,453.91,23.1,2026-03-28T09:00:00+00:00
4818e1b5_HEAVY-14,HEAVY-14,2026-03-28T09:45:00+00:00,544.47,591.87,47.4,29.6,2026-03-28T09:00:00+00:00
4818e1b5_HEAVY-15,HEAVY-15,2026-03-28T09:48:00+00:00,518.04,347.44,-170.6,26.0,2026-03-28T09:00:00+00:00
4818e1b5_HEAVY-16,HEAVY-16,2026-03-28T09:50:00+00:00,588.7,448.36,-140.34,34.5,2026-03-28T09:00:00+00:00
4818e1b5_HEAVY-17,HEAVY-17,2026-03-28T09:55:00+00:00,728.23,726.82,-1.41,38.16,2026-03-28T09:00:00+00:00
4818e1b5_HEAVY-18,HEAVY-18,2026-03-28T09:58:00+00:00,511.59,809.36,297.77,22.5,2026-03-28T09:00:00+00:00
4818e1b5_HEAVY-19,HEAVY-19,2026-03-28T10:00:00+00:00,588.2,442.12,-146.08,32.4,2026-03-28T09:00:00+00:00
4818e1b5_HEAVY-20,HEAVY-20,2026-03-28T10:05:00+00:00,533.71,188.5,-345.21,30.0,2026-03-28T09:00:00+00:00
4818e1b5_HEAVY-21,HEAVY-21,2026-03-28T10:10:00+00:00,746.06,226.78,-519.27,36.96,2026-03-28T09:00:00+00:00
4818e1b5_HEAVY-22,HEAVY-22,2026-03-28T10:15:00+00:00,787.35,30,-757.35,58.52,2026-03-28T09:00:00+00:00
4818e1b5_HEAVY-23,HEAVY-23,2026-03-28T10:20:00+00:00,533.39,285.23,-248.16,32.0,2026-03-28T09:00:00+00:00
4818e1b5_HEAVY-24,HEAVY-24,2026-03-28T10:25:00+00:00,444.7,177.35,-267.35,17.4,2026-03-28T09:00:00+00:00
4818e1b5_HEAVY-25,HEAVY-25,2026-03-28T10:30:00+00:00,755.2,256.79,-498.41,58.5,2026-03-28T09:00:00+00:00
18bb535a_KNOWN-01,KNOWN-01,2026-03-28T09:00:00+00:00,546.05,90.0,-456.05,26.0,2026-03-28T09:00:00+00:00
18bb535a_KNOWN-02,KNOWN-02,2026-03-28T09:05:00+00:00,573.64,120.0,-453.64,36.0,2026-03-28T09:00:00+00:00
18bb535a_KNOWN-03,KNOWN-03,2026-03-28T09:10:00+00:00,548.24,150.0,-398.24,31.5,2026-03-28T09:00:00+00:00
18bb535a_KNOWN-04,KNOWN-04,2026-03-28T09:12:00+00:00,568.42,90.0,-478.42,33.75,2026-03-28T09:00:00+00:00
18bb535a_KNOWN-05,KNOWN-05,2026-03-28T09:15:00+00:00,691.68,120.0,-571.68,53.9,2026-03-28T09:00:00+00:00
18bb535a_KNOWN-06,KNOWN-06,2026-03-28T09:18:00+00:00,559.57,180.0,-379.57,33.06,2026-03-28T09:00:00+00:00
18bb535a_KNOWN-07,KNOWN-07,2026-03-28T09:20:00+00:00,516.16,90.0,-426.16,26.0,2026-03-28T09:00:00+00:00
18bb535a_KNOWN-08,KNOWN-08,2026-03-28T09:25:00+00:00,521.6,120.0,-401.6,28.8,2026-03-28T09:00:00+00:00
18bb535a_UNKNOWN-01,UNKNOWN-01,2026-03-28T09:30:00+00:00,738.48,668.47,-70.01,43.2,2026-03-28T09:00:00+00:00
18bb535a_UNKNOWN-02,UNKNOWN-02,2026-03-28T09:35:00+00:00,736.34,736.01,-0.33,38.5,2026-03-28T09:00:00+00:00
18bb535a_UNKNOWN-03,UNKNOWN-03,2026-03-28T09:40:00+00:00,554.14,313.53,-240.61,27.2,2026-03-28T09:00:00+00:00
18bb535a_UNKNOWN-04,UNKNOWN-04,2026-03-28T09:45:00+00:00,586.13,526.98,-59.15,31.5,2026-03-28T09:00:00+00:00
18bb535a_UNKNOWN-05,UNKNOWN-05,2026-03-28T09:50:00+00:00,756.17,753.5,-2.67,40.6,2026-03-28T09:00:00+00:00
18bb535a_UNKNOWN-06,UNKNOWN-06,2026-03-28T09:55:00+00:00,763.33,97.5,-665.84,40.85,2026-03-28T09:00:00+00:00
18bb535a_UNKNOWN-07,UNKNOWN-07,2026-03-28T10:00:00+00:00,588.2,101.38,-486.81,32.0,2026-03-28T09:00:00+00:00
18bb535a_UNKNOWN-08,UNKNOWN-08,2026-03-28T10:05:00+00:00,533.71,154.02,-379.69,28.0,2026-03-28T09:00:00+00:00
18bb535a_UNKNOWN-09,UNKNOWN-09,2026-03-28T10:10:00+00:00,783.03,116.43,-666.6,43.89,2026-03-28T09:00:00+00:00
18bb535a_UNKNOWN-10,UNKNOWN-10,2026-03-28T10:15:00+00:00,787.35,312.87,-474.49,58.32,2026-03-28T09:00:00+00:00
18bb535a_UNKNOWN-11,UNKNOWN-11,2026-03-28T10:20:00+00:00,457.16,187.32,-269.84,15.18,2026-03-28T09:00:00+00:00
18bb535a_UNKNOWN-12,UNKNOWN-12,2026-03-28T10:30:00+00:00,532.4,235.56,-296.84,30.6,2026-03-28T09:00:00+00:00
ff8bf1e5_EV-001,EV-001,2026-03-28T08:10:40.309102+00:00,648.59,823.55,174.96,20.13,2026-03-28T08:10:40.309102+00:00
ff8bf1e5_EV-002,EV-002,2026-03-28T08:12:21.760899+00:00,667.44,809.98,142.55,22.8,2026-03-28T08:10:40.309102+00:00
ff8bf1e5_EV-003,EV-003,2026-03-28T08:13:36.544445+00:00,660.51,574.65,-85.85,23.43,2026-03-28T08:10:40.309102+00:00
ff8bf1e5_EV-004,EV-004,2026-03-28T08:28:22.397425+00:00,734.25,933.48,199.24,39.0,2026-03-28T08:10:40.309102+00:00
ff8bf1e5_EV-005,EV-005,2026-03-28T08:32:47.691435+00:00,731.22,912.29,181.08,42.0,2026-03-28T08:10:40.309102+00:00
ff8bf1e5_EV-006,EV-006,2026-03-28T08:34:06.442707+00:00,739.06,815.68,76.62,50.25,2026-03-28T08:10:40.309102+00:00
ff8bf1e5_EV-007,EV-007,2026-03-28T08:37:46.663941+00:00,630.66,394.38,-236.28,29.26,2026-03-28T08:10:40.309102+00:00
ff8bf1e5_EV-008,EV-008,2026-03-28T08:50:44.490957+00:00,715.45,511.66,-203.79,43.5,2026-03-28T08:10:40.309102+00:00
ff8bf1e5_EV-009,EV-009,2026-03-28T08:51:22.274970+00:00,715.45,30,-685.45,45.75,2026-03-28T08:10:40.309102+00:00
ff8bf1e5_EV-010,EV-010,2026-03-28T08:53:06.850947+00:00,568.17,568.59,0.42,31.68,2026-03-28T08:10:40.309102+00:00
ff8bf1e5_EV-011,EV-011,2026-03-28T08:54:34.041113+00:00,720.67,357.89,-362.78,62.25,2026-03-28T08:10:40.309102+00:00
ff8bf1e5_EV-012,EV-012,2026-03-28T09:12:23.181190+00:00,692.49,969.84,277.35,36.72,2026-03-28T08:10:40.309102+00:00
ff8bf1e5_EV-013,EV-013,2026-03-28T09:25:13.834941+00:00,729.5,1145.96,416.46,51.12,2026-03-28T08:10:40.309102+00:00
ff8bf1e5_EV-014,EV-014,2026-03-28T09:27:29.941420+00:00,491.16,610.17,119.01,23.6,2026-03-28T08:10:40.309102+00:00
ff8bf1e5_EV-015,EV-015,2026-03-28T09:38:45.325433+00:00,557.91,999.94,442.03,26.5,2026-03-28T08:10:40.309102+00:00
ff8bf1e5_EV-016,EV-016,2026-03-28T09:41:10.648741+00:00,769.23,744.09,-25.15,66.0,2026-03-28T08:10:40.309102+00:00
ff8bf1e5_EV-017,EV-017,2026-03-28T09:41:58.635703+00:00,612.73,30,-582.73,33.06,2026-03-28T08:10:40.309102+00:00
ff8bf1e5_EV-018,EV-018,2026-03-28T09:45:09.570118+00:00,761.04,468.48,-292.56,42.35,2026-03-28T08:10:40.309102+00:00
ff8bf1e5_EV-019,EV-019,2026-03-28T09:45:10.546735+00:00,761.04,585.47,-175.57,47.4,2026-03-28T08:10:40.309102+00:00
ff8bf1e5_EV-020,EV-020,2026-03-28T09:52:12.453049+00:00,751.96,652.64,-99.32,81.7,2026-03-28T08:10:40.309102+00:00
ff8bf1e5_EV-021,EV-021,2026-03-28T09:58:45.990461+00:00,524.47,695.14,170.67,24.0,2026-03-28T08:10:40.309102+00:00
ff8bf1e5_EV-022,EV-022,2026-03-28T10:19:50.821887+00:00,560.2,351.96,-208.24,35.4,2026-03-28T08:10:40.309102+00:00
ff8bf1e5_EV-023,EV-023,2026-03-28T10:22:20.672741+00:00,759.9,153.35,-606.55,56.8,2026-03-28T08:10:40.309102+00:00
ff8bf1e5_EV-024,EV-024,2026-03-28T10:24:48.191667+00:00,739.23,115.43,-623.79,44.8,2026-03-28T08:10:40.309102+00:00
ff8bf1e5_EV-025,EV-025,2026-03-28T10:30:15.383820+00:00,554.55,205.7,-348.84,33.0,2026-03-28T08:10:40.309102+00:00
ff8bf1e5_EV-026,EV-026,2026-03-28T10:36:28.523271+00:00,765.32,130.13,-635.19,60.06,2026-03-28T08:10:40.309102+00:00
ff8bf1e5_EV-027,EV-027,2026-03-28T10:37:48.987639+00:00,564.67,30,-534.67,33.0,2026-03-28T08:10:40.309102+00:00
ff8bf1e5_EV-028,EV-028,2026-03-28T10:39:56.399333+00:00,742.69,308.7,-433.99,47.5,2026-03-28T08:10:40.309102+00:00
ff8bf1e5_EV-029,EV-029,2026-03-28T10:45:04.652472+00:00,476.38,69.36,-407.02,14.5,2026-03-28T08:10:40.309102+00:00
ff8bf1e5_EV-030,EV-030,2026-03-28T10:57:26.226109+00:00,843.92,185.09,-658.83,60.83,2026-03-28T08:10:40.309102+00:00
69cfe6a8_EV-001,EV-001,2026-03-28T08:02:15.742799+00:00,666.75,30,-636.75,20.13,2026-03-28T08:02:15.742799+00:00
69cfe6a8_EV-002,EV-002,2026-03-28T08:04:26.609501+00:00,657.3,30,-627.3,22.8,2026-03-28T08:02:15.742799+00:00
69cfe6a8_EV-003,EV-003,2026-03-28T08:10:40.309102+00:00,667.44,411.41,-256.03,23.43,2026-03-28T08:02:15.742799+00:00
69cfe6a8_EV-004,EV-004,2026-03-28T08:12:21.760899+00:00,734.33,275.97,-458.35,39.0,2026-03-28T08:02:15.742799+00:00
69cfe6a8_EV-005,EV-005,2026-03-28T08:13:36.544445+00:00,711.01,210.19,-500.82,42.0,2026-03-28T08:02:15.742799+00:00
69cfe6a8_EV-006,EV-006,2026-03-28T08:20:41.225828+00:00,779.14,1044.71,265.56,50.25,2026-03-28T08:02:15.742799+00:00
69cfe6a8_EV-007,EV-007,2026-03-28T08:22:31.017293+00:00,747.87,327.44,-420.42,29.26,2026-03-28T08:02:15.742799+00:00
69cfe6a8_EV-008,EV-008,2026-03-28T08:28:22.397425+00:00,732.71,30,-702.71,43.5,2026-03-28T08:02:15.742799+00:00
69cfe6a8_EV-009,EV-009,2026-03-28T08:32:47.691435+00:00,731.22,808.03,76.81,45.75,2026-03-28T08:02:15.742799+00:00
69cfe6a8_EV-010,EV-010,2026-03-28T08:33:10.117795+00:00,626.96,416.34,-210.62,31.68,2026-03-28T08:02:15.742799+00:00
69cfe6a8_EV-011,EV-011,2026-03-28T08:33:43.388156+00:00,734.54,385.67,-348.87,62.25,2026-03-28T08:02:15.742799+00:00
69cfe6a8_EV-012,EV-012,2026-03-28T08:34:06.442707+00:00,737.27,367.93,-369.34,36.72,2026-03-28T08:02:15.742799+00:00
69cfe6a8_EV-013,EV-013,2026-03-28T08:37:46.663941+00:00,748.54,768.56,20.02,51.12,2026-03-28T08:02:15.742799+00:00
69cfe6a8_EV-014,EV-014,2026-03-28T08:50:44.490957+00:00,527.99,284.27,-243.72,23.6,2026-03-28T08:02:15.742799+00:00
69cfe6a8_EV-015,EV-015,2026-03-28T08:51:22.274970+00:00,555.06,288.62,-266.44,26.5,2026-03-28T08:02:15.742799+00:00
69cfe6a8_EV-016,EV-016,2026-03-28T08:53:06.850947+00:00,720.67,480.63,-240.04,66.0,2026-03-28T08:02:15.742799+00:00
69cfe6a8_EV-017,EV-017,2026-03-28T08:54:34.041113+00:00,584.92,864.71,279.79,33.06,2026-03-28T08:02:15.742799+00:00
69cfe6a8_EV-018,EV-018,2026-03-28T09:08:53.971705+00:00,702.34,30,-672.34,42.35,2026-03-28T08:02:15.742799+00:00
69cfe6a8_EV-019,EV-019,2026-03-28T09:12:23.181190+00:00,700.85,30,-670.85,47.4,2026-03-28T08:02:15.742799+00:00
69cfe6a8_EV-020,EV-020,2026-03-28T09:13:38.220599+00:00,691.68,736.64,44.95,81.7,2026-03-28T08:02:15.742799+00:00
69cfe6a8_EV-021,EV-021,2026-03-28T09:25:13.834941+00:00,515.83,357.56,-158.26,24.0,2026-03-28T08:02:15.742799+00:00
69cfe6a8_EV-022,EV-022,2026-03-28T09:27:29.941420+00:00,568.47,867.07,298.6,35.4,2026-03-28T08:02:15.742799+00:00
69cfe6a8_EV-023,EV-023,2026-03-28T09:34:14.324182+00:00,740.72,1087.07,346.35,56.8,2026-03-28T08:02:15.742799+00:00
69cfe6a8_EV-024,EV-024,2026-03-28T09:38:45.325433+00:00,770.71,181.76,-588.95,44.8,2026-03-28T08:02:15.742799+00:00
69cfe6a8_EV-025,EV-025,2026-03-28T09:41:10.648741+00:00,612.73,643.89,31.16,33.0,2026-03-28T08:02:15.742799+00:00
69cfe6a8_EV-026,EV-026,2026-03-28T09:41:58.635703+00:00,769.23,465.76,-303.47,60.06,2026-03-28T08:02:15.742799+00:00
69cfe6a8_EV-027,EV-027,2026-03-28T09:45:09.570118+00:00,607.86,901.59,293.73,33.0,2026-03-28T08:02:15.742799+00:00
69cfe6a8_EV-028,EV-028,2026-03-28T09:45:10.546735+00:00,761.04,538.1,-222.94,47.5,2026-03-28T08:02:15.742799+00:00
69cfe6a8_EV-029,EV-029,2026-03-28T09:51:51.813097+00:00,454.58,317.17,-137.41,14.5,2026-03-28T08:02:15.742799+00:00
69cfe6a8_EV-030,EV-030,2026-03-28T09:52:12.453049+00:00,751.96,368.36,-383.6,60.83,2026-03-28T08:02:15.742799+00:00
69cfe6a8_EV-031,EV-031,2026-03-28T09:58:45.990461+00:00,773.61,195.28,-578.32,56.21,2026-03-28T08:02:15.742799+00:00
69cfe6a8_EV-032,EV-032,2026-03-28T10:06:24.492911+00:00,465.44,220.1,-245.34,18.0,2026-03-28T08:02:15.742799+00:00
69cfe6a8_EV-033,EV-033,2026-03-28T10:10:34.974322+00:00,582.89,249.64,-333.25,31.5,2026-03-28T08:02:15.742799+00:00
69cfe6a8_EV-034,EV-034,2026-03-28T10:11:47.215792+00:00,784.96,132.7,-652.25,61.5,2026-03-28T08:02:15.742799+00:00
69cfe6a8_EV-035,EV-035,2026-03-28T10:19:50.821887+00:00,764.56,123.34,-641.22,52.36,2026-03-28T08:02:15.742799+00:00
69cfe6a8_EV-036,EV-036,2026-03-28T10:22:20.672741+00:00,739.23,37.18,-702.05,42.35,2026-03-28T08:02:15.742799+00:00
69cfe6a8_EV-037,EV-037,2026-03-28T10:24:48.191667+00:00,741.06,199.76,-541.3,40.02,2026-03-28T08:02:15.742799+00:00
69cfe6a8_EV-038,EV-038,2026-03-28T10:30:15.383820+00:00,554.55,229.93,-324.62,34.2,2026-03-28T08:02:15.742799+00:00
69cfe6a8_EV-039,EV-039,2026-03-28T10:32:04.917131+00:00,755.2,236.73,-518.47,56.05,2026-03-28T08:02:15.742799+00:00
69cfe6a8_EV-040,EV-040,2026-03-28T10:35:06.520017+00:00,765.32,213.73,-551.59,51.0,2026-03-28T08:02:15.742799+00:00
69cfe6a8_EV-041,EV-041,2026-03-28T10:36:28.523271+00:00,705.69,238.23,-467.46,36.72,2026-03-28T08:02:15.742799+00:00
69cfe6a8_EV-042,EV-042,2026-03-28T10:37:48.987639+00:00,744.65,392.61,-352.03,44.66,2026-03-28T08:02:15.742799+00:00
69cfe6a8_EV-043,EV-043,2026-03-28T10:39:56.399333+00:00,763.37,106.67,-656.7,61.75,2026-03-28T08:02:15.742799+00:00
69cfe6a8_EV-044,EV-044,2026-03-28T10:41:21.611521+00:00,433.81,56.82,-376.99,23.2,2026-03-28T08:02:15.742799+00:00
69cfe6a8_EV-045,EV-045,2026-03-28T10:45:04.652472+00:00,785.08,377.64,-407.44,43.12,2026-03-28T08:02:15.742799+00:00
69cfe6a8_EV-046,EV-046,2026-03-28T10:47:47.576833+00:00,509.16,445.93,-63.24,24.4,2026-03-28T08:02:15.742799+00:00
69cfe6a8_EV-047,EV-047,2026-03-28T10:54:36.431548+00:00,832.17,30,-802.17,64.0,2026-03-28T08:02:15.742799+00:00
69cfe6a8_EV-048,EV-048,2026-03-28T10:56:49.586656+00:00,818.29,30,-788.29,46.98,2026-03-28T08:02:15.742799+00:00
69cfe6a8_EV-049,EV-049,2026-03-28T10:57:26.226109+00:00,818.29,346.6,-471.69,43.12,2026-03-28T08:02:15.742799+00:00
69cfe6a8_EV-050,EV-050,2026-03-28T10:57:43.169647+00:00,591.92,343.09,-248.83,31.5,2026-03-28T08:02:15.742799+00:00
23b59a88_EV-001,EV-001,2026-03-28T08:02:15.742799+00:00,666.75,861.18,194.43,20.13,2026-03-28T08:02:15.742799+00:00
23b59a88_EV-002,EV-002,2026-03-28T08:04:26.609501+00:00,657.3,30,-627.3,22.8,2026-03-28T08:02:15.742799+00:00
23b59a88_EV-003,EV-003,2026-03-28T08:10:40.309102+00:00,667.44,102.2,-565.23,23.43,2026-03-28T08:02:15.742799+00:00
23b59a88_EV-004,EV-004,2026-03-28T08:12:21.760899+00:00,734.33,192.23,-542.09,39.0,2026-03-28T08:02:15.742799+00:00
23b59a88_EV-005,EV-005,2026-03-28T08:13:36.544445+00:00,711.01,627.67,-83.34,42.0,2026-03-28T08:02:15.742799+00:00
23b59a88_EV-006,EV-006,2026-03-28T08:20:41.225828+00:00,779.14,595.15,-183.99,50.25,2026-03-28T08:02:15.742799+00:00
23b59a88_EV-007,EV-007,2026-03-28T08:22:31.017293+00:00,747.87,980.09,232.22,29.26,2026-03-28T08:02:15.742799+00:00
23b59a88_EV-008,EV-008,2026-03-28T08:28:22.397425+00:00,732.71,127.22,-605.49,43.5,2026-03-28T08:02:15.742799+00:00
23b59a88_EV-009,EV-009,2026-03-28T08:32:47.691435+00:00,731.22,226.77,-504.45,45.75,2026-03-28T08:02:15.742799+00:00
23b59a88_EV-010,EV-010,2026-03-28T08:33:10.117795+00:00,626.96,794.83,167.87,31.68,2026-03-28T08:02:15.742799+00:00
23b59a88_EV-011,EV-011,2026-03-28T08:33:43.388156+00:00,734.54,576.07,-158.48,62.25,2026-03-28T08:02:15.742799+00:00
23b59a88_EV-012,EV-012,2026-03-28T08:34:06.442707+00:00,737.27,749.8,12.52,36.72,2026-03-28T08:02:15.742799+00:00
23b59a88_EV-013,EV-013,2026-03-28T08:37:46.663941+00:00,748.54,937.14,188.6,51.12,2026-03-28T08:02:15.742799+00:00
23b59a88_EV-014,EV-014,2026-03-28T08:50:44.490957+00:00,527.99,686.58,158.59,23.6,2026-03-28T08:02:15.742799+00:00
23b59a88_EV-015,EV-015,2026-03-28T08:51:22.274970+00:00,555.06,444.29,-110.77,26.5,2026-03-28T08:02:15.742799+00:00
23b59a88_EV-016,EV-016,2026-03-28T08:53:06.850947+00:00,720.67,120.82,-599.85,66.0,2026-03-28T08:02:15.742799+00:00
23b59a88_EV-017,EV-017,2026-03-28T08:54:34.041113+00:00,584.92,214.51,-370.4,33.06,2026-03-28T08:02:15.742799+00:00
23b59a88_EV-018,EV-018,2026-03-28T09:08:53.971705+00:00,702.34,695.76,-6.58,42.35,2026-03-28T08:02:15.742799+00:00
23b59a88_EV-019,EV-019,2026-03-28T09:12:23.181190+00:00,700.85,170.42,-530.43,47.4,2026-03-28T08:02:15.742799+00:00
23b59a88_EV-020,EV-020,2026-03-28T09:13:38.220599+00:00,691.68,291.15,-400.53,81.7,2026-03-28T08:02:15.742799+00:00
23b59a88_EV-021,EV-021,2026-03-28T09:25:13.834941+00:00,515.83,193.61,-322.22,24.0,2026-03-28T08:02:15.742799+00:00
23b59a88_EV-022,EV-022,2026-03-28T09:27:29.941420+00:00,568.47,759.32,190.85,35.4,2026-03-28T08:02:15.742799+00:00
23b59a88_EV-023,EV-023,2026-03-28T09:34:14.324182+00:00,740.72,903.45,162.73,56.8,2026-03-28T08:02:15.742799+00:00
23b59a88_EV-024,EV-024,2026-03-28T09:38:45.325433+00:00,770.71,30,-740.71,44.8,2026-03-28T08:02:15.742799+00:00
23b59a88_EV-025,EV-025,2026-03-28T09:41:10.648741+00:00,612.73,30,-582.73,33.0,2026-03-28T08:02:15.742799+00:00
23b59a88_EV-026,EV-026,2026-03-28T09:41:58.635703+00:00,769.23,30,-739.23,60.06,2026-03-28T08:02:15.742799+00:00
23b59a88_EV-027,EV-027,2026-03-28T09:45:09.570118+00:00,607.86,971.53,363.67,33.0,2026-03-28T08:02:15.742799+00:00
23b59a88_EV-028,EV-028,2026-03-28T09:45:10.546735+00:00,761.04,546.94,-214.1,47.5,2026-03-28T08:02:15.742799+00:00
23b59a88_EV-029,EV-029,2026-03-28T09:51:51.813097+00:00,454.58,990.85,536.27,14.5,2026-03-28T08:02:15.742799+00:00
23b59a88_EV-030,EV-030,2026-03-28T09:52:12.453049+00:00,751.96,1440.52,688.56,60.83,2026-03-28T08:02:15.742799+00:00
23b59a88_EV-031,EV-031,2026-03-28T09:58:45.990461+00:00,773.61,1254.89,481.28,56.21,2026-03-28T08:02:15.742799+00:00
23b59a88_EV-032,EV-032,2026-03-28T10:06:24.492911+00:00,465.44,445.2,-20.24,18.0,2026-03-28T08:02:15.742799+00:00
23b59a88_EV-033,EV-033,2026-03-28T10:10:34.974322+00:00,582.89,131.81,-451.08,31.5,2026-03-28T08:02:15.742799+00:00
23b59a88_EV-034,EV-034,2026-03-28T10:11:47.215792+00:00,784.96,392.62,-392.34,61.5,2026-03-28T08:02:15.742799+00:00
23b59a88_EV-035,EV-035,2026-03-28T10:19:50.821887+00:00,764.56,72.37,-692.19,52.36,2026-03-28T08:02:15.742799+00:00
23b59a88_EV-036,EV-036,2026-03-28T10:22:20.672741+00:00,739.23,62.71,-676.51,42.35,2026-03-28T08:02:15.742799+00:00
23b59a88_EV-037,EV-037,2026-03-28T10:24:48.191667+00:00,741.06,326.37,-414.69,40.02,2026-03-28T08:02:15.742799+00:00
23b59a88_EV-038,EV-038,2026-03-28T10:30:15.383820+00:00,554.55,388.62,-165.92,34.2,2026-03-28T08:02:15.742799+00:00
23b59a88_EV-039,EV-039,2026-03-28T10:32:04.917131+00:00,755.2,96.08,-659.11,56.05,2026-03-28T08:02:15.742799+00:00
23b59a88_EV-040,EV-040,2026-03-28T10:35:06.520017+00:00,765.32,312.71,-452.62,51.0,2026-03-28T08:02:15.742799+00:00
23b59a88_EV-041,EV-041,2026-03-28T10:36:28.523271+00:00,705.69,192.02,-513.68,36.72,2026-03-28T08:02:15.742799+00:00
23b59a88_EV-042,EV-042,2026-03-28T10:37:48.987639+00:00,744.65,156.82,-587.82,44.66,2026-03-28T08:02:15.742799+00:00
23b59a88_EV-043,EV-043,2026-03-28T10:39:56.399333+00:00,763.37,232.86,-530.51,61.75,2026-03-28T08:02:15.742799+00:00
23b59a88_EV-044,EV-044,2026-03-28T10:41:21.611521+00:00,433.81,286.1,-147.71,23.2,2026-03-28T08:02:15.742799+00:00
23b59a88_EV-045,EV-045,2026-03-28T10:45:04.652472+00:00,785.08,30,-755.08,43.12,2026-03-28T08:02:15.742799+00:00
23b59a88_EV-046,EV-046,2026-03-28T10:47:47.576833+00:00,509.16,93.44,-415.72,24.4,2026-03-28T08:02:15.742799+00:00
23b59a88_EV-047,EV-047,2026-03-28T10:54:36.431548+00:00,832.17,283.39,-548.78,64.0,2026-03-28T08:02:15.742799+00:00
23b59a88_EV-048,EV-048,2026-03-28T10:56:49.586656+00:00,818.29,84.11,-734.18,46.98,2026-03-28T08:02:15.742799+00:00
23b59a88_EV-049,EV-049,2026-03-28T10:57:26.226109+00:00,818.29,30,-788.29,43.12,2026-03-28T08:02:15.742799+00:00
23b59a88_EV-050,EV-050,2026-03-28T10:57:43.169647+00:00,591.92,136.47,-455.46,31.5,2026-03-28T08:02:15.742799+00:00
8db78543_EV-001,EV-001,2026-03-28T08:02:15.742799+00:00,666.75,99.0,-567.75,20.13,2026-03-28T08:02:15.742799+00:00
8db78543_EV-002,EV-002,2026-03-28T08:04:26.609501+00:00,657.3,154.0,-503.3,22.8,2026-03-28T08:02:15.742799+00:00
8db78543_EV-003,EV-003,2026-03-28T08:10:40.309102+00:00,667.44,41.06,-626.38,23.43,2026-03-28T08:02:15.742799+00:00
8db78543_EV-004,EV-004,2026-03-28T08:12:21.760899+00:00,734.33,111.7,-622.63,39.0,2026-03-28T08:02:15.742799+00:00
8db78543_EV-005,EV-005,2026-03-28T08:13:36.544445+00:00,711.01,371.23,-339.78,42.0,2026-03-28T08:02:15.742799+00:00
8db78543_EV-006,EV-006,2026-03-28T08:20:41.225828+00:00,779.14,30,-749.14,50.25,2026-03-28T08:02:15.742799+00:00
8db78543_EV-007,EV-007,2026-03-28T08:22:31.017293+00:00,747.87,691.42,-56.45,29.26,2026-03-28T08:02:15.742799+00:00
8db78543_EV-008,EV-008,2026-03-28T08:28:22.397425+00:00,732.71,87.77,-644.94,43.5,2026-03-28T08:02:15.742799+00:00
8db78543_EV-009,EV-009,2026-03-28T08:32:47.691435+00:00,731.22,985.85,254.63,45.75,2026-03-28T08:02:15.742799+00:00
8db78543_EV-010,EV-010,2026-03-28T08:33:10.117795+00:00,626.96,352.6,-274.36,31.68,2026-03-28T08:02:15.742799+00:00
8db78543_EV-011,EV-011,2026-03-28T08:33:43.388156+00:00,734.54,417.37,-317.17,62.25,2026-03-28T08:02:15.742799+00:00
8db78543_EV-012,EV-012,2026-03-28T08:34:06.442707+00:00,737.27,239.57,-497.71,36.72,2026-03-28T08:02:15.742799+00:00
8db78543_EV-013,EV-013,2026-03-28T08:37:46.663941+00:00,748.54,40.37,-708.17,51.12,2026-03-28T08:02:15.742799+00:00
8db78543_EV-014,EV-014,2026-03-28T08:50:44.490957+00:00,527.99,998.14,470.15,23.6,2026-03-28T08:02:15.742799+00:00
8db78543_EV-015,EV-015,2026-03-28T08:51:22.274970+00:00,555.06,601.59,46.52,26.5,2026-03-28T08:02:15.742799+00:00
8db78543_EV-016,EV-016,2026-03-28T08:53:06.850947+00:00,720.67,613.27,-107.41,66.0,2026-03-28T08:02:15.742799+00:00
8db78543_EV-017,EV-017,2026-03-28T08:54:34.041113+00:00,584.92,581.93,-2.98,33.06,2026-03-28T08:02:15.742799+00:00
8db78543_EV-018,EV-018,2026-03-28T09:08:53.971705+00:00,702.34,131.08,-571.26,42.35,2026-03-28T08:02:15.742799+00:00
8db78543_EV-019,EV-019,2026-03-28T09:12:23.181190+00:00,700.85,737.71,36.86,47.4,2026-03-28T08:02:15.742799+00:00
8db78543_EV-020,EV-020,2026-03-28T09:13:38.220599+00:00,691.68,30,-661.68,81.7,2026-03-28T08:02:15.742799+00:00
8db78543_EV-021,EV-021,2026-03-28T09:25:13.834941+00:00,515.83,620.26,104.43,24.0,2026-03-28T08:02:15.742799+00:00
8db78543_EV-022,EV-022,2026-03-28T09:27:29.941420+00:00,568.47,974.63,406.17,35.4,2026-03-28T08:02:15.742799+00:00
8db78543_EV-023,EV-023,2026-03-28T09:34:14.324182+00:00,740.72,247.06,-493.66,56.8,2026-03-28T08:02:15.742799+00:00
8db78543_EV-024,EV-024,2026-03-28T09:38:45.325433+00:00,770.71,519.97,-250.74,44.8,2026-03-28T08:02:15.742799+00:00
8db78543_EV-025,EV-025,2026-03-28T09:41:10.648741+00:00,612.73,778.34,165.61,33.0,2026-03-28T08:02:15.742799+00:00
8db78543_EV-026,EV-026,2026-03-28T09:41:58.635703+00:00,769.23,380.85,-388.38,60.06,2026-03-28T08:02:15.742799+00:00
8db78543_EV-027,EV-027,2026-03-28T09:45:09.570118+00:00,607.86,259.23,-348.64,33.0,2026-03-28T08:02:15.742799+00:00
8db78543_EV-028,EV-028,2026-03-28T09:45:10.546735+00:00,761.04,321.8,-439.24,47.5,2026-03-28T08:02:15.742799+00:00
8db78543_EV-029,EV-029,2026-03-28T09:51:51.813097+00:00,454.58,525.34,70.76,14.5,2026-03-28T08:02:15.742799+00:00
8db78543_EV-030,EV-030,2026-03-28T09:52:12.453049+00:00,751.96,30,-721.96,60.83,2026-03-28T08:02:15.742799+00:00
8db78543_EV-031,EV-031,2026-03-28T09:58:45.990461+00:00,773.61,326.69,-446.92,56.21,2026-03-28T08:02:15.742799+00:00
8db78543_EV-032,EV-032,2026-03-28T10:06:24.492911+00:00,465.44,256.49,-208.95,18.0,2026-03-28T08:02:15.742799+00:00
8db78543_EV-033,EV-033,2026-03-28T10:10:34.974322+00:00,582.89,69.66,-513.23,31.5,2026-03-28T08:02:15.742799+00:00
8db78543_EV-034,EV-034,2026-03-28T10:11:47.215792+00:00,784.96,187.81,-597.15,61.5,2026-03-28T08:02:15.742799+00:00
8db78543_EV-035,EV-035,2026-03-28T10:19:50.821887+00:00,764.56,49.25,-715.31,52.36,2026-03-28T08:02:15.742799+00:00
8db78543_EV-036,EV-036,2026-03-28T10:22:20.672741+00:00,739.23,242.9,-496.33,42.35,2026-03-28T08:02:15.742799+00:00
8db78543_EV-037,EV-037,2026-03-28T10:24:48.191667+00:00,741.06,50.2,-690.86,40.02,2026-03-28T08:02:15.742799+00:00
8db78543_EV-038,EV-038,2026-03-28T10:30:15.383820+00:00,554.55,177.82,-376.73,34.2,2026-03-28T08:02:15.742799+00:00
8db78543_EV-039,EV-039,2026-03-28T10:32:04.917131+00:00,755.2,134.34,-620.85,56.05,2026-03-28T08:02:15.742799+00:00
8db78543_EV-040,EV-040,2026-03-28T10:35:06.520017+00:00,765.32,185.7,-579.63,51.0,2026-03-28T08:02:15.742799+00:00
8db78543_EV-041,EV-041,2026-03-28T10:36:28.523271+00:00,705.69,409.14,-296.55,36.72,2026-03-28T08:02:15.742799+00:00
8db78543_EV-042,EV-042,2026-03-28T10:37:48.987639+00:00,744.65,156.26,-588.39,44.66,2026-03-28T08:02:15.742799+00:00
8db78543_EV-043,EV-043,2026-03-28T10:39:56.399333+00:00,763.37,106.64,-656.73,61.75,2026-03-28T08:02:15.742799+00:00
8db78543_EV-044,EV-044,2026-03-28T10:41:21.611521+00:00,433.81,230.4,-203.42,23.2,2026-03-28T08:02:15.742799+00:00
8db78543_EV-045,EV-045,2026-03-28T10:45:04.652472+00:00,785.08,30,-755.08,43.12,2026-03-28T08:02:15.742799+00:00
8db78543_EV-046,EV-046,2026-03-28T10:47:47.576833+00:00,509.16,188.02,-321.14,24.4,2026-03-28T08:02:15.742799+00:00
8db78543_EV-047,EV-047,2026-03-28T10:54:36.431548+00:00,832.17,328.99,-503.18,64.0,2026-03-28T08:02:15.742799+00:00
8db78543_EV-048,EV-048,2026-03-28T10:56:49.586656+00:00,818.29,416.05,-402.24,46.98,2026-03-28T08:02:15.742799+00:00
8db78543_EV-049,EV-049,2026-03-28T10:57:26.226109+00:00,818.29,30,-788.29,43.12,2026-03-28T08:02:15.742799+00:00
8db78543_EV-050,EV-050,2026-03-28T10:57:43.169647+00:00,591.92,117.04,-474.88,31.5,2026-03-28T08:02:15.742799+00:00
4b413c91_EV-001,EV-001,2026-03-29T09:00:00+00:00,525.28,604.21,78.93,22.0,2026-03-29T09:00:00+00:00
4b413c91_EV-002,EV-002,2026-03-29T09:00:00+00:00,613.83,30,-583.83,34.0,2026-03-29T09:00:00+00:00
4b413c91_EV-003,EV-003,2026-03-29T09:00:00+00:00,766.13,222.74,-543.39,40.2,2026-03-29T09:00:00+00:00
4b413c91_EV-004,EV-004,2026-03-29T09:00:00+00:00,766.13,263.2,-502.93,41.25,2026-03-29T09:00:00+00:00
4b413c91_EV-005,EV-005,2026-03-29T09:00:00+00:00,557.98,915.42,357.44,27.2,2026-03-29T09:00:00+00:00
4b413c91_EV-006,EV-006,2026-03-29T09:00:00+00:00,540.18,225.73,-314.45,23.2,2026-03-29T09:00:00+00:00
4b413c91_EV-007,EV-007,2026-03-29T09:00:00+00:00,743.74,326.28,-417.47,43.89,2026-03-29T09:00:00+00:00
4b413c91_EV-008,EV-008,2026-03-29T09:00:00+00:00,613.83,319.22,-294.61,36.0,2026-03-29T09:00:00+00:00
4b413c91_EV-009,EV-009,2026-03-29T09:00:00+00:00,746.79,457.95,-288.84,53.9,2026-03-29T09:00:00+00:00
4b413c91_EV-010,EV-010,2026-03-29T09:00:00+00:00,743.74,589.4,-154.34,42.75,2026-03-29T09:00:00+00:00
4b413c91_EV-011,EV-011,2026-03-29T09:00:00+00:00,557.98,521.91,-36.06,28.5,2026-03-29T09:00:00+00:00
4b413c91_EV-012,EV-012,2026-03-29T09:00:00+00:00,613.83,406.42,-207.41,35.0,2026-03-29T09:00:00+00:00
4b413c91_EV-013,EV-013,2026-03-29T09:00:00+00:00,746.79,379.72,-367.08,53.9,2026-03-29T09:00:00+00:00
4b413c91_EV-014,EV-014,2026-03-29T09:00:00+00:00,510.54,321.15,-189.38,17.49,2026-03-29T09:00:00+00:00
4b413c91_EV-015,EV-015,2026-03-29T09:00:00+00:00,746.79,30,-716.79,48.0,2026-03-29T09:00:00+00:00
4b413c91_EV-016,EV-016,2026-03-29T09:00:00+00:00,557.98,1012.66,454.68,28.8,2026-03-29T09:00:00+00:00
4b413c91_EV-017,EV-017,2026-03-29T09:00:00+00:00,613.83,30,-583.83,36.0,2026-03-29T09:00:00+00:00
4b413c91_EV-018,EV-018,2026-03-29T09:00:00+00:00,557.98,163.82,-394.16,30.24,2026-03-29T09:00:00+00:00
4b413c91_EV-019,EV-019,2026-03-29T09:00:00+00:00,754.62,469.17,-285.45,39.5,2026-03-29T09:00:00+00:00
4b413c91_EV-020,EV-020,2026-03-29T09:00:00+00:00,613.83,108.86,-504.97,35.25,2026-03-29T09:00:00+00:00
25cd9cbe_HEAVY-01,HEAVY-01,2026-03-29T09:00:00+00:00,597.08,947.59,350.5,31.2,2026-03-29T09:00:00+00:00
25cd9cbe_HEAVY-02,HEAVY-02,2026-03-29T09:05:00+00:00,598.51,923.37,324.86,34.2,2026-03-29T09:00:00+00:00
25cd9cbe_HEAVY-03,HEAVY-03,2026-03-29T09:08:00+00:00,593.65,772.89,179.24,33.75,2026-03-29T09:00:00+00:00
25cd9cbe_HEAVY-04,HEAVY-04,2026-03-29T09:10:00+00:00,725.13,504.03,-221.1,53.9,2026-03-29T09:00:00+00:00
25cd9cbe_HEAVY-05,HEAVY-05,2026-03-29T09:15:00+00:00,546.06,160.03,-386.03,31.0,2026-03-29T09:00:00+00:00
25cd9cbe_HEAVY-06,HEAVY-06,2026-03-29T09:18:00+00:00,727.49,283.36,-444.13,38.86,2026-03-29T09:00:00+00:00
25cd9cbe_HEAVY-07,HEAVY-07,2026-03-29T09:20:00+00:00,517.3,509.04,-8.25,27.36,2026-03-29T09:00:00+00:00
25cd9cbe_HEAVY-08,HEAVY-08,2026-03-29T09:25:00+00:00,745.83,77.93,-667.91,44.66,2026-03-29T09:00:00+00:00
25cd9cbe_HEAVY-09,HEAVY-09,2026-03-29T09:28:00+00:00,559.22,30,-529.22,32.8,2026-03-29T09:00:00+00:00
25cd9cbe_HEAVY-10,HEAVY-10,2026-03-29T09:30:00+00:00,529.67,463.87,-65.8,27.0,2026-03-29T09:00:00+00:00
25cd9cbe_HEAVY-11,HEAVY-11,2026-03-29T09:35:00+00:00,787.39,495.41,-291.98,60.0,2026-03-29T09:00:00+00:00
25cd9cbe_HEAVY-12,HEAVY-12,2026-03-29T09:38:00+00:00,798.99,519.59,-279.4,42.75,2026-03-29T09:00:00+00:00
25cd9cbe_HEAVY-13,HEAVY-13,2026-03-29T09:40:00+00:00,554.88,1076.24,521.36,23.1,2026-03-29T09:00:00+00:00
25cd9cbe_HEAVY-14,HEAVY-14,2026-03-29T09:45:00+00:00,557.33,653.57,96.24,29.6,2026-03-29T09:00:00+00:00
25cd9cbe_HEAVY-15,HEAVY-15,2026-03-29T09:48:00+00:00,514.76,341.76,-173.0,26.0,2026-03-29T09:00:00+00:00
25cd9cbe_HEAVY-16,HEAVY-16,2026-03-29T09:50:00+00:00,576.04,30,-546.04,34.5,2026-03-29T09:00:00+00:00
25cd9cbe_HEAVY-17,HEAVY-17,2026-03-29T09:55:00+00:00,740.87,282.32,-458.55,38.16,2026-03-29T09:00:00+00:00
25cd9cbe_HEAVY-18,HEAVY-18,2026-03-29T09:58:00+00:00,503.87,429.72,-74.15,22.5,2026-03-29T09:00:00+00:00
25cd9cbe_HEAVY-19,HEAVY-19,2026-03-29T10:00:00+00:00,564.46,45.88,-518.57,32.4,2026-03-29T09:00:00+00:00
25cd9cbe_HEAVY-20,HEAVY-20,2026-03-29T10:05:00+00:00,514.63,306.15,-208.48,30.0,2026-03-29T09:00:00+00:00
25cd9cbe_HEAVY-21,HEAVY-21,2026-03-29T10:10:00+00:00,741.3,42.0,-699.3,36.96,2026-03-29T09:00:00+00:00
25cd9cbe_HEAVY-22,HEAVY-22,2026-03-29T10:15:00+00:00,741.51,154.28,-587.23,58.52,2026-03-29T09:00:00+00:00
25cd9cbe_HEAVY-23,HEAVY-23,2026-03-29T10:20:00+00:00,488.98,185.57,-303.41,32.0,2026-03-29T09:00:00+00:00
25cd9cbe_HEAVY-24,HEAVY-24,2026-03-29T10:25:00+00:00,434.28,384.74,-49.55,17.4,2026-03-29T09:00:00+00:00
25cd9cbe_HEAVY-25,HEAVY-25,2026-03-29T10:30:00+00:00,717.38,52.72,-664.66,58.5,2026-03-29T09:00:00+00:00
fcd9aa4c_KNOWN-01,KNOWN-01,2026-03-29T09:00:00+00:00,561.74,90.0,-471.74,26.0,2026-03-29T09:00:00+00:00
fcd9aa4c_KNOWN-02,KNOWN-02,2026-03-29T09:05:00+00:00,598.51,120.0,-478.51,36.0,2026-03-29T09:00:00+00:00
fcd9aa4c_KNOWN-03,KNOWN-03,2026-03-29T09:10:00+00:00,571.99,150.0,-421.99,31.5,2026-03-29T09:00:00+00:00
fcd9aa4c_KNOWN-04,KNOWN-04,2026-03-29T09:12:00+00:00,592.17,90.0,-502.17,33.75,2026-03-29T09:00:00+00:00
fcd9aa4c_KNOWN-05,KNOWN-05,2026-03-29T09:15:00+00:00,712.63,120.0,-592.63,53.9,2026-03-29T09:00:00+00:00
fcd9aa4c_KNOWN-06,KNOWN-06,2026-03-29T09:18:00+00:00,573.26,180.0,-393.26,33.06,2026-03-29T09:00:00+00:00
fcd9aa4c_KNOWN-07,KNOWN-07,2026-03-29T09:20:00+00:00,521.06,90.0,-431.06,26.0,2026-03-29T09:00:00+00:00
fcd9aa4c_KNOWN-08,KNOWN-08,2026-03-29T09:25:00+00:00,524.8,120.0,-404.8,28.8,2026-03-29T09:00:00+00:00
fcd9aa4c_UNKNOWN-01,UNKNOWN-01,2026-03-29T09:30:00+00:00,749.61,468.1,-281.51,43.2,2026-03-29T09:00:00+00:00
fcd9aa4c_UNKNOWN-02,UNKNOWN-02,2026-03-29T09:35:00+00:00,781.94,1033.93,251.99,38.5,2026-03-29T09:00:00+00:00
fcd9aa4c_UNKNOWN-03,UNKNOWN-03,2026-03-29T09:40:00+00:00,572.67,563.92,-8.76,27.2,2026-03-29T09:00:00+00:00
fcd9aa4c_UNKNOWN-04,UNKNOWN-04,2026-03-29T09:45:00+00:00,601.2,664.08,62.88,31.5,2026-03-29T09:00:00+00:00
fcd9aa4c_UNKNOWN-05,UNKNOWN-05,2026-03-29T09:50:00+00:00,762.12,457.11,-305.01,40.6,2026-03-29T09:00:00+00:00
fcd9aa4c_UNKNOWN-06,UNKNOWN-06,2026-03-29T09:55:00+00:00,767.81,30,-737.81,40.85,2026-03-29T09:00:00+00:00
fcd9aa4c_UNKNOWN-07,UNKNOWN-07,2026-03-29T10:00:00+00:00,564.46,392.91,-171.55,32.0,2026-03-29T09:00:00+00:00
fcd9aa4c_UNKNOWN-08,UNKNOWN-08,2026-03-29T10:05:00+00:00,514.63,152.3,-362.32,28.0,2026-03-29T09:00:00+00:00
fcd9aa4c_UNKNOWN-09,UNKNOWN-09,2026-03-29T10:10:00+00:00,759.03,101.4,-657.63,43.89,2026-03-29T09:00:00+00:00
fcd9aa4c_UNKNOWN-10,UNKNOWN-10,2026-03-29T10:15:00+00:00,741.51,238.1,-503.41,58.32,2026-03-29T09:00:00+00:00
fcd9aa4c_UNKNOWN-11,UNKNOWN-11,2026-03-29T10:20:00+00:00,442.73,48.57,-394.16,15.18,2026-03-29T09:00:00+00:00
fcd9aa4c_UNKNOWN-12,UNKNOWN-12,2026-03-29T10:30:00+00:00,494.28,163.25,-331.03,30.6,2026-03-29T09:00:00+00:00
